seed,sample,ranking_score
472534,0,0.8712914689989885
472534,1,0.868999541315949
472534,2,0.8606076762514911
472534,3,0.8639195517783603
472534,4,0.865108702668156
