seed,sample,ranking_score
677453,0,0.8855550138767665
677453,1,0.8897225581084944
677453,2,0.8832067786974671
677453,3,0.8868066657775054
677453,4,0.888903009496441
