seed,sample,ranking_score
464098,0,0.9029595706888677
464098,1,0.9048874317616792
464098,2,0.9053289249547806
464098,3,0.9006215516678653
464098,4,0.9033246642367463
