seed,sample,ranking_score
549977,0,0.874656112389783
549977,1,0.876450658806865
549977,2,0.8734411701036896
549977,3,0.8802993747800189
549977,4,0.8788874210063643
