pdb_id,model_number,global_plddt,cdr1_A,cdr2_A,cdr3_A,cdr1_B,cdr2_B,cdr3_B,iptm_mean,iptm_tcrpmhc,pdockq_AB,avgipde_A,avgipde_B,avgipae_A,avgipae_B,pdockq2_A,pdockq2_B
5wlg,2,89.52369926199262,78.3635,82.22741935483872,71.43765624999999,84.01260869565218,83.64613636363637,79.96769230769232,0.756,0.74,0.366,0.8917338282672376,0.8122371894420286,0.655,0.655,0.5598933929596364,0.22115595786503614
5wlg,4,89.58865006150062,78.941,82.48564516129031,73.45359375000001,82.88347826086957,83.04045454545457,76.62802197802198,0.758,0.7424999999999999,0.415,0.8560618493455925,0.7511975224087223,0.5572916666666666,0.5572916666666666,0.4703850719350912,0.13595918181286024
5wlg,3,89.3958471709717,78.20875000000001,82.58241935483869,69.69437500000001,83.2491304347826,82.9015909090909,78.56989010989011,0.754,0.7375,0.316,0.8825786973367615,0.7846145521549232,0.6778787878787877,0.6778787878787879,0.5341176991929765,0.17647457140173015
5wlg,1,89.5116835793358,78.89325,83.12709677419356,70.28375,84.71695652173914,84.33068181818182,81.39758241758243,0.7619999999999999,0.7475,0.355,0.8991199352606064,0.8185296846156463,0.6993548387096773,0.6993548387096774,0.5788946298401269,0.24419740630464892
5wlg,0,89.39209409594096,78.275,82.27774193548389,70.73906249999999,82.99065217391305,82.61363636363636,78.34043956043958,0.746,0.73,0.362,0.8885231799648472,0.800653976063236,0.6292105263157893,0.6292105263157894,0.5483493378189565,0.2017545081558185
4mji,2,91.71796477794794,92.7564864864865,91.84129032258065,92.40292682926828,94.074375,94.41325,94.37013888888889,0.866,0.88,0.622,0.9772792399326777,0.9675644594616668,0.8593103448275862,0.8593103448275862,0.8860735672621464,0.8288519342615027
4mji,3,91.76344410413476,92.44567567567567,91.54435483870968,91.89841463414633,94.61125000000001,94.68050000000001,94.50708333333334,0.86,0.87,0.618,0.9772183779073415,0.9672177498001737,0.8859259259259259,0.885925925925926,0.8880662550500007,0.8282291549907059
4mji,4,91.69706278713629,92.34837837837837,91.60580645161289,91.65048780487805,94.519375,94.63399999999999,94.40583333333333,0.8619999999999999,0.8725,0.613,0.9773884517965543,0.9670986323980162,0.8847169811320755,0.8847169811320755,0.8861998197669214,0.8238717329772912
4mji,1,91.69111485451761,92.13297297297298,91.23016129032257,91.60719512195122,94.4909375,94.56475,94.38916666666667,0.86,0.87,0.622,0.9762667862354529,0.9649927596387995,0.8618644067796608,0.861864406779661,0.88230143910514,0.8158407866672946
4mji,0,91.9702986217458,92.7937837837838,91.68806451612903,92.47475609756098,94.7371875,94.81775,94.74638888888889,0.8640000000000001,0.88,0.621,0.9787803973357755,0.9709489700009016,0.88875,0.8887499999999999,0.8934403112284177,0.8442355809952918
6r2l,3,93.1714951164538,92.6454054054054,95.49999999999999,93.16622448979592,93.23682926829268,96.5659090909091,97.28914893617024,0.8720000000000001,0.89,0.653,0.982989032177524,0.9763421694429233,0.8542424242424242,0.8542424242424244,0.9337870442504405,0.8863896623467381
6r2l,4,93.29617280240421,92.89351351351351,95.34589743589744,93.8727551020408,93.19585365853658,96.89113636363636,97.36893617021276,0.874,0.89,0.65,0.9831672490645108,0.9763554728357572,0.8195714285714287,0.8195714285714287,0.9357467095137898,0.8913318457346644
6r2l,2,93.18412171299774,92.75243243243244,95.12589743589744,93.46693877551019,92.99658536585366,96.5968181818182,97.21446808510636,0.868,0.8825000000000001,0.651,0.9823568476010666,0.975394749493921,0.831449275362319,0.831449275362319,0.9328146922435557,0.8870298597419174
6r2l,0,93.13763335837716,92.69054054054054,95.25128205128206,93.03938775510204,93.04829268292683,96.40522727272725,97.21446808510636,0.866,0.8825000000000001,0.653,0.9821729553533324,0.9749767372576719,0.8416417910447761,0.8416417910447762,0.9321427983998946,0.8844089265409875
6r2l,1,93.39752967693464,93.02135135135136,93.07846153846154,93.72510204081632,93.43121951219511,96.79977272727272,97.4204255319149,0.8779999999999999,0.895,0.652,0.9840077789459589,0.9778978512796002,0.8364705882352943,0.8364705882352943,0.937760419036307,0.895240452431725
6avg,1,92.18758006042296,90.17678571428571,89.18487804878049,84.39603174603174,86.1309375,88.91296296296296,73.72359550561798,0.766,0.755,0.421,0.7067318688493333,0.6933008698680785,0.49537037037037046,0.4953703703703703,0.11497871739550092,0.08514330857637128
6avg,0,92.44346223564955,90.62964285714285,88.96317073170731,85.89206349206351,88.42625000000001,90.8114814814815,76.87022471910113,0.804,0.8075,0.511,0.8367050059657182,0.8403661235479468,0.40303030303030307,0.40303030303030307,0.2622087128249826,0.31062503393848717
6avg,2,92.44732024169184,90.77339285714285,88.9390243902439,85.65428571428572,87.869375,90.00185185185185,76.59,0.79,0.785,0.454,0.8228029224250707,0.7818278011500884,0.5074545454545455,0.5074545454545454,0.2851455396028,0.16981607379088104
6avg,4,92.35575528700906,90.41285714285713,88.59463414634146,85.55936507936505,87.234375,89.79185185185185,76.68955056179774,0.79,0.7825,0.459,0.8149445931067848,0.7770512852029541,0.4903571428571429,0.4903571428571429,0.27235584852809025,0.15800358314071608
6avg,3,92.25877643504532,89.39928571428572,88.97634146341463,84.46492063492063,87.32093750000001,89.61907407407405,76.8185393258427,0.794,0.785,0.42,0.7963846496699879,0.7740630345742978,0.5009615384615385,0.5009615384615385,0.2518757193211985,0.14214061684573073
2jcc,0,89.47791882819652,71.99489795918367,57.18000000000001,74.36885416666667,83.49565217391306,78.20227272727273,81.97755319148936,0.72,0.66,0.303,0.8023085709835049,0.6987750220688632,0.5018,0.5018,0.36589827720585894,0.09263902508451403
2jcc,1,89.71848794629234,74.79836734693878,60.568367346938786,75.78010416666667,84.22456521739132,78.67772727272727,83.0445744680851,0.746,0.705,0.284,0.8194111840942732,0.7185864376886852,0.5189999999999999,0.519,0.4046114605783923,0.10739854414700017
2jcc,4,89.37062862374123,71.84857142857142,57.90244897959184,73.74020833333334,83.5191304347826,78.03954545454543,81.82063829787235,0.7140000000000001,0.655,0.269,0.7876024372508618,0.7034780633182173,0.5257446808510637,0.5257446808510637,0.3334559785608186,0.09477939948891888
2jcc,3,89.41323619163869,71.78,57.72632653061225,74.43447916666666,83.43804347826087,78.04045454545454,82.01414893617022,0.7140000000000001,0.65,0.253,0.7918938397194356,0.6977247811123508,0.5122727272727272,0.5122727272727272,0.3454905662995447,0.0911639043338473
2jcc,2,89.31828806835522,73.09877551020408,58.31326530612245,74.30229166666668,83.49434782608697,78.09204545454547,81.84776595744681,0.724,0.67,0.304,0.805093108402753,0.6980322158030762,0.5213333333333333,0.5213333333333333,0.37049301766533344,0.0914289050711363
8gon,4,89.05383754348813,70.39083333333333,69.42642857142857,75.8494827586207,74.6364705882353,72.98734693877552,65.14930693069307,0.42800000000000005,0.14250000000000002,0.257,0.1382140673416013,0.1587050246981329,0.05050000000000001,0.0505,0.010712018127411167,0.009729767689355146
8gon,3,88.84739827560128,70.51533333333333,68.66799999999998,77.10620689655173,75.56441176470588,73.40163265306123,67.44831683168316,0.42400000000000004,0.1375,0.239,0.1350745365915651,0.15558437013110538,0.05795454545454545,0.05795454545454545,0.010603735198485509,0.009894529487160304
8gon,2,88.95671910452276,70.87066666666668,69.17671428571427,76.61793103448277,75.93823529411763,73.73877551020409,67.67118811881188,0.42400000000000004,0.1375,0.228,0.13393497558863438,0.15619159161745144,0.06028571428571428,0.06028571428571428,0.010538354816370735,0.009920435135278231
8gon,0,89.12790803206777,71.69016666666668,68.40985714285713,77.6746551724138,75.79735294117647,75.49510204081633,66.69178217821784,0.43200000000000005,0.14250000000000002,0.192,0.13392588814946924,0.15159740270095384,0.07787878787878788,0.07787878787878788,0.010476255961215104,0.010051770009279988
8gon,1,88.7405687490546,70.69416666666667,67.84499999999998,76.48534482758622,75.97970588235295,74.09591836734694,67.12425742574257,0.418,0.1275,0.194,0.127744048345871,0.1453265550475862,0.07235294117647059,0.07235294117647058,0.010213395059349047,0.009552178559008117
7jwi,0,88.48445305514159,77.59711538461538,78.60654545454545,68.46218390804597,83.10317073170731,73.73087719298243,75.31557894736841,0.55,0.365,0.159,0.36820146499783196,0.38332875822153234,0.3065217391304348,0.3065217391304348,0.02942210476855763,0.018291195641834353
7jwi,1,88.70355737704918,77.04365384615383,79.22309090909091,67.92333333333335,83.25146341463415,73.1122807017544,75.16473684210527,0.564,0.38,0.263,0.3642737101923875,0.39947951396348114,0.25305555555555553,0.25305555555555553,0.02915518227220152,0.021689053573482484
7jwi,4,88.35694932935917,76.55999999999999,78.35945454545454,66.43057471264366,81.93073170731708,72.29315789473684,73.45536842105263,0.534,0.3425,0.186,0.33433385699939955,0.38616112024435484,0.30193548387096775,0.30193548387096775,0.024879250013623927,0.018500776492135947
7jwi,3,88.41764083457527,77.26884615384616,78.14563636363637,66.66793103448275,82.43585365853659,72.42070175438596,73.86042105263158,0.522,0.3175,0.11,0.3063038638313908,0.32715172250775,0.2961111111111111,0.29611111111111105,0.021587975197069422,0.014554074077057545
7jwi,2,88.29581371087929,76.85884615384614,78.4961818181818,67.35183908045975,82.31975609756098,72.80824561403509,73.95410526315789,0.542,0.355,0.192,0.34812187891476154,0.37157148948231905,0.27,0.27,0.026760212323679162,0.017707505432814564
8f5a,2,91.65840443297404,82.63914893617022,79.99586206896552,80.76747252747253,81.8891891891892,81.38944444444445,82.88015624999998,0.6,0.5225,0.177,0.6218458092014512,0.6690505278094303,0.46361111111111114,0.46361111111111114,0.07405099511840751,0.08542324584726507
8f5a,3,91.74526339760135,83.38978723404254,81.03258620689654,81.97065934065935,82.0154054054054,82.17666666666668,83.13843750000001,0.602,0.535,0.269,0.6592333712253962,0.6949739308172445,0.44367346938775515,0.4436734693877551,0.0923513964891662,0.11317299648081575
8f5a,4,91.58020798542583,82.83872340425532,80.67706896551724,81.10912087912087,81.30486486486487,81.35388888888889,82.53875,0.598,0.52,0.268,0.6502640250247665,0.6799617533897357,0.4338,0.4338,0.09046917138104031,0.10061664098923613
8f5a,1,91.81227721269165,83.55659574468085,81.77482758620691,81.91065934065935,82.12972972972975,82.37370370370371,83.55453125,0.618,0.5525,0.217,0.6837316436599965,0.7139659322091382,0.45952380952380956,0.4595238095238096,0.10976283211342044,0.12551931861807958
8f5a,0,91.7472703810536,84.0155319148936,81.00120689655172,82.58153846153846,81.34513513513514,82.25203703703704,81.47,0.61,0.5475,0.261,0.6897633136818895,0.6937238598997032,0.4302040816326531,0.430204081632653,0.11867044455565375,0.10479480873065557
7su9,2,91.28142043705756,80.905,83.3719512195122,71.34191011235956,86.73542857142859,80.53366666666668,77.83164835164835,0.732,0.6775,0.316,0.7892142132693808,0.7114156405228172,0.47615384615384615,0.47615384615384626,0.3016699219639164,0.0991904548084799
7su9,3,91.08706832871653,81.69535714285715,83.73951219512195,70.46101123595506,84.698,80.67516666666666,77.21263736263738,0.736,0.6900000000000001,0.349,0.8179652524891975,0.7650995009816718,0.4675,0.4675000000000001,0.3414901457839718,0.13168300260167404
7su9,4,91.01660972606956,81.06410714285714,83.51146341463414,67.6594382022472,86.95114285714286,81.69200000000002,76.74362637362637,0.74,0.69,0.311,0.7924882946427957,0.7071784623334768,0.48763157894736847,0.48763157894736847,0.30666920251210134,0.08545546261557627
7su9,1,91.36372730070791,80.01517857142856,82.7680487804878,71.6256179775281,87.30628571428572,82.31766666666668,78.6853846153846,0.736,0.69,0.318,0.7959099641946592,0.7058093902199397,0.48222222222222233,0.48222222222222233,0.3191489038877009,0.09410883013571517
7su9,0,90.998270236996,80.86017857142858,82.96195121951219,67.62898876404493,87.48114285714286,82.72049999999997,78.90483516483516,0.748,0.7124999999999999,0.32,0.8540755826475203,0.8047951089506933,0.5261764705882354,0.5261764705882354,0.4184305867133276,0.19792973570924985
9rup,1,86.08218778908417,66.45795454545456,78.34016129032257,65.9721052631579,74.57054054054053,74.61611111111111,72.3660465116279,0.52,0.285,0.185,0.39310056268455645,0.3966318551650683,0.165,0.16499999999999998,0.029467150236194468,0.018188720542367375
9rup,0,86.13662966389147,65.5018181818182,77.74032258064516,65.24873684210527,74.50243243243244,75.39370370370372,71.4903488372093,0.534,0.3125,0.247,0.4494234868140364,0.43688994056941444,0.2156140350877193,0.21561403508771929,0.037486940712753686,0.020466215014604817
9rup,2,86.11689022510022,66.68545454545455,77.62741935483871,65.91557894736843,73.77837837837838,74.5475925925926,71.6853488372093,0.526,0.2975,0.123,0.48468201232608144,0.4586286950894443,0.3115151515151515,0.3115151515151515,0.041365811745055735,0.023566229901784735
9rup,3,86.11985198889917,66.2690909090909,78.31467741935485,65.47715789473685,74.47513513513513,75.21222222222222,71.97418604651163,0.532,0.3075,0.197,0.457111649622381,0.43294288701114725,0.23826086956521741,0.23826086956521741,0.03983828862742292,0.021059465529352832
9rup,4,86.14135522664199,66.08227272727272,77.47967741935484,65.09757894736842,74.4764864864865,75.28944444444444,72.0082558139535,0.534,0.315,0.14,0.47283984743137547,0.46535498251187707,0.2788095238095238,0.27880952380952384,0.04006028971948999,0.025293490185141983
7n2p,0,88.84175844516427,74.51893617021275,76.88948275862067,71.63272727272728,81.499375,78.43981481481481,67.64731958762887,0.55,0.3825,0.185,0.3061544023694034,0.36086062148959924,0.2544444444444445,0.2544444444444445,0.01919709189652328,0.01764761011355071
7n2p,1,89.11004473237699,76.39510638297871,77.95344827586206,72.49974025974025,82.46187499999999,79.35814814814813,71.78773195876289,0.608,0.475,0.26,0.41082953088328605,0.47733593094580845,0.24411764705882355,0.24411764705882355,0.03324082197808283,0.033165505067041794
7n2p,3,89.26345519049822,75.96191489361703,77.93896551724139,73.32974025974026,82.199375,79.27888888888891,70.96865979381444,0.61,0.475,0.26,0.3987391386063625,0.4746568643289245,0.23666666666666664,0.23666666666666666,0.031216962335759955,0.03227376900949458
7n2p,4,88.82518124325158,75.05510638297872,76.81827586206894,72.60623376623376,79.82375,77.16574074074073,67.43092783505155,0.556,0.3825,0.146,0.32895327003791097,0.39398172210109345,0.24952380952380956,0.24952380952380956,0.020736571343842748,0.02065697039679143
7n2p,2,88.78598796853309,75.01510638297871,76.93413793103448,72.49688311688313,80.7225,77.82055555555556,67.3498969072165,0.568,0.405,0.199,0.3351820914020059,0.41084061409046185,0.24407407407407414,0.24407407407407408,0.021739102557269522,0.02265829126771497
5jhd,4,92.69222906959267,89.05016666666667,71.64371428571427,93.87828125,94.21358974358974,92.2495652173913,90.7925352112676,0.8300000000000001,0.83,0.571,0.9586855455335986,0.9405022832751864,0.8086538461538461,0.8086538461538463,0.8135674772125543,0.6827729466427541
5jhd,3,92.50314745227716,87.5135,71.6087142857143,93.4653125,93.85179487179485,92.0141304347826,90.2305633802817,0.818,0.8200000000000001,0.577,0.9537405097730038,0.9358152669786087,0.8105555555555555,0.8105555555555556,0.7938235757047991,0.6530819976312303
5jhd,2,92.54946790921389,86.77699999999999,71.11457142857142,93.208125,93.82794871794871,91.53434782608696,90.35591549295775,0.8160000000000001,0.8150000000000001,0.576,0.9502920002061536,0.933700539134045,0.7967857142857142,0.7967857142857142,0.7791190835568002,0.6334705281116996
5jhd,0,92.5939140237487,87.19266666666667,71.41728571428573,93.46890625,93.76794871794873,92.00630434782609,89.88338028169014,0.8240000000000001,0.825,0.575,0.9515368923486678,0.9369542705349669,0.7860714285714285,0.7860714285714285,0.781450763333496,0.6525764550033926
5jhd,1,92.5224124455133,87.12500000000001,70.43342857142858,93.370625,93.9274358974359,91.99978260869565,89.93323943661971,0.8240000000000001,0.825,0.566,0.9531326734854747,0.9371563108263424,0.8137735849056603,0.8137735849056604,0.786817513583395,0.6528211282364109
6vrm,1,90.92442181038444,81.85725,72.23685714285715,84.07402439024389,88.497,83.85297297297298,91.14272727272727,0.6679999999999999,0.5825,0.264,0.7910772085745641,0.7654198995513055,0.543448275862069,0.5434482758620689,0.34121027018880595,0.20941819455962088
6vrm,0,90.97309695206003,82.29549999999999,72.11942857142859,84.66829268292683,88.66900000000001,84.28918918918919,91.05171717171716,0.6759999999999999,0.595,0.293,0.7973988036118133,0.7739074748116327,0.543448275862069,0.5434482758620689,0.3561080925246797,0.22232557492388536
6vrm,2,90.9319237249196,82.38,72.3202857142857,84.38658536585365,88.6385,84.22027027027028,91.19343434343436,0.67,0.5900000000000001,0.293,0.8062769105609937,0.7888662058514458,0.5588461538461539,0.5588461538461538,0.3755838161639852,0.24493605294013765
6vrm,4,91.04460101087456,82.45824999999999,71.99285714285713,84.63134146341464,88.83,84.43594594594592,91.23949494949495,0.6799999999999999,0.595,0.241,0.8175526666017751,0.7981223111022633,0.5791666666666667,0.5791666666666667,0.3856343542126836,0.26320740266660064
6vrm,3,90.98588911012406,82.4945,72.3817142857143,84.64146341463415,88.52574999999999,83.83081081081082,91.20242424242423,0.6759999999999999,0.595,0.262,0.8013965403021353,0.7695012437628189,0.5515384615384615,0.5515384615384616,0.36030032719074445,0.21347456777196
7q9a,4,91.84131825037707,90.07681818181817,93.38934782608695,90.40482758620689,87.69874999999999,87.47793103448278,89.40260416666668,0.8160000000000001,0.8275,0.569,0.9619308622922088,0.9378905842294663,0.8194444444444443,0.8194444444444445,0.8234315828263183,0.6653212262882444
7q9a,3,91.65680090497737,87.68204545454546,89.37782608695652,89.47948275862068,88.77525,88.43896551724139,88.98510416666666,0.796,0.8049999999999999,0.558,0.9520328618793533,0.9232518127487418,0.8186666666666668,0.8186666666666668,0.776905294471983,0.6009701630457183
7q9a,2,91.39841779788838,88.7525,89.39282608695653,89.77655172413793,88.7755,87.95724137931033,88.9340625,0.8019999999999999,0.8075,0.58,0.9548326285249664,0.9219442522450254,0.8403389830508475,0.8403389830508474,0.7911583653524905,0.6039334837857544
7q9a,0,91.37846304675716,87.53249999999998,89.74021739130433,89.82758620689656,88.931,88.03724137931034,89.31302083333333,0.812,0.8175,0.57,0.9610610412899526,0.9312350462435453,0.8613207547169811,0.8613207547169811,0.8118409125301731,0.6246393246279005
7q9a,1,91.69119457013575,88.0640909090909,89.48195652173914,89.69741379310344,89.02725000000001,88.25068965517245,89.07781250000001,0.8039999999999999,0.8049999999999999,0.566,0.9575718726265501,0.9266154221850194,0.8429629629629629,0.842962962962963,0.8009571534280073,0.6118975467046356
5nmf,0,93.9543259951749,86.99954545454547,92.81478260869564,94.72876543209877,94.46578947368421,93.23216666666666,96.24137931034483,0.866,0.8775,0.587,0.9769046454624476,0.9679887543267501,0.7754166666666668,0.7754166666666666,0.9010578019068739,0.8468377018863852
5nmf,1,93.64960946924005,87.84590909090909,94.27565217391304,94.47308641975309,94.12894736842104,91.74199999999999,95.9751724137931,0.8480000000000001,0.8625,0.582,0.9745040088959898,0.9653883725373591,0.7614285714285713,0.7614285714285715,0.896760578418875,0.8435673814266579
5nmf,4,93.66079463208685,87.99272727272727,94.36065217391302,94.76172839506172,94.35473684210528,92.709,96.31402298850574,0.8539999999999999,0.8674999999999999,0.589,0.9765092895698728,0.9670039969040888,0.8167391304347823,0.8167391304347827,0.9055988964662413,0.8524454255428138
5nmf,3,93.74897316043425,87.8490909090909,94.50608695652176,94.86,94.54184210526314,92.67833333333334,96.373908045977,0.8620000000000001,0.8775,0.586,0.9773073610085735,0.9679957304470396,0.8052083333333333,0.8052083333333333,0.9072366102304186,0.8540524959355164
5nmf,2,93.68113841978288,88.46022727272728,94.46695652173912,95.00061728395062,94.48368421052633,93.514,96.45712643678159,0.858,0.875,0.589,0.977925954042501,0.9698734920860624,0.8393617021276594,0.8393617021276596,0.9104294445375224,0.8665092623149045
3tjh,0,91.28463997250385,74.64979591836735,89.11698412698414,81.2784210526316,89.3365909090909,89.63384615384616,92.21042857142858,0.796,0.8225,0.341,0.9180619095377396,0.8618271348921428,0.5024324324324324,0.5024324324324324,0.6550741931152955,0.3299082423666492
3tjh,1,90.82974394225812,71.29857142857144,87.08333333333333,79.19315789473686,88.23522727272726,87.77897435897437,91.68157142857144,0.752,0.7625,0.322,0.8757307613541546,0.7941414015106214,0.549,0.5489999999999999,0.5233124367401886,0.20570986074531664
3tjh,4,91.22495445952913,71.34510204081634,88.31984126984126,78.18157894736841,88.67,89.07282051282051,91.70457142857143,0.776,0.7975,0.366,0.8929879687091213,0.8122122377301015,0.565,0.5650000000000001,0.5894545241770828,0.22605385001625306
3tjh,3,90.90564186286305,71.68714285714286,87.78714285714285,80.71684210526318,88.64999999999999,88.4971794871795,92.07571428571427,0.7699999999999999,0.7875,0.28,0.9021473373676783,0.8345444525968188,0.5693103448275862,0.5693103448275861,0.5988402759386017,0.2769170576189863
3tjh,2,90.65203815088502,69.03,86.51619047619047,77.83749999999998,88.04249999999999,87.61692307692309,91.17485714285712,0.748,0.755,0.288,0.8650191018785456,0.7818553529032403,0.5441935483870968,0.5441935483870967,0.4952882893589088,0.18761583325083814
4qrr,3,93.2760149812734,94.34478873239438,92.5998113207547,95.24813953488372,93.45216216216215,94.48055555555555,94.63883495145632,0.8480000000000001,0.8525,0.425,0.9616908521269494,0.9593388859123134,0.8368421052631578,0.8368421052631578,0.8260552403676066,0.8076943952063586
4qrr,4,93.44048239700373,94.31154929577464,92.72905660377357,94.9060465116279,93.24783783783784,94.74648148148145,94.58058252427183,0.852,0.8525,0.426,0.9624558318082789,0.9575612338549446,0.8155555555555556,0.8155555555555556,0.8315478659715521,0.7970494051987455
4qrr,2,93.33774232209738,93.97126760563378,92.4132075471698,94.84465116279071,93.25,94.38407407407406,94.28388349514564,0.842,0.845,0.42,0.9605262614838532,0.9549756041492637,0.8405882352941176,0.8405882352941176,0.821266807062253,0.7839351520719421
4qrr,0,93.41472659176031,94.8007042253521,92.76660377358492,95.3906976744186,93.42189189189189,94.66740740740741,94.59368932038835,0.852,0.8574999999999999,0.403,0.9654650220280191,0.9613432092811588,0.8405882352941176,0.8405882352941176,0.840813653675912,0.8106968717262777
4qrr,1,93.4480808988764,94.46098591549298,92.92603773584904,95.11093023255813,93.35162162162163,94.71722222222225,94.68252427184466,0.8480000000000001,0.8525,0.418,0.963699587886641,0.9596131531739551,0.83375,0.83375,0.8358956538407297,0.8026810344676617
2esv,0,92.52632609685745,88.08333333333336,88.13378378378378,90.0561797752809,94.90777777777777,93.24960784313727,93.36024691358026,0.842,0.845,0.471,0.9687262435588153,0.9507561800762085,0.8627272727272728,0.8627272727272727,0.8642378523664656,0.7336210731809601
2esv,1,92.50400333991195,87.88166666666666,88.58675675675676,89.29269662921348,94.59777777777778,92.70627450980393,92.86641975308642,0.8320000000000001,0.8325,0.454,0.963002749155468,0.9424278514673653,0.8436111111111112,0.8436111111111111,0.8407225142099433,0.6924800846665128
2esv,4,92.2392606649461,87.84592592592593,88.90162162162163,89.36348314606741,94.54638888888888,93.22764705882352,92.99617283950617,0.828,0.8275,0.481,0.9628308904678584,0.9416327839260007,0.858888888888889,0.8588888888888889,0.843141966450771,0.70635694278866
2esv,3,92.5395597388796,87.95888888888888,88.38945945945946,89.34898876404493,94.73138888888887,92.71235294117645,92.84555555555555,0.842,0.8425,0.457,0.965655889013768,0.9457907391888195,0.8671428571428572,0.8671428571428572,0.8498367047226821,0.7041094193301869
2esv,2,92.73793077273417,88.36259259259259,89.18837837837839,89.70730337078652,95.17944444444443,93.84686274509805,93.34308641975309,0.844,0.8475,0.465,0.9674500686686083,0.9490503690692398,0.8552941176470589,0.8552941176470589,0.8651860439801881,0.7341000484006427
9ru5,3,84.20865537321335,70.12477272727271,80.72967741935483,66.28105263157896,77.21297297297299,76.42296296296297,74.00999999999999,0.556,0.425,0.168,0.5606765286881747,0.5161799451337589,0.37675000000000003,0.37675,0.06422606491264779,0.031847995244043116
9ru5,4,83.92803776248456,69.13,79.82048387096776,66.16347368421053,76.5254054054054,75.61351851851853,73.32441860465117,0.536,0.3925,0.19,0.5142507313374446,0.4942750839094824,0.37340909090909097,0.3734090909090909,0.05136614015854359,0.02612228077802685
9ru5,2,83.41262925710252,67.56931818181818,78.7151612903226,64.3678947368421,74.92999999999999,74.58203703703704,71.8506976744186,0.508,0.34750000000000003,0.129,0.5087279461718226,0.47987460793006637,0.41518518518518516,0.4151851851851852,0.045122764219712966,0.027145117829711282
9ru5,0,83.33347450149991,68.17886363636363,79.09048387096773,64.3798947368421,75.13621621621621,74.9075925925926,72.208488372093,0.518,0.365,0.161,0.5149736735256744,0.4836704502521505,0.41076923076923083,0.41076923076923083,0.04791680055676195,0.02710806438406411
9ru5,1,83.6347556026116,66.46795454545453,78.30580645161288,62.079999999999984,75.85135135135135,75.59851851851853,72.41279069767441,0.52,0.3675,0.141,0.5258561777313779,0.476978066598074,0.3447368421052632,0.34473684210526323,0.04952119830532987,0.026207423225498943
6bj8,0,93.32660835469763,90.59887323943661,88.64283018867926,85.48833333333333,90.58125,85.00864864864866,90.00762376237621,0.8240000000000001,0.8225,0.498,0.9617770729236028,0.9127477062615788,0.8191489361702129,0.8191489361702129,0.8243909945741101,0.5346726257949314
6bj8,1,93.34295128939827,90.61605633802817,88.59811320754719,84.0736111111111,90.79324999999999,86.0791891891892,89.91633663366336,0.8240000000000001,0.8225,0.51,0.9555365028098733,0.9047977312631866,0.8225,0.8225,0.8057021967925051,0.5007087141716158
6bj8,4,93.24033177499624,90.82943661971831,89.12754716981132,84.68625,90.58574999999999,86.72270270270269,89.61485148514852,0.8220000000000001,0.8225,0.507,0.959941674344502,0.9110335751254889,0.833921568627451,0.833921568627451,0.8205883381015205,0.5273915550528591
6bj8,3,93.21765646207209,90.61197183098594,88.81207547169811,84.12902777777778,90.37375,84.80783783783785,89.8360396039604,0.818,0.8225,0.512,0.9574782329381804,0.9071261891761098,0.8210000000000001,0.821,0.8109537156095025,0.505783428023668
6bj8,2,93.31522394812245,90.69014084507043,89.01056603773583,84.09875,90.664,86.15405405405403,90.24029702970297,0.8240000000000001,0.8300000000000001,0.524,0.9582937366872861,0.9092660330363298,0.824423076923077,0.8244230769230769,0.8166119829716323,0.518724612416294
7q99,1,91.58969944117203,88.92931818181818,93.63304347826087,89.33948275862068,86.574,87.48793103448274,87.72260416666666,0.8220000000000001,0.8225,0.531,0.9551010768098647,0.9241979139835805,0.768,0.7679999999999999,0.8015469043941115,0.5608291911083353
7q99,0,91.70376982328953,89.05818181818182,93.58456521739129,90.40379310344828,86.86725,87.98241379310342,87.01020833333332,0.82,0.8225,0.511,0.9555422147159444,0.9176615161688867,0.812,0.812,0.8049419801024364,0.5461135189289706
7q99,2,92.0848255550521,89.72431818181816,94.42630434782608,90.58103448275861,87.531,89.03827586206897,88.35531250000001,0.8320000000000001,0.8375,0.495,0.9651781008031375,0.9333863990168689,0.8105263157894737,0.8105263157894737,0.8441631261394188,0.6242762819756549
7q99,4,91.83530433469265,88.10136363636363,93.43391304347826,90.1146551724138,86.91575,87.91379310344827,88.11802083333333,0.82,0.825,0.526,0.9563076082566637,0.9290510250282119,0.7778260869565216,0.7778260869565216,0.808156837912197,0.5904277432091488
7q99,3,91.26076121431808,86.49545454545454,91.85434782608696,89.48120689655173,86.63699999999999,86.7003448275862,87.32614583333334,0.8019999999999999,0.8,0.519,0.9461304196605678,0.9140513820952759,0.7333333333333334,0.7333333333333334,0.7586960211494812,0.5240022066435858
3w0w,1,91.84654976869123,88.7259090909091,93.01021739130435,91.9213698630137,95.54680851063831,93.88199999999999,95.26402777777778,0.86,0.8825000000000001,0.642,0.9826320472884351,0.9757502858742964,0.7382716049382717,0.7382716049382715,0.9168644791692241,0.8756535021679909
3w0w,0,91.76677212356365,88.03499999999998,92.7895652173913,92.00246575342464,95.50021276595746,94.02111111111111,95.20847222222223,0.8640000000000001,0.885,0.635,0.9827829420526144,0.9760531934539723,0.7560759493670886,0.7560759493670886,0.9172387233771632,0.8757816701829004
3w0w,2,91.77916728846441,87.41136363636362,92.74956521739132,92.02438356164383,95.51531914893616,93.82,95.21513888888889,0.8620000000000001,0.8825000000000001,0.636,0.982441623612645,0.9751658686196851,0.7656410256410257,0.7656410256410255,0.9156186424347605,0.8722815256443408
3w0w,3,91.74199522459334,87.31727272727272,92.6554347826087,92.00369863013698,95.46148936170212,93.67400000000002,95.19722222222224,0.8620000000000001,0.8825000000000001,0.634,0.9822112904772277,0.9753334747192584,0.7705194805194804,0.7705194805194804,0.914079437263799,0.8717733522761496
3w0w,4,91.74658707655574,88.14431818181818,92.74586956521738,92.07643835616439,95.43042553191488,93.84955555555557,95.12958333333333,0.86,0.8825000000000001,0.635,0.9827570168433789,0.9751028559071582,0.7576623376623376,0.7576623376623376,0.9170294668083174,0.8734100330029239
4n0c,2,91.8802658557776,78.39734693877551,94.9752380952381,83.5496052631579,95.21727272727274,95.22076923076922,96.0372857142857,0.818,0.89,0.445,0.9486168813389627,0.9109464176342322,0.7729032258064517,0.7729032258064515,0.7888297247844751,0.551392380626271
4n0c,4,91.70038922675934,77.28816326530612,94.7926984126984,83.4132894736842,95.07318181818182,95.13564102564101,95.70014285714285,0.8140000000000001,0.89,0.435,0.9535437991062897,0.9235102348196896,0.8067857142857141,0.8067857142857143,0.798680798233712,0.6003177913583783
4n0c,3,91.25232319721981,74.16816326530612,94.23285714285714,79.78171052631578,94.41818181818181,94.30564102564102,95.26757142857143,0.792,0.8674999999999999,0.403,0.9204246503584399,0.8440336243967149,0.78625,0.78625,0.6970849045360982,0.34850146385328873
4n0c,1,91.85581233709817,80.00510204081633,95.04539682539681,84.69802631578946,95.16818181818181,95.05564102564102,96.11042857142859,0.8160000000000001,0.8875,0.416,0.9621372864169242,0.9428525397583405,0.8429166666666666,0.8429166666666665,0.832024270933481,0.6889528714981284
4n0c,0,91.70435968722849,75.96571428571428,94.42730158730157,82.95578947368422,95.08931818181817,95.18948717948717,95.84385714285713,0.8140000000000001,0.8825000000000001,0.386,0.9558537403728469,0.9282721853973106,0.84375,0.84375,0.8028976682583551,0.623426357539654
6avf,2,87.93904258532164,72.12678571428572,72.66341463414633,55.47369369369369,83.83790697674418,76.03359999999999,68.49715789473684,0.46399999999999997,0.265,0.144,0.168495743383985,0.19971496931319582,0.09560975609756098,0.09560975609756098,0.010159867856878281,0.010672601306189198
6avf,4,87.56270764119601,70.58767857142857,73.68804878048779,54.1663963963964,81.67465116279071,71.4518,66.14463157894737,0.366,0.07250000000000001,0.12,0.10729686227194023,0.11483965662171408,0.11647058823529412,0.11647058823529412,0.009881294326984237,0.009676768351185878
6avf,3,87.52994110540622,71.63285714285715,71.64341463414634,56.50792792792793,83.1306976744186,74.2844,68.28947368421052,0.396,0.1525,0.112,0.1325390965601446,0.14351583993352487,0.12387096774193548,0.12387096774193548,0.009503646516615727,0.009259089898354705
6avf,1,87.82130927212322,71.2644642857143,70.46463414634147,57.40468468468468,83.24651162790697,74.74380000000001,69.57863157894737,0.40800000000000003,0.175,0.117,0.1430813672203673,0.15662834289013186,0.13379310344827586,0.13379310344827589,0.009882100410341033,0.009557764687918451
6avf,0,87.3910178193899,70.79535714285714,71.45878048780487,51.17729729729731,81.67395348837209,72.4838,67.93610526315788,0.382,0.13,0.152,0.1436714060743422,0.16761053032037074,0.03307692307692308,0.03307692307692308,0.010131935837885072,0.01000431796174879
1bd2,2,92.23310728436452,88.36584905660376,88.60666666666667,88.66434782608694,93.43787234042556,91.37705882352941,94.03752475247524,0.8160000000000001,0.8175,0.463,0.9585721798049405,0.9480336741546267,0.7378378378378379,0.7378378378378377,0.8303606529403978,0.7412792976095292
1bd2,3,92.19819719597683,88.37094339622641,87.59740740740743,88.21289855072463,93.21723404255319,92.16411764705882,93.31128712871283,0.8140000000000001,0.8175,0.446,0.9606087847893277,0.9495356769358048,0.7584375,0.7584375000000001,0.8311609881077656,0.7355667224533978
1bd2,4,91.9593142334654,87.95056603773585,86.75574074074073,88.128115942029,92.48787234042553,91.12382352941177,92.9478217821782,0.806,0.8049999999999999,0.44,0.9616391423244732,0.9507214347526818,0.7550000000000001,0.755,0.8344803453044753,0.7397479860909858
1bd2,1,92.16057147211217,88.34509433962265,87.78814814814812,88.32797101449276,93.2682978723404,92.04088235294118,93.58900990099009,0.812,0.815,0.476,0.9605330028810866,0.9511842108231319,0.7527272727272727,0.7527272727272726,0.8345684989073421,0.7471371124040477
1bd2,0,92.1807893934776,88.64283018867927,88.1633333333333,88.27231884057973,93.02787234042555,92.26794117647059,93.69742574257427,0.8140000000000001,0.8175,0.491,0.9612123474432714,0.951803370885356,0.7678787878787878,0.7678787878787878,0.8363058250838356,0.748574302163646
7n1e,0,92.11510667067309,77.11999999999999,73.47742857142858,72.71166666666666,92.1875,87.58978723404256,90.15023809523811,0.73,0.665,0.446,0.7633044419465255,0.707254684775133,0.47844827586206895,0.4784482758620689,0.31150630580108685,0.11186284124175111
7n1e,1,92.16678335336539,77.56022727272727,74.21314285714287,73.7448888888889,92.60499999999999,87.97659574468085,90.2902380952381,0.744,0.6875,0.486,0.7775119718451304,0.7278805730978992,0.48078125000000005,0.48078125000000005,0.34020041292136977,0.1323960177553559
7n1e,4,91.94324819711538,76.56704545454545,73.25971428571428,71.04622222222223,91.364375,86.89489361702128,89.31130952380951,0.714,0.6475,0.431,0.726390465591575,0.6744089495631456,0.48633333333333334,0.4863333333333333,0.23850286165191384,0.08858025493895035
7n1e,3,92.06747896634616,77.08727272727275,72.93742857142855,71.8321111111111,91.90531250000001,87.61553191489362,89.94214285714285,0.724,0.66,0.389,0.7700242113696261,0.7171255592319359,0.515,0.5149999999999999,0.32337729632458057,0.12083739924519894
7n1e,2,92.1679432091346,77.72318181818183,73.17714285714285,74.08466666666668,92.4034375,88.57382978723405,90.24464285714286,0.74,0.685,0.437,0.7963390939811399,0.747754613081067,0.5067924528301887,0.5067924528301887,0.37723786950656624,0.15354621498643004
6tro,0,92.91395741444867,95.57066666666665,89.77160714285716,94.25848837209303,92.94325581395348,91.21960000000001,93.8424761904762,0.8220000000000001,0.825,0.585,0.9675240145284845,0.951625966955967,0.8288524590163934,0.8288524590163933,0.8856084718478896,0.7837287831658262
6tro,1,92.66647148288975,95.38533333333334,89.72571428571428,93.9032558139535,93.09837209302324,90.9948,93.64352380952381,0.8160000000000001,0.8200000000000001,0.579,0.9676998559856262,0.9524139396856673,0.8332203389830508,0.8332203389830508,0.8834346709998493,0.783840844752026
6tro,4,92.8735422053232,95.38444444444445,89.50517857142857,93.77732558139535,92.6539534883721,90.89220000000002,93.58952380952381,0.8099999999999999,0.815,0.573,0.9660766449910961,0.9474749046541897,0.8317241379310344,0.8317241379310345,0.8777000100956249,0.765964433679534
6tro,3,92.76798174904943,95.40866666666668,89.46428571428571,93.93209302325582,92.74883720930232,90.9672,93.51180952380952,0.8160000000000001,0.8200000000000001,0.582,0.9658011369802472,0.9480361930774165,0.8216129032258064,0.8216129032258063,0.88006630236132,0.7707724312741491
6tro,2,92.9774235741445,95.58155555555558,89.03142857142858,94.26011627906976,92.93511627906977,90.93339999999998,93.47657142857142,0.8240000000000001,0.8275,0.592,0.9670626925837582,0.9472327937559851,0.8063934426229508,0.8063934426229507,0.883376016922324,0.7658349797855188
8d5q,1,91.4959898989899,83.79512820512824,88.23719298245614,83.15313253012047,90.38785714285714,90.82545454545453,89.94967741935486,0.756,0.8025,0.389,0.8947390372569909,0.8428890151766013,0.733409090909091,0.733409090909091,0.5459705836709096,0.30302569126304013
8d5q,0,91.3462037037037,83.45564102564104,87.90438596491228,83.23638554216869,90.63589285714286,91.2834090909091,89.74225806451612,0.742,0.79,0.353,0.8795370755930653,0.8250126438682254,0.7219512195121952,0.7219512195121952,0.48986941713998355,0.2652323129443454
8d5q,2,91.60954713804713,84.55589743589744,88.38157894736842,84.37168674698795,90.55250000000001,91.16363636363637,89.92731182795698,0.758,0.8025,0.403,0.8978417773549725,0.8541554766240517,0.733409090909091,0.733409090909091,0.55603547856113,0.3363363998473658
8d5q,4,91.4139797979798,84.07307692307691,87.62245614035086,83.86481927710844,90.79553571428572,90.9784090909091,90.0458064516129,0.75,0.7975000000000001,0.408,0.8771702840741381,0.8409243614283612,0.6991666666666666,0.6991666666666667,0.4828515785046881,0.30340003219132494
8d5q,3,91.53694444444443,83.92384615384616,88.25508771929825,83.42132530120482,90.62910714285714,91.19681818181819,89.68817204301075,0.756,0.8,0.371,0.8847754919927017,0.8368570113913678,0.7357142857142858,0.7357142857142857,0.5129348339164201,0.288221677279612
5nmg,2,93.26005105105104,85.43499999999999,92.98217391304347,93.53617283950616,91.21921052631578,88.11866666666666,94.63287356321838,0.8539999999999999,0.865,0.549,0.9738593212642941,0.9599913369089522,0.7485714285714286,0.7485714285714286,0.8785515865512417,0.7849840670257976
5nmg,4,93.64485885885885,88.20045454545455,94.425,95.09617283950617,94.2192105263158,92.283,96.3367816091954,0.8640000000000001,0.8775,0.595,0.9799712339891328,0.9736530869821094,0.7829999999999998,0.7829999999999999,0.9177297432734729,0.8757194013561977
5nmg,3,93.51172972972972,88.49431818181819,94.59108695652174,95.05407407407408,93.86947368421053,91.43983333333333,96.17505747126437,0.858,0.875,0.587,0.9790678536775848,0.9710809385055114,0.7891836734693878,0.7891836734693878,0.9145303685280018,0.8647764296265464
5nmg,1,93.55290840840841,88.18886363636365,94.42434782608697,95.03604938271604,94.20131578947367,92.53616666666667,96.29126436781607,0.8640000000000001,0.8775,0.588,0.9801788791208917,0.9724489405658926,0.8123404255319148,0.8123404255319149,0.9177558460783696,0.8720240715136502
5nmg,0,93.38679129129129,87.59022727272726,94.15608695652176,94.69444444444444,93.95947368421052,92.17549999999999,96.04666666666667,0.8560000000000001,0.87,0.588,0.9782629346722664,0.9681485472800241,0.82,0.82,0.9097023235672107,0.8507728875675263
3tfk,2,91.32715541006203,80.7034693877551,94.7966666666667,85.05815789473684,95.76181818181817,95.08974358974358,96.24142857142859,0.8219999999999998,0.87,0.398,0.9521850189632489,0.9295193668800018,0.8470370370370369,0.8470370370370369,0.7813246350977449,0.6380309514882219
3tfk,3,91.40400930392832,82.26673469387755,95.08555555555554,85.79855263157896,95.76999999999998,95.30615384615385,96.024,0.8119999999999999,0.8625,0.419,0.9486161128631245,0.9277700595716375,0.8356,0.8356,0.769857126106885,0.6366201735150928
3tfk,4,91.24978635423845,80.21183673469389,94.91047619047619,84.54302631578946,95.71431818181819,95.03205128205127,96.18642857142856,0.8119999999999999,0.8674999999999999,0.413,0.9550236153448886,0.9346447986547338,0.8726923076923077,0.8726923076923077,0.7943056530486541,0.6662668078785717
3tfk,1,91.66631805651276,80.98632653061225,94.82777777777778,85.24328947368421,95.79613636363636,94.93153846153845,96.0957142857143,0.82,0.8674999999999999,0.412,0.9522795203462943,0.9258699369545411,0.8371999999999999,0.8371999999999999,0.782913119703275,0.6186431253584034
3tfk,0,91.87702101998622,82.29448979591837,95.39809523809527,86.72855263157896,96.05999999999999,95.32641025641026,96.28171428571432,0.8320000000000001,0.8825000000000001,0.436,0.9595368750732154,0.9436869442651219,0.833103448275862,0.8331034482758619,0.8136427474000723,0.6905181450240272
5hho,4,88.97387405159331,76.03972222222222,81.45755555555556,75.47590163934424,84.67564102564104,74.56217391304348,79.23244444444444,0.5,0.265,0.162,0.2001454350005553,0.2620207285717889,0.16086956521739132,0.16086956521739132,0.01290583889386937,0.014583189967843153
5hho,3,89.32462670713203,75.00722222222221,80.60755555555555,74.82475409836067,84.56974358974361,74.09826086956522,78.4118888888889,0.476,0.2275,0.129,0.18603142243544377,0.24345138294628244,0.15066666666666667,0.15066666666666667,0.012364245200916738,0.01305565079220337
5hho,2,88.68901365705614,74.29666666666667,79.546,73.6672131147541,84.11333333333332,72.89369565217392,78.49122222222222,0.4640000000000001,0.2125,0.183,0.16978292015367719,0.21171213086500432,0.11575757575757577,0.11575757575757577,0.011759462000142086,0.012006178732717967
5hho,0,89.21123520485585,75.71777777777778,81.61466666666666,75.41262295081967,84.66076923076925,74.73869565217392,79.16166666666666,0.48200000000000004,0.2475,0.169,0.20395910389018268,0.2600862928520308,0.13000000000000003,0.13,0.01298258554626388,0.01446224635559366
5hho,1,89.36694688922611,75.08694444444444,80.74288888888888,74.97344262295084,84.77897435897437,73.98043478260868,79.26844444444444,0.48,0.2325,0.137,0.18654254239788456,0.23836614836515888,0.12000000000000001,0.12000000000000001,0.011923946181435156,0.01337980577402419
1nam,4,91.28525075528701,85.78779661016948,88.68042857142858,77.4975,90.07482142857143,90.18409090909091,89.69089887640449,0.768,0.7675000000000001,0.41,0.8656003864703754,0.7458877188114507,0.64325,0.6432499999999999,0.5565511269303961,0.14763879320642861
1nam,3,91.89546626384693,86.83966101694915,88.89657142857143,79.07557692307691,91.11285714285714,91.17295454545454,90.96359550561797,0.792,0.8,0.387,0.9142316404671345,0.824433338563185,0.6625,0.6625,0.6848955493321223,0.2588211402994262
1nam,2,92.00701913393756,87.56491525423728,89.53828571428572,81.90019230769232,91.30982142857144,91.2081818181818,90.46539325842697,0.7939999999999999,0.805,0.432,0.940057598262383,0.8725969243921525,0.7040000000000002,0.7040000000000001,0.7611825058520357,0.3938320473508167
1nam,0,91.72629204431017,85.3127118644068,87.99300000000001,77.62634615384614,91.28321428571428,90.80704545454545,90.3791011235955,0.782,0.785,0.422,0.9159506717111748,0.8337370392056391,0.6672972972972975,0.6672972972972974,0.6834138518331271,0.2722558897177996
1nam,1,91.62374219536757,86.08457627118644,89.06885714285715,79.76326923076923,89.82124999999999,89.77727272727272,88.69011235955055,0.772,0.77,0.389,0.8916090943497984,0.7716691507744663,0.6803571428571429,0.6803571428571429,0.6194177927761777,0.18127509391731486
8wte,3,90.6341012540641,80.32314814814812,86.98391304347828,87.57,89.43257142857142,84.21142857142857,87.35842105263158,0.6639999999999999,0.5774999999999999,0.415,0.6699288072682635,0.7161186242056761,0.5073469387755101,0.5073469387755102,0.1431622025590683,0.16794220235293078
8wte,4,90.72460133147545,80.13166666666667,86.57673913043479,88.11817073170732,90.10400000000001,84.43357142857144,88.07642105263159,0.666,0.5800000000000001,0.432,0.6809251549999408,0.7304054865742469,0.4991489361702127,0.4991489361702128,0.15354578543916053,0.18836533162998395
8wte,2,90.58593435516335,79.22296296296297,86.49565217391304,86.13914634146342,88.02628571428572,81.53339285714284,86.52021052631581,0.63,0.5225,0.378,0.61557426269259,0.672119209617862,0.501590909090909,0.5015909090909091,0.10037005350373344,0.1200828368169664
8wte,0,90.35576869484441,80.08611111111112,87.26434782608696,87.625,89.70314285714285,83.80857142857143,87.26136842105265,0.65,0.5575,0.393,0.6397864587909369,0.6908317600551775,0.5027659574468085,0.5027659574468085,0.12089300883171226,0.14732509760302787
8wte,1,90.55392165969965,79.71833333333333,85.675,88.0658536585366,89.80942857142857,84.65357142857144,87.83831578947368,0.67,0.59,0.399,0.7098126073735607,0.7541773357169937,0.49130434782608684,0.491304347826087,0.17905001147020755,0.21302357534792205
7n2q,0,90.8705017379477,76.35808510638297,77.71568965517244,73.5114285714286,82.1340625,78.16944444444444,71.95577319587629,0.588,0.4625,0.158,0.5758065548642046,0.5762751586285855,0.32590909090909087,0.3259090909090909,0.07195151151993345,0.05223619770725878
7n2q,1,90.6146713011939,74.95276595744681,76.7398275862069,72.87974025974026,82.501875,78.32314814814815,72.05546391752577,0.5720000000000001,0.435,0.241,0.5646044946459933,0.5545550627935831,0.38514285714285723,0.3851428571428572,0.06696553493862488,0.04271223797528644
7n2q,4,90.67385371014055,75.2844680851064,76.97327586206897,74.07948051948053,82.41874999999999,78.74518518518518,72.4341237113402,0.5700000000000001,0.435,0.231,0.5513250211878536,0.5410778415288883,0.3617948717948718,0.36179487179487174,0.062153299048267815,0.04099790411652209
7n2q,3,90.63233338370863,75.02361702127659,74.56344827586207,71.71571428571428,82.44125,78.62518518518516,69.92628865979381,0.542,0.38,0.203,0.44551918062003687,0.46433600619471926,0.2712121212121212,0.27121212121212124,0.035359324643324114,0.029107882482681195
7n2q,2,90.55441740970228,75.37063829787235,76.20706896551725,72.95792207792206,80.690625,76.68777777777778,68.5419587628866,0.526,0.3425,0.19,0.4145830890137952,0.454472050978933,0.1569047619047619,0.1569047619047619,0.029637989371969844,0.02978385203855951
2nx5,0,94.08348447961048,92.81175,96.41953488372093,93.7955,89.66300000000003,93.78021739130432,91.98809523809526,0.8320000000000001,0.835,0.514,0.8673744736235899,0.9272150151333381,0.825945945945946,0.825945945945946,0.4273784417174933,0.7086288112985294
2nx5,1,94.43166768107122,93.72925000000001,96.92139534883721,95.075125,90.4156,94.35260869565217,93.25464285714285,0.866,0.875,0.517,0.9198389350410368,0.9535923017283383,0.7983333333333333,0.7983333333333332,0.5834278120723118,0.8013236686272487
2nx5,3,94.33423006695071,92.727,96.59534883720929,93.874125,89.6058,93.80804347826087,91.91761904761904,0.842,0.84,0.505,0.8742645389809323,0.9225372158823872,0.8163888888888889,0.8163888888888888,0.4250472338320649,0.6968624792253135
2nx5,4,94.38471850273889,93.77374999999999,96.9653488372093,95.05275000000002,90.73580000000001,94.51782608695652,93.50238095238095,0.874,0.8825000000000001,0.525,0.9397589766821,0.9602688045483347,0.7867567567567567,0.7867567567567566,0.6617437174958632,0.8217962563693892
2nx5,2,94.48391052951918,94.087,96.85767441860466,95.2095,90.38,94.54478260869564,93.22214285714286,0.8720000000000001,0.8775,0.532,0.929391830630266,0.9570323110059347,0.8024324324324325,0.8024324324324322,0.6208140111380532,0.8087451660193642
5sws,2,88.1053381862299,81.5948076923077,82.21818181818182,71.89,83.73463414634146,80.39105263157894,81.78753246753247,0.6679999999999999,0.575,0.304,0.5723908061441204,0.5304172253546486,0.39794871794871806,0.39794871794871806,0.10267649449082845,0.04290297089640543
5sws,4,87.31607976948742,79.67461538461538,80.64672727272726,68.9695238095238,80.84341463414634,76.95087719298245,78.97,0.5980000000000001,0.46499999999999997,0.254,0.44705060133047114,0.44485474524251645,0.40441176470588236,0.40441176470588236,0.04589471538546925,0.026798091476908283
5sws,3,87.14630421595389,78.57,79.66927272727271,67.73214285714286,79.66121951219513,76.29245614035086,78.43584415584414,0.5820000000000001,0.4375,0.211,0.44812532012038186,0.42140317775027286,0.3830555555555556,0.3830555555555556,0.0448916215359684,0.021687564800291638
5sws,1,87.41234758871701,79.61596153846153,80.52745454545453,69.01035714285715,80.59756097560974,78.25350877192982,78.81753246753246,0.6060000000000001,0.4775,0.274,0.4724836481930552,0.46033516126369517,0.39189189189189194,0.39189189189189194,0.052564097116281905,0.027898379290373233
5sws,0,88.12412647861693,80.58211538461538,82.08018181818181,71.40869047619046,83.54804878048782,80.76403508771932,81.05805194805195,0.6679999999999999,0.575,0.305,0.5666229164171346,0.5519827632651847,0.42714285714285716,0.42714285714285716,0.09861632360982073,0.049771869705821974
3pwp,4,94.71506853441782,94.37477272727273,94.62326086956521,96.33047619047619,95.9336170212766,96.96941176470587,94.11241379310343,0.876,0.8925000000000001,0.599,0.9770962259939742,0.9417348991035049,0.8112727272727273,0.8112727272727274,0.9189712110787417,0.7947502587342901
3pwp,3,95.01409248380781,95.0475,95.04304347826086,96.36619047619047,95.8904255319149,97.00794117647058,94.37137931034482,0.8859999999999999,0.9025000000000001,0.614,0.9783230732707291,0.9451100546934461,0.7911864406779661,0.7911864406779661,0.9217801513522429,0.8020695288158359
3pwp,2,95.05832806145504,94.94022727272727,94.72543478260872,96.29464285714286,95.8972340425532,96.94882352941177,94.40597701149424,0.882,0.9,0.599,0.9794310175916564,0.9514604237804379,0.8069642857142857,0.8069642857142857,0.924270118443869,0.8189517880815318
3pwp,0,94.87096701310438,94.93863636363636,95.02499999999999,96.41642857142857,95.90489361702127,96.92941176470588,94.24413793103449,0.882,0.9025000000000001,0.611,0.9790536807977713,0.9545345073195534,0.8003703703703704,0.8003703703703704,0.9232536489814066,0.8286223595942916
3pwp,1,94.8119972887483,94.18818181818182,94.86999999999999,96.17107142857142,95.8091489361702,96.8905882352941,94.11747126436782,0.876,0.89,0.582,0.9753500844425378,0.9504831284410667,0.8413725490196078,0.8413725490196079,0.9119132287756028,0.8164804211136936
8cx4,2,90.17027794471154,78.08744680851063,76.83172413793103,75.25222222222223,80.96406250000001,78.89981481481482,71.15635416666667,0.522,0.345,0.162,0.38765553079608056,0.4156568989596815,0.25973684210526315,0.2597368421052632,0.02642803658977859,0.020886889244083072
8cx4,3,89.6690234375,76.74170212765956,76.0451724137931,75.11333333333333,80.09875,77.56018518518519,70.34197916666668,0.496,0.305,0.119,0.37056373027912753,0.40452262910013675,0.22217391304347828,0.2221739130434783,0.025586885975707182,0.018184298758881334
8cx4,4,90.27318960336538,78.11531914893618,76.95206896551724,75.312,80.15,78.09925925925926,71.45729166666668,0.542,0.3825,0.184,0.4259882334991846,0.4571465664941193,0.18411764705882355,0.18411764705882352,0.031996591102819404,0.024354491126106822
8cx4,1,89.9323828125,77.44808510638298,77.1843103448276,74.18922222222221,80.634375,77.985,70.5259375,0.5,0.3225,0.125,0.3502566052733557,0.3805445374030505,0.22076923076923077,0.22076923076923077,0.02236852070525651,0.016127806873620625
8cx4,0,89.98185997596154,77.3895744680851,77.65655172413793,74.41655555555555,80.8334375,78.3714814814815,69.32000000000001,0.518,0.3425,0.195,0.3285727403209893,0.3773337054680146,0.24727272727272728,0.24727272727272726,0.020380179702078702,0.017915878465803562
1kj2,2,93.37253075216778,92.16692307692308,89.90272727272725,92.35060975609755,90.31928571428571,94.49954545454547,90.74681818181818,0.82,0.83,0.404,0.879203261295814,0.8048279557544854,0.6730555555555555,0.6730555555555555,0.6047667325129206,0.25111169434440495
1kj2,4,93.6774006856221,94.27384615384615,91.24236363636363,93.99353658536587,91.47642857142857,94.93886363636362,92.57181818181817,0.836,0.85,0.454,0.9397436875193896,0.89775352196801,0.7205882352941176,0.7205882352941176,0.77681603240642,0.5423170244201799
1kj2,3,93.53188949384958,93.5201923076923,90.3730909090909,93.2818292682927,90.68160714285715,94.47477272727271,91.76886363636363,0.8220000000000001,0.835,0.453,0.9246302033611196,0.8704735318888848,0.7251612903225807,0.7251612903225808,0.7250601335093287,0.4472791431733497
1kj2,1,93.55978019762048,93.5232692307692,90.1889090909091,93.3989024390244,90.56785714285715,94.72954545454546,91.80931818181818,0.8320000000000001,0.845,0.476,0.915135246094127,0.8569781522506928,0.6891428571428572,0.6891428571428571,0.7044371019870408,0.3886554461594108
1kj2,0,93.4487114337568,93.16653846153847,90.0661818181818,93.22695121951219,90.75,94.62909090909092,91.43727272727273,0.826,0.84,0.406,0.9251486241167396,0.8766664601103443,0.7303225806451615,0.7303225806451615,0.7297377183810734,0.45591602946588505
5w1w,1,89.60685061989719,79.63425,82.99345454545455,65.92626373626373,80.614375,78.03092592592593,81.41197802197803,0.62,0.4875,0.2,0.5638049148239423,0.4882818758447248,0.29625,0.29625,0.07834701162172462,0.023104276985780565
5w1w,0,89.98099485938918,79.65574999999998,83.43418181818183,66.9010989010989,81.33125000000001,78.37314814814815,82.18527472527472,0.628,0.495,0.221,0.5781006829570612,0.504409310328955,0.288,0.28800000000000003,0.08360854613370496,0.02582679354055887
5w1w,2,89.82943302086483,79.77850000000001,83.37254545454545,67.5134065934066,80.563125,78.33,81.82791208791208,0.632,0.505,0.228,0.5951220489283244,0.5167253118180674,0.2886046511627907,0.2886046511627907,0.09329373811798805,0.02751535876503077
5w1w,3,89.88137889325672,79.76525000000001,83.32654545454545,65.88747252747253,82.1034375,78.78074074074074,82.85472527472527,0.622,0.495,0.226,0.5695432630353748,0.4923861990238452,0.2695744680851064,0.26957446808510643,0.08064630970937314,0.024113515783841955
5w1w,4,90.1676489265195,79.5215,83.30745454545455,65.54967032967032,82.36031249999999,78.80444444444446,83.69065934065934,0.62,0.4875,0.236,0.5831850545917153,0.48600126661129034,0.28770833333333334,0.28770833333333334,0.09180278506087272,0.02473304654962396
2ak4,3,93.4906289867972,91.16125,83.85042857142855,94.91404255319149,92.41425000000001,91.8354054054054,78.24877777777778,0.8460000000000001,0.8625,0.587,0.9597352615512387,0.9259093879275412,0.7750943396226416,0.7750943396226415,0.8335030963704566,0.6731594811965769
2ak4,4,93.77526183058895,91.06296875,82.99685714285717,94.53829787234045,92.40225000000001,92.06189189189189,74.35000000000001,0.8560000000000001,0.8674999999999999,0.55,0.9682720211553866,0.9403895429963516,0.8093877551020409,0.8093877551020409,0.8499990254315127,0.7330032757605427
2ak4,2,93.91790832220738,91.30921874999999,83.79514285714285,94.91010638297874,92.48925,91.84378378378379,77.04522222222222,0.8560000000000001,0.87,0.565,0.9631919492072737,0.9345399733061074,0.7894117647058824,0.7894117647058824,0.8440646277941132,0.707841129258921
2ak4,0,93.61318943776888,90.7759375,82.51128571428573,93.6636170212766,91.02799999999999,91.09513513513514,72.98722222222223,0.8480000000000001,0.8575,0.565,0.9441037895508171,0.9023841125585144,0.7692307692307693,0.7692307692307693,0.7725438281730566,0.562987681354964
2ak4,1,93.6927458834001,91.14953125,83.52171428571428,94.60670212765959,91.91774999999998,91.81837837837838,74.29866666666666,0.8560000000000001,0.865,0.573,0.950897727957185,0.9092972541011686,0.766851851851852,0.7668518518518519,0.802083071037854,0.5955628032924993
8ryo,0,90.12133929949083,65.77983606557376,78.66103448275862,72.28941176470587,81.82978260869564,79.30000000000001,70.43231578947368,0.5980000000000001,0.4625,0.167,0.5723702207845455,0.5420479522873967,0.32911764705882357,0.3291176470588235,0.06930984408636899,0.03590904819601681
8ryo,1,89.93756210461348,64.2027868852459,78.24689655172413,70.90367647058824,81.26239130434784,78.7694117647059,70.414,0.5780000000000001,0.43,0.154,0.5343714952623984,0.5304470258163252,0.34166666666666673,0.34166666666666673,0.056708324125485945,0.03557252914594637
8ryo,4,89.32867150131152,59.31180327868852,75.25827586206896,67.85235294117649,77.36086956521739,70.88294117647058,66.15852631578947,0.454,0.2225,0.095,0.26730444442192774,0.29022152428510234,0.10448275862068965,0.10448275862068966,0.01721015946408746,0.013329462963355933
8ryo,3,89.63992439438358,62.681147540983616,77.25586206896551,70.17808823529411,80.27891304347827,77.87,66.49073684210528,0.576,0.425,0.182,0.5375325397543178,0.5350927903156514,0.3261111111111112,0.3261111111111112,0.057055107327152584,0.034081797544570254
8ryo,2,89.53943527233452,63.26426229508197,76.2953448275862,70.97161764705882,79.3458695652174,76.45617647058823,64.59842105263158,0.558,0.3975,0.109,0.519101655815215,0.5009384130834796,0.34307692307692306,0.34307692307692317,0.05412360840209915,0.030809741865736547
5bs0,2,93.22176542269612,96.42127659574469,92.48515151515151,95.59366666666666,94.00297297297297,94.75944444444445,95.78506172839506,0.8640000000000001,0.8775,0.541,0.9810196003425506,0.971658704889614,0.8388888888888889,0.8388888888888889,0.922805620164276,0.8743019138507225
5bs0,3,93.10421325209444,96.36191489361704,92.49984848484848,95.52722222222224,93.94567567567569,94.68944444444443,95.82827160493828,0.858,0.8725,0.543,0.9804817428252623,0.970893078609782,0.8388571428571429,0.8388571428571427,0.9223726080982056,0.87246548870974
5bs0,4,93.08366031987813,96.21531914893619,92.11530303030302,95.06155555555554,93.79351351351353,94.22944444444444,95.75518518518517,0.852,0.8674999999999999,0.543,0.9797898970840264,0.9699399079457864,0.8,0.7999999999999999,0.917860590153307,0.8680045252684075
5bs0,1,93.0919268849962,96.13574468085106,92.2751515151515,95.37911111111111,93.62945945945945,94.38333333333333,95.27444444444446,0.85,0.865,0.547,0.9787239159096489,0.969137892927366,0.7910256410256411,0.791025641025641,0.9140447208972475,0.8617301160224102
5bs0,0,93.11161766945925,96.26617021276596,92.35878787878787,95.34433333333332,93.77918918918918,94.3662962962963,95.71876543209876,0.852,0.87,0.54,0.9801058281127106,0.9701822368714916,0.8208571428571428,0.8208571428571428,0.9196528485341441,0.8712528273872335
3ffc,4,93.40980345443717,95.18260000000001,88.22800000000001,90.7529347826087,96.6765625,94.87340425531916,95.89142857142858,0.8640000000000001,0.87,0.606,0.9755355415599382,0.964991971679273,0.8336206896551724,0.8336206896551723,0.8904045241714696,0.8237776695999414
3ffc,3,93.43435527099464,95.46600000000002,87.92133333333335,91.21826086956521,96.6690625,95.03872340425534,95.82803571428573,0.8640000000000001,0.8725,0.613,0.9752389093377548,0.9664679562936253,0.8194827586206896,0.8194827586206896,0.8900437223281766,0.828641679248374
3ffc,2,93.35273525908278,95.0892,87.57716666666667,90.49630434782608,96.62375,94.86936170212769,95.84160714285713,0.86,0.8674999999999999,0.612,0.9742889559141291,0.9648767136833539,0.8220338983050848,0.8220338983050848,0.8866778919300516,0.8210909127552575
3ffc,0,93.31036331149494,95.2572,87.63250000000001,91.1516304347826,96.624375,94.78,95.77714285714286,0.86,0.87,0.606,0.9744283421873917,0.9646451016062272,0.8314035087719298,0.8314035087719297,0.8869093533486175,0.8210548602867425
3ffc,1,93.10854824300179,94.76359999999998,87.74816666666666,90.17543478260869,96.50625,94.64936170212763,95.38303571428573,0.852,0.86,0.599,0.971865622493417,0.9613136394129037,0.860188679245283,0.8601886792452831,0.8780839053117061,0.804522828856855
3vxm,3,88.14040760869565,60.60234042553192,74.18539682539684,63.64023529411764,74.41973684210525,65.38642857142857,70.0465934065934,0.438,0.18,0.094,0.17895804232575627,0.19518891710155709,0.1503448275862069,0.1503448275862069,0.01151286857197023,0.010092136602107943
3vxm,4,88.1723143115942,60.89425531914894,73.9295238095238,63.03694117647059,74.18710526315789,64.70375,70.61274725274727,0.45200000000000007,0.20500000000000002,0.097,0.17542620996830816,0.18870553762860617,0.1017142857142857,0.10171428571428573,0.011213857749534128,0.009655111480501972
3vxm,2,87.71435688405798,58.14021276595745,73.7620634920635,63.93894117647057,74.66157894736843,65.81375,69.67725274725275,0.446,0.1925,0.092,0.16953712551981961,0.19146089310713757,0.10257142857142856,0.10257142857142856,0.011021631498221215,0.009969887746417706
3vxm,0,87.9241047705314,60.42957446808511,73.37857142857142,61.58635294117647,73.3586842105263,64.06267857142858,68.94582417582419,0.446,0.20500000000000002,0.144,0.1788394645236989,0.1899602669921029,0.10533333333333333,0.10533333333333333,0.01155196642809608,0.009926691309334297
3vxm,1,87.55852053140097,61.23999999999999,73.76047619047618,64.22047058823529,73.31605263157894,64.22160714285714,69.57131868131867,0.45999999999999996,0.2175,0.117,0.18556701473244494,0.19698972189760358,0.11790697674418606,0.11790697674418606,0.011720204303551715,0.010032581827725682
1qrn,0,94.49003927492448,94.3690909090909,94.85695652173911,95.94916666666667,95.88021276595742,96.90500000000002,93.89103448275863,0.8720000000000001,0.885,0.592,0.9780990175150447,0.9606696453280988,0.8207692307692306,0.8207692307692308,0.9170364824313995,0.8509819994571141
1qrn,1,94.36163897280967,94.20977272727272,94.52608695652174,96.02773809523809,95.968085106383,96.97294117647058,93.98080459770117,0.8779999999999999,0.8875,0.599,0.9781880180069408,0.9576752114768055,0.7941818181818179,0.7941818181818182,0.9168023770027994,0.8429681314407755
1qrn,3,94.25562990936557,94.22863636363635,94.655,95.97047619047619,95.87234042553193,96.76735294117647,93.76459770114941,0.876,0.89,0.598,0.9785188622790181,0.9596658779873036,0.7770909090909088,0.7770909090909089,0.915585269774426,0.8448246542125539
1qrn,4,94.43933836858007,94.37977272727272,94.48195652173914,95.90904761904763,95.6727659574468,96.84294117647059,93.82689655172415,0.876,0.8875,0.61,0.9758124848508353,0.9439158812508771,0.7758181818181817,0.7758181818181819,0.9097146632950245,0.7871463035372017
1qrn,2,94.5081510574018,94.23931818181818,94.46717391304347,96.09488095238095,96.04042553191489,97.01941176470588,93.97045977011496,0.876,0.8875,0.609,0.9781538770457638,0.9592716069125161,0.8026415094339621,0.8026415094339623,0.9164804035531836,0.8479669409987073
5swz,0,87.50196007804293,76.55634615384615,79.86527272727272,67.54057471264368,83.44585365853658,72.96491228070175,75.18168421052633,0.546,0.3725,0.16,0.35288077181486477,0.3783223386498019,0.3071875,0.3071875,0.028293532479860654,0.01824398032110146
5swz,1,88.41932012606935,79.76346153846154,82.22254545454545,69.87471264367814,83.91439024390245,74.07192982456141,78.25673684210524,0.63,0.5075000000000001,0.327,0.5036343322274729,0.5002232834734904,0.28717948717948727,0.28717948717948716,0.06666865325828497,0.036023902774681385
5swz,3,87.29985742158186,76.69307692307693,79.36872727272727,67.56563218390805,83.1231707317073,73.05964912280703,74.92505263157896,0.546,0.3675,0.167,0.3747607295692042,0.3860157395842601,0.2967857142857143,0.2967857142857143,0.031517734371834506,0.018282559751391262
5swz,4,88.12418580219119,79.66499999999999,82.53527272727274,71.06229885057472,85.32536585365852,75.76438596491228,78.35021052631579,0.646,0.5375000000000001,0.314,0.5075795135475071,0.5040020727125315,0.22842105263157894,0.228421052631579,0.07192194614157385,0.035043740321890365
5swz,2,87.34972384811645,76.82942307692308,79.45145454545454,66.72632183908044,82.72902439024391,72.2719298245614,74.74273684210527,0.534,0.35,0.123,0.3484465670257874,0.3728259679983044,0.3395652173913044,0.33956521739130435,0.027221472034683277,0.01712004799877543
4qok,1,91.49439076268611,87.47431818181819,91.60891304347828,91.43241379310346,91.3365,89.86172413793102,92.56322916666666,0.8160000000000001,0.8275,0.589,0.9679812694977387,0.9517997978747232,0.8840350877192983,0.8840350877192983,0.8611313908390874,0.7419576371558338
4qok,0,91.28445913096324,87.10113636363636,90.25304347826086,90.65810344827587,90.95975000000001,89.40482758620689,91.96250000000002,0.8099999999999999,0.8200000000000001,0.594,0.9649120514395706,0.9444077635401216,0.8571186440677965,0.8571186440677966,0.8495834045850806,0.7052544054327828
4qok,2,91.42780461865695,87.45636363636362,91.23891304347826,91.32086206896551,90.96675,89.48655172413794,92.27312500000001,0.8160000000000001,0.8275,0.584,0.9652582881899637,0.9461380908372369,0.8519672131147541,0.8519672131147541,0.8488858612610667,0.7139856385669547
4qok,4,91.14309480401093,87.36863636363637,91.02652173913044,90.4355172413793,90.21025,88.81103448275861,91.35291666666667,0.8019999999999999,0.81,0.6,0.9639948519989214,0.9396640309803104,0.8849999999999999,0.885,0.8412732097647467,0.6849480400982181
4qok,3,91.15264053479187,87.39204545454545,90.73217391304347,90.6641379310345,90.11474999999999,88.64137931034485,91.359375,0.8039999999999999,0.81,0.603,0.9632615357038357,0.9424640478916964,0.8581034482758622,0.8581034482758622,0.8388606012876192,0.695657092837351
6amu,0,93.27102281427041,92.26,95.52369565217391,95.9120588235294,91.80309523809524,95.94081081081082,95.96666666666667,0.866,0.88,0.629,0.9751829313290994,0.9715687003122037,0.8442857142857143,0.8442857142857143,0.8942150782425942,0.8891843130984175
6amu,1,93.23006737099983,92.61545454545454,95.72456521739129,96.00073529411763,91.89809523809522,95.94648648648649,96.04961538461541,0.8699999999999999,0.8875,0.63,0.9774747779068468,0.9737588211093458,0.8282142857142857,0.8282142857142857,0.9023006949938308,0.8962412253800377
6amu,3,93.28180829888225,92.72022727272726,95.84630434782612,96.1289705882353,92.19642857142858,96.27837837837838,96.28564102564103,0.868,0.885,0.632,0.9775983373567229,0.9745439447551772,0.8435087719298245,0.8435087719298247,0.9053767250282854,0.8991623704931235
6amu,4,93.16818098300413,92.75204545454545,95.82521739130435,96.04529411764705,91.80238095238096,95.99756756756757,96.03358974358974,0.8699999999999999,0.8875,0.626,0.9733866936379182,0.9734659547008888,0.8723636363636365,0.8723636363636366,0.888859809411476,0.8957260892438079
6amu,2,93.34638799571276,92.84863636363637,95.79217391304348,95.93529411764705,91.9395238095238,96.16513513513515,96.14423076923077,0.8720000000000001,0.8875,0.638,0.9775426560714834,0.9742825588312202,0.8303571428571429,0.8303571428571429,0.9033839286671205,0.8978040280672897
3qdm,2,90.67424214838417,89.22825,88.58145454545453,88.1984375,86.5696,86.52869565217392,91.96517647058823,0.8140000000000001,0.8200000000000001,0.543,0.9640646850115959,0.9512578249385559,0.786949152542373,0.7869491525423729,0.835136405633268,0.7392506221470433
3qdm,3,90.44177666514945,88.28125,87.58727272727272,87.3190625,85.3224,84.46326086956522,91.23847058823529,0.7939999999999999,0.8,0.516,0.9566496470392344,0.9396592330443166,0.8089090909090909,0.8089090909090908,0.801735347032858,0.6870919289516798
3qdm,4,90.36032771961767,88.77799999999999,88.02363636363637,88.38140625000001,85.60140000000001,86.26434782608696,91.68811764705885,0.806,0.8125,0.526,0.9629624725135072,0.9473483422337348,0.7906557377049181,0.7906557377049181,0.8300961635330456,0.7213522926222253
3qdm,1,90.47185252617204,88.36399999999999,88.05327272727276,86.90265624999999,85.51539999999999,84.87956521739129,91.51164705882351,0.8039999999999999,0.8125,0.521,0.9599157326558643,0.942784013965996,0.8121818181818181,0.8121818181818181,0.8139458051974722,0.6981539012117329
3qdm,0,90.5381429221666,89.978,88.2150909090909,89.3903125,86.21340000000001,86.52891304347827,92.06223529411766,0.808,0.8175,0.542,0.9651897887596552,0.9522423687468999,0.7905660377358492,0.790566037735849,0.8428607291140969,0.7507115386987263
3qdj,2,93.16648997569867,89.66227272727274,94.55565217391303,91.06205882352941,91.36547619047617,95.05675675675677,94.33179487179487,0.866,0.8775,0.59,0.9662571640225434,0.9380798823918981,0.8258695652173912,0.8258695652173913,0.8584824514619643,0.7204642109120425
3qdj,3,93.20499848116646,89.81613636363637,94.875,92.14323529411764,91.57785714285716,95.39432432432432,94.74038461538461,0.8699999999999999,0.885,0.598,0.9673220098422245,0.9523211981364672,0.8375,0.8375,0.8638476148020368,0.7813341191400508
3qdj,4,93.22717496962332,89.95954545454546,94.95695652173914,91.93338235294118,91.40309523809523,95.13405405405405,94.60461538461537,0.866,0.8775,0.593,0.9671064389304735,0.9437534985528466,0.841063829787234,0.841063829787234,0.8611185148849645,0.7462023430413751
3qdj,1,93.22580194410693,90.09045454545456,95.04065217391305,92.21882352941176,91.5242857142857,95.27756756756757,94.73256410256411,0.8699999999999999,0.8875,0.607,0.9692136187502812,0.9522635653294123,0.8232653061224489,0.8232653061224491,0.8709307390131216,0.7795222237137651
3qdj,0,93.28458687727824,90.18977272727271,94.90347826086958,91.87220588235293,91.42119047619047,95.08945945945946,94.59,0.8699999999999999,0.88,0.605,0.9663111300761045,0.9444040665222868,0.8432653061224489,0.843265306122449,0.8591411546675304,0.7521946971848461
7rtr,2,90.64622222222224,71.11886363636364,80.1017391304348,76.91791666666667,77.96909090909092,83.8935294117647,83.71371428571427,0.6799999999999999,0.585,0.278,0.7019949092166003,0.7168039677280926,0.5,0.5,0.20270889406869363,0.1422049732900187
7rtr,4,90.58105783866058,71.95113636363637,81.07782608695652,75.32541666666667,77.24454545454546,83.84980392156861,82.15699999999998,0.678,0.58,0.313,0.6751338624126982,0.6951095437960073,0.5106060606060605,0.5106060606060606,0.1705278835019901,0.12258862685804792
7rtr,3,90.81342617960425,72.5425,82.02369565217391,76.58388888888888,78.28681818181818,84.54705882352941,83.56485714285714,0.696,0.6075,0.364,0.706679912713631,0.7207855016213378,0.5206060606060606,0.5206060606060606,0.21341825650884552,0.14620739077788567
7rtr,1,91.0697108066971,73.84750000000001,82.58369565217392,78.38041666666666,80.34863636363636,85.67450980392157,84.87657142857144,0.724,0.65,0.366,0.7459435787436111,0.7562260239556929,0.46523809523809523,0.46523809523809523,0.27001567887647215,0.1911389143411835
7rtr,0,90.8590806697108,73.25454545454545,82.39021739130436,76.18361111111112,78.59454545454547,85.55862745098038,83.24742857142856,0.704,0.625,0.332,0.7383441975989765,0.7383557634937596,0.49916666666666665,0.49916666666666654,0.24797556363864784,0.16338059852142384
3gsn,3,90.52274100936839,70.76270833333332,79.13326923076923,72.81519999999999,81.67808510638298,79.29794117647059,77.66191011235956,0.564,0.39,0.337,0.3114273676274863,0.3449475045010303,0.24673076923076923,0.24673076923076925,0.02057929491030589,0.01975393106733904
3gsn,4,90.06159715926262,69.40270833333334,77.82980769230768,72.52053333333333,79.98446808510639,77.2229411764706,76.69022471910112,0.51,0.3025,0.24,0.2517451507651369,0.2904905051521492,0.27636363636363637,0.27636363636363637,0.015628374881058026,0.015616413480710249
3gsn,2,90.40348745844666,69.71604166666667,78.27442307692307,72.54733333333334,80.33127659574467,77.87735294117647,77.05101123595504,0.538,0.3425,0.315,0.2597739444741493,0.30235869758786865,0.2624489795918367,0.2624489795918368,0.01644680307705311,0.016328100723922472
3gsn,0,90.11082351163495,68.86916666666667,77.53115384615386,70.26906666666665,78.87893617021277,75.92558823529411,75.2047191011236,0.49799999999999994,0.28,0.213,0.23207472841421384,0.28010654540150737,0.2944,0.2944,0.014503191779886179,0.01399560116012944
3gsn,1,90.19957842248414,68.08979166666667,76.93903846153846,71.51093333333333,78.6982978723404,74.82352941176471,76.63764044943821,0.518,0.3225,0.296,0.30755893059217015,0.3560164614020126,0.2398,0.23979999999999996,0.019958613924644604,0.01938920202645015
2ypl,2,91.06201939100137,88.19955555555556,91.74,85.65385714285716,94.79666666666665,91.3608695652174,95.12555555555558,0.8320000000000001,0.845,0.584,0.9635812467699139,0.9382108660627422,0.7778,0.7777999999999998,0.8346049064860083,0.7058672857484166
2ypl,4,91.29729586426298,87.90622222222221,91.47473684210527,83.8587142857143,94.144358974359,90.50086956521739,94.49682539682539,0.8240000000000001,0.835,0.562,0.9614700379156715,0.9316939269661006,0.7846938775510203,0.7846938775510205,0.8226370102979865,0.6788128485049172
2ypl,3,90.99636873201031,87.97777777777779,91.57122807017545,85.31057142857145,94.40589743589743,91.00086956521737,94.83650793650791,0.826,0.8425,0.582,0.9639619596474505,0.9363938311898202,0.773191489361702,0.773191489361702,0.8309195790184756,0.6913264654447303
2ypl,1,91.41806241478564,88.74977777777778,91.93122807017544,86.10814285714285,94.97230769230771,91.7458695652174,95.29190476190473,0.842,0.8574999999999999,0.585,0.9703703677359066,0.94844600374559,0.7726,0.7726,0.8575378408500289,0.7462770643501312
2ypl,0,90.21733070746856,86.3871111111111,89.72315789473684,81.256,93.47769230769231,89.23978260869566,93.7293650793651,0.806,0.8200000000000001,0.534,0.9484038346608564,0.900276650853869,0.7674000000000001,0.7673999999999999,0.7684112131087595,0.549955891138651
6d78,0,91.80636195182211,90.67,94.39782608695653,92.51514705882353,90.48452380952384,94.63540540540541,92.19916666666667,0.852,0.8625,0.596,0.9544683408729974,0.9428962695981664,0.8354901960784312,0.8354901960784313,0.8039724040414695,0.7422380241910986
6d78,1,92.1679756022236,90.49416666666667,94.54217391304348,92.64882352941177,90.42261904761905,94.73162162162161,92.34619047619049,0.8539999999999999,0.8625,0.597,0.9560895190298058,0.9436579094405546,0.8228301886792453,0.8228301886792454,0.8089556280770641,0.7481553395387729
6d78,4,92.04841568869674,90.18479166666667,93.87695652173913,92.39058823529412,90.06095238095239,94.42918918918919,91.31416666666667,0.8460000000000001,0.855,0.594,0.9580404335587267,0.9439244185777432,0.8334615384615384,0.8334615384615385,0.8173307955799817,0.7374905852686362
6d78,3,91.86053582458307,90.74645833333334,94.65586956521742,92.58823529411767,90.53714285714285,94.65837837837839,92.34095238095239,0.858,0.8725,0.605,0.9585606686932894,0.9485525741960337,0.8251923076923077,0.8251923076923079,0.8138557930849587,0.7604485394681777
6d78,2,92.10694101297098,90.83020833333335,94.44760869565218,92.38073529411766,90.55333333333333,94.57702702702704,92.35702380952381,0.8539999999999999,0.865,0.593,0.9579802675029602,0.9463098582697221,0.8465384615384615,0.8465384615384616,0.8177721978912877,0.7524101424986319
8ye4,0,89.95633545186791,72.47375,72.34171428571429,67.00085106382977,83.9975,79.18837837837837,83.18915662650603,0.6399999999999999,0.535,0.188,0.5383728845859435,0.5000634555232992,0.39885714285714285,0.39885714285714285,0.06967889253509035,0.029946142988258092
8ye4,1,90.31185242598048,73.848,74.6997142857143,67.16085106382978,86.777,81.34162162162161,84.64867469879518,0.704,0.64,0.278,0.6628644000429995,0.6045112725817284,0.3554347826086957,0.3554347826086957,0.15243749303716383,0.05144128879962578
8ye4,4,90.20828088668424,72.58875,70.86885714285714,65.62893617021277,84.12975,78.69594594594597,82.84662650602411,0.6519999999999999,0.545,0.265,0.5457504202750477,0.5088824928920165,0.3154166666666667,0.3154166666666667,0.07341880371464887,0.030373863902444738
8ye4,3,89.82551542396529,72.37025,71.86657142857143,67.22244680851064,84.5395,79.82540540540542,83.30228915662651,0.638,0.525,0.214,0.5030638800117049,0.47024272001050604,0.35628571428571426,0.35628571428571426,0.05766748649240583,0.025293913951132233
8ye4,2,90.20564718648272,73.63725,73.40371428571427,66.74287234042554,85.75975,81.31756756756758,83.87024096385542,0.688,0.6174999999999999,0.21,0.6210042841177328,0.560566802349084,0.38656250000000003,0.38656250000000003,0.11573921899394518,0.03676038839482505
5w1v,1,90.18842176870749,79.11625,83.06709090909092,71.77967032967034,83.37875,83.00611111111112,83.63571428571429,0.662,0.565,0.338,0.6954681949296685,0.6360772137925413,0.20275862068965517,0.20275862068965517,0.1679752540457895,0.05567276144790937
5w1v,0,89.8567603930461,78.01825,81.03236363636366,68.45923076923077,80.86156249999999,80.01185185185186,82.02000000000001,0.618,0.485,0.174,0.6256007445429553,0.5647982167217246,0.22549999999999998,0.22549999999999998,0.10578074124451406,0.03754661809792493
5w1v,2,89.60116250944822,77.26400000000001,80.38090909090909,67.41747252747253,79.62718749999999,79.61314814814816,80.85395604395606,0.592,0.44,0.14,0.5706453304012566,0.49762364791621794,0.2182926829268293,0.21829268292682924,0.07668934216570604,0.02565025394313855
5w1v,4,90.15886470143613,79.08824999999999,82.12200000000001,69.92505494505495,81.5221875,81.34759259259262,82.37868131868133,0.628,0.5,0.194,0.6523855698085503,0.5706487203455087,0.1911111111111111,0.1911111111111111,0.1304438691834202,0.03640749564609952
5w1v,3,90.29873620559336,82.389,86.81927272727272,74.62406593406594,81.451875,81.96814814814815,81.69153846153847,0.7020000000000001,0.635,0.374,0.7367098550856662,0.6767270950672033,0.20396551724137935,0.20396551724137935,0.22952041816960306,0.06894103225684323
8ryn,1,89.60452704791345,72.37510638297871,76.53224137931035,70.49632352941177,77.0795652173913,74.80617647058821,61.160526315789475,0.5,0.2925,0.15,0.36760934190793576,0.383424671352377,0.18,0.18,0.027267514070545014,0.01840064525710741
8ryn,0,90.15401854714065,74.20574468085105,78.05224137931035,71.82470588235294,77.4054347826087,76.5335294117647,63.85073684210528,0.548,0.3725,0.145,0.46740975477839175,0.4698696215299617,0.35464285714285715,0.3546428571428572,0.042942755921218705,0.024732914342395308
8ryn,2,89.88315301391036,74.70021276595746,77.77,72.08661764705883,76.67173913043479,76.39205882352941,59.96547368421053,0.542,0.365,0.195,0.37718909583613075,0.4296165703161984,0.2740540540540541,0.27405405405405414,0.028426991867219715,0.024343417052565278
8ryn,3,90.45550077279752,77.57510638297872,79.16586206896551,76.57176470588236,79.23521739130435,80.82000000000001,62.366315789473674,0.624,0.495,0.317,0.503867005985925,0.4998318961031456,0.2756140350877193,0.2756140350877193,0.055779015095428854,0.029922931487134534
8ryn,4,90.27002936630602,75.4395744680851,78.21689655172413,75.15176470588236,78.59391304347825,80.09470588235293,61.89378947368421,0.5980000000000001,0.455,0.214,0.46593126723721845,0.4602190206061909,0.30274999999999996,0.30274999999999996,0.04556027883959182,0.02229436075282659
2vlr,2,92.33561678997434,92.51777777777778,93.87444444444445,92.83327868852459,95.66,94.5186956521739,93.9455172413793,0.834,0.8375,0.525,0.9650594273587862,0.9584790824278665,0.897179487179487,0.8971794871794873,0.8619179119286179,0.8197637528890103
2vlr,3,92.53335648497661,93.5308333333333,94.4568888888889,93.88934426229507,96.00230769230768,95.07304347826086,94.67666666666668,0.8480000000000001,0.8575,0.542,0.972811755839644,0.9674534944077201,0.8746153846153845,0.8746153846153848,0.8912334499483949,0.8588713096878792
2vlr,4,92.5201298505209,93.00611111111112,94.33733333333333,93.66098360655737,96.0223076923077,95.0367391304348,94.76471264367815,0.844,0.8525,0.545,0.970657074111672,0.9662841668125456,0.8585714285714284,0.8585714285714288,0.8833133196213816,0.8540431308795039
2vlr,1,92.35525894609694,92.78416666666666,94.12355555555558,93.58000000000001,96.0094871794872,94.86217391304345,94.67977011494254,0.844,0.85,0.543,0.9699794203018789,0.9662261102682685,0.8578048780487804,0.8578048780487806,0.8802187227866847,0.8512293716678593
2vlr,0,92.04875736071267,92.89416666666666,94.06333333333332,92.84327868852458,95.87692307692309,94.66043478260872,94.19827586206894,0.844,0.845,0.533,0.9679146916382931,0.962147670134324,0.897179487179487,0.8971794871794873,0.8715716759317145,0.8316447771055562
1lp9,0,90.26304169202677,78.97714285714287,82.15916666666666,73.4890625,84.61695652173914,79.2159090909091,83.55808510638298,0.748,0.705,0.312,0.8212992831690076,0.6954607207650474,0.5613636363636364,0.5613636363636364,0.416332156300742,0.09336685131581098
1lp9,1,90.22461503347536,78.16102040816327,81.71900000000001,72.10885416666667,84.4671739130435,79.24863636363636,83.22691489361702,0.748,0.7,0.331,0.8038419717622425,0.6883244300358308,0.5636363636363636,0.5636363636363636,0.3710576622701179,0.08619524684494285
1lp9,3,90.44463633597078,79.54979591836735,82.52233333333331,76.0921875,84.7195652173913,79.80340909090908,83.95542553191488,0.746,0.7025,0.327,0.8176044308825776,0.7187143128634705,0.5468181818181818,0.5468181818181818,0.4090525998997503,0.11305286083396067
1lp9,4,90.0763405356056,74.58244897959183,80.04566666666666,73.93697916666666,83.76217391304348,79.12318181818182,81.76361702127659,0.724,0.6675,0.247,0.8056056320462709,0.6921050429699769,0.5705,0.5705,0.3650581441341286,0.08805498990948617
1lp9,2,90.13258673158856,77.9761224489796,81.39849999999998,74.8015625,84.3663043478261,79.61931818181819,83.41893617021277,0.738,0.69,0.302,0.8051070900577176,0.6869575088493504,0.568780487804878,0.5687804878048781,0.3752889201417353,0.08852209749467636
6q3s,1,93.85415140045421,94.73489361702127,89.90603448275863,94.33043956043957,96.99404255319148,95.05588235294117,96.52770114942528,0.858,0.8775,0.627,0.9737664091653622,0.9453547976345376,0.8003773584905658,0.8003773584905659,0.9040117447818758,0.7804163278816519
6q3s,0,94.1461514004542,95.16595744680852,89.8458620689655,94.75362637362637,97.16808510638299,95.51764705882353,96.77597701149423,0.874,0.8925000000000001,0.624,0.9757812004451604,0.9500990717673453,0.7822222222222222,0.7822222222222222,0.911170901747918,0.799348583238958
6q3s,2,93.98988039364119,95.14468085106381,90.15672413793104,94.65197802197802,97.09425531914893,95.03264705882351,96.7335632183908,0.868,0.8825000000000001,0.628,0.9749129545974534,0.9448633328786995,0.7843396226415091,0.7843396226415094,0.909007777351339,0.7804012423143339
6q3s,4,93.88947161241484,94.74106382978724,90.0401724137931,93.44417582417583,96.99,95.05558823529411,96.40149425287356,0.868,0.8825000000000001,0.605,0.9723353423828255,0.9383528322887871,0.8009999999999998,0.8009999999999999,0.8990500817011989,0.7485721680404037
6q3s,3,94.07885087055261,95.23148936170213,90.2953448275862,94.49824175824176,96.94617021276598,94.46029411764707,96.62264367816093,0.8720000000000001,0.8875,0.614,0.974352602823278,0.9476568639552873,0.7996153846153844,0.7996153846153844,0.9037626038703958,0.7873639936169976
4g8g,2,90.00570665875723,75.6775,71.70892307692309,74.065,83.16489361702126,80.06411764705882,74.29506024096386,0.554,0.375,0.21,0.30593492980850945,0.32895540375575566,0.27219512195121953,0.2721951219512195,0.019589720425139793,0.017228221850036814
4g8g,4,89.60394186563845,74.66538461538461,70.26307692307691,72.72788135593221,81.43744680851064,76.50264705882353,72.62120481927712,0.504,0.3,0.14,0.24078844091690393,0.2821394089500514,0.27724137931034487,0.27724137931034487,0.014685458892292464,0.013982209719286941
4g8g,3,89.78835384843542,75.49,71.1433846153846,73.6799152542373,82.17680851063828,78.10323529411764,73.37277108433736,0.524,0.3325,0.186,0.2815382788253966,0.30256358405210626,0.2884210526315789,0.2884210526315789,0.017148322045489262,0.01518684201788184
4g8g,1,89.82744624054575,75.00211538461538,70.71215384615383,73.26042372881358,81.97468085106382,77.90441176470588,73.22602409638554,0.524,0.33,0.189,0.28094153487645823,0.3119282940033059,0.29435897435897435,0.29435897435897435,0.016904253828724795,0.015605474528002806
4g8g,0,89.82605665134213,75.66057692307693,70.9533846153846,74.19627118644065,82.0668085106383,78.16911764705883,72.9665060240964,0.538,0.3575,0.226,0.2949537103496159,0.32525134921022136,0.28700000000000003,0.28700000000000003,0.017975376145690943,0.01663195912305531
6uz1,0,93.53563531353136,91.15704545454545,92.11652173913043,86.8062962962963,90.67574468085107,91.03805555555554,89.39488372093024,0.826,0.8200000000000001,0.512,0.9615603808402903,0.9286680314964483,0.7473913043478262,0.747391304347826,0.8156769348760516,0.5987231455523133
6uz1,1,93.68454620462046,91.52340909090908,92.98391304347827,86.75555555555556,90.72021276595744,90.53999999999999,90.2432558139535,0.834,0.8275,0.505,0.9680891176639895,0.9381335220331706,0.7709302325581395,0.7709302325581395,0.8450537766554489,0.6388950957288283
6uz1,4,93.63571163366336,91.42409090909092,92.99652173913042,87.65987654320988,91.27702127659576,91.22583333333333,90.45744186046512,0.8320000000000001,0.825,0.541,0.9669254701108526,0.9391518118387887,0.7424444444444446,0.7424444444444444,0.8444756497972775,0.6489652614512231
6uz1,3,93.58224216171618,91.61181818181818,92.825,86.32703703703704,90.2804255319149,90.02305555555556,89.80116279069767,0.8220000000000001,0.81,0.506,0.9656200031206935,0.9322186043629968,0.7513043478260869,0.7513043478260869,0.8370357980542138,0.6170070561513111
6uz1,2,93.67935643564357,91.58749999999999,92.76347826086958,87.74839506172839,91.50574468085105,91.56444444444442,91.01255813953487,0.8380000000000001,0.8375,0.523,0.967474689217934,0.9411963253667447,0.7675555555555555,0.7675555555555553,0.8438227243048183,0.6622340898628387
3e3q,0,93.79017016029593,92.76204081632652,96.6231746031746,95.36442857142856,95.78738095238094,97.62837837837837,95.86722222222218,0.8400000000000001,0.88,0.557,0.9817593525618399,0.9703617778088302,0.9402631578947369,0.9402631578947368,0.92014010730866,0.8715605400527187
3e3q,1,93.45315413070283,91.48857142857142,96.47634920634921,94.21285714285715,95.59380952380951,97.44432432432431,95.7511111111111,0.8219999999999998,0.8625,0.556,0.9784456832185963,0.9637687558716309,0.9397222222222223,0.9397222222222221,0.9083378344687262,0.8492700948318315
3e3q,4,93.72370160295931,91.89265306122451,96.56031746031745,95.04742857142858,95.73285714285714,97.56432432432433,95.85962962962965,0.834,0.875,0.55,0.9826536039440594,0.9701736520189923,0.9424324324324326,0.9424324324324321,0.9221114466404629,0.8703678313515281
3e3q,3,93.51332675709001,91.62102040816328,96.66079365079365,94.78314285714285,95.67857142857143,97.4991891891892,95.72685185185185,0.828,0.87,0.548,0.9796179112403589,0.9664087961258094,0.9405405405405407,0.9405405405405405,0.9126508605588529,0.8577980761540884
3e3q,2,93.71159802712701,91.41367346938775,96.53650793650796,94.97514285714286,95.72,97.65972972972972,95.91111111111113,0.836,0.8725,0.559,0.9820171051572899,0.9672268645728997,0.9597222222222224,0.9597222222222221,0.920769582470558,0.8596209303921076
1ao7,1,92.34207760141094,94.485,94.55478260869565,95.65714285714286,95.25787234042554,95.98088235294118,90.65051282051283,0.85,0.8675,0.608,0.9815337702855909,0.9666043936498396,0.8029090909090911,0.8029090909090908,0.9267604887524903,0.8704123441627024
1ao7,0,92.30940211640211,94.74636363636364,94.43608695652173,95.69821428571429,95.28957446808514,96.03235294117647,90.5076923076923,0.8539999999999999,0.8725,0.604,0.9817242803198952,0.9649728023942196,0.7846296296296299,0.7846296296296297,0.9273365340420783,0.8639143286084883
1ao7,2,92.16696296296296,94.57386363636364,94.56086956521737,95.63035714285714,95.17425531914893,95.9085294117647,90.02692307692307,0.8460000000000001,0.8675,0.607,0.9811470582034069,0.9660293075255607,0.7996296296296298,0.7996296296296296,0.9250163057259457,0.8676496278463252
1ao7,3,91.87485008818342,94.27818181818184,94.0858695652174,95.46119047619048,94.70255319148937,95.80823529411764,89.49115384615385,0.842,0.8625,0.605,0.9802633640957419,0.9631237148351841,0.8024074074074075,0.8024074074074072,0.9205697056273602,0.8552761148089717
1ao7,4,91.88803350970018,94.35136363636364,94.2795652173913,95.52071428571428,94.78085106382979,95.87323529411765,89.07269230769231,0.8460000000000001,0.8625,0.602,0.9802632587738894,0.9614789491902229,0.8142307692307694,0.8142307692307693,0.9216047930610828,0.8526193265140785
5tje,2,91.77829555138912,95.67153846153847,94.23211538461538,93.84413333333332,94.10434782608694,93.31318181818182,94.7404761904762,0.834,0.8525,0.515,0.9748350481589514,0.9439614865568473,0.8002564102564101,0.8002564102564101,0.9027327486865359,0.7806108334091735
5tje,3,91.6440753366286,95.53326923076926,93.9825,93.39160000000001,93.77173913043478,92.84568181818183,94.67738095238094,0.834,0.855,0.517,0.9743673818307286,0.9440085526122601,0.8084999999999999,0.8085000000000001,0.89994139536913,0.7775579564447033
5tje,4,92.03564854269644,96.12557692307692,94.77269230769232,94.42973333333335,94.9008695652174,94.02090909090909,95.6582142857143,0.8480000000000001,0.8674999999999999,0.536,0.978715429153014,0.9542179479745383,0.8079487179487178,0.8079487179487178,0.9183627894683953,0.8248487467791226
5tje,1,91.4768825634907,95.46384615384616,94.0503846153846,93.44720000000002,93.72478260869566,92.96840909090909,93.69285714285714,0.834,0.85,0.503,0.9730210596032073,0.9400375882111436,0.8082926829268293,0.8082926829268293,0.8949020919052646,0.7575512553490025
5tje,0,91.09351286858701,95.17711538461539,93.73826923076922,93.08213333333333,93.52304347826086,92.49977272727274,94.12666666666667,0.8220000000000001,0.84,0.517,0.9721026910341701,0.9390850322511797,0.8129268292682926,0.8129268292682926,0.8912199871176606,0.7568571175669463
6l9l,0,90.70837907819782,86.68500000000002,83.36842105263158,78.57985507246377,88.72022727272726,87.40820512820513,85.9673417721519,0.768,0.7825,0.275,0.9037734910079428,0.8333051624269131,0.7339130434782608,0.7339130434782607,0.6331556278281907,0.2934497994560892
6l9l,1,90.84096323148627,86.04444444444444,84.0142105263158,74.7908695652174,90.24636363636363,89.55,87.20506329113924,0.772,0.8025,0.341,0.9102912922418438,0.8400255335460931,0.7140000000000001,0.7140000000000001,0.6633276705310766,0.3119174111394275
6l9l,3,90.39672017952702,86.36759259259259,83.84578947368422,76.31840579710143,89.98022727272728,89.00358974358976,87.5232911392405,0.768,0.7975,0.308,0.9142902158504785,0.8543508649741348,0.7525000000000001,0.7525,0.6702993511736004,0.35819483621001685
6l9l,4,90.73180907992405,87.06499999999998,83.66947368421054,78.75,90.05795454545454,89.22512820512821,87.19949367088608,0.7779999999999999,0.8025,0.298,0.9122794458512711,0.8433239381142362,0.7339130434782608,0.7339130434782607,0.6684905179713124,0.3218788345516446
6l9l,2,90.77183152080096,86.65648148148149,84.05368421052631,78.33130434782609,90.39818181818181,90.1448717948718,87.32873417721518,0.78,0.81,0.339,0.9201892288618398,0.8611877517048816,0.7385185185185186,0.7385185185185185,0.690637464614027,0.3706532474945387
3o4l,0,92.64404441758575,95.63422222222222,93.76122807017545,95.22342857142856,89.32212765957446,86.40829787234043,93.42026315789474,0.866,0.88,0.612,0.9772511223779976,0.9663574327583978,0.8312068965517242,0.8312068965517242,0.8965118416352185,0.8227356114739264
3o4l,1,92.72660975978245,95.63533333333332,93.70403508771932,95.35142857142856,90.26765957446808,86.68702127659573,94.11263157894739,0.874,0.8875,0.613,0.9794533025499675,0.9702858451383081,0.8312068965517242,0.8312068965517242,0.9034012715939626,0.8418014245744587
3o4l,4,92.66486478319987,95.73733333333334,93.72526315789474,95.09228571428571,88.53808510638298,84.43085106382979,93.61973684210527,0.8720000000000001,0.89,0.609,0.9789510303507063,0.969255883288423,0.8450877192982456,0.8450877192982456,0.8991206890783493,0.8257873705126564
3o4l,3,92.72312131741954,95.71688888888887,93.74859649122807,95.38457142857145,88.35361702127659,86.23829787234042,93.57763157894738,0.868,0.8825000000000001,0.606,0.9779674393593509,0.9672191098306945,0.8498305084745764,0.8498305084745762,0.899102847545969,0.8264302796111782
3o4l,2,92.64781084756005,95.82755555555555,93.90701754385965,95.22671428571427,89.40255319148936,83.79531914893617,94.0544736842105,0.8699999999999999,0.89,0.615,0.979811804752522,0.9702494240747156,0.8337288135593222,0.8337288135593218,0.9036442965638503,0.8381871723646858
4jfd,2,92.37209621474891,88.75431818181818,91.9778431372549,95.01725806451614,95.28025,97.38624999999999,96.0625,0.8939999999999999,0.9125,0.647,0.9862300727575719,0.9796437383932999,0.9348387096774193,0.9348387096774193,0.9424466066310141,0.9036030437242423
4jfd,4,92.23130146282612,90.06909090909092,91.92882352941174,94.89370967741937,95.05525,97.19475,96.00531250000002,0.8779999999999999,0.8975,0.656,0.9844267883628053,0.9770159398883161,0.9355555555555556,0.9355555555555555,0.9375392016260243,0.8970487197699689
4jfd,3,92.42336148393909,88.6856818181818,92.07882352941178,94.79612903225807,95.12625,97.32275,96.14156250000002,0.8939999999999999,0.9075,0.651,0.9862749383250157,0.979125640466782,0.9348387096774193,0.9348387096774193,0.9420937709234033,0.9013081981463561
4jfd,1,92.27729904991706,89.765,91.98803921568629,94.8883870967742,95.0505,97.09725,96.01947916666666,0.884,0.9025,0.651,0.9848785959061409,0.977245106758023,0.941875,0.941875,0.9384355941706611,0.8976975047028862
4jfd,0,92.51635650731413,90.15636363636364,92.10019607843137,95.09612903225805,95.272,97.4825,96.26729166666667,0.892,0.9075,0.655,0.9859409882784931,0.9789785541563958,0.9403174603174604,0.9403174603174603,0.9420711787069749,0.9053243289430919
6zky,0,92.2749460376195,84.95553191489363,83.82034482758621,85.8813698630137,88.45042553191489,83.955,85.35586956521738,0.654,0.585,0.246,0.7259311487355857,0.7508821096191832,0.5676000000000001,0.5676000000000001,0.1818908548823211,0.19040946982146767
6zky,1,92.1796130126426,83.83234042553192,83.03275862068963,85.4513698630137,87.93021276595745,82.6479411764706,84.87228260869564,0.634,0.5525,0.264,0.6957164514993688,0.7165996023799543,0.5321875,0.5321875,0.14786404884063165,0.1514694983346681
6zky,4,92.25895004625347,84.11851063829786,83.52758620689654,85.63972602739726,87.78319148936171,82.29617647058824,84.74152173913043,0.648,0.57,0.218,0.7165195031102607,0.7314695346224502,0.5328571428571429,0.5328571428571428,0.16533021618736635,0.1603937779026309
6zky,3,92.16014801110083,84.0940425531915,83.80982758620691,85.06164383561645,87.56276595744683,82.95382352941178,84.59326086956521,0.642,0.56,0.232,0.7023468920637341,0.7273688250577923,0.5804,0.5804,0.15572986476218953,0.15454896708305255
6zky,2,91.9463351834721,81.7663829787234,82.61689655172415,83.6531506849315,87.06234042553193,81.68970588235294,83.81347826086957,0.602,0.5,0.255,0.6579876261754951,0.6751925340757513,0.5085714285714285,0.5085714285714286,0.11694561469109377,0.11043285942760635
8i5d,0,91.84871696960441,84.91121212121213,87.88225806451614,78.56929577464788,87.56129032258063,82.63156862745097,73.14845360824742,0.768,0.7475,0.437,0.8657301672366152,0.8128314641283312,0.6732608695652175,0.6732608695652174,0.44935627731199895,0.2165426057964675
8i5d,1,91.82063693294639,84.63484848484849,87.93435483870968,78.32859154929578,87.08967741935483,82.72843137254903,73.40670103092785,0.768,0.7475,0.452,0.8484327322854244,0.787518149547661,0.6444444444444445,0.6444444444444444,0.4134167154796756,0.17640483961570635
8i5d,4,91.72976630517795,83.91242424242425,87.2141935483871,77.31366197183098,87.07290322580644,82.0356862745098,72.7540206185567,0.754,0.73,0.431,0.8350995310737181,0.781102760965513,0.6518518518518519,0.6518518518518519,0.3712438298879877,0.1628813715039463
8i5d,3,91.80885290972965,84.46212121212123,87.88822580645159,72.33098591549296,88.49064516129035,82.9913725490196,76.39773195876289,0.762,0.74,0.412,0.8550091316692567,0.8043605840798247,0.6629787234042553,0.6629787234042553,0.4134664711773952,0.21536085865882643
8i5d,2,91.80352986100503,84.43818181818182,87.52580645161292,77.49549295774649,87.01,81.8864705882353,72.38628865979382,0.758,0.7324999999999999,0.446,0.8407386507209645,0.7808202091935151,0.6620754716981133,0.6620754716981133,0.3880208424402771,0.16840485394746998
8i5c,0,92.10792034052903,83.89462962962963,85.59978260869566,86.45275,86.1907142857143,84.25162162162164,86.70649999999999,0.722,0.69,0.37,0.8325346757253546,0.8419392272694372,0.7170731707317073,0.7170731707317073,0.35404849718043035,0.34872834319044765
8i5c,1,92.34581027667984,85.90814814814813,87.99130434782609,88.03675,87.17142857142858,84.78135135135136,87.67675,0.752,0.73,0.421,0.8532159837015671,0.8665085206539442,0.7342857142857143,0.7342857142857143,0.4093238292381081,0.4262542389316217
8i5c,4,92.51041501976285,86.73333333333333,88.58521739130435,88.349,87.3795238095238,85.6091891891892,87.905875,0.754,0.73,0.444,0.8545653038395588,0.8667151562283167,0.7213953488372092,0.7213953488372092,0.4212919639332507,0.4334297543815041
8i5c,3,92.40776071754333,86.99703703703702,89.06195652173913,88.677125,87.95142857142858,85.17513513513514,88.29725,0.762,0.7424999999999999,0.437,0.862183536239319,0.8793014040551593,0.7221428571428572,0.7221428571428571,0.4420234114415579,0.46996827293225846
8i5c,2,92.39125874125874,86.79907407407407,88.92282608695652,88.34612499999999,87.885,85.74405405405403,88.22925000000001,0.76,0.7424999999999999,0.424,0.8602959160084126,0.8768624863444531,0.7172093023255813,0.7172093023255814,0.436326973065441,0.46028437926873783
6zkw,2,92.58611693921628,93.76787234042551,89.79810344827588,93.51630136986302,93.15531914893617,87.36529411764707,90.7417391304348,0.796,0.7875,0.424,0.948197075729925,0.9446985107226289,0.7604000000000001,0.7604,0.7960889719899734,0.7306013822452365
6zkw,3,92.88879049676027,94.19957446808513,90.20637931034483,92.95082191780821,92.85489361702129,85.9935294117647,90.42999999999999,0.806,0.8025,0.371,0.9560562581518127,0.9528084081765827,0.7745833333333333,0.7745833333333335,0.8130142773281454,0.7471934686103491
6zkw,4,92.53498302992904,93.32914893617021,89.21706896551724,93.59013698630139,93.2423404255319,88.45970588235294,90.56521739130434,0.792,0.7775,0.4,0.9408224706448355,0.9404481284321828,0.7791304347826088,0.7791304347826086,0.7713686637552389,0.7177630907954569
6zkw,1,93.00373341561246,95.00914893617022,90.64310344827587,94.68575342465753,94.12063829787232,90.06705882352942,91.47554347826087,0.8300000000000001,0.8300000000000001,0.427,0.9620554653366414,0.9604384281602263,0.7604000000000001,0.7604,0.8500676194989304,0.8073544800673378
6zkw,0,92.40487503856835,93.39659574468085,89.6398275862069,92.59767123287672,92.60978723404256,85.98117647058824,90.04097826086957,0.782,0.77,0.36,0.9396137790358943,0.9347327251207028,0.7876000000000001,0.7875999999999999,0.7539348535105478,0.6835046455236694
5tez,0,92.60781845461365,86.79555555555555,83.10584905660379,88.1326595744681,90.33978723404256,89.54444444444445,93.05383720930232,0.8099999999999999,0.8049999999999999,0.506,0.9492706098159587,0.9256335240654944,0.7447826086956522,0.7447826086956519,0.7999808906478647,0.6210470858635542
5tez,1,92.34669467366841,85.23533333333333,81.69754716981133,88.45574468085104,90.46000000000002,90.59177777777776,92.59720930232558,0.808,0.8025,0.51,0.9504545329793509,0.924780316504107,0.7553488372093022,0.7553488372093022,0.8053266437073062,0.6256634628727177
5tez,4,92.60853413353338,87.00244444444444,82.91603773584905,89.50744680851065,90.56255319148936,90.57644444444445,93.01825581395349,0.818,0.81,0.507,0.951433069268355,0.9250456795466424,0.7595348837209304,0.7595348837209301,0.816381482104576,0.6405076622755614
5tez,3,92.79140735183796,88.20022222222222,84.51358490566038,90.24531914893616,91.00340425531914,90.852,93.94720930232558,0.8280000000000001,0.825,0.543,0.9593695489842743,0.938468549207264,0.754375,0.754375,0.8453476146596739,0.6988652906027627
5tez,2,92.41054613653414,84.95955555555557,82.1756603773585,87.79276595744682,89.90595744680851,90.11466666666668,91.87372093023255,0.8019999999999999,0.79,0.503,0.9431140892234922,0.9163033667446344,0.736875,0.7368750000000001,0.7744757510815742,0.590190088611181
9j4u,0,90.70708687727824,82.70725,69.35057142857143,76.02924242424243,84.18125,84.71370370370374,72.35505154639175,0.762,0.73,0.325,0.846768881319558,0.740274723751027,0.5850000000000001,0.5850000000000001,0.44823262180708057,0.11036964126054002
9j4u,1,90.90440765492102,83.56,67.9782857142857,76.98348484848485,85.2409375,85.20962962962962,73.99876288659794,0.764,0.7424999999999999,0.347,0.8580867906477039,0.7549877163524313,0.6082926829268293,0.6082926829268293,0.467171209476347,0.12242059663246124
9j4u,4,90.85543590522478,82.50925,67.22371428571428,76.94621212121213,84.763125,84.76833333333333,73.04154639175259,0.764,0.7375,0.334,0.8490859435297354,0.7513209191551389,0.5842553191489364,0.5842553191489361,0.44053819333036776,0.11746713136095507
9j4u,3,90.65980255164034,82.33175,66.89542857142857,76.89969696969699,84.125,84.35148148148147,73.31938144329898,0.758,0.7225,0.317,0.8592357869160491,0.7717969056735102,0.5704347826086957,0.5704347826086957,0.45484302124918063,0.13634142124956852
9j4u,2,90.80340826245444,81.63025,67.97,76.36166666666668,85.34437499999999,85.01462962962962,74.64041237113402,0.758,0.73,0.322,0.8501148640735183,0.7469651127086628,0.5976190476190476,0.5976190476190476,0.4463687428558908,0.1150924103559533
5xov,0,90.57715775361238,82.8901408450704,84.44415094339622,83.84949494949494,82.709,84.2896551724138,82.82126315789475,0.734,0.7050000000000001,0.396,0.8602324615906398,0.7854774906057012,0.5817910447761194,0.5817910447761193,0.4890949604742753,0.14459691912366526
5xov,1,90.83692387904067,85.24380281690142,86.47943396226412,84.44353535353535,85.03999999999999,86.07344827586203,86.35052631578948,0.7699999999999999,0.7575,0.427,0.9096847797920727,0.839167451729063,0.61234375,0.61234375,0.6448667277876593,0.253178625737207
5xov,4,90.81251005511693,83.92422535211267,85.09226415094341,83.79353535353535,84.5685,84.08413793103446,84.25547368421051,0.752,0.725,0.385,0.8806971470524774,0.814298895488821,0.6486440677966101,0.6486440677966101,0.5483071008220807,0.18774523069510793
5xov,3,90.84661254282736,85.27295774647888,85.86396226415094,83.38939393939395,85.47875,85.56724137931036,86.25431578947368,0.766,0.7525,0.398,0.9077300595822205,0.8233865007971367,0.5998507462686566,0.5998507462686566,0.6315883451318602,0.2274422205915753
5xov,2,90.565723223596,83.70112676056334,85.3541509433962,83.2641414141414,84.10799999999999,83.46482758620691,84.38515789473685,0.746,0.7225,0.406,0.8796220764182087,0.8095161857737246,0.6104545454545456,0.6104545454545455,0.5379680133780897,0.1899337148361018
6tmo,2,92.25584917043741,91.99795454545453,92.04901960784314,96.0966129032258,95.1335,97.34925000000001,96.03989583333333,0.8960000000000001,0.91,0.66,0.9853325157893313,0.9789502675765083,0.8981250000000001,0.8981250000000001,0.9385282072981249,0.9040855583392927
6tmo,3,92.11161538461539,91.83704545454546,91.89215686274511,95.74225806451614,94.833,97.1005,95.82604166666665,0.89,0.9075,0.645,0.9841583745528998,0.9768424121710015,0.9069841269841271,0.9069841269841271,0.9344057275648736,0.8947006706919068
6tmo,4,92.12395022624435,92.35363636363635,91.44960784313724,95.75435483870969,94.6515,96.98075,95.6459375,0.89,0.9075,0.645,0.9847976541922578,0.9775786273725563,0.9201639344262296,0.9201639344262296,0.9350765782068787,0.8959425863743634
6tmo,1,92.02561387631975,92.30545454545455,91.81235294117647,95.82209677419357,94.788,97.11325,95.714375,0.89,0.9075,0.651,0.9845853118137914,0.9777045202950152,0.8844615384615385,0.8844615384615385,0.9358196392594361,0.8979366571124885
6tmo,0,92.2210527903469,92.07295454545455,91.65274509803919,95.84016129032257,95.09675,97.25975,95.95572916666667,0.892,0.9075,0.656,0.9847806292472885,0.9777002971010287,0.8981250000000001,0.8981250000000001,0.9366747852400243,0.8989318015375716
5d2n,3,90.97505721168322,79.65865384615384,80.23545454545454,70.23013333333333,83.07393939393938,82.79666666666668,85.07043956043955,0.662,0.555,0.334,0.5741961948191945,0.5460721435089704,0.473469387755102,0.4734693877551021,0.09231409516833722,0.03791158501408483
5d2n,4,90.93960403492923,80.30115384615384,81.04454545454544,71.3056,83.23939393939395,82.60944444444443,84.89857142857143,0.6599999999999999,0.5525,0.352,0.5749224506529443,0.5589131395192894,0.4654901960784314,0.4654901960784314,0.09231009889868882,0.04175950504925269
5d2n,2,91.06057964468533,80.22923076923077,81.51666666666665,70.73266666666667,83.61363636363636,83.14388888888888,85.03890109890109,0.67,0.5725,0.338,0.5882968461362701,0.5581127214670053,0.4606521739130434,0.4606521739130434,0.10218196363116275,0.04235830836709109
5d2n,0,90.9463489912677,79.30423076923077,81.18606060606061,70.80546666666666,82.47090909090909,82.35944444444446,85.1356043956044,0.646,0.5325,0.289,0.5603431997242049,0.5427767770314836,0.49372093023255825,0.49372093023255825,0.08212615783752165,0.03748665182229118
5d2n,1,91.14897771755496,79.77634615384616,80.93454545454546,72.35759999999999,83.30454545454545,82.32092592592592,85.21252747252748,0.662,0.555,0.348,0.597785803301267,0.5728407863138457,0.4446938775510204,0.4446938775510204,0.10646892384142125,0.04122572955751883
3kxf,2,93.73546508172363,90.57281250000001,83.35557142857142,93.7087234042553,91.9165,92.31567567567566,73.627,0.852,0.8625,0.578,0.9068232815256658,0.8408665742948822,0.6439705882352942,0.6439705882352942,0.6730030017489967,0.3649416011023983
3kxf,3,93.91145765230311,91.57734375,84.238,94.56627659574468,92.815,91.7956756756757,75.64488888888887,0.86,0.8725,0.564,0.9570235176002484,0.916762829562836,0.7816666666666668,0.7816666666666667,0.8161269964492432,0.6241539355136705
3kxf,4,93.78608766716196,91.29453125,83.0162857142857,94.27925531914893,92.38624999999999,92.13270270270272,74.26544444444444,0.8560000000000001,0.8674999999999999,0.593,0.9113961024247248,0.8533166922024704,0.67328125,0.67328125,0.6948801535440423,0.3991266095264719
3kxf,1,93.96249331352153,91.78343749999999,83.84557142857142,95.03723404255321,93.31949999999999,92.2508108108108,75.31077777777776,0.86,0.875,0.574,0.9592258694043329,0.9219143150258344,0.7778846153846156,0.7778846153846154,0.8272501095323589,0.6481134115678573
3kxf,0,94.07679791976226,92.40515625,86.71128571428571,95.3055319148936,94.1905,92.92405405405404,80.04322222222221,0.8779999999999999,0.89,0.604,0.9457599100373029,0.897161798766055,0.6435384615384616,0.6435384615384616,0.8113692941553994,0.5498658924711745
1qse,1,94.36674316774875,94.69136363636363,94.8104347826087,96.0522619047619,95.85723404255319,96.49441176470589,93.59712643678162,0.8880000000000001,0.8975,0.59,0.979885317088769,0.9562773435479256,0.7888888888888891,0.7888888888888889,0.9188171768436736,0.8230931630761256
1qse,0,94.2485897629473,94.59545454545454,94.75500000000001,96.1,95.7553191489362,96.70029411764706,93.38275862068966,0.882,0.895,0.597,0.9803362822638217,0.9560883329333786,0.8125000000000001,0.8125,0.9227171890411558,0.8283539144834773
1qse,2,94.1553087724596,94.41954545454546,94.71282608695654,95.99964285714287,95.67127659574467,96.64735294117648,93.31298850574714,0.8800000000000001,0.895,0.6,0.979315276800205,0.9548899638845341,0.8125000000000001,0.8125,0.917795518601661,0.8202983942441687
1qse,3,94.18130605465801,94.58340909090909,94.56565217391304,96.03333333333333,95.68489361702125,96.58264705882353,93.20034482758619,0.882,0.895,0.594,0.9817150210513798,0.965527535223746,0.8529166666666667,0.8529166666666667,0.9262955707296467,0.8584964649637682
1qse,4,94.38670542050431,93.95568181818182,94.63717391304347,96.21142857142857,95.97765957446808,96.86058823529413,93.41977011494254,0.8960000000000001,0.9075,0.583,0.9835749888572164,0.9673808746225512,0.8379166666666666,0.8379166666666666,0.929558926543006,0.8652332976846695
4eup,2,92.08377274812663,85.43249999999999,94.37239130434783,89.26080645161291,93.66581395348838,86.14460000000001,93.56068181818182,0.842,0.8574999999999999,0.599,0.9644644138409536,0.9436035027731055,0.825,0.8250000000000001,0.8303622357502499,0.7105852093339236
4eup,4,92.22214711729622,86.25931818181819,94.88978260869565,88.81564516129033,94.1686046511628,86.88319999999997,93.82670454545455,0.8480000000000001,0.8625,0.597,0.9666388545676315,0.9434679260028589,0.8391379310344826,0.8391379310344828,0.8452274404301897,0.7150494826253645
4eup,3,91.89562777183056,85.17477272727272,94.30782608695652,87.75225806451616,93.83511627906977,86.3888,93.36306818181819,0.842,0.855,0.578,0.9643808652898624,0.9376523595492937,0.8217241379310345,0.8217241379310344,0.8298993319322285,0.6771472465417205
4eup,1,92.01493653463832,85.51886363636363,94.07217391304349,88.54274193548386,93.6346511627907,86.47559999999997,93.34795454545456,0.842,0.855,0.58,0.9639724534333999,0.9391298746487537,0.81,0.81,0.8271168284826581,0.687102127251503
4eup,0,92.13865575776113,86.13681818181819,94.47217391304348,89.21338709677417,93.54372093023257,85.78120000000001,93.67340909090908,0.842,0.8574999999999999,0.597,0.9653171721492835,0.9428601920394967,0.8259016393442623,0.8259016393442624,0.8359596154931723,0.7077334405090313
7ow5,1,91.55548665858096,88.08887096774195,82.7422972972973,89.7419696969697,89.18659574468084,87.6935135135135,90.38918604651163,0.748,0.73,0.433,0.8351484074643434,0.8481033481171519,0.6337254901960786,0.6337254901960785,0.3710717732897441,0.35363040890807895
7ow5,0,91.57505761067313,87.85306451612902,82.05932432432432,90.0628787878788,89.60191489361704,88.05567567567564,90.8036046511628,0.752,0.735,0.435,0.8476161280990093,0.8626006064655083,0.6315094339622642,0.6315094339622642,0.40301062016085504,0.40504070845101425
7ow5,2,91.79561400848999,88.55790322580644,82.7731081081081,90.48378787878787,89.52680851063829,88.00270270270272,90.8943023255814,0.758,0.74,0.448,0.8592789965261167,0.8542505534165113,0.6401923076923077,0.6401923076923078,0.4435096031393639,0.3907085177247618
7ow5,4,91.55522589448151,87.7843548387097,80.96594594594595,90.06136363636362,89.30829787234042,87.84918918918919,90.53023255813955,0.752,0.73,0.443,0.8521449129524938,0.8563472970614361,0.6518367346938775,0.6518367346938776,0.41132437207488787,0.38203331377867494
7ow5,3,91.46883717404486,87.32596774193549,81.00378378378379,89.79424242424241,88.9663829787234,87.6554054054054,90.30616279069768,0.746,0.73,0.406,0.8494463946466646,0.8510042870225121,0.66375,0.66375,0.4115564772241416,0.35993611973819717
7ndq,3,90.0819767797128,77.95785714285715,79.9360975609756,63.613369565217404,81.29886363636363,83.21764705882353,72.64857142857143,0.6900000000000001,0.61,0.25,0.7611047281570914,0.6976927558853023,0.4796969696969697,0.4796969696969696,0.253894909700407,0.10267005940121654
7ndq,4,90.06803391384051,77.26964285714287,77.78219512195122,66.62271739130436,81.8484090909091,84.16921568627451,73.35178571428571,0.6839999999999999,0.5975,0.24,0.7487996763242429,0.6764442964025648,0.476969696969697,0.476969696969697,0.2294911723713178,0.08946000871129324
7ndq,2,90.2759074243813,77.61874999999999,78.48487804878049,66.43836956521739,82.20386363636364,84.56588235294117,75.15785714285714,0.696,0.6174999999999999,0.25,0.7817209472596188,0.7017869066129035,0.463125,0.463125,0.276333061336127,0.11714959723522005
7ndq,0,89.71329972502292,76.96178571428572,77.64024390243902,65.3070652173913,80.07772727272729,82.14882352941177,71.53464285714284,0.666,0.5675,0.193,0.7163405397717024,0.6656008771439267,0.48741935483870974,0.48741935483870963,0.18802463981164694,0.08360630173837394
7ndq,1,90.03266880537733,77.005,77.06219512195122,66.06641304347826,82.3809090909091,83.9866666666667,73.72071428571428,0.696,0.61,0.259,0.7743866476781373,0.6928593831511684,0.4951724137931034,0.4951724137931034,0.2760673228011101,0.10062169948193365
4jfe,1,92.77186501958421,92.79318181818181,92.60470588235293,96.47870967741936,95.7095,97.45824999999999,95.63999999999999,0.892,0.91,0.641,0.98237734139777,0.9756620220686297,0.909322033898305,0.9093220338983051,0.9269591617006285,0.8935181994535438
4jfe,0,92.73857637842724,93.00000000000001,92.25372549019609,96.23080645161289,95.21875,97.12825000000001,95.14760416666667,0.8800000000000001,0.8975,0.634,0.9800013095385902,0.9715655071829414,0.8868253968253966,0.8868253968253968,0.9199860739874345,0.8775642506647983
4jfe,2,93.06080295269659,93.66204545454546,92.76941176470588,96.46032258064517,95.51150000000001,97.30675000000001,95.7246875,0.898,0.9125000000000001,0.633,0.9809966954136562,0.9724312861737877,0.8838095238095237,0.8838095238095239,0.9249243006205626,0.8824172268579542
4jfe,3,92.97370442904489,91.88204545454545,92.47039215686274,96.13419354838709,95.34975,97.21475000000001,95.41531249999998,0.89,0.9075,0.629,0.9817109871793129,0.9739119293042012,0.8943333333333333,0.8943333333333335,0.9248035718350307,0.8852829338259741
4jfe,4,92.69724163904792,92.39613636363636,92.45588235294117,96.28919354838708,95.16675000000001,97.20575,95.47927083333333,0.89,0.905,0.632,0.9815460151116274,0.9739253642802318,0.9106666666666666,0.910666666666667,0.9238954848166913,0.8856858545073294
6zkx,1,90.47582771305947,87.05000000000001,84.70741379310344,87.66602739726028,88.68319148936169,84.43999999999998,87.13510869565216,0.712,0.665,0.312,0.8372365226242475,0.8593653803252765,0.6575,0.6575,0.3524612276517241,0.3702913105090171
6zkx,0,90.2668746167995,84.80595744680852,83.71827586206898,87.50780821917809,87.89170212765958,83.18264705882353,86.13119565217391,0.6799999999999999,0.6174999999999999,0.275,0.8060810550840644,0.8419278575468627,0.6983333333333334,0.6983333333333331,0.2630307042756225,0.3034588126124824
6zkx,2,90.2703832004905,84.78446808510638,83.98982758620687,86.97479452054795,88.01893617021275,83.9285294117647,86.31467391304348,0.692,0.6325000000000001,0.254,0.7954423156934893,0.8288446849851235,0.5892592592592594,0.5892592592592593,0.24593624341785336,0.28735031644943243
6zkx,4,90.56253832004904,88.46127659574469,85.47862068965517,89.74191780821917,88.58425531914894,83.11088235294119,87.30108695652174,0.728,0.69,0.288,0.8397565785652406,0.8705365367042213,0.7265217391304348,0.7265217391304348,0.34145789195346143,0.41581889812950784
6zkx,3,90.61057939914164,87.91574468085106,84.87758620689657,89.21232876712328,88.36893617021275,82.5120588235294,87.20369565217393,0.72,0.6775,0.269,0.8396682879311981,0.8718961493715299,0.6748000000000001,0.6748000000000001,0.3512807220471481,0.4157364259514308
4prp,1,92.2702374154771,93.81550000000001,92.78169811320754,93.38555555555557,93.5428125,92.36407407407407,92.3488732394366,0.858,0.8775,0.576,0.9782577690948085,0.9718055376350728,0.8243103448275861,0.8243103448275861,0.8856556560473223,0.8269973600645733
4prp,0,92.17471525169046,93.82050000000001,92.8633962264151,93.37622222222221,93.4659375,92.48981481481484,92.24338028169016,0.8560000000000001,0.87,0.564,0.9778740352650381,0.9719863281372279,0.8549090909090907,0.8549090909090907,0.8836995178470763,0.8281130786211427
4prp,2,92.19438166791886,93.7055,92.31396226415097,93.25344444444445,93.0465625,92.4488888888889,91.64676056338028,0.8560000000000001,0.87,0.569,0.9770052714178055,0.9706410964188638,0.8241379310344827,0.8241379310344829,0.8781386342271491,0.8194409653132064
4prp,4,91.88008414725769,92.88525,91.54264150943396,92.55133333333332,91.91187500000001,90.83537037037038,91.23338028169013,0.842,0.855,0.561,0.9721824083924652,0.9663339060045946,0.8514545454545452,0.8514545454545452,0.8509136336458067,0.7903339511514385
4prp,3,91.9840781367393,93.31575000000001,92.01396226415093,93.06844444444447,92.98625,92.08351851851852,91.82774647887324,0.844,0.865,0.576,0.9753697018847703,0.9705130395674527,0.825,0.825,0.8738209153180332,0.8193637310882018
5til,0,92.23639986376023,96.2019230769231,94.76442307692311,94.89226666666667,95.02347826086957,93.89704545454546,95.68761904761905,0.844,0.8674999999999999,0.468,0.977263318880749,0.9593319952571888,0.8006451612903226,0.8006451612903226,0.913791474091832,0.839652424909459
5til,1,91.66623126702997,95.82673076923075,94.4653846153846,94.31666666666668,94.26065217391306,93.36386363636365,94.87416666666665,0.8320000000000001,0.8574999999999999,0.458,0.9736259129715451,0.951762604291738,0.8059375,0.8059375,0.8979134334138203,0.8053115191719558
5til,3,91.85254257493187,95.9230769230769,94.31423076923076,94.48986666666666,94.3428260869565,93.50272727272727,95.21833333333332,0.8320000000000001,0.855,0.468,0.9750520488554123,0.9558036039404907,0.8006451612903226,0.8006451612903226,0.9041847287644065,0.8228503720772458
5til,4,92.26679155313352,96.43423076923077,95.06153846153846,95.19693333333333,95.03826086956524,94.06590909090909,95.85642857142858,0.852,0.8725,0.463,0.9787487259228984,0.9621498997132404,0.7949999999999999,0.795,0.9180394473734526,0.8502932176801059
5til,2,91.8345538147139,96.03615384615387,94.40307692307691,94.7076,94.65195652173912,93.57386363636364,95.6777380952381,0.834,0.86,0.472,0.9768313996610574,0.9611269433996162,0.8256666666666667,0.8256666666666667,0.9111717260017067,0.8434939819743336
7nme,2,90.15228727438192,72.25999999999999,80.8457894736842,84.01079999999999,83.47045454545454,85.21745098039216,86.62493333333332,0.708,0.65,0.409,0.7535560551128163,0.7676512432182895,0.5340425531914892,0.5340425531914893,0.282887219272945,0.2116825322808969
7nme,4,90.42834673138177,72.78066666666668,81.82105263157895,83.76933333333332,84.49159090909092,86.39078431372548,87.56906666666667,0.728,0.6775,0.402,0.7800956114682986,0.7786603451454589,0.525681818181818,0.525681818181818,0.33289742551905166,0.22666374260809546
7nme,3,90.20942969816473,73.36711111111111,81.7156140350877,84.37879999999998,84.68954545454545,86.80999999999999,86.71279999999999,0.7220000000000001,0.6699999999999999,0.425,0.7885489036173099,0.7803424882371951,0.5015384615384615,0.5015384615384615,0.3436534136265051,0.22463144120255
7nme,1,90.09336265736388,71.01644444444445,79.65175438596492,83.67346666666666,83.88636363636363,85.33725490196078,86.71826666666668,0.708,0.65,0.378,0.7645628960729274,0.7714047418684647,0.5519047619047618,0.5519047619047618,0.29356486671094867,0.2131575503551137
7nme,0,89.8528226907326,71.13444444444445,80.03122807017543,82.98066666666665,81.66863636363638,83.54509803921569,85.45106666666666,0.682,0.6025,0.369,0.7100180747083914,0.7183110278964525,0.5475,0.5475,0.21105503696530126,0.15137790143194443
6vmx,0,92.77996575852316,92.37479166666667,92.93096153846156,93.62855263157896,94.30394736842105,94.05392857142859,93.84160919540231,0.8560000000000001,0.87,0.493,0.9770505688145658,0.9722986061708443,0.8233333333333334,0.8233333333333334,0.9000411694079402,0.8524479229554932
6vmx,1,93.44849486377848,92.88270833333335,93.36884615384616,94.08276315789475,94.75947368421053,94.48107142857143,93.93275862068965,0.874,0.885,0.486,0.9801852005684829,0.9725605041590232,0.8506451612903225,0.8506451612903226,0.912649592841629,0.8574090779409892
6vmx,4,93.20566770879857,92.3525,93.09038461538464,94.19236842105263,94.67184210526315,94.5125,94.13609195402299,0.868,0.8775,0.484,0.9782761728961401,0.9729428327518541,0.8291176470588235,0.8291176470588235,0.906679152843007,0.8619713841807004
6vmx,3,93.46905463748698,92.77395833333333,93.44557692307691,94.43434210526317,94.81473684210525,94.51196428571428,94.10425287356321,0.8800000000000001,0.8925000000000001,0.471,0.9788236593139212,0.9758457512396921,0.8341935483870968,0.8341935483870968,0.9082627900658888,0.8666173828271807
6vmx,2,92.95674854845913,92.14458333333333,92.76423076923075,93.04499999999999,94.07473684210527,93.47928571428572,93.13735632183909,0.8619999999999999,0.8725,0.409,0.975970498485915,0.9701774749881877,0.8229032258064516,0.8229032258064516,0.8925347040846686,0.8344727413857457
2oi9,3,93.3239847215377,86.62489795918367,95.83095238095238,93.55125,95.32404761904762,97.50189189189189,95.6975925925926,0.826,0.865,0.544,0.9776947632904258,0.9551635310272588,0.9143902439024391,0.9143902439024391,0.9052820568191833,0.8048218737709818
2oi9,4,93.18295712173484,87.90204081632653,95.9152380952381,93.43796875,95.24714285714286,97.31648648648648,95.59611111111111,0.8240000000000001,0.8674999999999999,0.562,0.977966044212227,0.9564814899800447,0.8946153846153845,0.8946153846153845,0.9049885186252903,0.8085885333482314
2oi9,2,93.45324790537211,87.54448979591835,95.97920634920634,93.6703125,95.41857142857143,97.44837837837838,95.74407407407408,0.8320000000000001,0.875,0.562,0.9750935437518604,0.9533526910539776,0.9209756097560975,0.9209756097560975,0.8983182423454267,0.7991866293516727
2oi9,0,93.25956628881222,85.26428571428573,95.87952380952382,93.61984375,95.27357142857143,97.54054054054053,95.28222222222222,0.834,0.8725,0.567,0.9800225532655757,0.9558843573939533,0.9173809523809524,0.9173809523809524,0.9111774207030775,0.8068546237813422
2oi9,1,93.25076145884672,87.72448979591837,95.80476190476193,93.525,95.1602380952381,97.3572972972973,94.83814814814815,0.834,0.8725,0.566,0.9729527843500443,0.9519804977751914,0.9126829268292683,0.9126829268292683,0.8885076139147452,0.7883258392321393
8gvb,1,89.3866419180201,72.94638297872339,88.60000000000002,79.59448717948717,91.09863636363637,92.64941176470587,90.61688679245283,0.8220000000000001,0.8300000000000001,0.52,0.9327517837026433,0.8390241693106056,0.7496153846153846,0.7496153846153845,0.7300145424612731,0.30870230436827195
8gvb,0,89.54988708430008,73.18446808510637,89.37920634920636,81.63641025641024,91.29136363636364,92.57941176470588,91.15367924528302,0.82,0.8275,0.534,0.939234186952208,0.8479199938172675,0.7240384615384615,0.7240384615384612,0.7526066690950709,0.3301813934083848
8gvb,2,89.34777416860015,73.23489361702129,88.514126984127,78.9347435897436,89.97795454545455,92.5672549019608,90.14745283018868,0.8220000000000001,0.8300000000000001,0.514,0.9277902587753057,0.8306500000322266,0.7254385964912281,0.7254385964912281,0.7224219920046222,0.2798402370468286
8gvb,4,89.29901314771848,73.60404255319149,88.90523809523809,78.37012820512821,90.04818181818182,92.58627450980393,90.59556603773586,0.8220000000000001,0.8300000000000001,0.526,0.9326586151114259,0.8387768245610615,0.751372549019608,0.7513725490196076,0.7357586359964337,0.2994488175373587
8gvb,3,89.36014694508894,73.47404255319148,88.41126984126986,79.20320512820513,90.96840909090908,92.70196078431373,90.25235849056605,0.8220000000000001,0.8300000000000001,0.5,0.931674812325242,0.8400352641126059,0.7489285714285714,0.7489285714285714,0.7271406322945382,0.3041345579544599
3e2h,2,91.76591222879684,78.61673469387756,95.00301587301587,84.49375,93.77666666666667,93.08297297297298,93.92129629629628,0.79,0.8200000000000001,0.448,0.9539496171439538,0.9335978643824515,0.8415384615384613,0.8415384615384616,0.7695141208250412,0.6327649116999888
3e2h,4,92.27826923076923,77.70938775510204,95.46158730158733,84.618375,93.86119047619047,93.72918918918919,94.39333333333333,0.8019999999999999,0.835,0.474,0.9628220647385688,0.9372230584986643,0.8654054054054053,0.8654054054054054,0.8121934989296647,0.658902068771515
3e2h,3,91.54229289940828,78.52897959183673,95.21761904761908,82.68350000000001,93.5147619047619,93.1272972972973,94.02759259259258,0.784,0.8125,0.459,0.9619451476896909,0.9295033181350397,0.8518918918918917,0.851891891891892,0.8064918298714163,0.6430332136438481
3e2h,1,91.48207347140038,77.38632653061224,94.9742857142857,82.399,93.34476190476191,92.76027027027025,93.58796296296298,0.778,0.8125,0.451,0.9440147605518708,0.9166533801108269,0.8114285714285714,0.8114285714285716,0.7274650423647219,0.5639545449294031
3e2h,0,91.30104289940829,76.86938775510205,94.71190476190476,82.633375,93.15190476190476,92.85540540540539,93.3214814814815,0.774,0.8049999999999999,0.468,0.9420234295523827,0.9139587682209231,0.8153488372093024,0.8153488372093025,0.7175002076834242,0.5587906673967883
8v4z,2,93.1130734223301,89.34522727272729,95.03195121951221,86.80142857142856,93.65454545454547,91.34294117647059,83.90776470588236,0.8400000000000001,0.8375,0.413,0.9375768009005444,0.8638163102000064,0.7548275862068966,0.7548275862068966,0.7406197336879342,0.3946268013883934
8v4z,3,92.62971632281553,87.38022727272727,94.01292682926828,84.616,91.93878787878789,89.88078431372548,82.16776470588235,0.8140000000000001,0.8,0.412,0.905235678290194,0.8222497537646031,0.6978378378378378,0.6978378378378378,0.6348905351782423,0.26806550000500956
8v4z,4,92.7781280339806,88.32909090909091,94.35658536585366,86.55271428571427,92.94545454545455,91.29686274509803,82.84094117647058,0.8300000000000001,0.8275,0.437,0.9168068285068713,0.8221048921425972,0.7070270270270271,0.7070270270270269,0.6839360637884829,0.28116083731501723
8v4z,1,92.65315685679612,87.45363636363635,93.67048780487805,85.51214285714285,92.52818181818182,90.53176470588235,82.73105882352941,0.8220000000000001,0.815,0.451,0.9112374497003775,0.822159179243382,0.705,0.705,0.6587862709204698,0.2731201001268498
8v4z,0,92.9003140169903,88.91227272727272,94.70658536585366,87.49714285714283,93.55878787878788,91.90803921568629,83.7404705882353,0.836,0.8300000000000001,0.428,0.9356729310424249,0.8603601751646561,0.7372727272727273,0.7372727272727273,0.7440207171391896,0.3938599021444007
3hg1,0,91.61146697038724,88.38522727272726,91.03304347826086,91.59051724137932,90.444,89.92241379310344,92.1425,0.812,0.825,0.588,0.9665954173248696,0.9476024887309155,0.8964912280701753,0.8964912280701753,0.8557017555920438,0.7326496057132604
3hg1,1,91.68191192103265,88.15636363636362,90.90739130434783,91.63586206896552,90.81975,90.10862068965517,92.42604166666666,0.818,0.8275,0.594,0.9683150270774801,0.951396658375256,0.8843859649122806,0.8843859649122806,0.8624232932113423,0.747106033704212
3hg1,3,91.68848747152619,81.93363636363635,87.83173913043478,86.49034482758621,89.63725,89.70793103448275,90.36656249999999,0.7939999999999999,0.7849999999999999,0.575,0.9535957660870049,0.915358582878638,0.8003225806451612,0.8003225806451612,0.7848586375817288,0.5596483617449565
3hg1,4,91.58871678056188,89.105,91.19673913043479,91.70379310344828,90.93424999999999,89.86551724137931,92.34385416666667,0.818,0.825,0.597,0.9678441616455177,0.9503292913631912,0.8740677966101694,0.8740677966101694,0.8622357765717814,0.7475699303146376
3hg1,2,91.64414882308276,87.60295454545457,90.05934782608695,91.95241379310345,91.09875,90.43758620689657,92.57333333333334,0.818,0.8300000000000001,0.598,0.9696720871259074,0.9536908316998629,0.9076363636363635,0.9076363636363636,0.8674717569961597,0.755605249393504
9j4s,1,91.55889655172413,86.80681818181819,90.16483870967744,81.60439560439559,90.4153125,87.81296296296297,83.60989130434783,0.806,0.805,0.374,0.9300034104063956,0.8850857068327826,0.828,0.828,0.6450810397634416,0.42822701330386304
9j4s,0,91.43959220389804,86.43181818181817,90.38354838709678,81.16021978021978,90.35593750000001,88.57148148148147,84.10554347826088,0.812,0.815,0.388,0.9192835971983949,0.8987815015618257,0.7686206896551725,0.7686206896551725,0.5990687842753739,0.44450282198560226
9j4s,2,91.78728485757121,87.2031818181818,90.39758064516128,82.54186813186813,91.02875,88.83444444444447,83.57217391304349,0.8160000000000001,0.8200000000000001,0.402,0.9256060811689274,0.8825153942925977,0.787241379310345,0.7872413793103448,0.6151161651617697,0.42113347893864705
9j4s,4,91.74441829085457,87.065,90.48258064516128,81.69725274725276,90.99125000000001,89.59574074074077,83.65532608695652,0.8220000000000001,0.825,0.399,0.9289169667553295,0.9100228860577937,0.7761290322580646,0.7761290322580646,0.6348192513554357,0.4780441183790159
9j4s,3,91.5767976011994,85.83613636363637,89.66354838709678,80.72021978021976,90.4559375,88.7887037037037,83.11923913043479,0.806,0.8075,0.383,0.9295676966491678,0.8939494657231208,0.7886666666666667,0.7886666666666665,0.6374111381819845,0.4439586460761874
2ol3,0,93.04792736757625,89.63661016949152,91.98428571428573,84.3698076923077,93.08071428571428,93.0109090909091,93.64516853932584,0.8039999999999999,0.8200000000000001,0.431,0.9294636772848396,0.8451958108536969,0.7244827586206896,0.7244827586206897,0.7458617306624289,0.3631877143054266
2ol3,1,92.98618980738362,88.67237288135594,91.47928571428572,83.3001923076923,93.14642857142859,92.85068181818183,93.39191011235954,0.806,0.8200000000000001,0.422,0.9310548497532847,0.8414305099093093,0.7432000000000001,0.7432,0.7494770101075481,0.3445002940192649
2ol3,4,93.10239566613163,89.14237288135593,91.33071428571427,83.00115384615384,93.20125,92.43136363636364,93.98719101123596,0.808,0.8200000000000001,0.439,0.9302675055910112,0.8406202683492863,0.6416666666666667,0.6416666666666666,0.7479752187794573,0.33035349097764777
2ol3,3,92.97100120385232,88.14932203389831,91.58814285714286,80.72557692307693,92.52339285714285,92.57000000000001,92.9605617977528,0.8,0.8049999999999999,0.369,0.8954247365320922,0.7692091041062763,0.6533333333333332,0.6533333333333332,0.6508336677641413,0.19468411812637884
2ol3,2,93.02554173354734,89.12389830508475,91.75885714285717,83.71576923076924,93.19125,93.03613636363637,93.8061797752809,0.808,0.8200000000000001,0.416,0.9377408690432553,0.8661306620429592,0.7858333333333333,0.7858333333333333,0.7680732207444644,0.4218229155771472
9j4t,2,89.9782770628312,74.83216216216218,77.97596774193549,72.00507246376812,80.95434782608696,77.62764705882353,74.35980198019801,0.558,0.395,0.178,0.4204547010102072,0.4546606037590492,0.4117857142857143,0.41178571428571437,0.034444869019732,0.028050889516270203
9j4t,3,90.36628160484481,75.7045945945946,78.53193548387098,72.37101449275362,83.27499999999999,82.57882352941176,75.80722772277227,0.614,0.47750000000000004,0.187,0.5161091882576235,0.5372183233003877,0.4067857142857143,0.4067857142857143,0.059321414939000214,0.04512743077261461
9j4t,4,90.25791067373203,75.50459459459458,78.54209677419355,72.1304347826087,82.83413043478262,81.47735294117648,75.42217821782178,0.6020000000000001,0.45999999999999996,0.179,0.4981215620805801,0.5056916842281556,0.44869565217391305,0.44869565217391305,0.05382754752309816,0.03626108773176132
9j4t,1,90.35567146101438,75.6227027027027,78.65451612903227,72.51782608695653,82.8136956521739,81.75264705882353,75.96950495049504,0.6,0.455,0.163,0.4855433902915335,0.5102844595167162,0.4404347826086957,0.4404347826086958,0.04964636968150359,0.03922511918063183
9j4t,0,90.04717183951551,74.8908108108108,77.93177419354836,71.25217391304349,82.62652173913042,81.63764705882352,74.36851485148514,0.596,0.4475,0.155,0.48659492738278737,0.5146204435956502,0.4018518518518519,0.4018518518518519,0.049541127712627385,0.03901728278920825
6vmc,3,91.3225030102348,76.56863636363636,85.12173913043479,78.38011764705882,86.73461538461538,82.00869565217391,83.76707317073172,0.696,0.6275,0.39,0.7787339062227555,0.7367935997942883,0.5872727272727273,0.5872727272727273,0.3188504557028195,0.16113580398325214
6vmc,4,91.43738711619507,76.59681818181818,84.6141304347826,78.70764705882353,87.05999999999997,82.77565217391303,84.22463414634146,0.6980000000000001,0.6275,0.387,0.7844278240539961,0.7346953030734115,0.5995121951219513,0.5995121951219512,0.33013628641720644,0.16114522431219594
6vmc,2,91.39650812763396,76.30545454545455,84.06826086956521,78.73211764705883,86.54666666666665,82.0654347826087,83.91097560975608,0.6839999999999999,0.6025,0.379,0.76505831370247,0.7232763995227005,0.6472972972972972,0.6472972972972973,0.2889728904162192,0.1471719667137116
6vmc,0,91.01230734497291,74.92886363636363,82.8145652173913,76.89858823529411,86.39051282051284,82.39565217391306,82.75182926829268,0.67,0.5825,0.378,0.7642670787744498,0.7038200015080649,0.5911904761904763,0.5911904761904762,0.2867792322549079,0.12671044159398862
6vmc,1,91.44812913907285,74.90363636363637,83.59586956521738,78.64788235294117,86.12384615384615,82.62586956521739,84.03487804878048,0.6839999999999999,0.5975,0.364,0.7464948246942347,0.7126289349629821,0.5953488372093023,0.5953488372093023,0.25145481472625025,0.14446435092692356
2bnr,2,94.04447396226415,95.31829787234042,89.85120689655174,94.91527472527471,97.13723404255319,95.24176470588235,96.80724137931036,0.8720000000000001,0.885,0.618,0.9761655079906781,0.9446138416403843,0.7627777777777778,0.7627777777777778,0.9111148275503487,0.7842659446610184
2bnr,3,94.16202113207548,95.1859574468085,89.77620689655171,94.64846153846156,97.11765957446808,95.07911764705884,96.82114942528736,0.868,0.8825000000000001,0.619,0.9748651796903444,0.9514241598260377,0.8089999999999999,0.8089999999999997,0.9082519279816867,0.8065491854846997
2bnr,4,93.85253132075472,94.42680851063831,89.38758620689653,93.26802197802198,96.88510638297873,94.66794117647059,96.48252873563217,0.8560000000000001,0.87,0.603,0.9690876515007857,0.9303903021643835,0.8087755102040817,0.8087755102040817,0.8906938325590078,0.7227581384332405
2bnr,1,93.93750037735848,94.97574468085108,89.69637931034484,94.48571428571431,97.00893617021276,94.90911764705882,96.70678160919542,0.8619999999999999,0.88,0.624,0.9730975721467277,0.942769138400766,0.7742307692307692,0.7742307692307691,0.9030629579580893,0.7744730717033084
2bnr,0,94.04335094339622,94.92702127659575,89.63948275862069,94.44494505494507,96.93106382978722,93.34147058823528,96.64735632183908,0.8640000000000001,0.88,0.624,0.9728703380791996,0.9424712258284488,0.7789285714285714,0.7789285714285714,0.8992730297569135,0.7690054988053209
3utt,0,92.08858638743455,92.16745098039216,83.5686046511628,95.02670588235294,96.28275,94.09775510204084,94.77574074074076,0.86,0.88,0.448,0.975137115729975,0.9752191368363134,0.841153846153846,0.8411538461538461,0.8981875914443638,0.8806033740318512
3utt,1,92.18730291697831,92.60725490196079,84.09186046511627,95.47023529411764,96.46925000000002,94.46877551020408,95.02194444444443,0.866,0.885,0.443,0.9765303469139559,0.9769183728217936,0.8748,0.8747999999999999,0.9043569348506608,0.8913910594227447
3utt,4,92.17283021690352,92.1127450980392,82.91302325581397,95.12058823529412,96.03799999999998,93.89408163265307,94.52351851851849,0.86,0.88,0.435,0.9743126530121574,0.9744890459001764,0.8857142857142856,0.8857142857142858,0.8911258778857084,0.8764522730764935
3utt,3,92.18376514584891,91.53098039215686,82.75232558139535,94.7995294117647,96.4355,94.34591836734695,94.66333333333333,0.866,0.8825000000000001,0.463,0.9756036713002957,0.974216694764359,0.814074074074074,0.8140740740740741,0.8985984613208439,0.8753837315393447
3utt,2,92.21274794315632,92.56627450980395,84.12162790697674,95.45788235294116,96.51375,94.43591836734696,94.97805555555557,0.868,0.885,0.425,0.9777676768683627,0.9779881987191811,0.8708333333333335,0.8708333333333332,0.90756359514973,0.894467844340246
7pbe,1,92.09010623971271,92.76575,91.12599999999999,94.01910256410257,89.92295454545454,93.46392156862744,95.03,0.8699999999999999,0.8875,0.591,0.9805069780365623,0.9719243080315457,0.8409433962264151,0.8409433962264151,0.9131114324906257,0.8569914291730582
7pbe,0,91.97341313781236,92.402,90.79228571428571,93.31307692307692,88.70272727272727,91.98470588235293,94.18418918918918,0.866,0.88,0.576,0.9793994826139183,0.9679361748199565,0.8558823529411764,0.8558823529411764,0.902600638079476,0.8306460339835652
7pbe,2,91.88262456980398,92.23675,90.288,93.39602564102564,89.12681818181818,93.05372549019606,94.61175675675676,0.8640000000000001,0.88,0.583,0.9796182268026618,0.9696070298465145,0.8731372549019608,0.8731372549019607,0.9066137737587845,0.8429527864809626
7pbe,4,92.21635792308844,92.88675,91.37542857142859,94.0698717948718,90.19068181818182,93.56509803921568,95.12932432432432,0.876,0.89,0.592,0.9815318003425638,0.9725021377640113,0.859056603773585,0.859056603773585,0.9160974151068447,0.8583079247126427
7pbe,3,91.96078856800837,92.57874999999999,91.14171428571429,93.53371794871794,89.48113636363638,92.14980392156862,94.81513513513514,0.8699999999999999,0.8875,0.58,0.9796961404568515,0.9694192570854666,0.8247169811320755,0.8247169811320756,0.9053088567638992,0.8404410884604927
3rgv,1,89.36560812860175,87.94818181818181,89.23843137254902,86.52328358208955,87.17309523809524,86.27594594594595,86.83816091954021,0.754,0.7625,0.421,0.9601728251059582,0.9356443902957333,0.8283783783783784,0.8283783783783785,0.773469546447526,0.6183070068882354
3rgv,0,89.42045647558386,87.96636363636364,89.13,86.58477611940297,87.33190476190477,86.46729729729729,86.4751724137931,0.754,0.765,0.363,0.9605077721208818,0.9395476086223046,0.8494117647058823,0.8494117647058824,0.7731895914658392,0.6288927995516612
3rgv,2,89.43559144676979,88.15499999999999,89.47568627450981,86.7892537313433,87.23119047619048,85.98837837837836,86.43977011494253,0.758,0.765,0.43,0.9591707173680364,0.9353569212358946,0.8311428571428571,0.8311428571428571,0.7734418739188564,0.6169612860944965
3rgv,4,89.53649226569608,87.86045454545454,89.52078431372549,86.93970149253731,87.1802380952381,85.47378378378379,86.41643678160918,0.756,0.765,0.388,0.9432978098394598,0.9269166993013992,0.7926315789473684,0.7926315789473685,0.7011113049713698,0.5980979304603034
3rgv,3,89.448271155596,87.78886363636363,89.25745098039214,86.56328358208955,87.02833333333335,85.55108108108108,86.13816091954024,0.758,0.7675000000000001,0.399,0.9585045823379801,0.9369162978513464,0.8097222222222222,0.8097222222222222,0.7634493168650538,0.6150064233028241
6ulr,0,92.57146927460343,85.90678571428573,88.22560975609755,75.75797752808988,90.788,85.64866666666668,84.22615384615385,0.774,0.75,0.343,0.8970856686524135,0.8133684117151493,0.7656666666666667,0.7656666666666667,0.6230477840699101,0.23685392147673504
6ulr,1,92.99870937933159,87.96517857142855,89.59829268292683,80.58044943820224,92.00800000000001,87.16866666666668,86.3876923076923,0.792,0.7775000000000001,0.382,0.912589619283093,0.8385912227176501,0.7415151515151516,0.7415151515151515,0.6803152004371639,0.2955407143359683
6ulr,4,92.90377945479747,87.59410714285715,89.88536585365854,77.92876404494382,91.3497142857143,86.73150000000001,84.21923076923076,0.79,0.77,0.363,0.9139960524820534,0.8378312011677287,0.7515625,0.7515625,0.6883548970469601,0.2851107895623848
6ulr,3,92.8420606807331,87.00142857142858,89.58317073170733,78.1979775280899,91.412,86.22833333333334,83.85472527472527,0.782,0.76,0.385,0.8999506581014189,0.8116599954472747,0.7440625000000001,0.7440625000000001,0.6406974996267814,0.23862408756552123
6ulr,2,92.76100415832434,87.37625,90.31268292682927,77.1791011235955,90.22714285714287,85.5985,83.6057142857143,0.788,0.7675000000000001,0.388,0.9175565781584418,0.844062680441826,0.7225,0.7225,0.6841913857132444,0.29403498151820356
3uts,1,91.91416592195412,92.22607843137254,82.3739534883721,94.97882352941177,95.8345,94.1395918367347,94.14111111111109,0.86,0.8775,0.436,0.9749165824495819,0.9751515107213912,0.881111111111111,0.881111111111111,0.8956395187688997,0.878527730505043
3uts,0,91.91476169198688,91.84666666666668,82.55441860465118,94.90117647058824,95.947,94.15102040816328,94.23462962962964,0.866,0.885,0.436,0.9761875377980657,0.976469843419422,0.8735999999999998,0.8736,0.8989505757841351,0.8824696460667908
3uts,2,91.7414745308311,92.50607843137254,83.50558139534883,95.21658823529411,96.02825,94.23693877551021,94.47222222222223,0.866,0.885,0.44,0.9755377036201018,0.976047149226889,0.8735999999999998,0.8736,0.9003904652760563,0.8862626909959074
3uts,3,91.8789708072684,92.33098039215686,82.66395348837209,95.16611764705883,95.84774999999999,94.16040816326532,94.40805555555555,0.8640000000000001,0.88,0.44,0.9763343475800829,0.9766257340354825,0.8488888888888887,0.8488888888888888,0.9032961437023728,0.887304372134768
3uts,4,92.02564492106048,92.05098039215687,83.02348837209301,94.91658823529413,95.37925,93.4322448979592,94.11212962962962,0.858,0.8775,0.448,0.9747748685013558,0.9748837538061804,0.8784615384615383,0.8784615384615383,0.8906720900110642,0.8774699346471473
8rlu,0,91.26124502297091,81.06357142857144,89.385,72.78666666666666,81.61755102040816,83.08444444444444,81.54318681318681,0.742,0.6950000000000001,0.357,0.8864846168555636,0.8363330275011691,0.63375,0.63375,0.5243332789639233,0.28905065664315854
8rlu,1,91.21269372128637,80.93571428571428,89.44708333333331,72.24059523809525,81.26775510204081,81.57444444444444,82.68989010989011,0.742,0.7,0.308,0.9013144603504577,0.8637884654416019,0.6275999999999999,0.6275999999999999,0.574647061187184,0.35766558627114137
8rlu,3,90.92869984686065,81.10095238095239,89.16416666666667,71.9525,81.49836734693878,82.6263888888889,81.81989010989011,0.732,0.685,0.364,0.8911516833703199,0.8439726596210866,0.6528571428571428,0.6528571428571428,0.5415586115241432,0.3132025314835377
8rlu,4,90.89983614088821,80.8240476190476,88.67604166666666,73.09678571428572,80.76265306122448,82.20777777777778,81.2657142857143,0.7220000000000001,0.675,0.348,0.8810644557510028,0.8433736253804908,0.6639393939393939,0.6639393939393939,0.5155270172106082,0.30347786204801863
8rlu,2,90.92163246554365,79.49190476190476,88.79583333333333,69.02964285714286,80.28510204081633,80.95777777777778,80.91153846153846,0.726,0.6699999999999999,0.332,0.8671470008902572,0.8068169714976638,0.6742857142857143,0.6742857142857144,0.474479854927495,0.2167209364722313
5c0b,4,93.64552325581396,94.71745098039217,88.43441860465114,97.26058823529411,97.4115,96.2512244897959,96.58601851851851,0.884,0.905,0.475,0.9821158137733721,0.9819645539041263,0.8657692307692307,0.8657692307692308,0.9331467474260333,0.9283053074798622
5c0b,3,93.36544424567681,94.34098039215685,88.33953488372094,97.006,97.3125,95.97265306122449,96.43092592592592,0.8800000000000001,0.9,0.502,0.9803310959808658,0.9800547911970289,0.8103448275862067,0.8103448275862067,0.9284111522761864,0.9214460578303446
5c0b,2,93.49574090638045,94.38549019607841,87.93232558139535,97.01447058823531,97.235,96.04938775510202,96.28518518518516,0.8699999999999999,0.89,0.48,0.9788389488124345,0.9789225884390206,0.8444827586206896,0.8444827586206896,0.9242889853180816,0.9195628651413609
5c0b,0,93.30201401311867,94.37470588235294,87.23674418604651,96.98011764705882,97.14825,95.67551020408165,96.20203703703703,0.8720000000000001,0.895,0.487,0.9791441433666079,0.9805923509494047,0.8517241379310343,0.8517241379310343,0.9249033815574621,0.9221193290620044
5c0b,1,93.48658765652952,94.25941176470589,87.29418604651163,96.84188235294117,97.226,95.59836734693877,96.25638888888889,0.8699999999999999,0.8925000000000001,0.477,0.9783579694786871,0.9788812987232085,0.8163333333333332,0.8163333333333331,0.9211600638260706,0.9162539830557267
7rk7,0,83.75252858753423,66.46678571428572,72.3470731707317,61.165757575757574,69.4166,70.3928260869565,75.13190476190478,0.526,0.34750000000000003,0.14,0.2799617584947416,0.31334543810733956,0.22624999999999998,0.22624999999999998,0.017188079208738584,0.012157801755808086
7rk7,1,83.0038234820422,65.5975,71.91951219512195,60.65136363636364,70.31599999999999,69.19608695652173,75.49142857142857,0.502,0.31,0.125,0.2565598265553735,0.2866325316810553,0.2446511627906977,0.2446511627906977,0.015686204289931685,0.011017121854433884
7rk7,4,83.37290223868577,65.68214285714286,71.48219512195122,60.421515151515145,70.17360000000001,68.68195652173912,75.38857142857141,0.512,0.3275,0.21,0.2657174321191242,0.28337673852927564,0.22220588235294117,0.22220588235294123,0.01670933429539735,0.010900557433816536
7rk7,3,83.49078917700113,66.02107142857143,71.75439024390244,59.99954545454545,68.68180000000001,67.82108695652173,74.61023809523809,0.508,0.32,0.199,0.25846128066402807,0.28079511477604796,0.2033333333333333,0.2033333333333333,0.01615692312770347,0.010880465933962281
7rk7,2,83.08129328394267,66.49839285714286,73.2480487804878,61.56045454545454,67.68379999999999,69.52565217391303,73.26714285714284,0.526,0.345,0.184,0.28634526550917055,0.31030503742800547,0.20196428571428574,0.20196428571428568,0.017951445716818344,0.012218659046895211
2e7l,0,93.18387994143484,86.26979591836734,95.86746031746031,92.24354430379748,94.99095238095238,96.71567567567567,95.20833333333333,0.834,0.87,0.544,0.9802742277552876,0.9635339194016751,0.8955813953488373,0.8955813953488372,0.9052936219936446,0.8276168175449667
2e7l,1,93.09258174719376,86.56020408163265,95.90412698412699,92.45936708860759,95.13595238095239,96.69621621621623,95.42018518518518,0.8240000000000001,0.865,0.542,0.9773841205944092,0.959365378404442,0.8765116279069767,0.8765116279069767,0.8942694370383664,0.8188280366477443
2e7l,3,93.30659102000975,86.61632653061223,96.05587301587302,92.48164556962026,95.2104761904762,96.90513513513514,95.5953703703704,0.834,0.87,0.54,0.9794383536812508,0.9641097185117529,0.8827906976744188,0.8827906976744186,0.9022447008484803,0.8333758536862826
2e7l,4,92.98631527574426,86.15081632653062,95.7733333333333,92.31430379746836,94.99904761904762,96.82027027027029,95.20648148148148,0.8320000000000001,0.87,0.544,0.9792022443488421,0.9644048989056472,0.8897435897435898,0.8897435897435898,0.8992858810285107,0.8287766990710086
2e7l,2,93.08245485602734,86.24714285714288,95.82507936507936,92.28683544303799,95.01761904761904,96.70918918918919,94.84592592592591,0.8300000000000001,0.87,0.542,0.978773108463699,0.9624097350150639,0.8953658536585366,0.8953658536585366,0.8984274053601803,0.8218569949470865
8en8,4,90.95752355316284,85.41155555555555,90.47433962264151,76.42662337662337,75.57148936170212,78.02787234042552,71.28860215053764,0.7699999999999999,0.755,0.375,0.8024051978244536,0.686748966939201,0.5385185185185185,0.5385185185185185,0.3604135290508094,0.07703543066397621
8en8,3,91.16179303125467,86.0268888888889,90.7524528301887,78.4544155844156,76.58595744680851,78.71085106382978,73.49387096774193,0.774,0.7625,0.358,0.8588789739926767,0.7696903982984855,0.5694444444444444,0.5694444444444445,0.4912173198098371,0.1541898268282859
8en8,2,91.11503514281442,86.34666666666666,90.7322641509434,78.24597402597402,76.27978723404256,78.9959574468085,72.97236559139786,0.78,0.7675,0.36,0.8554475829424907,0.761829704861807,0.5730612244897959,0.5730612244897959,0.47948277592968813,0.13916989665283153
8en8,0,90.97840436668162,85.76599999999999,90.5277358490566,77.4748051948052,76.98489361702127,78.36999999999999,72.65279569892473,0.7699999999999999,0.7575,0.365,0.8379923937831361,0.740109382322284,0.560701754385965,0.5607017543859648,0.4354658267380068,0.1217362044943774
8en8,1,90.97574398085838,85.36177777777779,90.5211320754717,76.64324675324676,76.05595744680852,77.10702127659575,72.55451612903225,0.766,0.7475,0.371,0.8308963805003594,0.7370065533501062,0.5773584905660377,0.5773584905660377,0.41489310813411806,0.11702492392209
2pye,0,94.38319074440555,97.13872340425532,90.33706896551725,96.83181818181816,97.83659574468085,98.14272727272726,97.34795454545453,0.8859999999999999,0.905,0.606,0.9839389709027843,0.9789682220017014,0.8155319148936171,0.815531914893617,0.9369152532466016,0.9112244352265056
2pye,1,94.39514385751255,97.1776595744681,90.15586206896553,96.97020202020204,97.88702127659573,98.17575757575757,97.38795454545453,0.884,0.9025,0.616,0.9844631842077074,0.9789363091292453,0.8217391304347827,0.8217391304347827,0.9387301259036597,0.9148269283507477
2pye,4,94.29458669508297,97.07510638297873,90.19810344827586,96.80707070707068,97.78106382978723,98.12333333333333,97.26420454545455,0.882,0.9025,0.609,0.983190990980665,0.9782090681790766,0.8293333333333335,0.8293333333333334,0.9359386855670833,0.910496533010984
2pye,3,94.35324402496575,97.02319148936172,90.1955172413793,96.74222222222222,97.86872340425532,98.1809090909091,97.26011363636363,0.882,0.9025,0.612,0.9832418622863812,0.9777921391835797,0.8174468085106383,0.8174468085106383,0.9346065085255464,0.9103519599447253
2pye,2,94.38595067742428,97.06510638297871,90.37241379310343,96.75454545454545,97.84,98.16121212121212,97.31875,0.8800000000000001,0.9,0.618,0.9834832063546164,0.9778885522128394,0.8080851063829788,0.8080851063829788,0.9367920993030923,0.9112703711744924
7pb2,4,87.93283868935099,70.50109375,66.22814285714286,64.62827586206897,77.37702127659576,75.7562162162162,79.98477272727273,0.426,0.1675,0.103,0.16244056525096093,0.19556193234262884,0.1429032258064516,0.1429032258064516,0.011097604663570355,0.01038179745730301
7pb2,3,88.33439823566478,70.52859375,65.39871428571429,64.76666666666665,77.31893617021277,76.84837837837838,80.1653409090909,0.43200000000000005,0.17500000000000002,0.14,0.16831635268079922,0.20176875387191406,0.09405405405405404,0.09405405405405405,0.011239926510977806,0.011142183301638953
7pb2,2,87.79410365469438,71.01625,64.864,66.56643678160918,77.09617021276597,76.58162162162162,79.60613636363637,0.418,0.16,0.175,0.15690760907919174,0.19048489940628327,0.0780952380952381,0.0780952380952381,0.010944898139533001,0.010788475526796577
7pb2,0,87.90830655324513,69.91499999999999,64.824,65.70770114942529,76.9268085106383,75.4045945945946,79.59829545454546,0.41600000000000004,0.1625,0.127,0.15674775036552255,0.1952645023803554,0.16541666666666668,0.16541666666666668,0.010872197875055969,0.010531290154509109
7pb2,1,87.99279143037177,70.260625,65.52228571428572,64.69862068965517,76.9795744680851,75.17918918918919,79.82840909090909,0.43,0.185,0.15,0.16515919759288306,0.19805723229961097,0.15589743589743588,0.15589743589743588,0.01124864339429331,0.010294187801212055
1fo0,1,93.15184811149263,87.88576271186443,92.06428571428572,72.29423076923075,94.81946428571429,94.17704545454545,95.5643820224719,0.8379999999999999,0.8674999999999999,0.386,0.9288352578281669,0.850082047717615,0.866153846153846,0.8661538461538462,0.7600172311093593,0.34330773136323534
1fo0,0,93.21198343768936,88.21627118644068,91.74271428571429,76.1401923076923,94.6969642857143,94.18113636363637,95.17022471910111,0.8320000000000001,0.8574999999999999,0.453,0.9197711276539836,0.8127331456830675,0.6761111111111111,0.676111111111111,0.7415964107373118,0.26237478785147506
1fo0,2,93.07487578267018,87.12983050847457,91.54085714285715,71.82538461538462,94.37428571428573,93.64113636363639,94.71775280898875,0.8300000000000001,0.8525,0.43,0.8868063210724692,0.7890066212320552,0.7340625,0.7340625000000001,0.6462983544503814,0.19515596374487734
1fo0,4,93.13170672591396,87.64016949152543,91.20985714285713,76.19769230769231,94.57607142857144,94.08136363636363,95.11235955056179,0.8320000000000001,0.8575,0.388,0.9163357849811868,0.8016745953671173,0.7041379310344825,0.7041379310344825,0.7269129218139572,0.25077439797203505
1fo0,3,92.88105635225207,86.74830508474577,91.441,72.68192307692308,94.27982142857142,93.65727272727273,94.82134831460675,0.8220000000000001,0.85,0.407,0.8930334236046876,0.7852590683196213,0.7322857142857142,0.7322857142857142,0.6620271603628073,0.20575366296634853
6uln,0,90.67343485617597,74.33053571428572,78.98902439024391,64.19067415730336,82.98542857142857,79.42299999999999,69.05193181818181,0.58,0.415,0.244,0.460280674964404,0.4541457908441662,0.28757575757575765,0.28757575757575765,0.04565260254346617,0.02385489233156067
6uln,1,90.58789417012768,74.15625,78.15121951219511,68.11101123595506,81.57885714285713,79.56633333333335,70.20034090909091,0.544,0.3675,0.255,0.41647972110654563,0.42268391205062644,0.27219512195121953,0.27219512195121953,0.03419305162211065,0.022569683650785675
6uln,3,90.47951699738502,73.16982142857144,77.35634146341462,66.92707865168539,81.76857142857145,78.85283333333334,68.92636363636365,0.548,0.365,0.219,0.443189333951674,0.4338544014336048,0.2964705882352941,0.2964705882352941,0.040292419141057266,0.022125147221018094
6uln,4,90.74353330256884,73.76517857142858,73.51243902439023,65.35865168539326,82.29971428571427,80.25116666666668,69.89386363636363,0.5900000000000001,0.43,0.281,0.502955485470499,0.5025595753451926,0.27999999999999997,0.28,0.05626002675342753,0.03077290877527174
6uln,2,90.75689124750039,73.13535714285715,78.34829268292684,68.50696629213483,82.48114285714284,79.7875,69.60238636363637,0.554,0.3725,0.269,0.42204505538503584,0.4110008881024475,0.28930232558139535,0.2893023255813953,0.03620215429253884,0.020037459079948503
1g6r,4,89.63706564885497,76.13285714285713,90.39476190476192,79.5634375,93.04261904761906,94.46972972972972,91.9522222222222,0.8099999999999999,0.8375,0.527,0.9518120482757888,0.9030575831434483,0.7589285714285714,0.7589285714285714,0.7835213135760831,0.5037725117951987
1g6r,3,89.62630534351146,73.12816326530611,90.31936507936508,78.79890625,92.93904761904761,94.46405405405406,91.85370370370369,0.8119999999999999,0.8375,0.516,0.9505164504965246,0.8988422729480485,0.7849090909090908,0.7849090909090907,0.7793032934053861,0.48059994175047127
1g6r,2,90.13678167938932,70.53367346938775,90.92841269841271,79.04328125,92.97880952380953,94.93783783783783,91.44981481481481,0.8380000000000001,0.8575,0.524,0.9570628996104462,0.9053657033088497,0.7763265306122448,0.7763265306122449,0.8035562528545929,0.48379634176227143
1g6r,0,89.90049007633587,72.79367346938776,88.82730158730158,80.40375,93.47595238095239,94.55972972972974,91.37462962962962,0.8320000000000001,0.85,0.524,0.9548393599223557,0.9081941891109563,0.7396491228070174,0.7396491228070174,0.7824753454933479,0.4869010254207626
1g6r,1,89.56000458015268,75.77326530612245,90.2736507936508,77.77906250000001,92.94642857142857,94.26756756756757,91.8824074074074,0.808,0.8375,0.495,0.9480832945139306,0.8944834974885901,0.7542105263157893,0.7542105263157896,0.7705942308494984,0.469250093828195
6rpa,1,90.3267229299363,91.49499999999999,92.1032258064516,93.6465,94.66594594594595,94.0258695652174,96.32605263157895,0.8619999999999999,0.88,0.633,0.9817318940743982,0.9710048150086172,0.7881967213114754,0.7881967213114754,0.923555804264629,0.8609855808787156
6rpa,0,90.95990445859871,91.45613636363636,92.10064516129032,93.57190000000003,94.60702702702703,93.78239130434784,96.5478947368421,0.8619999999999999,0.88,0.633,0.9811862305596941,0.9701277369518915,0.7979661016949152,0.7979661016949153,0.921685294998133,0.8591363526275201
6rpa,2,90.44713375796178,92.08954545454544,92.59629032258064,94.0165,94.78432432432432,93.87978260869563,96.57078947368421,0.868,0.885,0.632,0.982375673058637,0.972233391511393,0.7949180327868854,0.7949180327868854,0.9264395896872869,0.8672704521644703
6rpa,4,90.94278025477708,91.66272727272728,91.76467741935487,93.7386,94.66675675675675,94.0358695652174,96.40973684210526,0.86,0.875,0.64,0.980876588819092,0.9692467557007189,0.7881967213114754,0.7881967213114754,0.9216827071237993,0.8575859300922829
6rpa,3,90.75918312101912,91.41863636363637,91.68838709677418,93.66740000000001,94.40594594594597,93.80717391304348,96.2292105263158,0.852,0.87,0.643,0.9804287488948987,0.9692814647473493,0.8005,0.8005000000000001,0.9203208133525639,0.8573646178131213
7n5p,1,87.84617508724018,76.84777777777778,77.68657894736843,65.19874999999999,85.108,81.14510638297874,79.47863013698631,0.6060000000000001,0.51,0.279,0.4032499466879448,0.47614458253409375,0.42483870967741927,0.4248387096774194,0.03981097240983967,0.03240963685099532
7n5p,0,89.28620239720831,76.15018518518518,76.30631578947369,65.18575000000001,84.59275,80.5323404255319,78.65630136986303,0.592,0.4975,0.247,0.4473038775009155,0.4911857712090574,0.4246666666666666,0.42466666666666664,0.049032728632312186,0.03326139004633523
7n5p,2,89.82660142618722,77.92074074074074,78.77315789473683,68.888375,85.94649999999999,82.45617021276595,80.51876712328767,0.6359999999999999,0.5800000000000001,0.269,0.5405596775778112,0.5388353661289114,0.35777777777777775,0.35777777777777775,0.08670126934607907,0.04138607982373098
7n5p,4,87.95965103929602,76.84203703703704,77.46763157894736,66.205125,85.50399999999999,81.16212765957445,79.4258904109589,0.6140000000000001,0.525,0.281,0.4039021086294804,0.4706882471454129,0.4232258064516128,0.4232258064516129,0.039557803411593845,0.031206746180116523
7n5p,3,89.9749825519648,77.41388888888888,78.36105263157894,66.9385,86.63799999999999,82.27851063829786,80.50657534246577,0.646,0.5675,0.265,0.5224479277279327,0.5346571445126939,0.4203333333333333,0.42033333333333334,0.07819707792407912,0.0423702817267605
8enh,4,91.31140996856759,85.22466666666666,90.44377358490566,75.53961038961037,76.69276595744682,79.44978723404255,72.74322580645162,0.78,0.77,0.372,0.8283749629956044,0.7185475261265206,0.5805882352941177,0.5805882352941177,0.41692497439383625,0.10316373061531224
8enh,3,90.91602903756923,85.75911111111111,90.37207547169812,76.31974025974026,73.37914893617021,78.42787234042552,74.1667741935484,0.782,0.77,0.353,0.868714374647952,0.7713960230735981,0.5336000000000001,0.5336,0.5016131841747111,0.14803751458689934
8enh,2,90.84245322556504,85.0311111111111,90.1301886792453,75.63467532467533,73.97148936170211,78.66063829787235,72.43408602150537,0.768,0.7525,0.349,0.8433834210040323,0.7365605418582445,0.5490384615384616,0.5490384615384616,0.4392802520534391,0.11573645883250036
8enh,0,90.56746744499327,84.75622222222222,89.89886792452829,75.18480519480521,74.84893617021275,76.9527659574468,72.4643010752688,0.768,0.755,0.331,0.8465295191756343,0.7388237415341946,0.5927906976744186,0.5927906976744186,0.4473702174632475,0.12039085714258214
8enh,1,90.74985481215387,84.838,89.64339622641508,75.33168831168831,76.9372340425532,78.36787234042555,72.59795698924732,0.766,0.75,0.336,0.8204260021188675,0.712577639939891,0.5722000000000002,0.5722,0.3956855931977147,0.10040378943596179
6eqa,0,92.03068005476952,85.27045454545454,93.11978260869564,89.94172413793105,90.05475000000001,90.251724137931,90.60552083333334,0.7939999999999999,0.7975,0.556,0.9424349409885265,0.9188377088005307,0.7445614035087719,0.7445614035087719,0.7625870348964544,0.5996726206676578
6eqa,1,92.60755362848013,85.94113636363637,93.7782608695652,91.6451724137931,91.572,92.31068965517241,92.52635416666668,0.8240000000000001,0.8300000000000001,0.57,0.9542538145136197,0.9390437080217812,0.7244827586206897,0.7244827586206897,0.8119238509981097,0.6996431132666814
6eqa,4,91.91810284497184,83.7359090909091,92.62434782608696,89.84568965517242,90.33525,88.91862068965516,91.11552083333333,0.8,0.8049999999999999,0.557,0.9438695053021974,0.9239479584169273,0.7482142857142857,0.7482142857142857,0.7637728049557412,0.6200825270268584
6eqa,3,92.0913844515442,84.91636363636364,93.29652173913043,90.10534482758621,90.62100000000001,90.69896551724138,91.72729166666666,0.8099999999999999,0.815,0.56,0.9492800008537539,0.9290012426701006,0.7386206896551725,0.7386206896551724,0.7913844436057365,0.6541279201849985
6eqa,2,92.09213144682792,84.32636363636362,92.95152173913044,89.53086206896552,90.22875,90.36758620689656,91.11854166666667,0.798,0.7975,0.543,0.9410483349172446,0.918124765308723,0.7382142857142858,0.7382142857142856,0.7594411239981171,0.6030304254973413
8rj5,3,89.77592990305742,74.7615,73.42885714285715,69.3047,85.86475,80.72972972972973,84.70292682926829,0.65,0.5475,0.246,0.4643530783104355,0.44843165613633457,0.4213513513513514,0.4213513513513513,0.04740890823973775,0.029612919809236082
8rj5,4,89.88208650261,75.2675,74.10657142857143,70.7693,86.16975,81.37135135135135,85.01829268292683,0.666,0.5775,0.254,0.5236192592570396,0.5297137580299076,0.44567567567567573,0.4456756756756756,0.06682331172423346,0.049401674820816574
8rj5,2,89.7899701715138,75.02925,74.12685714285713,69.9449,86.49674999999999,81.73729729729729,84.85487804878049,0.6599999999999999,0.5625,0.282,0.4901927215188523,0.4901679048933483,0.4021212121212121,0.4021212121212121,0.05531826816821602,0.038233799838747654
8rj5,0,89.79615063385532,74.57775,72.44742857142856,70.52539999999999,86.33575,81.79351351351349,84.68756097560974,0.6519999999999999,0.5525,0.216,0.4888245910040575,0.47733120513931,0.45249999999999996,0.45250000000000007,0.055047376516447706,0.03553273283989776
8rj5,1,89.8295018642804,74.678,73.16857142857144,72.1665,85.67425,81.65270270270268,84.75353658536586,0.654,0.56,0.247,0.49315403749369896,0.4975928299654482,0.4605555555555555,0.4605555555555556,0.055396394448296866,0.041541177187197645
9hlj,4,90.35093023255814,71.32511111111111,79.54561403508772,72.99380281690141,82.67333333333335,78.76882352941176,69.72597701149424,0.5640000000000001,0.4225,0.133,0.5731573177334357,0.487256187226206,0.3490625,0.3490625,0.06006745257553668,0.02452606081556027
9hlj,3,90.87178037886954,75.8468888888889,79.92052631578947,75.33788732394366,82.83757575757575,82.15588235294115,69.14172413793105,0.64,0.5425,0.34,0.6687441279819456,0.587956196753233,0.455686274509804,0.455686274509804,0.12638922891730742,0.047288137132497916
9hlj,2,91.034845217927,77.02377777777778,79.98947368421054,77.42309859154929,83.58151515151515,83.12960784313725,68.56091954022989,0.6559999999999999,0.575,0.262,0.7100476633293669,0.6295405679675321,0.4389130434782609,0.4389130434782608,0.16897690339251056,0.06544795727873602
9hlj,0,90.62054828276605,72.45488888888889,79.59877192982457,73.51408450704224,83.31272727272727,79.41901960784314,71.30666666666667,0.5860000000000001,0.4575,0.161,0.6097850376657307,0.5178208340927724,0.3513888888888889,0.35138888888888886,0.07728852091206957,0.029003537175671598
9hlj,1,90.86419990759279,74.50044444444447,79.48122807017545,74.19788732394368,82.82545454545453,81.19156862745099,69.16747126436782,0.632,0.5275,0.344,0.644371034426104,0.566612492176872,0.3595081967213115,0.35950819672131146,0.10548550423322818,0.03826444771720739
3d39,1,93.95055211947503,92.74431818181819,94.00065217391302,93.33630952380953,94.17914893617021,95.11970588235295,92.76885057471263,0.844,0.85,0.549,0.9624642421558355,0.9314153871096676,0.8113333333333332,0.8113333333333332,0.8476393329766833,0.7088916140086954
3d39,0,93.76598431135918,93.0009090909091,94.33608695652174,93.54452380952382,94.15297872340425,95.64176470588235,92.65379310344828,0.852,0.8574999999999999,0.552,0.9629548808351163,0.9315980717785557,0.8136956521739129,0.8136956521739132,0.849886799850451,0.7148215401586745
3d39,2,93.9659254789561,92.83477272727274,94.32673913043477,93.26904761904763,94.3072340425532,95.42941176470588,92.73689655172413,0.844,0.85,0.524,0.9615330796817302,0.9301973364510692,0.8102222222222221,0.8102222222222223,0.8409857877634538,0.7062962947192456
3d39,4,94.17015990345452,93.21,94.39956521739131,93.8852380952381,94.33574468085108,95.78999999999999,93.1303448275862,0.8560000000000001,0.8674999999999999,0.563,0.9657548262169375,0.9411457879868579,0.85,0.85,0.8593111659539033,0.7482855269875607
3d39,3,93.76853371549254,92.84590909090909,93.83065217391304,93.56857142857142,94.19510638297872,95.37264705882352,92.69057471264367,0.8460000000000001,0.855,0.547,0.9625119142083735,0.9306326212921018,0.79625,0.79625,0.8483964522199026,0.709828163176393
5c0c,0,93.66771437063457,93.98235294117647,85.6711627906977,96.95564705882353,96.96900000000001,95.44857142857144,96.14888888888892,0.868,0.885,0.469,0.9776809465616604,0.9778838154882673,0.8032142857142857,0.8032142857142858,0.9206808225432275,0.9154148213251132
5c0c,1,93.8198127507802,94.00725490196078,85.65744186046513,96.9195294117647,97.1375,95.91979591836734,96.22768518518518,0.874,0.8925000000000001,0.487,0.9793398327852315,0.9796087701514691,0.7826666666666665,0.7826666666666667,0.9259377348266817,0.920473440554186
5c0c,3,93.81502600683609,94.08117647058825,86.30697674418604,96.96541176470589,97.0335,95.74979591836735,96.23583333333333,0.868,0.8875,0.494,0.9779532423795975,0.9784928997032551,0.809310344827586,0.8093103448275861,0.9231055228461099,0.9174648194159324
5c0c,4,93.86214742160797,94.24941176470587,86.55162790697673,97.07000000000001,97.083,95.89612244897961,96.20935185185188,0.882,0.9,0.509,0.9801150935571876,0.9809086796923334,0.809310344827586,0.8093103448275861,0.9278956943069171,0.9236938161974924
5c0c,2,93.49413434388468,93.97627450980391,85.5286046511628,96.84894117647059,96.8925,95.40489795918366,96.18305555555555,0.868,0.8875,0.499,0.977793430832646,0.9775155337543601,0.8109677419354837,0.8109677419354839,0.9208222801584591,0.9114207948197176
7n6e,4,89.61422628951748,68.52374999999999,72.00771428571429,71.92671052631579,76.77000000000001,73.05804347826086,78.1893670886076,0.534,0.3275,0.205,0.4401720133532792,0.430019614239602,0.2022222222222222,0.20222222222222225,0.035698043916637084,0.02565604995617436
7n6e,3,89.48214944788988,69.0835,71.71199999999999,70.93631578947367,76.3153846153846,72.33869565217393,78.0106329113924,0.538,0.33499999999999996,0.21,0.46151824783877266,0.4433537252959432,0.21804878048780488,0.21804878048780488,0.04076882068079464,0.026741909692728043
7n6e,2,89.59063530479503,68.4185,68.90171428571428,70.86921052631577,75.93897435897436,72.13543478260871,76.96367088607595,0.506,0.2875,0.164,0.4032597529428233,0.423524977962247,0.26806451612903226,0.26806451612903226,0.030867520988599503,0.024856290194280976
7n6e,0,89.36428376947512,68.65950000000001,70.63914285714284,69.5775,76.36871794871796,71.83978260869564,77.1726582278481,0.506,0.29,0.13,0.4189347794588401,0.41056023239840983,0.32190476190476186,0.3219047619047619,0.034067594758350604,0.023414585981913035
7n6e,1,89.7810406897595,70.6635,74.67828571428572,72.54526315789474,77.90769230769232,74.14500000000001,79.70936708860759,0.5900000000000001,0.425,0.275,0.5683326556615959,0.5438118184569408,0.2172340425531915,0.2172340425531916,0.07618293836558658,0.04535203743822214
5wkf,4,92.03948372445117,81.1625,74.71333333333334,89.7890625,94.5590625,93.15744680851067,91.53354838709679,0.8220000000000001,0.8200000000000001,0.587,0.9578129435103337,0.9511648103080652,0.8163636363636361,0.8163636363636365,0.8191698314017589,0.7376810919797012
5wkf,3,92.12336714610143,81.036,75.42098039215686,90.17390624999999,95.015625,93.59851063829788,91.6636559139785,0.8220000000000001,0.8175,0.59,0.9612564950191258,0.9542419926901026,0.8496078431372549,0.8496078431372549,0.8352033607244579,0.752651004468085
5wkf,2,92.13068130204391,81.275,75.44039215686274,90.4025,95.54906249999999,94.11744680851065,92.29709677419352,0.828,0.8275,0.599,0.9665237055624336,0.9597027410044726,0.790892857142857,0.7908928571428572,0.8567611442865626,0.7842598380663269
5wkf,0,92.26496290688871,81.282,75.26,90.3246875,95.47687499999999,93.91531914893616,92.87548387096774,0.8380000000000001,0.84,0.582,0.9638138497350904,0.9576167367106859,0.8556862745098038,0.8556862745098041,0.8440512695455124,0.7692949379545289
5wkf,1,92.1538198334595,81.902,74.8807843137255,90.77250000000001,95.2284375,93.73148936170213,92.27559139784947,0.828,0.8300000000000001,0.594,0.9657117376846606,0.9604951709393285,0.7998181818181817,0.799818181818182,0.8528937246874898,0.7870210004141114
7dzn,2,90.20785467647501,73.6561111111111,75.06135135135135,75.67255319148937,78.34176470588235,76.00102040816327,78.55700000000002,0.548,0.3725,0.139,0.5315298355941842,0.510942936099289,0.40884615384615386,0.4088461538461538,0.04975026583053755,0.035731447954141446
7dzn,4,90.09197567932743,73.21296296296295,74.8754054054054,75.97521276595745,79.65970588235294,76.73428571428572,79.31785714285715,0.5599999999999999,0.39,0.138,0.5566066396728434,0.5393470735376529,0.4092592592592592,0.4092592592592592,0.059459697724674104,0.041808666628831814
7dzn,3,89.88515388079868,73.55148148148149,76.40432432432432,73.09223404255319,77.1635294117647,72.25897959183673,78.57300000000001,0.49399999999999994,0.29000000000000004,0.138,0.42826374267320527,0.42392314156039657,0.25257142857142856,0.25257142857142856,0.02899685398691853,0.021327005473145602
7dzn,1,89.80142020717611,72.50703703703704,76.0327027027027,72.34914893617022,77.87058823529411,73.04795918367347,77.99757142857143,0.48600000000000004,0.28500000000000003,0.159,0.40858517591760346,0.4065113249028476,0.2509302325581395,0.25093023255813957,0.027254061120104367,0.020149497209814803
7dzn,0,89.90978681879596,73.64518518518518,75.07108108108109,74.37478723404256,78.8120588235294,76.32285714285713,78.33642857142857,0.546,0.37,0.141,0.5171031582931594,0.4977074831433449,0.3796875,0.37968749999999996,0.048187740022483314,0.03360305181822063
7pbc,0,93.04251283600121,92.25727272727273,95.76847826086957,93.619625,94.39608695652177,92.66999999999999,92.75915492957748,0.882,0.895,0.547,0.984403477543816,0.9785747023990286,0.8262162162162162,0.8262162162162162,0.930328461930024,0.89242104389471
7pbc,1,92.98938387194201,92.0640909090909,95.554347826087,94.053375,94.56108695652173,92.55108108108108,93.07873239436618,0.8699999999999999,0.885,0.539,0.9831078005211195,0.9774480465968468,0.8225,0.8225,0.928704559366748,0.8939997941594432
7pbc,3,92.90181365146482,92.37818181818183,95.56978260869565,92.95712499999999,93.18869565217392,91.15351351351352,92.89732394366197,0.876,0.8925000000000001,0.553,0.9827997091971739,0.9783246578014791,0.8092857142857142,0.8092857142857142,0.9216847976384405,0.8843383090915891
7pbc,4,93.0672093023256,91.69681818181817,95.51456521739128,93.292125,94.44413043478262,92.19108108108108,93.1395774647887,0.874,0.89,0.54,0.9823716039586556,0.9768994976885973,0.8127027027027027,0.8127027027027026,0.9240424490704102,0.8864226946050584
7pbc,2,92.88134249471459,91.82090909090908,95.03956521739131,93.621125,94.36173913043478,92.44324324324324,93.0543661971831,0.866,0.88,0.549,0.9809224145496525,0.9745735514827185,0.8047222222222223,0.8047222222222223,0.9203554261848507,0.8781380285579492
8rlt,4,92.08956997533909,89.04357142857143,93.81312500000001,88.42547619047619,91.77122448979591,93.30416666666666,91.46637362637361,0.836,0.845,0.477,0.9615625891978926,0.953252697838046,0.8504761904761905,0.8504761904761906,0.8207161988064677,0.7526916670544255
8rlt,3,92.0516029593095,88.56261904761905,93.38729166666667,88.26833333333332,92.06020408163266,93.50111111111111,91.60736263736264,0.8379999999999999,0.845,0.461,0.9574176558591325,0.9492322785039685,0.8204545454545454,0.8204545454545454,0.7996557154819265,0.7347787805085029
8rlt,2,91.95128082614058,88.66547619047618,93.67958333333333,88.02940476190477,91.49816326530612,92.42444444444445,91.3742857142857,0.836,0.845,0.458,0.9569023209138318,0.9500647593001804,0.8319047619047618,0.831904761904762,0.8019598869304422,0.7388858805047208
8rlt,0,92.12013717632551,88.9145238095238,93.755,88.38619047619048,91.76183673469387,93.33166666666666,91.7376923076923,0.836,0.845,0.462,0.95573572958987,0.9464957360994639,0.8234782608695653,0.8234782608695653,0.7969521719956953,0.7217877842812797
8rlt,1,91.88799630086312,88.7845238095238,93.86916666666666,87.50095238095238,91.34244897959184,93.03111111111112,91.38142857142856,0.836,0.8474999999999999,0.452,0.9565156414473016,0.945217456859843,0.8591304347826086,0.8591304347826086,0.7977345979181059,0.711137040721278
7n5c,2,92.39973234538031,89.83444444444446,85.12026315789474,88.25725,93.96124999999999,92.28127659574469,88.77082191780823,0.8240000000000001,0.835,0.447,0.9630047258899556,0.9332413377037226,0.7841379310344827,0.7841379310344827,0.84618225637483,0.6550158151362538
7n5c,4,91.97877211553002,88.08925925925926,83.98421052631579,85.8585,93.1335,91.16297872340425,87.98397260273973,0.8039999999999999,0.8075,0.422,0.9519817983550756,0.916029850951996,0.7803125,0.7803125,0.8050640430699088,0.5758951427931938
7n5c,3,92.49322546499319,89.68611111111112,84.73342105263157,88.785375,94.40475,92.77851063829787,89.56739726027398,0.8300000000000001,0.8425,0.46,0.9652218253052266,0.938965058683569,0.7876666666666666,0.7876666666666667,0.8533191474183626,0.6773006311217078
7n5c,1,92.14301829729321,88.55444444444446,84.68052631578946,83.144375,93.37925,91.54872340425531,88.22246575342466,0.8140000000000001,0.8225,0.403,0.9526955925240058,0.9196762809492451,0.7675,0.7675000000000001,0.8006253849023723,0.5753669530977937
7n5c,0,92.12639195523967,89.11037037037039,84.83421052631577,87.783625,93.701,91.69978723404255,88.72931506849315,0.812,0.825,0.438,0.9596670814792456,0.9293705601812867,0.7796969696969697,0.7796969696969696,0.8319843094852277,0.6382207868591866
5wkh,1,91.9890598031794,80.124,71.30960784313726,89.9175,94.86875,93.28893617021276,92.21247311827955,0.826,0.825,0.606,0.9578078774736272,0.951140850743029,0.7975471698113207,0.7975471698113207,0.8228366206607447,0.7449518777622324
5wkh,0,91.95443149129447,81.1795,70.69901960784314,90.65953124999999,95.21062500000001,93.73553191489363,92.84827956989247,0.842,0.8475,0.589,0.9601239502155096,0.9513984568918596,0.7787272727272727,0.7787272727272726,0.8340846542074293,0.7486034555128868
5wkh,2,92.13166540499621,80.66375000000001,73.86725490196079,90.18578124999999,95.17875,93.58255319148937,92.6298924731183,0.8300000000000001,0.8325,0.6,0.9615680439134476,0.9551250270504098,0.7962962962962963,0.7962962962962963,0.8424096469138357,0.7676775500188995
5wkh,4,92.05773202119606,80.27675,73.3864705882353,89.46890625,95.1290625,93.49085106382977,92.12483870967742,0.828,0.8300000000000001,0.602,0.95939992015647,0.9523801603937317,0.7923636363636364,0.7923636363636362,0.8305440040526814,0.745162187111193
5wkh,3,91.92703709311127,80.62899999999999,68.68725490196078,90.24921875,95.0278125,93.57744680851064,91.68182795698925,0.8220000000000001,0.8225,0.592,0.9607440345402917,0.9542873546284969,0.8077999999999999,0.8078,0.8362977347581576,0.7616435492303409
6rp9,2,90.48181859341986,65.24522727272728,78.80739130434783,65.05546511627908,75.20484848484848,77.01462962962962,64.9167469879518,0.528,0.32499999999999996,0.136,0.36338146452925596,0.3680282703609705,0.24083333333333334,0.24083333333333334,0.026099529759826302,0.015928663970614283
6rp9,4,90.717624509508,65.9,78.4554347826087,67.98872093023257,78.19787878787879,78.87333333333333,70.19156626506023,0.532,0.33999999999999997,0.209,0.38209449063410905,0.3830017153785476,0.3086046511627907,0.3086046511627907,0.029958570910218755,0.01715474718767387
6rp9,3,90.50121340175069,66.1,78.62434782608696,67.5517441860465,77.65333333333334,77.3101851851852,68.76734939759035,0.528,0.325,0.261,0.38802616707147974,0.38310303954304803,0.2655172413793103,0.2655172413793104,0.030489309140971053,0.016921386176518897
6rp9,1,90.78434651373377,65.87818181818182,79.13239130434783,66.17709302325582,78.18575757575756,78.26074074074074,70.73963855421687,0.538,0.345,0.243,0.3866743455889961,0.3786505438538712,0.2735849056603773,0.2735849056603773,0.030600062493261148,0.016648383427685504
6rp9,0,90.55918351946876,65.57863636363638,78.83521739130435,65.89744186046512,76.81818181818181,77.73166666666667,67.82734939759037,0.526,0.335,0.231,0.4059857913965231,0.38920111349906755,0.2944186046511628,0.2944186046511628,0.030635996231167,0.016240338104441275
5m02,1,92.56533865765628,96.40249999999999,95.0996153846154,95.0156,94.15934782608696,92.86045454545454,95.37095238095237,0.8400000000000001,0.86,0.475,0.9744675172684782,0.9563199437226061,0.8324999999999999,0.8324999999999999,0.9024527216147612,0.827636534660774
5m02,0,92.72970511442175,96.46557692307694,94.84942307692307,95.15866666666666,94.15565217391303,92.74886363636364,95.47511904761905,0.852,0.87,0.482,0.9760880438028453,0.9605874257704586,0.8096666666666666,0.8096666666666666,0.9061436463550109,0.8393539446526999
5m02,2,92.67497772999539,96.5803846153846,95.15326923076924,95.20186666666667,94.05521739130432,92.31681818181818,95.50964285714285,0.8480000000000001,0.865,0.478,0.9756480864858453,0.959469877556958,0.8096666666666666,0.8096666666666666,0.9053357646742904,0.8378207229026653
5m02,4,92.84113039471663,96.63423076923078,95.13076923076923,95.31160000000001,94.49913043478261,93.37613636363636,95.63297619047619,0.852,0.87,0.481,0.9757706667192667,0.9567243163745137,0.7893103448275861,0.7893103448275861,0.9095892263963234,0.8318984830391023
5m02,3,92.76639225925356,95.92096153846157,95.00307692307692,94.66773333333335,94.44347826086955,93.69863636363635,95.52952380952382,0.8539999999999999,0.87,0.477,0.9760094629190885,0.9567728758783933,0.8210344827586207,0.8210344827586207,0.905651216253872,0.8224767130644357
7byd,0,89.4915911179173,87.78037037037038,88.62342105263158,75.72692307692307,90.52914285714286,83.9720754716981,87.24789999999999,0.722,0.71,0.447,0.8778887060728437,0.847076063109624,0.6988679245283018,0.6988679245283018,0.44253769421533246,0.3154157336221911
7byd,1,89.64069525267993,88.74962962962964,88.83868421052632,77.94584615384615,91.36914285714286,83.4288679245283,87.99710000000003,0.724,0.7075,0.456,0.8792688402380531,0.883173323356217,0.7670731707317073,0.7670731707317073,0.4411609107475937,0.46002287847732465
7byd,3,89.75050382848393,88.31148148148148,88.63342105263156,78.18138461538462,91.69628571428572,84.59094339622642,88.262,0.73,0.72,0.46,0.8702946740132648,0.8798048197064267,0.7154347826086958,0.7154347826086958,0.40866162637145054,0.44691391727218777
7byd,4,89.61651301684532,88.57574074074073,89.02736842105263,79.15538461538462,91.87457142857143,84.1243396226415,88.2776,0.738,0.7275,0.45,0.8934495686375445,0.9003627577775277,0.749318181818182,0.7493181818181818,0.48433001935905046,0.4958877855786452
7byd,2,89.5421102603369,87.53999999999998,88.83026315789473,78.07507692307694,91.27714285714286,84.21169811320753,87.9455,0.728,0.72,0.464,0.8908948993477577,0.8848022254919131,0.7320000000000001,0.732,0.488326508960906,0.4269438392289583
7rm4,1,90.5224113156713,66.5462,73.35825396825399,65.7578823529412,82.8709375,73.30787234042553,70.46164835164835,0.5,0.2775,0.171,0.3078080589669051,0.3225333696413235,0.19088888888888889,0.19088888888888889,0.0205460212935741,0.014537897751412752
7rm4,0,90.67258194881006,66.18520000000001,72.38444444444445,66.03529411764706,83.128125,72.58893617021276,71.44175824175825,0.48,0.24,0.117,0.32749676206346773,0.3395985908232484,0.13294117647058828,0.13294117647058823,0.021058087054134485,0.01485875428068132
7rm4,2,90.90137554258344,69.6556,75.394126984127,67.30682352941177,83.67124999999999,74.78446808510637,71.46846153846154,0.534,0.33,0.177,0.3930156482114983,0.39318880662187145,0.20644444444444443,0.20644444444444446,0.032230742709879884,0.018783625759691214
7rm4,4,90.47797635084568,65.1024,72.11349206349207,67.1050588235294,81.8828125,72.04617021276597,68.93208791208792,0.466,0.2175,0.242,0.2589484642933451,0.2731402530366933,0.09636363636363636,0.09636363636363637,0.0157076683939012,0.013305563718177926
7rm4,3,90.77420446041012,67.4422,72.45555555555555,68.39882352941177,83.72093749999999,73.38893617021276,73.06120879120878,0.488,0.2575,0.122,0.33063276793265217,0.3388443008001665,0.12027777777777778,0.12027777777777776,0.02171837148285174,0.017253898613135404
6uon,0,91.91918289713938,82.42113636363636,91.24499999999999,86.59637500000001,88.03020833333335,86.43810810810812,87.67367647058823,0.774,0.76,0.388,0.8373833795317784,0.865205555646662,0.6883333333333334,0.6883333333333334,0.32030680235392844,0.39966587106891044
6uon,1,92.10625684723067,82.3331818181818,90.80565217391303,87.22549999999998,88.23583333333333,86.77324324324324,88.06235294117647,0.772,0.7575000000000001,0.389,0.817631140629581,0.8654440370569546,0.6849999999999999,0.685,0.28096995334685104,0.40097879593642854
6uon,4,92.02043822276323,82.44068181818183,90.8036956521739,87.06674999999998,88.104375,86.35729729729731,87.79220588235296,0.764,0.75,0.378,0.8232567620558349,0.8623257084225772,0.6730232558139535,0.6730232558139535,0.2930579490033318,0.39389795196070854
6uon,3,91.88921332927572,82.20545454545454,90.61173913043477,86.537375,87.83541666666667,86.27513513513513,87.60720588235294,0.768,0.75,0.374,0.8268955601663457,0.8634904557415345,0.6928571428571428,0.6928571428571428,0.30104184903802195,0.39294038953502025
6uon,2,91.86068928788801,81.75681818181818,90.92043478260872,86.1215,87.541875,86.2637837837838,87.27117647058826,0.76,0.7375,0.374,0.8149635527188591,0.8483581412285843,0.6882051282051282,0.6882051282051282,0.2745413113129772,0.356085135545499
9rxm,4,80.53274299835256,76.94138888888887,83.32780000000001,64.16,78.42162162162163,78.32814814814816,74.15344086021504,0.54,0.39,0.169,0.38005899626269357,0.40082316011628305,0.30735294117647055,0.3073529411764706,0.028913549236818412,0.022029659561313534
9rxm,3,81.33928006589785,78.3447222222222,84.9456,61.699534883720936,80.73810810810811,80.65351851851852,77.17602150537634,0.6060000000000001,0.5075000000000001,0.297,0.5807190235820652,0.5625244945004079,0.3,0.30000000000000004,0.08849833843787394,0.0472644613919608
9rxm,2,80.34522899505765,75.17027777777777,81.4556,58.3117441860465,79.1191891891892,78.85722222222222,73.41075268817202,0.534,0.38,0.201,0.41746770309307635,0.41666497517088685,0.30478260869565216,0.3047826086956522,0.03384601958189046,0.020975383293664017
9rxm,0,79.43585337726525,70.48694444444445,77.1738,54.94790697674418,75.03702702702705,73.23518518518519,69.53989247311829,0.44400000000000006,0.2225,0.144,0.28838641061796416,0.2844464819950603,0.09699999999999999,0.09700000000000002,0.016992231999867078,0.012804478283800274
9rxm,1,79.716392092257,71.29750000000001,76.8396,59.35197674418604,74.41432432432433,72.55055555555556,69.08419354838709,0.44400000000000006,0.22,0.13,0.3070902613153952,0.31459266906880845,0.11243902439024389,0.1124390243902439,0.01733137219972484,0.014715912785222107
4n5e,1,92.250329594478,81.1404081632653,95.40158730158728,85.95447368421053,96.22590909090908,95.76641025641025,96.88571428571427,0.798,0.8674999999999999,0.478,0.9554847118841043,0.9241684137670167,0.861875,0.861875,0.8459891036458318,0.6779394252400212
4n5e,0,92.60889559965489,82.13857142857144,96.09238095238095,87.90302631578949,96.34454545454547,96.01538461538462,97.22671428571428,0.8119999999999999,0.8825000000000001,0.503,0.9541985815986079,0.9265922154429627,0.7653658536585366,0.7653658536585366,0.8394577848869713,0.6584270985469746
4n5e,2,92.26076100086281,80.79591836734694,95.70238095238096,87.01776315789475,96.27977272727271,95.69820512820515,97.20728571428573,0.796,0.8725,0.501,0.9528870812074617,0.9202116928824943,0.7684210526315788,0.7684210526315788,0.834770386156553,0.6497085603194256
4n5e,4,92.3773097497843,81.05244897959183,95.63619047619046,87.34078947368421,96.39136363636366,96.14051282051281,97.26471428571429,0.8099999999999999,0.8825000000000001,0.507,0.9561434686740912,0.9261305198046486,0.7795,0.7795,0.8464888240245438,0.6681714117376393
4n5e,3,92.50368421052632,81.92469387755102,95.91984126984127,87.9667105263158,96.2434090909091,95.57871794871792,97.03557142857144,0.8019999999999999,0.8725,0.493,0.9627175478420528,0.9456597190408969,0.8903333333333333,0.8903333333333332,0.8660120536883573,0.7568737978259028
6vrn,4,91.94539680121859,73.35338709677416,65.2257142857143,72.30144329896908,78.1686,79.18913043478261,75.3352688172043,0.5780000000000001,0.39749999999999996,0.173,0.3669374783340989,0.3806841035524481,0.23515151515151514,0.23515151515151514,0.030518282632132746,0.018491707556582537
6vrn,3,91.96152018278751,73.06693548387096,66.56542857142855,72.26969072164948,78.2064,79.02804347826087,75.47387096774195,0.5660000000000001,0.38,0.157,0.3391218454575647,0.3555419723435674,0.2303225806451613,0.2303225806451613,0.026379853483629482,0.016347751739281602
6vrn,2,91.93176389946687,73.55499999999999,68.21657142857144,72.29886597938145,77.1886,78.20347826086956,73.02623655913978,0.5700000000000001,0.3875,0.168,0.3753329474170899,0.3773900092163528,0.2175675675675676,0.21756756756756754,0.031195375045100976,0.017494286751847454
6vrn,0,92.11294440213251,73.70193548387097,65.60542857142856,72.85371134020617,77.4218,78.50478260869563,73.67032258064516,0.576,0.395,0.219,0.38742809378906906,0.3929841257095033,0.22317073170731708,0.22317073170731705,0.033367832302346814,0.019276363617824477
6vrn,1,91.6957776085301,72.42306451612903,65.42314285714285,71.68680412371134,76.771,75.09391304347828,74.19086021505376,0.518,0.2975,0.099,0.2743474934117828,0.29318306803110217,0.21884615384615386,0.21884615384615383,0.01871900988940254,0.012962251444128547
7q9b,1,91.50711555959964,83.49659090909091,94.23456521739128,79.07266666666666,87.55617021276596,88.9379411764706,86.07934579439252,0.8160000000000001,0.8200000000000001,0.438,0.9418466176555788,0.8729819006823156,0.7632142857142858,0.7632142857142857,0.7923392944522167,0.45961373034480185
7q9b,0,91.84065059144677,84.05340909090908,94.3991304347826,79.52799999999999,89.36702127659576,90.83823529411764,87.63644859813085,0.82,0.8225,0.464,0.9476082691494027,0.8835149509217474,0.767,0.7670000000000001,0.8170395719259856,0.5169639581138472
7q9b,2,91.59649681528663,83.61431818181819,94.31913043478262,78.51422222222222,88.41297872340427,89.70205882352943,86.60616822429905,0.8099999999999999,0.8125,0.449,0.9382208674041248,0.8660787330434123,0.7466666666666667,0.7466666666666668,0.7886069585607125,0.4571222077649005
7q9b,3,91.89564907491659,84.14431818181819,94.80652173913045,79.65044444444443,88.83212765957448,90.33294117647058,87.36523364485981,0.8220000000000001,0.8275,0.431,0.9453648575033461,0.8735097625589994,0.7703571428571429,0.7703571428571427,0.8136914696972447,0.4845998605099986
7q9b,4,91.82573855019716,84.02886363636364,94.70739130434782,79.298,88.9776595744681,90.06794117647058,87.17514018691588,0.8140000000000001,0.8175,0.448,0.9404532144350493,0.8690881171177272,0.7629629629629631,0.7629629629629628,0.7973241874412689,0.4724226850975179
5hhm,0,91.72279139072849,94.72250000000003,95.73511111111111,95.36590163934426,96.93846153846155,96.4658695652174,95.97045454545454,0.8539999999999999,0.8725,0.544,0.9720906464079011,0.9712617915060324,0.8446511627906973,0.8446511627906976,0.8958383414775384,0.8892513050385598
5hhm,1,91.02439735099337,94.54277777777777,95.13555555555557,95.00819672131148,96.58230769230771,95.98130434782607,95.47886363636363,0.828,0.8425,0.535,0.9712383220415015,0.9657596600208501,0.8414285714285713,0.8414285714285715,0.8932263577460032,0.871049817367137
5hhm,3,91.52171523178808,95.085,95.71311111111112,95.66655737704919,96.85435897435897,96.35608695652174,95.85295454545454,0.8480000000000001,0.8625,0.529,0.9726184992986265,0.9711465489003326,0.8584210526315791,0.8584210526315789,0.9006975186833013,0.8905667659614659
5hhm,4,91.17559602649007,94.6538888888889,95.30777777777779,95.00245901639344,96.6297435897436,96.02630434782608,95.53988636363637,0.8300000000000001,0.8475,0.535,0.9700423495290854,0.9648816328626,0.8607142857142857,0.8607142857142859,0.8899516811598622,0.8690178759928212
5hhm,2,91.66523344370862,95.10694444444444,95.76266666666666,95.67704918032786,96.83589743589744,96.33956521739132,95.98034090909091,0.8480000000000001,0.8625,0.546,0.969543911447636,0.9684779343150541,0.8789999999999999,0.8789999999999999,0.8915404035286825,0.8849490106575452
7n2s,0,87.68630181648813,75.54085106382979,76.88120689655173,73.30818181818182,79.52812499999999,78.17629629629629,73.39876288659794,0.502,0.2925,0.147,0.4153814788892618,0.3958281742995195,0.22136363636363632,0.22136363636363632,0.0324305242736325,0.018314118969713997
7n2s,1,87.56679863375253,74.65361702127659,76.45224137931034,72.37488636363636,78.8365625,77.76407407407407,72.0159793814433,0.496,0.2725,0.137,0.37988366693550873,0.36540355338893177,0.18170212765957444,0.1817021276595745,0.02693713349325655,0.016902884698665903
7n2s,4,87.5138984629716,74.92638297872338,76.21655172413793,72.31272727272727,78.894375,77.71259259259259,72.42185567010308,0.49000000000000005,0.2725,0.143,0.39774747251378795,0.39263387593126925,0.23540540540540542,0.2354054054054054,0.028529892851829053,0.018271822512923742
7n2s,3,87.70804688712933,75.25978723404255,76.61775862068964,72.44875,79.016875,77.67629629629627,72.47639175257731,0.488,0.2675,0.159,0.3735570029010705,0.37293516482909705,0.19833333333333336,0.19833333333333333,0.026233553817062074,0.01657572340751268
7n2s,2,88.02977332712312,75.32276595744682,76.28017241379311,73.12227272727273,79.2821875,77.67370370370371,72.86938144329898,0.512,0.295,0.2,0.3740758990175786,0.37984391614276525,0.16862745098039214,0.16862745098039214,0.02617943452837033,0.018365123088285962
1mwa,2,90.37748243201955,85.52204081632655,93.07349206349207,87.4321875,94.45238095238095,95.1237837837838,94.38703703703703,0.8220000000000001,0.8525,0.579,0.9669506228028728,0.9403371719959297,0.8244827586206898,0.8244827586206898,0.8554100157461563,0.6844046182853222
1mwa,3,90.40085853956614,86.50714285714287,93.0173015873016,89.55265625,94.65666666666667,95.29594594594595,94.46074074074073,0.8240000000000001,0.855,0.591,0.970632866881678,0.9490666479420076,0.8264406779661018,0.8264406779661018,0.867136597682855,0.7266565048347446
1mwa,4,90.48332569508096,86.05122448979593,93.16761904761907,87.99562499999999,94.68857142857142,95.26675675675676,94.54351851851851,0.8320000000000001,0.86,0.582,0.9702925792690366,0.944773361960867,0.8278947368421053,0.8278947368421053,0.8673599215569062,0.704603411178616
1mwa,1,90.43120378857319,85.01897959183674,92.88841269841271,86.93921875000001,94.48595238095238,95.10216216216216,94.15388888888891,0.828,0.855,0.57,0.9663670122517609,0.9389892591405876,0.8325423728813561,0.832542372881356,0.8517318180386274,0.6764610839229516
1mwa,0,90.24889703635809,86.09367346938775,93.10015873015874,89.26374999999999,94.46023809523808,95.04729729729729,94.22833333333335,0.818,0.85,0.595,0.9698243117279438,0.9474512949036695,0.8137931034482759,0.8137931034482759,0.8629115395661705,0.7185617609776611
5nht,4,91.72085839504308,90.42295454545454,96.07739130434784,95.7867857142857,94.84358974358973,93.20695652173912,95.23988095238094,0.8800000000000001,0.8975,0.612,0.9848507443020105,0.9766431857364948,0.9195555555555556,0.9195555555555556,0.9346645938022556,0.8912664774975994
5nht,3,91.5639202055312,90.35704545454546,96.21630434782608,96.36821428571429,95.03564102564104,93.13913043478261,95.50119047619047,0.8779999999999999,0.895,0.611,0.9836561069542354,0.9755855874965533,0.8776470588235293,0.8776470588235293,0.9319366880630885,0.8928428547816167
5nht,2,91.5515278827263,90.4759090909091,96.00043478260868,96.11749999999999,94.8074358974359,93.19086956521741,95.17928571428573,0.876,0.895,0.612,0.9834196272291917,0.9744411166376318,0.9179591836734693,0.9179591836734695,0.9312878343060156,0.8861692738497132
5nht,0,91.46028562792806,90.58090909090909,96.2,96.43964285714286,95.10846153846157,93.27434782608698,95.53369047619047,0.8779999999999999,0.8975,0.611,0.9842125677283466,0.976064135328932,0.8987755102040816,0.8987755102040818,0.9339489294359336,0.8957692822744496
5nht,1,91.7690237267644,90.0775,96.1463043478261,95.5917857142857,94.79128205128207,92.96347826086956,95.04928571428572,0.8779999999999999,0.895,0.601,0.9837066674920852,0.9734882640249918,0.8935416666666667,0.8935416666666667,0.9288582728403945,0.8793479180383443
6vqo,0,92.26811383590676,89.78235294117648,88.31651162790696,83.24257731958761,93.26957446808511,89.87644444444443,91.35409090909091,0.782,0.7625,0.369,0.9036360757194092,0.8680212546836029,0.6722222222222222,0.6722222222222223,0.6759832706777442,0.41473829462113887
6vqo,1,92.26435815924917,89.78960784313726,87.3006976744186,82.9862886597938,92.61063829787234,89.17222222222222,90.76545454545455,0.7779999999999999,0.755,0.344,0.8971438227051957,0.8587198506577803,0.6822222222222222,0.6822222222222223,0.650295130199937,0.3821621711539808
6vqo,4,92.57602179836512,90.22627450980391,88.38837209302324,84.46030927835051,93.04893617021277,88.36155555555554,91.69715909090911,0.7859999999999999,0.7675,0.349,0.9082933253567492,0.8777402047050425,0.6611538461538462,0.6611538461538462,0.6829616155452743,0.4467388521380786
6vqo,3,92.36015289131093,90.08078431372549,88.46046511627907,83.41061855670102,93.11978723404256,89.39177777777778,90.62068181818181,0.7779999999999999,0.7625,0.351,0.9041597779545012,0.8661336209020237,0.678076923076923,0.6780769230769231,0.67574122018866,0.4128749963025756
6vqo,2,92.17147441719649,89.06607843137255,87.66348837209301,82.46432989690723,92.65404255319149,88.66933333333333,90.04920454545454,0.758,0.73,0.32,0.8603752521209347,0.8209940606088691,0.6907692307692307,0.6907692307692308,0.5465788130304395,0.2939339456749705
5nme,2,93.43322333883306,87.29704545454545,94.3141304347826,95.15308641975308,94.18657894736843,92.9165,96.19885057471264,0.86,0.8775,0.591,0.9792210555209772,0.9719004286446846,0.8190000000000001,0.8190000000000002,0.9136870428517742,0.8708594051851483
5nme,4,93.31380230988451,86.78931818181819,94.13478260869567,94.94111111111111,94.0463157894737,92.94066666666664,96.08919540229886,0.86,0.8775,0.59,0.97961536945459,0.9722920510692027,0.8125,0.8125,0.9134550220922871,0.8685721578289474
5nme,3,92.90930703464826,85.70545454545456,93.42065217391303,93.73197530864198,91.85394736842105,88.0585,93.9796551724138,0.842,0.8525,0.54,0.9726548823562878,0.9602640839398408,0.8145652173913043,0.8145652173913046,0.8771317754009291,0.7919981489531833
5nme,1,93.44390130493476,87.56409090909091,94.42108695652173,95.23185185185186,94.22131578947368,92.16183333333333,96.10758620689656,0.8640000000000001,0.8825000000000001,0.58,0.9795362552978165,0.9732292259287311,0.8125,0.8125,0.913289941410728,0.8718437307999709
5nme,0,93.19923503824809,87.6565909090909,93.17869565217394,94.68888888888888,93.155,90.42833333333334,95.48551724137928,0.8560000000000001,0.8674999999999999,0.568,0.9768307861091154,0.9689614446891105,0.7929787234042552,0.7929787234042556,0.9010085997750789,0.8466656220256659
7n2o,3,92.51654803197104,93.80170212765957,88.79603448275863,87.64740740740743,93.7003125,90.73555555555555,91.72229166666666,0.8320000000000001,0.845,0.534,0.9549862689732644,0.9158340084223889,0.6673584905660377,0.6673584905660377,0.8200762406740473,0.572775147085179
7n2o,4,92.66636555572312,93.65638297872339,88.80362068965518,87.68222222222222,93.8590625,91.27259259259262,91.3434375,0.8320000000000001,0.8425,0.527,0.9528492649846737,0.9181338102999697,0.6579629629629629,0.657962962962963,0.81111414406263,0.5819056818078747
7n2o,2,92.93074800180969,93.8731914893617,89.1191379310345,87.62444444444445,94.41843750000001,91.27870370370367,92.28781250000002,0.8480000000000001,0.8625,0.514,0.9535010863969414,0.9137364594419494,0.696,0.6960000000000001,0.8146033922728363,0.5558761632591784
7n2o,0,92.55665812094706,93.49851063829787,88.96241379310344,87.22685185185185,93.963125,91.22111111111111,91.7090625,0.8400000000000001,0.8525,0.53,0.9563838856656426,0.9211188838213549,0.6626415094339622,0.6626415094339622,0.8251593851366734,0.5831711520779154
7n2o,1,92.59603830493138,94.19382978723404,88.44689655172412,87.95648148148148,94.02156250000002,90.73574074074075,92.51166666666666,0.834,0.85,0.523,0.9590356144054404,0.9304400262202954,0.8049999999999999,0.805,0.8360520213540126,0.6597837713733321
6bj3,1,93.34164389731271,92.4012676056338,89.84490566037736,90.44833333333332,91.8065,87.07297297297298,91.8210891089109,0.8379999999999999,0.8425,0.503,0.9744419225218464,0.948750040343762,0.8116666666666665,0.8116666666666665,0.8693704195903135,0.7064654175200873
6bj3,0,93.27299204323675,92.07845070422535,89.51943396226417,90.2401388888889,91.72575,86.79270270270271,91.6861386138614,0.8400000000000001,0.845,0.517,0.9728483172860356,0.9440022497539928,0.8133333333333335,0.8133333333333335,0.8640050171546385,0.6830555081129144
6bj3,2,93.26692838913077,91.91985915492957,89.65000000000002,89.40777777777778,91.67175,86.90324324324324,91.35841584158416,0.8400000000000001,0.8474999999999999,0.509,0.9735782064819771,0.9428883357421312,0.8151111111111111,0.8151111111111112,0.8656901281689036,0.6761890469800776
6bj3,4,93.14986488515238,92.39549295774648,90.24792452830188,90.16611111111112,91.77324999999999,87.73027027027027,91.54920792079207,0.836,0.8425,0.499,0.9736237724507107,0.9445550634281307,0.8278571428571427,0.827857142857143,0.8722399712548262,0.6930502612773298
6bj3,3,93.20321573337337,92.01999999999998,89.13735849056603,89.83569444444444,91.6335,86.81216216216214,91.41831683168319,0.8400000000000001,0.845,0.511,0.9724993572122883,0.9398207779199276,0.8018604651162788,0.801860465116279,0.8574123465920498,0.6624741418380101
7qpj,0,92.5994033015296,90.38463414634147,95.6608888888889,92.140125,92.44108695652174,91.64852941176471,94.52199999999999,0.8539999999999999,0.87,0.572,0.9771732108657427,0.9714799372674934,0.7283720930232558,0.7283720930232558,0.8972239600462948,0.8601656023823167
7qpj,1,92.49077994850825,89.94219512195122,95.53933333333332,91.9145,91.9608695652174,91.28588235294119,94.0826153846154,0.852,0.865,0.557,0.9771091664418647,0.9715449430577567,0.7486046511627906,0.7486046511627908,0.8931610674242604,0.8537234600856836
7qpj,3,92.75465545963955,90.57341463414635,96.08177777777776,92.70375,93.1063043478261,92.93911764705882,94.56307692307695,0.8560000000000001,0.87,0.549,0.9776481545634008,0.972212098703956,0.773076923076923,0.773076923076923,0.9048274900899063,0.8691612712021571
7qpj,4,92.48600484628199,89.99658536585365,94.98177777777778,91.65912499999999,91.4995652173913,90.29411764705881,93.68123076923077,0.844,0.8575,0.558,0.9741269950497273,0.9673010865555774,0.716304347826087,0.716304347826087,0.8784848039140325,0.8329333517515302
7qpj,2,92.33179009541118,89.16780487804877,94.202,91.361,90.43739130434783,89.85617647058824,93.07646153846154,0.8379999999999999,0.845,0.569,0.970018405253314,0.964033789319789,0.7217021276595745,0.7217021276595745,0.8537546236656148,0.8107422600033583
8gom,0,89.23179878971254,69.71216666666666,67.93385714285712,75.26465517241378,77.77852941176471,74.58816326530612,67.90970297029703,0.458,0.2225,0.183,0.17730655035108367,0.22131656615149822,0.16307692307692306,0.16307692307692312,0.011707599421294006,0.011612404701475417
8gom,1,89.27827685325265,68.14316666666667,66.31257142857142,76.02000000000001,75.27147058823527,73.85795918367347,67.06683168316833,0.43600000000000005,0.1675,0.13,0.17966980078588035,0.20266476919329826,0.10133333333333333,0.1013333333333333,0.011652940971285695,0.011027511729502962
8gom,3,89.28424810892587,69.63683333333333,67.9442857142857,76.64965517241379,77.72852941176471,75.08367346938776,67.66237623762376,0.466,0.2225,0.198,0.17830468600090751,0.22106481924538232,0.1668421052631579,0.1668421052631579,0.011771321602154466,0.011726961059444145
8gom,4,89.36189258698941,67.93750000000001,66.54600000000002,76.10655172413793,74.93558823529413,73.49408163265306,67.23861386138614,0.43600000000000005,0.1675,0.144,0.1818604441957719,0.20107136283324295,0.1009375,0.10093750000000001,0.011686890323838444,0.010786189163171853
8gom,2,89.35614977307111,69.85033333333332,67.654,75.24344827586206,77.66235294117648,75.15877551020408,67.17326732673267,0.462,0.22,0.195,0.17536856934416936,0.21670028747600653,0.1781818181818182,0.17818181818181822,0.011688624931129255,0.011538034873987035
7jwj,1,89.15158601740193,77.23256410256411,85.75800000000002,77.21152777777777,85.61341463414634,84.33052631578946,86.86021276595746,0.642,0.545,0.233,0.6825943283534361,0.6308334408871811,0.4942424242424242,0.4942424242424242,0.18740488328119076,0.07577191781566417
7jwj,0,89.47591970691498,78.71846153846154,86.73166666666665,78.2238888888889,87.29243902439025,86.24052631578948,87.84670212765958,0.678,0.5975,0.249,0.7329282093308115,0.6840454604845188,0.5,0.5,0.2585327170953284,0.1083067651145972
7jwj,2,89.3510120592276,77.98641025641025,86.02533333333334,78.14013888888888,86.43975609756097,84.20929824561402,87.66521276595745,0.65,0.5525,0.286,0.7241606963770995,0.6721056503939671,0.4783333333333334,0.4783333333333333,0.23698405095655306,0.10487168980222734
7jwj,4,89.47298885666311,78.51846153846155,86.77299999999998,77.66166666666666,87.53317073170732,85.90315789473685,88.26840425531914,0.6719999999999999,0.59,0.246,0.7402087421761828,0.6831645142160069,0.5238709677419355,0.5238709677419354,0.26779775063293154,0.11477524724913989
7jwj,3,88.99247290490001,77.09102564102565,85.56,76.53625,85.21414634146342,84.39684210526318,86.61170212765957,0.64,0.545,0.22,0.6886621594244017,0.6478763519831974,0.5482142857142859,0.5482142857142859,0.18947671956293996,0.0818432261664469
7l1d,3,90.73221777914488,77.04545454545455,88.70543478260868,72.99214285714287,85.7115625,88.78074074074073,70.71894736842106,0.746,0.7175,0.397,0.7753219021862707,0.6733951771520169,0.5975,0.5975,0.2620832835061138,0.07210836403343782
7l1d,4,90.73413411258073,77.73545454545456,88.49130434782609,73.08857142857144,84.9515625,88.3062962962963,69.11184210526316,0.74,0.705,0.385,0.756852530359214,0.6463933548787343,0.5794827586206897,0.5794827586206897,0.23250787345376647,0.058770224502981964
7l1d,2,90.7141971701015,76.8106818181818,88.1345652173913,72.89528571428575,84.46968749999999,87.43296296296296,69.52973684210527,0.734,0.6975,0.385,0.7467725892792266,0.6395858232787731,0.571639344262295,0.571639344262295,0.21766983961207653,0.05708185654654583
7l1d,0,90.84006151953244,78.0084090909091,88.90478260869565,73.21514285714287,85.504375,88.70296296296294,70.50078947368422,0.746,0.7175,0.41,0.7811881141901731,0.683793745738357,0.6156140350877194,0.6156140350877193,0.2725280002714303,0.07840065588237058
7l1d,1,90.8192648415872,77.83795454545454,88.84086956521739,73.21000000000002,85.22281249999999,88.26925925925924,70.23605263157896,0.74,0.705,0.406,0.7636030568413855,0.6690157452270564,0.5831666666666667,0.5831666666666666,0.2456531767405729,0.07131034688505052
3tf7,2,88.59834132310642,76.52,93.13301587301588,78.82144736842105,90.41636363636364,85.00666666666666,93.358,0.72,0.7375,0.351,0.8850396599385634,0.8561874332079628,0.809285714285714,0.8092857142857142,0.5407639534542195,0.3906466389746349
3tf7,4,88.5487631831256,76.50571428571428,93.0336507936508,78.29434210526317,90.2240909090909,84.9574358974359,93.214,0.72,0.7375,0.348,0.8849864739833136,0.8529700072871088,0.8137931034482757,0.8137931034482757,0.5415220749718228,0.37970357670365246
3tf7,3,88.61470278044104,76.57346938775511,93.08698412698412,79.23618421052632,89.82454545454546,84.90410256410256,93.23142857142858,0.724,0.7425,0.361,0.893913145592872,0.8636562401452044,0.8141379310344825,0.8141379310344826,0.5695973293159842,0.4093187691949391
3tf7,1,88.57039069990412,76.27428571428572,92.9963492063492,78.33828947368421,89.97863636363637,84.78256410256411,93.06828571428571,0.716,0.735,0.363,0.8731430065111286,0.8329417460649936,0.7816129032258062,0.7816129032258062,0.5008002782546118,0.3326978876245415
3tf7,0,88.71259348034516,77.05448979591836,93.21841269841272,79.04105263157895,90.57318181818181,85.23820512820512,93.37528571428572,0.724,0.7425,0.383,0.8766261946231957,0.8457252961304675,0.7883870967741933,0.7883870967741934,0.5133274473630579,0.36554126548528915
4qrp,3,91.68669716514174,78.50292682926829,86.18058823529414,79.5536842105263,94.1796875,92.20297872340427,86.80704081632652,0.8019999999999999,0.78,0.469,0.9196788321957312,0.8660146801781764,0.665625,0.6656249999999999,0.6785215946763166,0.37716022680919037
4qrp,4,91.56773361331933,77.97682926829269,86.07058823529411,78.85973684210528,94.31937500000001,92.23914893617022,87.25142857142856,0.8019999999999999,0.7825,0.448,0.9171326126544512,0.8580087716944923,0.6724489795918367,0.6724489795918367,0.6676313154993723,0.3451004704974157
4qrp,2,91.72801859907004,79.98853658536585,86.91999999999999,80.27052631578945,94.38,92.38361702127659,87.48479591836735,0.812,0.8,0.478,0.931597726012548,0.8809386875938526,0.6644000000000001,0.6644,0.7161737945777223,0.41139105110390684
4qrp,0,91.66047397630119,78.81829268292682,86.37745098039215,79.67342105263158,94.23875,92.1495744680851,87.39908163265305,0.796,0.7825,0.456,0.9239686457612319,0.8734071685045364,0.6780769230769229,0.678076923076923,0.6939012007765949,0.39531258793922563
4qrp,1,91.6758047097645,79.64073170731707,86.6507843137255,80.79355263157895,94.51625,92.30914893617023,88.10540816326531,0.8099999999999999,0.7925,0.479,0.9309685609138343,0.8781996333804146,0.6795918367346939,0.6795918367346938,0.7066954136302589,0.4046848799210289
8eo8,0,91.01166965620328,86.83111111111111,92.37037735849057,76.14051948051947,89.21531914893617,81.84617021276594,90.1783870967742,0.8400000000000001,0.855,0.551,0.9620148796745952,0.9228877434497625,0.7872340425531913,0.7872340425531912,0.8262612279173287,0.5782923466911571
8eo8,1,90.70682660687594,86.29511111111111,91.981320754717,76.34623376623377,88.12148936170213,79.62106382978725,89.77709677419354,0.8320000000000001,0.85,0.536,0.9571140610976937,0.9151276372716329,0.8438095238095238,0.8438095238095238,0.8079654375194547,0.5437986581832345
8eo8,4,91.97398206278027,90.02733333333332,93.44283018867925,83.61766233766232,90.0608510638298,84.71893617021277,92.13698924731183,0.858,0.875,0.575,0.9781828454302727,0.955163697484338,0.8397674418604651,0.8397674418604651,0.8868151159360063,0.7435683408972874
8eo8,3,91.26277130044842,87.87288888888888,92.84641509433962,79.82259740259741,90.38851063829787,83.63489361702128,91.45311827956989,0.8460000000000001,0.865,0.552,0.9729084110890974,0.9456178338273608,0.8551162790697675,0.8551162790697674,0.8640773451009224,0.6966868055090634
8eo8,2,91.26641554559042,86.35977777777777,92.45962264150943,76.56428571428572,89.8195744680851,83.49617021276595,90.19795698924732,0.844,0.855,0.535,0.9565749985225387,0.9134565942468831,0.8314285714285713,0.8314285714285713,0.8135690235817928,0.5427212675741415
7n4k,0,90.85337744360902,82.8677777777778,80.73500000000001,70.5045,90.26500000000001,88.85914893617021,83.83917808219176,0.762,0.76,0.297,0.8694980000552162,0.7576454033858573,0.6529629629629627,0.652962962962963,0.5355443880850582,0.16220386419726376
7n4k,1,89.02675639097745,82.66481481481479,79.92157894736842,70.87800000000001,89.566,88.4995744680851,83.89164383561643,0.742,0.7275,0.304,0.8179342927441013,0.712083281557034,0.6451851851851851,0.6451851851851851,0.429847478111921,0.12264156883204469
7n4k,4,88.88552781954887,84.1987037037037,80.59026315789474,75.084375,89.52000000000001,88.3008510638298,83.9135616438356,0.736,0.725,0.344,0.8195151614068542,0.7476660631754929,0.6986206896551722,0.6986206896551724,0.4441614218710026,0.18280178433859937
7n4k,3,90.99506315789475,85.10907407407406,81.31394736842105,76.674875,90.10499999999999,88.96744680851064,84.40123287671233,0.768,0.775,0.38,0.8987049508327711,0.8293332368524435,0.6421212121212121,0.6421212121212122,0.6262620785227189,0.2821043255773335
7n4k,2,90.69417293233083,83.74925925925926,81.10894736842106,70.9505,89.8505,88.80297872340425,83.47383561643835,0.764,0.765,0.337,0.868630684884228,0.7685204450483879,0.6608823529411766,0.6608823529411765,0.542839078524937,0.1669344416553626
7n2r,4,89.3556662534862,74.10425531914893,75.03758620689656,73.07415584415584,77.9290625,77.09944444444444,67.69484536082474,0.548,0.365,0.188,0.4910741392797319,0.4508158845936132,0.29233333333333333,0.29233333333333333,0.04344470979465498,0.025348683881446545
7n2r,3,89.45315308335915,73.55638297872339,74.66034482758621,73.02701298701298,77.219375,77.03740740740741,67.02835051546391,0.55,0.37,0.177,0.4849918387208684,0.48448182703842907,0.3281081081081081,0.3281081081081081,0.04729376118646587,0.028979766319425032
7n2r,2,89.37896808180973,73.81744680851064,74.9656896551724,73.26883116883117,77.46781250000001,77.5651851851852,67.11969072164949,0.552,0.3725,0.179,0.4703275859513811,0.44491572210677494,0.2612195121951219,0.2612195121951219,0.0393355653762541,0.02634077419864281
7n2r,0,89.3544747443446,73.88127659574471,74.8501724137931,73.24935064935065,77.5053125,76.68055555555556,68.18783505154639,0.544,0.3625,0.13,0.4965300456165728,0.4725170036158987,0.36125,0.36125000000000007,0.04769524628998254,0.02587484745235259
7n2r,1,89.23265726681127,73.5840425531915,74.06706896551724,72.75103896103896,77.3275,76.83888888888887,67.84020618556701,0.542,0.355,0.175,0.4950416813217012,0.48464284499542365,0.35558823529411765,0.3555882352941176,0.04974747630220554,0.0288321884875309
3dxa,3,90.53954950936664,81.43074074074075,85.19594594594597,75.79555555555555,84.08704545454545,88.40647058823531,70.72284482758621,0.7140000000000001,0.6775,0.286,0.741616454755459,0.7191114978331773,0.5374,0.5374,0.21076701625660596,0.12253006471219403
3dxa,4,90.87322777282188,81.94796296296298,84.83567567567566,76.97086419753086,84.32499999999999,88.89039215686276,70.98344827586209,0.742,0.715,0.368,0.7969815961360864,0.772899472575131,0.5275,0.5275,0.2683460317362276,0.16787328383838976
3dxa,2,91.39610020814749,84.12648148148149,87.25486486486484,78.91888888888889,86.12659090909091,90.78882352941177,75.17353448275863,0.78,0.7725,0.343,0.85891130013643,0.8180563276022778,0.4995833333333333,0.49958333333333343,0.4350626338455185,0.23573754773101918
3dxa,0,90.78224501932799,80.93999999999998,85.1627027027027,76.24000000000001,83.7625,89.25450980392158,70.63034482758621,0.726,0.695,0.323,0.7452305905492753,0.7124499917190353,0.5022448979591836,0.5022448979591837,0.20372451130353994,0.1118093512429614
3dxa,1,90.44373624739815,81.24814814814815,85.2208108108108,75.32962962962962,83.69636363636363,88.58725490196078,69.63827586206897,0.718,0.6875,0.319,0.7598872922500668,0.7331195309889138,0.5174074074074074,0.5174074074074074,0.22243788772479942,0.13095508467752245
4l3e,3,91.71700272479565,91.62291666666665,94.4817391304348,93.48691176470588,89.66880952380953,94.39621621621622,92.1579761904762,0.874,0.8875,0.615,0.9791223774037412,0.9621239322731471,0.8562264150943397,0.8562264150943395,0.9030539545754674,0.8141251266401842
4l3e,4,91.4278625491977,91.33625,94.23065217391304,92.95573529411764,89.23571428571428,94.14702702702702,91.64535714285714,0.868,0.8825000000000001,0.617,0.9779130808650237,0.9588399471610325,0.8562264150943397,0.8562264150943395,0.8954478738582927,0.7961673556454815
4l3e,2,91.51586133817742,91.39229166666667,94.43826086956521,93.22500000000001,89.13023809523808,94.0754054054054,91.7975,0.868,0.8825000000000001,0.618,0.9787161020850994,0.9606361330927925,0.8578181818181818,0.8578181818181819,0.9004237859322446,0.8063972544445831
4l3e,0,91.76761126248864,91.67208333333333,94.4434782608696,93.46750000000002,89.38690476190476,94.16756756756756,91.96928571428572,0.8699999999999999,0.885,0.614,0.9787749676518817,0.9629657982055558,0.8424561403508771,0.8424561403508771,0.902910330826766,0.8152938186438404
4l3e,1,91.71119134120497,91.24104166666666,94.34043478260867,92.42882352941176,89.12595238095238,93.83027027027026,90.99869047619048,0.868,0.8825000000000001,0.606,0.9770243559016656,0.9552209279811584,0.8578846153846155,0.8578846153846154,0.8918902381047816,0.773746689067861
6g9q,3,93.14241008300031,96.74923076923075,95.33326923076922,95.7144,95.52413043478262,94.76409090909091,94.80047619047619,0.85,0.8674999999999999,0.525,0.9682194267290751,0.9162765030345222,0.7958536585365853,0.7958536585365854,0.8915025830466917,0.6966873440470235
6g9q,4,93.22458960959115,96.94692307692307,95.59576923076922,96.01973333333333,95.79891304347827,95.24772727272729,95.48916666666666,0.858,0.875,0.538,0.9718242118878633,0.9270014380461946,0.784047619047619,0.784047619047619,0.9029506096579223,0.7403723343494184
6g9q,2,93.03017061174302,96.69346153846155,95.13846153846157,95.7028,95.6576086956522,95.06272727272727,95.16428571428571,0.852,0.87,0.537,0.9688462811386915,0.9199112657055484,0.7843902439024389,0.7843902439024389,0.8933848283043669,0.710172858160557
6g9q,0,93.22729480479558,96.77403846153847,95.42884615384614,95.78493333333334,95.675,95.0525,94.10809523809525,0.86,0.875,0.522,0.9674771661202684,0.9076350469177648,0.8024999999999999,0.8025,0.889959315999144,0.6705136598387083
6g9q,1,93.18746695358132,96.83653846153848,95.52576923076923,95.81813333333334,95.715,94.91454545454545,95.19011904761904,0.8539999999999999,0.87,0.534,0.969530272752047,0.9244060916938843,0.7831707317073169,0.7831707317073171,0.893696717778332,0.7254911935375924
7n1f,1,91.84242410512006,79.91999999999999,88.65673913043479,85.02749999999999,83.84977272727272,89.64274509803923,87.25828571428572,0.798,0.7775,0.437,0.9193446145406962,0.8993103215508595,0.7347058823529412,0.7347058823529412,0.6750514201047768,0.5112259913257768
7n1f,0,91.80565171424256,80.53909090909093,88.72043478260869,85.95208333333332,83.97431818181818,90.101568627451,86.40857142857143,0.808,0.795,0.437,0.9331370611139135,0.9231488176276849,0.7466666666666668,0.7466666666666667,0.7100912861217384,0.581603807965297
7n1f,2,91.78224739465338,80.3575,88.23913043478262,85.36583333333334,85.08363636363634,89.95333333333333,86.058,0.8019999999999999,0.7875,0.444,0.9206121094092596,0.9058066154437319,0.722857142857143,0.7228571428571429,0.6726616374976806,0.5244064565188485
7n1f,3,91.7400045310376,79.93113636363636,88.24391304347827,85.3163888888889,84.00636363636364,89.68019607843136,84.78914285714283,0.7939999999999999,0.7825,0.442,0.9233349329309662,0.9103080716802907,0.7463888888888889,0.7463888888888889,0.6804389762789143,0.5335594040089382
7n1f,4,91.383256305694,78.4084090909091,86.3795652173913,83.90875,84.04545454545456,89.38411764705883,84.28214285714286,0.79,0.7675,0.435,0.9133401159732065,0.9006759779188925,0.7224999999999999,0.7224999999999999,0.6347603404093421,0.47297650732303903
6bj2,1,87.97953096812988,76.76609375,73.48228571428572,75.00270833333333,78.59885714285716,76.21306451612907,72.96892857142856,0.63,0.5,0.099,0.4422479170646939,0.48040339298217205,0.393,0.3929999999999999,0.04045671243083638,0.02851413136013038
6bj2,0,88.045288634997,75.475,72.90114285714283,75.313125,79.02942857142858,77.38225806451614,72.95119047619048,0.626,0.495,0.129,0.4887666799141395,0.5286520542679275,0.3464285714285714,0.3464285714285714,0.048011573574082936,0.041233121701206465
6bj2,2,88.00807276007215,75.75375,73.7422857142857,74.71906249999999,78.38914285714286,76.50338709677416,72.2227380952381,0.6279999999999999,0.4975,0.104,0.41528120426026643,0.4362971699571097,0.2885185185185185,0.2885185185185185,0.032985801891784856,0.019751018700582063
6bj2,4,87.97031569452797,76.53453125000001,74.0982857142857,74.8809375,77.79685714285714,75.93854838709679,71.90857142857142,0.642,0.5275000000000001,0.171,0.477493707270976,0.47652874308874227,0.2673529411764706,0.26735294117647057,0.04673454220422674,0.023010390774895927
6bj2,3,87.8887342152736,74.76890624999999,71.13028571428572,74.42125,77.85628571428569,76.24725806451613,72.3045238095238,0.604,0.4575,0.079,0.3930802643000312,0.4441052858963922,0.38214285714285723,0.38214285714285723,0.03018351151901195,0.02344336173143523
7n2n,2,89.4249246919215,79.68446808510639,77.7794827586207,75.98722222222223,78.88968750000001,78.22777777777776,69.46927083333334,0.472,0.23249999999999998,0.165,0.19452013985199057,0.24200282271488835,0.15026315789473685,0.15026315789473682,0.012487631533348937,0.011619184685948056
7n2n,3,89.19893503727369,79.44531914893618,77.61120689655172,75.85370370370372,78.3721875,77.74648148148147,68.58447916666667,0.45200000000000007,0.1875,0.1,0.18995773130278532,0.22204807765169288,0.1628,0.1628,0.012453112189814571,0.01051854197611363
7n2n,4,89.24515594097065,78.6627659574468,77.17344827586207,75.94555555555556,79.113125,78.15925925925924,69.00124999999998,0.46799999999999997,0.2275,0.191,0.19434127818336483,0.23165182906681123,0.14230769230769233,0.14230769230769233,0.012596578812743392,0.011567259593982256
7n2n,1,89.05705005324813,78.6663829787234,76.7343103448276,75.49166666666667,78.0640625,77.44166666666668,68.12479166666667,0.44800000000000006,0.1875,0.074,0.18840627930196405,0.21874129710856902,0.1691666666666667,0.1691666666666667,0.012283453799060524,0.010525465758078011
7n2n,0,89.19725239616614,78.71170212765956,77.04551724137933,75.72351851851852,78.36812499999999,77.62499999999999,68.61729166666667,0.47000000000000003,0.2225,0.22,0.1976752350939142,0.23304484572042747,0.11679245283018867,0.11679245283018867,0.012815888670736086,0.011683687866754756
1mi5,0,91.19779332129964,85.55326923076925,85.25121212121212,82.12491803278688,94.04818181818182,92.6678431372549,92.23929411764708,0.842,0.845,0.471,0.9113651465031023,0.8340507516720589,0.5693181818181818,0.569318181818182,0.6256525465492387,0.2695638806686957
1mi5,1,90.95356498194947,85.16211538461538,84.85363636363637,81.42426229508197,93.3709090909091,91.93450980392157,91.80823529411765,0.8300000000000001,0.8325,0.425,0.9288874648619149,0.8793511443099952,0.7238888888888889,0.7238888888888889,0.6793542094456322,0.37574197105447305
1mi5,3,91.28103941034897,86.35134615384617,86.1169696969697,83.19295081967212,93.83666666666667,92.43921568627452,92.3589411764706,0.8400000000000001,0.85,0.477,0.9182311619332816,0.8417448739304051,0.5908510638297872,0.5908510638297872,0.660298050235165,0.2729377244514354
1mi5,4,90.94380264741275,86.16211538461539,85.09545454545454,84.11000000000001,93.6821212121212,92.15470588235294,91.95505882352941,0.8300000000000001,0.8325,0.447,0.9276607787314145,0.8723573454952833,0.6589743589743591,0.6589743589743591,0.6819277117650289,0.36082415460008355
1mi5,2,90.87001654632972,85.77865384615384,85.77090909090907,81.9688524590164,93.72242424242424,92.28156862745098,91.82376470588235,0.8300000000000001,0.835,0.433,0.9503433882690566,0.9197827542212617,0.7787096774193548,0.7787096774193549,0.7473062407929696,0.5412895898783247
4nhu,3,89.20795063445159,68.40918367346939,84.74873015873015,76.84027027027028,80.86714285714285,80.78324324324325,86.5988888888889,0.5660000000000001,0.545,0.204,0.639595427497975,0.6206977411288526,0.48617021276595745,0.48617021276595745,0.07995222407279953,0.07440930503760385
4nhu,4,89.17170345906483,67.36224489795917,84.15793650793653,76.14324324324325,80.05071428571429,80.29945945945946,85.54314814814813,0.5599999999999999,0.53,0.237,0.5886702949936383,0.6074562789756089,0.43981818181818183,0.4398181818181818,0.057252870000862585,0.06715882526531439
4nhu,2,88.58422214496785,64.2265306122449,82.27317460317462,74.29675675675675,78.61380952380952,76.99567567567567,84.99351851851853,0.51,0.45499999999999996,0.205,0.45793425601715937,0.5159133378790737,0.26865671641791045,0.2686567164179105,0.02630422841778594,0.03689476606477504
4nhu,0,89.1658925777855,67.32102040816326,83.98873015873015,76.66,80.63238095238096,80.44378378378379,86.14555555555556,0.5479999999999999,0.515,0.196,0.5650657709119974,0.5849638695139505,0.455,0.45499999999999996,0.05138235256902043,0.0596003526728987
4nhu,1,89.62019468103598,68.48959183673469,85.21793650793653,77.27797297297298,80.96119047619047,81.47432432432431,86.42481481481478,0.5940000000000001,0.5725,0.206,0.6678302592681951,0.6816859038800136,0.46244444444444444,0.4624444444444443,0.09327162846936826,0.10566694319630522
9d95,1,88.59456350409215,81.06649999999999,82.62963636363635,69.0249438202247,73.87255319148936,73.10021276595745,59.59524752475248,0.6359999999999999,0.545,0.28,0.6074783357882324,0.6067800799835231,0.3092857142857143,0.3092857142857143,0.08769767630773725,0.0510725280313674
9d95,0,88.57949530160654,80.47575,82.0450909090909,68.11101123595506,73.40404255319149,72.14468085106384,59.5770297029703,0.614,0.51,0.275,0.5386531651050861,0.5608429879691785,0.29792452830188676,0.29792452830188676,0.05743548688296748,0.03957265956268352
9d95,2,88.15142467414367,79.041,79.99981818181818,69.27887640449438,73.49382978723405,71.91255319148935,60.41960396039604,0.58,0.4625,0.255,0.5014004970562014,0.5213183134619563,0.35195121951219516,0.35195121951219505,0.04745535445307035,0.03491280752542287
9d95,3,88.39593058502577,79.57775000000001,81.60381818181816,66.5138202247191,72.93787234042553,71.76957446808511,60.25861386138613,0.61,0.5,0.3,0.5515074341812248,0.5460304885897588,0.31111111111111106,0.31111111111111106,0.06859039704300267,0.036908394648538866
9d95,4,88.87549105789633,81.13175000000001,83.29781818181817,69.47707865168539,75.03617021276595,74.25063829787233,61.06584158415841,0.65,0.5625,0.294,0.6239472277901242,0.6209065206831926,0.31807017543859656,0.3180701754385964,0.09868146707664542,0.05541470326708385
8dnt,1,92.09456689342404,91.05113636363636,95.21413043478262,89.00175675675675,93.65406250000001,88.57790697674419,93.92344827586207,0.86,0.8775,0.583,0.9689292685750657,0.9397932026635722,0.7906,0.7905999999999999,0.858084862454642,0.6992615653616411
8dnt,0,92.25591383219954,88.84045454545455,95.01673913043479,87.46972972972974,93.3725,89.06395348837209,93.65494252873563,0.86,0.875,0.563,0.9636807105214166,0.9212115960393296,0.7114545454545452,0.7114545454545452,0.8311123489902813,0.6107871062623587
8dnt,2,92.13002569916856,91.0809090909091,95.26782608695652,88.73094594594593,93.660625,89.34953488372092,93.61241379310344,0.86,0.875,0.589,0.9682449450588316,0.9372150015320272,0.7514814814814813,0.7514814814814813,0.8574794667197517,0.6939292082931093
8dnt,3,92.4695283446712,91.32522727272728,95.64565217391302,89.84689189189189,94.3765625,90.14558139534883,94.44206896551724,0.8800000000000001,0.895,0.583,0.9750830026523056,0.9552976475680465,0.7956862745098039,0.7956862745098038,0.8802948844562609,0.7585604280684763
8dnt,4,92.15441874527589,90.65090909090908,95.47239130434782,88.6237837837838,93.6621875,89.1393023255814,93.94126436781609,0.86,0.875,0.586,0.9701481888872844,0.9447412494997232,0.7769230769230767,0.7769230769230767,0.8638074432389649,0.7224455631866589
8ryp,2,91.38142923005994,87.33553191489362,84.52741379310345,82.13755555555555,91.2421875,93.2540740740741,74.61433734939759,0.8140000000000001,0.8075,0.35,0.879436961737845,0.7656071584229214,0.5802702702702703,0.5802702702702703,0.5439659051280901,0.14463806298561863
8ryp,3,91.36814507453512,89.00936170212765,84.91879310344828,84.3051111111111,91.7290625,93.56944444444443,79.81361445783133,0.8039999999999999,0.7975,0.397,0.897991801969461,0.813359595884172,0.6243589743589744,0.6243589743589744,0.612717894646345,0.2509932043265687
8ryp,4,91.46699708006761,88.91021276595744,84.88913793103448,83.21422222222222,92.28875,94.03833333333334,78.96530120481928,0.8140000000000001,0.81,0.388,0.908650726377876,0.8097353762556555,0.6342105263157896,0.6342105263157896,0.6500984023991954,0.24376408174685033
8ryp,1,91.43037805440295,88.80574468085108,85.03120689655174,82.42077777777779,91.666875,93.27037037037036,79.74204819277108,0.8,0.7925,0.328,0.8880064036825438,0.7917468021373383,0.648,0.6479999999999999,0.5669804507605334,0.20796176542893788
8ryp,0,91.64491009681882,89.86340425531915,85.31086206896553,86.28511111111112,90.6521875,93.45851851851855,77.92240963855421,0.8160000000000001,0.8175,0.382,0.9010947545257372,0.8171701306007542,0.6183333333333333,0.6183333333333334,0.6347033723170419,0.2505607950139518
3vxu,3,93.13401960784314,90.74840909090909,94.35826086956521,93.55780821917809,96.39765957446808,95.15155555555557,96.25097222222222,0.874,0.8975,0.646,0.9847226603102034,0.9786837743394816,0.7572727272727273,0.7572727272727273,0.9347322964950427,0.9046881811227364
3vxu,4,93.3234826546003,91.38795454545453,94.43956521739129,93.4868493150685,96.48297872340427,95.20866666666667,96.4701388888889,0.876,0.8975,0.647,0.9853557329888093,0.9801872499847324,0.7327272727272728,0.7327272727272727,0.9368532279126035,0.9091514103592104
3vxu,2,93.06496983408748,90.82999999999998,94.33391304347825,92.8245205479452,96.25489361702128,94.72444444444443,96.2226388888889,0.8699999999999999,0.895,0.639,0.984635304696713,0.97932426179549,0.7610810810810812,0.7610810810810811,0.9328799128321666,0.903409410695733
3vxu,0,93.07318552036199,91.2090909090909,94.06652173913044,93.16643835616439,96.40595744680849,95.11955555555556,96.33958333333334,0.876,0.8975,0.642,0.9850416295911977,0.9795521549791549,0.7542105263157894,0.7542105263157893,0.9347588096510774,0.905846325120538
3vxu,1,93.01057466063348,90.92545454545456,94.16543478260868,93.21260273972604,96.28893617021276,94.99555555555554,96.20027777777779,0.8720000000000001,0.8975,0.641,0.9850593651885082,0.9801703161621182,0.7454545454545455,0.7454545454545455,0.9337180903970694,0.9055921891641057
2j8u,3,89.62272381242389,76.93714285714285,79.13283333333332,74.60729166666667,82.08173913043478,76.61727272727272,79.91063829787234,0.6839999999999999,0.6025,0.302,0.7980504123679846,0.7200473739711839,0.5389130434782609,0.5389130434782607,0.31664621115395364,0.10652537194338327
2j8u,4,89.2718224725944,74.60979591836735,78.19433333333335,73.94625,81.31478260869565,75.87090909090908,78.2568085106383,0.658,0.5625,0.308,0.7659948220340744,0.6980050832136709,0.5416,0.5416,0.2607122352398816,0.0888070843863441
2j8u,2,89.63834805115714,78.09489795918367,80.47333333333333,72.78166666666667,81.84086956521739,75.68386363636364,79.84478723404256,0.6839999999999999,0.6025,0.245,0.7810112282279756,0.6935022827498917,0.5036363636363635,0.5036363636363635,0.28777187667953724,0.07559806137171597
2j8u,0,90.13560292326432,81.41448979591837,81.3035,76.570625,84.155,77.75681818181818,83.27989361702127,0.736,0.6799999999999999,0.308,0.8685815100404832,0.8035525236859286,0.46244897959183673,0.46244897959183673,0.48340819851470923,0.18295742660103495
2j8u,1,89.78920676004873,79.04857142857144,80.29133333333333,74.56229166666667,82.08847826086959,76.42818181818183,79.99042553191488,0.7,0.6325000000000001,0.267,0.8237591896463852,0.7345726220370368,0.5332558139534883,0.5332558139534883,0.3701883379353733,0.10940577089444312
3vxr,1,91.87779848484848,91.50212765957447,85.62379310344828,92.85397727272728,86.9718181818182,90.9972549019608,87.56583333333332,0.826,0.8325,0.469,0.9589010696367936,0.9507220126551936,0.7214583333333332,0.7214583333333334,0.8009017846819597,0.7233215363853632
3vxr,0,92.24880757575758,92.18212765957448,85.95499999999998,93.5884090909091,87.68318181818181,92.46372549019607,88.62238095238095,0.842,0.8475,0.49,0.9666097479817902,0.9632252643785634,0.7454545454545454,0.7454545454545454,0.8396912513961671,0.7882268803103499
3vxr,2,92.26633636363636,92.24808510638297,86.51086206896551,93.39375,87.81159090909091,92.19588235294115,89.46559523809523,0.8320000000000001,0.845,0.532,0.9628653890636792,0.9569141405372501,0.698076923076923,0.698076923076923,0.8246678401579841,0.7578810523630554
3vxr,4,92.30538484848485,92.43085106382979,86.71224137931036,93.50522727272727,87.1475,92.19549019607842,89.52678571428571,0.836,0.8475,0.503,0.9639517631099251,0.9577651244958477,0.7272340425531914,0.7272340425531915,0.8332112842512992,0.7638190801335902
3vxr,3,92.2407606060606,92.4036170212766,86.57931034482759,93.19522727272728,87.38886363636364,92.23254901960783,89.60964285714287,0.842,0.8475,0.514,0.9658782611545997,0.9600021451880019,0.7225,0.7225,0.832851911626132,0.7637403861073627
8v51,3,92.11996352583587,86.65204545454546,93.2939024390244,83.0127142857143,90.64727272727274,88.35843137254902,81.48141176470588,0.8,0.78,0.417,0.8848172740825058,0.792704861661735,0.6719047619047619,0.671904761904762,0.5755984668485207,0.21699633186819683
8v51,4,92.17305775075988,87.58545454545455,93.86682926829269,84.89228571428569,91.62272727272726,89.56392156862745,82.52635294117648,0.812,0.7975,0.414,0.9142838511096938,0.8469463300812156,0.7148484848484847,0.7148484848484848,0.6682254548579131,0.33742299494809463
8v51,2,91.92563373860183,85.14636363636363,92.63219512195123,82.47085714285713,90.28636363636363,88.43705882352943,80.82576470588235,0.78,0.755,0.384,0.8770848542662276,0.780617748947125,0.6682051282051281,0.6682051282051282,0.545214485933206,0.1992594802262526
8v51,0,92.03125075987842,85.82431818181819,92.68024390243902,82.9812857142857,90.11757575757576,88.00019607843137,80.24447058823529,0.7939999999999999,0.7725,0.375,0.8792136455273637,0.7903521467349334,0.6741463414634147,0.6741463414634146,0.543568455089366,0.2070118046865881
8v51,1,92.2761641337386,88.10045454545454,93.80219512195121,85.08642857142856,91.93121212121213,89.91058823529411,82.13623529411764,0.8140000000000001,0.805,0.432,0.905752505761608,0.8236359400961455,0.6795238095238095,0.6795238095238096,0.6477346381180537,0.2833344576683733
5hyj,4,92.2920703125,92.90352941176471,85.10093023255814,95.61176470588235,96.40950000000001,95.05102040816327,94.94787037037037,0.8779999999999999,0.895,0.448,0.979879803170847,0.9787600807999719,0.8155555555555554,0.8155555555555556,0.9181833519563412,0.9025553631440711
5hyj,3,92.20718599759616,92.64764705882352,84.62023255813953,95.43400000000001,96.206,94.88836734693876,94.77814814814816,0.874,0.8925000000000001,0.438,0.9789578763877155,0.9787895027528766,0.8815384615384615,0.8815384615384615,0.9145985792995064,0.9015986328072767
5hyj,2,92.16909104567307,92.10098039215687,83.77255813953488,95.08329411764707,96.0655,94.59224489795918,94.38583333333334,0.868,0.885,0.457,0.9758387320045355,0.9755659840221125,0.8248275862068962,0.8248275862068966,0.9007250376843214,0.886913185766064
5hyj,0,92.17391225961539,92.51686274509804,83.83325581395349,95.25341176470589,95.70975000000001,94.26102040816326,94.22138888888891,0.8620000000000001,0.8775,0.44,0.9752560013862278,0.9756277814648484,0.885185185185185,0.8851851851851853,0.9004855970886841,0.8875456591755514
5hyj,1,91.94571664663461,92.1570588235294,83.54790697674419,95.02094117647059,95.85325,94.39265306122451,94.38768518518519,0.8640000000000001,0.88,0.457,0.9758876810013842,0.9760232100499434,0.8514814814814813,0.8514814814814814,0.9048854037524001,0.8892627639831348
3kps,3,93.81111311401531,91.82461538461537,90.65030303030304,88.81803278688524,95.62090909090908,93.84745098039214,94.59423529411767,0.8480000000000001,0.8525,0.554,0.9434165852438867,0.9063815549664321,0.7886486486486486,0.7886486486486486,0.7979742243639297,0.550611754629313
3kps,4,93.7556421811627,91.64750000000001,91.45,88.27163934426231,95.81515151515151,94.2627450980392,94.90882352941178,0.8560000000000001,0.8625,0.525,0.9465311930088308,0.9183158373484058,0.7644736842105263,0.7644736842105263,0.7850518245589462,0.6082604080113528
3kps,2,93.83670572329878,91.6176923076923,90.90060606060607,87.41508196721313,96.0769696969697,94.42549019607843,95.1455294117647,0.8640000000000001,0.87,0.533,0.9637293013083436,0.9432420543499768,0.8051515151515151,0.8051515151515151,0.8463917770116435,0.7018805572957494
3kps,0,93.76179810725553,91.74269230769232,90.4778787878788,88.91327868852458,95.69454545454546,94.00470588235295,94.54988235294118,0.8539999999999999,0.86,0.555,0.9448452215142766,0.9035617147788868,0.773611111111111,0.7736111111111111,0.8039547418683651,0.5476078363136792
3kps,1,93.77141054529068,92.38557692307694,90.57303030303031,89.8472131147541,95.66181818181818,93.85450980392157,94.81941176470589,0.8539999999999999,0.8625,0.554,0.9531101509934259,0.9219912593278718,0.7799999999999999,0.78,0.8251830432533468,0.6291322787080188
7rrg,1,87.81546158612143,70.49625,74.5219512195122,58.15155555555556,81.30625,76.23170212765957,72.45989473684212,0.52,0.32,0.211,0.4482335698432266,0.4524706747730746,0.18100000000000002,0.18099999999999997,0.03399300126095071,0.028603822303920064
7rrg,0,87.36150092936802,72.03696428571428,75.86219512195122,59.071999999999996,80.8346875,75.02212765957448,71.21726315789473,0.53,0.335,0.206,0.44972978360140464,0.44098317264802767,0.20943396226415098,0.20943396226415098,0.037632862266089334,0.021804977603741844
7rrg,2,87.44495817843867,72.48303571428572,76.36926829268292,61.031777777777776,80.78375,74.55489361702128,71.75136842105262,0.52,0.3275,0.209,0.47515431851936735,0.443483644633088,0.2478723404255319,0.24787234042553188,0.03853148994883717,0.020926016262422777
7rrg,3,87.26151641883519,71.94053571428572,75.16951219512195,58.72422222222222,80.19,74.38531914893618,71.50610526315788,0.518,0.3175,0.144,0.4433558859960236,0.4492246752957419,0.2705405405405406,0.27054054054054055,0.034114831536976836,0.021239670932125015
7rrg,4,87.35345570012392,69.92517857142857,74.25731707317073,57.41122222222222,81.27250000000001,75.21361702127659,72.47421052631579,0.514,0.3125,0.182,0.4613306022610611,0.455841499108889,0.2127659574468085,0.2127659574468085,0.03685452371294334,0.02676983865954016
8yiv,0,92.62988247545373,89.75112676056338,91.90075471698111,94.07301587301586,92.9836170212766,93.69022222222223,92.3096875,0.8379999999999999,0.845,0.567,0.942585182424323,0.956518274256936,0.8378947368421051,0.837894736842105,0.7579352974033567,0.7891863039858247
8yiv,1,92.81865069919667,89.77915492957746,92.37018867924526,94.61000000000001,93.63489361702126,93.92733333333334,92.76729166666667,0.858,0.8625,0.54,0.9447374764614392,0.9616074845089261,0.8654285714285713,0.8654285714285714,0.7613273143646678,0.8135399403788335
8yiv,4,92.79505653079441,89.47859154929574,92.45490566037736,94.42571428571428,93.43723404255317,93.82955555555557,92.87385416666666,0.8560000000000001,0.8625,0.549,0.9480900935049978,0.9644140363096965,0.85,0.8499999999999999,0.77654668775033,0.8225096302037919
8yiv,3,92.74108747396608,89.62901408450705,92.17377358490566,94.32904761904763,93.38765957446807,93.70933333333333,92.70333333333333,0.85,0.855,0.553,0.9473966570119753,0.9616005673741772,0.8634285714285713,0.8634285714285714,0.7771243045777336,0.8177068797991809
8yiv,2,92.52825200833085,89.14098591549295,92.09169811320754,94.04365079365081,92.44170212765958,93.36177777777779,92.43385416666666,0.842,0.8474999999999999,0.53,0.9434831376675847,0.9593539946641989,0.8638235294117647,0.8638235294117647,0.7558733502480552,0.7994632689707921
2vlk,0,92.26440066425121,92.7288888888889,93.80822222222221,93.11442622950818,95.95769230769231,94.7795652173913,94.17806818181818,0.842,0.8425,0.522,0.9675526466884822,0.9607974518938193,0.8674999999999999,0.8675,0.8693554904690444,0.8307849751338836
2vlk,1,92.19888134057972,92.25444444444445,93.57822222222224,92.73262295081967,95.89410256410257,94.64739130434783,94.05818181818182,0.842,0.845,0.526,0.9654791103530267,0.9612063022961,0.8490476190476189,0.8490476190476192,0.8627137996364985,0.8278614186676115
2vlk,3,92.1721029589372,92.46277777777777,93.68866666666668,92.79081967213115,95.86384615384615,94.7291304347826,94.03556818181818,0.8400000000000001,0.8425,0.537,0.9672522326841699,0.9607779660897077,0.8485714285714284,0.8485714285714285,0.8692774005385383,0.8290239529250191
2vlk,4,92.29962107487921,91.99583333333334,93.50022222222222,92.81295081967215,95.93692307692308,94.69826086956523,93.95272727272727,0.8400000000000001,0.84,0.535,0.9656198812747694,0.9597099068700158,0.7817021276595743,0.7817021276595747,0.862928138534031,0.823045803259347
2vlk,2,92.10575030193236,92.25916666666667,93.452,92.36491803278689,95.72692307692307,94.4004347826087,93.71681818181816,0.834,0.8325,0.521,0.9635872138122348,0.9580038726627055,0.8678048780487805,0.8678048780487805,0.8537312552320573,0.8116912839192784
7r80,3,91.88905144938533,78.33829787234045,82.27482758620691,85.77276315789473,84.79255319148935,81.76764705882354,82.62568421052632,0.604,0.46499999999999997,0.287,0.4325529853267949,0.49819852074399384,0.3608571428571429,0.3608571428571428,0.03869839684443492,0.04651156851994743
7r80,4,91.67354833813933,78.49744680851065,81.62155172413792,85.43407894736842,83.82574468085106,80.58735294117646,81.66810526315791,0.562,0.3925,0.22,0.3580378551472337,0.4251972843930254,0.4458333333333333,0.44583333333333336,0.02428878568362319,0.030732504859684494
7r80,2,91.44086659584156,73.82744680851064,79.79827586206895,81.44118421052633,83.6008510638298,79.62941176470588,80.31547368421055,0.556,0.385,0.248,0.41162282792872995,0.4714064722751206,0.3493939393939394,0.34939393939393937,0.030755192549702767,0.03544969829314178
7r80,0,91.44018667476097,74.17659574468084,81.09310344827587,79.1917105263158,83.05702127659575,79.89470588235292,79.4363157894737,0.592,0.445,0.275,0.43199892920963295,0.4802564745565307,0.37352941176470583,0.3735294117647059,0.035689330785382445,0.036794121463183685
7r80,1,91.83415237517073,78.49106382978724,82.57448275862069,85.41,85.13978723404257,81.28058823529412,82.85273684210526,0.592,0.44,0.187,0.4364685806240057,0.5051978099122711,0.4473684210526317,0.4473684210526316,0.0382543661246323,0.04712751655237066
3mv8,2,92.58052907673861,92.3385,92.59150943396226,94.00166666666664,93.805,92.57092592592595,91.94929577464788,0.8460000000000001,0.8625,0.574,0.9754198473194245,0.9693533033142663,0.8360714285714286,0.8360714285714286,0.8741700312936266,0.8295481891650655
3mv8,4,92.49271582733813,92.3665,92.30792452830188,93.97244444444446,93.68687499999999,92.38999999999999,91.89239436619718,0.844,0.8625,0.557,0.9743554928666197,0.9688793310697426,0.8292982456140351,0.829298245614035,0.8709314160122795,0.8292351345882223
3mv8,3,92.77200539568345,93.02325,92.93433962264153,94.44155555555555,93.9584375,92.81425925925929,92.37309859154928,0.8539999999999999,0.875,0.579,0.9778488595329952,0.9734311530839059,0.8096666666666666,0.8096666666666665,0.8829276444024334,0.8491928187882998
3mv8,1,92.54288069544364,92.7555,92.7947169811321,94.21622222222221,93.7790625,92.03296296296294,92.32732394366197,0.844,0.8625,0.562,0.9752555498430105,0.969401896255928,0.8116363636363634,0.8116363636363638,0.8714753452355671,0.8320038729584427
3mv8,0,92.39851169064748,91.64775,92.00830188679247,93.59855555555556,93.2125,92.20055555555555,90.69971830985916,0.8320000000000001,0.8500000000000001,0.573,0.9714728641055238,0.9644296454946921,0.8132758620689655,0.8132758620689654,0.8593826587311499,0.8032295235768849
8yj2,2,92.75966005665722,88.88239436619719,91.08132075471698,94.37412698412696,95.86425531914891,93.68577777777777,94.17166666666667,0.852,0.8625,0.573,0.9645733426254319,0.9562004765925423,0.9023529411764706,0.9023529411764706,0.855377354506622,0.8086359909430886
8yj2,3,92.80834799463247,88.60126760563381,90.75547169811321,94.0252380952381,95.61255319148938,92.90022222222223,94.05395833333334,0.852,0.86,0.572,0.9631609179336685,0.9651153623270321,0.9209090909090909,0.9209090909090909,0.8436497523406884,0.8283881252896335
8yj2,4,92.86027135828239,89.99507042253522,91.26075471698114,94.5284126984127,95.91702127659573,93.47022222222222,94.05739583333333,0.8539999999999999,0.8674999999999999,0.579,0.9677916776933619,0.9683142627438797,0.9127272727272726,0.9127272727272727,0.8642566436461958,0.8455771371632089
8yj2,1,92.89076189056209,87.77943661971833,91.08264150943398,94.2406349206349,95.82446808510635,93.55733333333333,94.18979166666668,0.8539999999999999,0.865,0.578,0.96443337355045,0.9553846466089096,0.9006060606060605,0.9006060606060606,0.854646412421168,0.805465850262307
8yj2,0,92.95459519904577,89.80802816901407,91.40169811320754,94.55095238095238,95.80574468085105,93.458,94.22260416666666,0.8560000000000001,0.87,0.578,0.9660714524485146,0.9573701852906096,0.8762162162162163,0.876216216216216,0.8587246922282432,0.8139738507165373
5yxn,1,93.08156278366113,93.08033333333334,85.90685714285713,93.17774647887323,93.59794871794871,94.46372093023255,87.28023255813955,0.8619999999999999,0.875,0.583,0.9662245166586823,0.9247679469416191,0.8792592592592592,0.8792592592592592,0.8669543038923828,0.6816905496670803
5yxn,0,92.96984568835099,93.64199999999998,86.73171428571428,93.29605633802818,93.60589743589743,94.32139534883721,87.71441860465116,0.868,0.88,0.581,0.9701701660306915,0.945171357299272,0.8952941176470586,0.8952941176470588,0.8779827945448446,0.7466591191022491
5yxn,2,93.09361422087747,93.63550000000001,86.6952857142857,93.26521126760564,93.7969230769231,94.6186046511628,88.06488372093023,0.8699999999999999,0.8825000000000001,0.579,0.969903388811603,0.9368944895914282,0.9063265306122447,0.9063265306122448,0.8785548621604913,0.7263396680759083
5yxn,4,93.08453857791226,93.377,86.10057142857143,93.17563380281689,93.61358974358974,94.37186046511627,87.97825581395351,0.8640000000000001,0.8775,0.578,0.9700134514030521,0.9404302858548745,0.893076923076923,0.893076923076923,0.8789993061781869,0.7325090101490452
5yxn,3,93.18289258698941,93.31283333333333,86.64442857142859,92.7650704225352,93.38179487179487,93.62813953488373,87.06558139534881,0.8640000000000001,0.875,0.577,0.9670931439726864,0.9316578499318466,0.8997999999999999,0.8997999999999999,0.8664426420376934,0.6982629472423707
3vxs,2,92.02860158706393,94.31127659574466,88.09,95.35352272727272,89.98318181818182,93.7621568627451,90.3002380952381,0.876,0.89,0.544,0.9747647785461827,0.9674999357311468,0.7519999999999998,0.7520000000000001,0.8767737645357537,0.8093946124195324
3vxs,4,91.68371163347807,93.8072340425532,87.59931034482757,94.98943181818181,88.80318181818183,93.02588235294121,88.47678571428571,0.868,0.8825000000000001,0.533,0.9706639990922735,0.9569165808048317,0.7413953488372094,0.7413953488372093,0.8605279726002997,0.7574337337194275
3vxs,3,91.89496481509208,93.77106382978725,87.48741379310346,94.93249999999999,88.6,92.60549019607843,88.05095238095238,0.868,0.8825000000000001,0.542,0.9693966611484011,0.9604508920159692,0.7447916666666666,0.7447916666666666,0.8539113592123203,0.767309458402969
3vxs,1,91.70941458302141,93.84531914893616,87.47758620689655,94.97045454545454,89.00090909090909,93.14294117647059,89.3425,0.866,0.8825000000000001,0.55,0.9711478952458273,0.9627204846467395,0.7604255319148934,0.7604255319148938,0.8626485780120301,0.7864607296595579
3vxs,0,91.7486120676748,93.91361702127656,87.59034482758621,95.13806818181818,89.24431818181819,93.03843137254903,88.74214285714285,0.8699999999999999,0.8825000000000001,0.538,0.9698796223235382,0.961647100191855,0.7449999999999998,0.7450000000000001,0.8570484053017074,0.7788080646653528
2ckb,2,89.4812622100122,75.27530612244898,85.51761904761905,77.29187499999999,87.0545238095238,87.40837837837839,88.35296296296293,0.72,0.7025,0.352,0.8495643105241618,0.7966403542129605,0.6514634146341463,0.6514634146341464,0.47198145711901024,0.21637250057818336
2ckb,4,89.50233363858365,74.89224489795919,86.05984126984127,76.799375,87.01261904761903,87.3310810810811,88.75351851851853,0.718,0.7025,0.379,0.8594372610053407,0.8173348481123608,0.7062162162162162,0.7062162162162162,0.4928064817922802,0.24592265725590462
2ckb,3,89.45603174603175,75.5595918367347,85.13444444444445,77.12062499999999,87.17333333333333,87.04135135135135,88.53074074074075,0.7140000000000001,0.7,0.359,0.8433166919171426,0.7870702387872095,0.6419047619047619,0.641904761904762,0.45337094723555205,0.19677599632876613
2ckb,1,89.58985653235654,74.89999999999999,86.41000000000001,77.2265625,87.16309523809525,87.35756756756757,88.65907407407407,0.726,0.7125,0.377,0.8584221072868534,0.8037250161296445,0.6686842105263157,0.6686842105263158,0.4965032574325391,0.22263491689544437
2ckb,0,89.42688492063492,74.75959183673469,85.30539682539684,76.82781250000001,87.36071428571428,87.74621621621621,88.39333333333332,0.7220000000000001,0.7050000000000001,0.391,0.8516567394114786,0.8017210547056398,0.6726315789473684,0.6726315789473684,0.4796547969383341,0.22647175471907685
3pqy,2,88.45264320536259,80.74333333333333,81.38157894736842,68.485875,90.33725,88.61276595744681,83.22273972602738,0.74,0.725,0.288,0.8376302173934119,0.7143063656442361,0.5623076923076924,0.5623076923076924,0.470905345171786,0.11722966759051148
3pqy,4,88.39431901279708,80.9662962962963,81.50210526315789,67.89200000000001,90.16775000000001,88.66936170212766,82.81123287671234,0.742,0.7325,0.361,0.8658280987548892,0.7535611012556885,0.5416666666666665,0.5416666666666666,0.529370876551734,0.15478882791658533
3pqy,3,88.18572364411943,81.0035185185185,81.88447368421052,68.808375,90.0865,87.89148936170214,83.57013698630136,0.7300000000000001,0.72,0.343,0.8515688002197545,0.7316872254020745,0.5588235294117647,0.5588235294117647,0.5037555953681809,0.13330890426325026
3pqy,1,88.60776660572822,81.25740740740741,81.64131578947368,67.613375,90.5375,88.74191489361702,83.72821917808217,0.746,0.735,0.309,0.870544188723747,0.779563361173747,0.628,0.628,0.5518200918847251,0.19141749418122075
3pqy,0,88.16722425350396,81.01981481481482,81.72973684210527,68.55999999999999,90.0125,88.13765957446807,83.11958904109589,0.74,0.725,0.311,0.8356512570560274,0.7094186624939823,0.5318181818181819,0.5318181818181819,0.4691161609007121,0.1116712802067734
6am5,0,92.24765521491297,88.95636363636365,94.01500000000001,92.1530882352941,89.27,93.95891891891893,92.69487179487179,0.86,0.87,0.606,0.9676552183834776,0.9502419652796644,0.7945454545454544,0.7945454545454543,0.8576110792426237,0.7519941193940897
6am5,1,92.40520566938838,89.9375,94.37456521739134,92.97102941176472,89.6752380952381,94.35864864864865,93.56115384615386,0.8619999999999999,0.8725,0.617,0.9717796034557712,0.9572682568644753,0.8285714285714286,0.8285714285714285,0.8769377860416006,0.7930559522352645
6am5,3,92.2187813896164,89.72136363636363,94.12217391304348,92.23720588235294,89.45595238095238,94.18135135135137,93.17230769230768,0.858,0.87,0.612,0.9709947708440672,0.9539039691496791,0.8288888888888889,0.8288888888888886,0.8709661369848503,0.7722399915889411
6am5,4,92.38567863195192,89.67795454545455,94.00500000000001,92.61529411764705,89.3047619047619,94.08027027027029,93.14153846153847,0.8619999999999999,0.87,0.605,0.9703366467055312,0.9541931243462769,0.8445283018867924,0.8445283018867923,0.8670858465804324,0.7740051362522359
6am5,2,92.33116314897549,89.43750000000001,94.33695652173913,92.22426470588233,89.56190476190476,94.00702702702705,93.28115384615384,0.8619999999999999,0.8775,0.608,0.9707070715158593,0.95380313493192,0.8437037037037036,0.8437037037037035,0.8677284400535661,0.7728254446972636
8ryq,1,90.7224795934083,87.89234042553193,83.66931034482758,86.32097826086957,90.741875,93.39592592592591,74.02216867469879,0.808,0.81,0.402,0.880761656616943,0.7638411889583009,0.5186956521739132,0.5186956521739132,0.5751925042834882,0.14905743931510745
8ryq,0,91.08652702910827,88.04446808510639,84.51189655172415,84.59576086956523,90.8553125,93.2909259259259,76.75072289156626,0.8019999999999999,0.8025,0.355,0.8837628484068328,0.7657863968868339,0.628048780487805,0.6280487804878049,0.5674943175469588,0.15671651658164024
8ryq,2,90.75601262898506,88.35617021276597,84.47844827586206,86.05489130434783,91.6678125,93.8761111111111,77.47518072289158,0.808,0.8125,0.382,0.9084553639602277,0.8072962301342662,0.6808333333333336,0.6808333333333334,0.6609285320239392,0.23252878533168866
8ryq,3,90.61807638995842,88.43021276595745,84.44206896551725,85.85858695652173,91.029375,93.44555555555556,75.45409638554216,0.8039999999999999,0.8075,0.398,0.8868373349152342,0.7752391108183904,0.5611363636363638,0.5611363636363637,0.5886822323885111,0.16961368193811757
8ryq,4,90.73575696904359,88.5436170212766,84.33241379310344,85.90021739130435,91.171875,93.64444444444443,75.89987951807228,0.806,0.8075,0.382,0.9031548288872788,0.8063309042989967,0.6970270270270272,0.697027027027027,0.6406837439351277,0.22747481955702628
3mv9,2,92.30073884967713,89.53399999999999,90.53490566037735,93.1917777777778,93.140625,90.3387037037037,90.7912676056338,0.834,0.8500000000000001,0.556,0.9697272449703662,0.9608972860804026,0.7769841269841269,0.7769841269841269,0.8365636460301196,0.7600997939632952
3mv9,3,92.37281573809881,90.63425,90.8909433962264,93.32333333333334,93.4565625,90.60925925925925,91.12704225352113,0.836,0.8525,0.529,0.9727519946086942,0.9670628148765076,0.8205263157894734,0.8205263157894737,0.8456100256343565,0.7957868315609247
3mv9,4,91.96014266406367,89.30799999999999,90.68113207547171,92.81922222222222,92.81437500000001,90.03037037037038,90.48647887323942,0.8300000000000001,0.8425,0.555,0.9694689243907922,0.9607824629710803,0.8143103448275861,0.8143103448275861,0.8308816793108609,0.7606301611613655
3mv9,1,92.37375581919207,90.24925,90.42169811320755,93.2181111111111,93.42375000000001,90.45407407407407,91.13915492957747,0.8320000000000001,0.8500000000000001,0.541,0.9721713894134898,0.9661038792019555,0.8198245614035087,0.8198245614035087,0.8408654779855388,0.7886842387978272
3mv9,0,92.13384141763028,89.63399999999999,90.48415094339623,92.80822222222221,93.2475,90.02518518518518,91.11408450704228,0.8300000000000001,0.8425,0.568,0.9703724910844389,0.9642071818403612,0.8081666666666666,0.8081666666666667,0.829850346625236,0.7759799368777288
5men,3,91.38892760180995,91.99837837837839,94.46906249999999,89.39760416666667,89.38170212765958,89.35823529411765,92.14918918918919,0.828,0.8425,0.589,0.9696362438574885,0.9634009011878643,0.7937704918032787,0.7937704918032787,0.8416111649151808,0.7764607977920701
5men,4,91.41456108597285,91.84702702702702,94.2440625,89.54833333333333,89.20510638297871,89.0664705882353,91.94554054054055,0.834,0.8425,0.576,0.9710082435065968,0.9651230086204146,0.7736507936507937,0.7736507936507936,0.8435382192772396,0.7777738165623496
5men,2,91.32565761689291,91.94459459459459,94.43125,88.90104166666667,89.26574468085106,88.78382352941176,91.90689189189189,0.826,0.84,0.572,0.9704579926817026,0.9634075583446289,0.8271929824561401,0.8271929824561404,0.8439545139553154,0.7685494834276952
5men,0,91.4124766214178,91.89810810810812,94.22312500000001,89.37895833333333,88.34276595744682,88.65794117647059,91.33891891891892,0.8300000000000001,0.84,0.575,0.9680287122936194,0.9634059652771177,0.7847540983606557,0.7847540983606558,0.8290871755419217,0.7697618774724543
5men,1,91.33562745098038,91.74837837837838,94.17875,89.05385416666668,88.89765957446808,88.44117647058822,91.54689189189189,0.8240000000000001,0.8325,0.568,0.9687480490799814,0.9600585254245457,0.7873770491803278,0.7873770491803278,0.8351478074129478,0.756796116547092
5yxu,0,93.30892944038929,95.0396551724138,92.62100000000002,95.5067605633803,94.1071794871795,95.03744186046512,93.77012987012988,0.89,0.9,0.608,0.9817923474708896,0.9767329374419899,0.9300000000000002,0.9300000000000002,0.921757981225099,0.8860611304284758
5yxu,1,93.23284063260341,94.6791379310345,92.17242857142855,95.1887323943662,93.8851282051282,94.76837209302326,93.40779220779221,0.89,0.9025000000000001,0.613,0.9813107832320205,0.976349942727509,0.9322448979591835,0.9322448979591836,0.9163876310282966,0.8791046427193706
5yxu,3,93.05087743309002,94.51499999999999,92.23671428571427,95.45380281690142,94.14641025641026,94.70093023255815,93.63116883116881,0.8880000000000001,0.9,0.615,0.9805462123909882,0.9758947856335607,0.9300000000000002,0.9300000000000002,0.9172015447461789,0.8789990566276985
5yxu,4,93.17012773722628,94.68758620689654,92.33185714285713,95.50295774647887,94.12897435897435,94.98255813953489,93.67207792207792,0.89,0.9,0.615,0.9811896865366867,0.9765002217200146,0.9300000000000002,0.9300000000000002,0.9190433436345914,0.8826125563363089
5yxu,2,93.3966256082725,94.67758620689654,92.62871428571428,95.31070422535211,94.35256410256412,95.08651162790697,93.80493506493507,0.8939999999999999,0.9075,0.609,0.9820833421114149,0.9775088249882722,0.9135294117647059,0.9135294117647059,0.9216622325958701,0.8837101243255004
2vlj,0,91.9087545289855,88.37972222222223,91.61288888888886,88.27147540983606,95.28205128205128,93.20260869565217,92.58011363636363,0.808,0.7975,0.507,0.947760826690088,0.9370341667704983,0.8393023255813953,0.8393023255813954,0.7832011787606055,0.6997766233104763
2vlj,1,92.2998143115942,90.84972222222223,93.17422222222223,90.89573770491803,95.81333333333335,94.23413043478261,93.66454545454545,0.8300000000000001,0.83,0.508,0.9625553290407322,0.954214666258515,0.8745,0.8745,0.8466641654434282,0.7878345200554595
2vlj,4,92.285,90.08472222222223,92.92533333333334,89.47508196721309,95.82256410256412,93.98217391304348,93.66681818181819,0.8240000000000001,0.8200000000000001,0.52,0.9572860913732935,0.9486771617132935,0.857560975609756,0.857560975609756,0.8220029797316912,0.757062608658116
2vlj,3,92.03907457729468,88.66388888888889,91.9968888888889,88.07032786885246,95.3623076923077,93.25717391304347,92.75272727272727,0.8119999999999999,0.805,0.517,0.9495922833783014,0.940528052533328,0.8393023255813953,0.8393023255813954,0.7874350173356115,0.709129323870001
2vlj,2,92.06543025362319,89.70833333333331,92.66622222222223,89.6767213114754,95.45564102564104,93.78086956521739,93.10045454545455,0.818,0.8075,0.524,0.9545464348407967,0.945110876582139,0.8381395348837211,0.838139534883721,0.8164221929726131,0.7421686576378519
4mxq,2,93.00016916968755,79.35857142857144,96.01015873015872,85.72355263157894,96.12772727272727,95.85153846153847,96.91614285714287,0.8400000000000001,0.9025000000000001,0.431,0.9749943704669805,0.9566576333928504,0.9048,0.9047999999999999,0.8891924291392158,0.7638053862570144
4mxq,4,92.9057206973934,79.41836734693878,95.9574603174603,86.88421052631578,96.44863636363635,96.17410256410257,97.01257142857143,0.8320000000000001,0.9,0.443,0.9696374280252629,0.9419417258047696,0.8503571428571428,0.8503571428571427,0.8761415101672202,0.7118377167144291
4mxq,3,93.02080441912653,79.20285714285714,96.20444444444445,86.1428947368421,96.4009090909091,96.13282051282052,97.03071428571427,0.8400000000000001,0.9025000000000001,0.417,0.9753983051161527,0.9574695229325614,0.8927272727272727,0.8927272727272726,0.8950914432565993,0.786113524832806
4mxq,1,92.95094942171586,78.23367346938775,95.94015873015873,86.54934210526316,96.39272727272727,96.27282051282052,96.98500000000001,0.836,0.8975,0.437,0.9707657974281052,0.9455990615861487,0.9023999999999998,0.9024,0.8827813504617659,0.7410584353941442
4mxq,0,92.97250819955119,78.5326530612245,96.0190476190476,86.47565789473686,96.13340909090908,96.13358974358974,96.83771428571428,0.8320000000000001,0.9,0.448,0.9667388202661682,0.9316808674078877,0.8660714285714286,0.8660714285714285,0.8707092353533321,0.6721008360425889
8qfy,1,90.11288640302504,87.03188679245282,92.73152173913044,90.71228915662651,93.96046511627907,93.66102040816325,95.55,0.8560000000000001,0.8625,0.398,0.9748203901842504,0.9740455798671337,0.8759999999999999,0.8760000000000001,0.8796609198512814,0.8667508783754698
8qfy,0,90.01528281077674,86.02188679245285,92.84565217391304,89.45072289156626,93.60813953488372,93.36836734693878,95.38257142857144,0.852,0.86,0.402,0.9736279938137782,0.972739850716492,0.8825925925925925,0.8825925925925925,0.8758065331064926,0.8573913383081919
8qfy,2,89.76261383330709,85.48320754716981,91.47695652173913,89.00409638554217,93.25488372093024,92.86285714285714,95.03085714285713,0.844,0.85,0.401,0.9707741395571453,0.9695876364015663,0.882962962962963,0.882962962962963,0.8588391175817575,0.8396160772522552
8qfy,3,90.12416574759729,86.80811320754717,92.42565217391306,90.38843373493975,93.8193023255814,93.33551020408164,95.33057142857143,0.8560000000000001,0.86,0.407,0.9710749922409211,0.9728197477576888,0.8759999999999999,0.8760000000000001,0.8579350354761005,0.8574998513303627
8qfy,4,90.36230345044903,86.8332075471698,92.84739130434782,90.91337349397593,93.69627906976744,93.68040816326528,95.55700000000002,0.8640000000000001,0.87,0.399,0.9760546269326352,0.9746427063709061,0.8808,0.8808000000000001,0.8834366035336885,0.8680216826395394
3mv7,2,92.68794590533435,93.90075,93.13132075471697,94.30611111111112,93.945625,92.75111111111111,92.77943661971833,0.86,0.8725,0.59,0.9788681797215226,0.9746471063908364,0.8163793103448276,0.8163793103448276,0.8860043754900325,0.851087269394317
3mv7,4,92.74847933884297,93.87325,93.2966037735849,94.48455555555554,93.9453125,92.81259259259261,92.48507042253522,0.8620000000000001,0.875,0.576,0.9793696595714929,0.9754703481521042,0.7975409836065573,0.7975409836065572,0.8875934493586174,0.854015464456461
3mv7,3,92.58554770848986,93.89975000000001,93.14094339622643,94.46466666666666,93.99281250000001,92.84796296296294,92.40098591549297,0.852,0.87,0.579,0.9773670907347363,0.9726797660280648,0.7944067796610169,0.7944067796610169,0.8835736144969425,0.8491337367310401
3mv7,1,92.57875882794892,93.502,92.97528301886791,94.14533333333333,93.706875,92.7174074074074,91.653661971831,0.8460000000000001,0.865,0.562,0.9759158096306128,0.9703478027906073,0.8074576271186442,0.8074576271186441,0.876304895000914,0.8323553411812216
3mv7,0,92.78922614575508,94.28699999999999,93.21867924528303,94.63066666666666,94.3775,93.10666666666667,92.49014084507041,0.86,0.875,0.573,0.978289480666136,0.9744120751381328,0.8103448275862069,0.8103448275862067,0.8849752725769191,0.8517412407320727
3kpr,3,91.70518996846373,77.74038461538461,80.63272727272728,83.45377049180328,89.90454545454546,85.82764705882352,84.94058823529411,0.686,0.6,0.328,0.6687273337693672,0.6724042063211746,0.5026530612244898,0.5026530612244898,0.14798751892096085,0.0938757491592652
3kpr,4,91.4900976122541,77.6096153846154,80.65727272727273,83.16245901639343,89.86424242424242,85.94843137254902,85.07164705882353,0.6759999999999999,0.5925,0.32,0.6508831597844125,0.6657231857143809,0.49897959183673474,0.4989795918367347,0.13362846974975862,0.08922886299495324
3kpr,2,91.67489412824749,77.55826923076924,80.86939393939394,83.53557377049181,90.3748484848485,86.39725490196076,85.90223529411765,0.696,0.6174999999999999,0.306,0.6785324673263393,0.6808847255601843,0.5040909090909091,0.504090909090909,0.15565333362757766,0.09707690717300421
3kpr,0,91.72863643189667,78.1725,82.1721212121212,83.51016393442622,90.35757575757575,86.21117647058824,86.118,0.696,0.6174999999999999,0.341,0.6889431420948585,0.679663467845505,0.5027659574468085,0.5027659574468085,0.1630967148169673,0.09704561581946965
3kpr,1,91.6761510737348,77.52923076923076,81.42393939393939,83.43836065573768,90.27939393939393,86.34705882352941,85.6334117647059,0.688,0.61,0.293,0.6839754151230387,0.6750971896291725,0.5228571428571429,0.5228571428571429,0.16659562169911657,0.0936480329502952
3qdg,2,92.1060991510006,89.9384090909091,94.77869565217391,92.22735294117648,91.04785714285715,94.84486486486487,94.21038461538463,0.8800000000000001,0.8975,0.615,0.9806450406657504,0.9622668704350213,0.8552830188679245,0.8552830188679245,0.9141888386545646,0.8054506579037465
3qdg,4,92.27419648271679,90.80590909090908,95.04499999999999,93.22588235294117,91.30809523809523,95.09783783783783,94.80243589743588,0.89,0.9025000000000001,0.628,0.9831350658781939,0.9688399285127574,0.841923076923077,0.8419230769230771,0.9229970513110297,0.8333638445329336
3qdg,3,92.0665433596119,90.41181818181816,95.1717391304348,92.59794117647061,91.13666666666666,94.87945945945945,94.50115384615385,0.882,0.8975,0.622,0.9818968597851685,0.9654857969871203,0.858867924528302,0.858867924528302,0.91857267979014,0.8201738351464573
3qdg,1,91.97791388720435,90.2775,94.74804347826087,92.6810294117647,90.98523809523809,94.64432432432433,94.35846153846154,0.882,0.8975,0.625,0.9814457404642025,0.9650917706366476,0.8632075471698113,0.8632075471698113,0.9164340032342264,0.8151898219115343
3qdg,0,91.93636597938145,90.23818181818181,95.04673913043477,92.14867647058824,90.82071428571427,94.71675675675677,94.28025641025641,0.8800000000000001,0.895,0.621,0.9806406702277183,0.9599443231071142,0.8390909090909092,0.8390909090909092,0.9141273539260774,0.7992037005686596
5jzi,2,88.70912786288488,92.61516666666665,84.88193548387098,93.27394366197181,93.20794871794872,94.08558139534883,89.44046511627907,0.852,0.865,0.571,0.9747767994136424,0.9671375993837322,0.9189795918367346,0.9189795918367347,0.8810851154188792,0.8140706517174033
5jzi,3,88.68742150765965,92.39899999999999,85.15725806451613,92.83774647887323,92.80025641025642,93.87186046511627,87.88127906976746,0.85,0.8625,0.574,0.9739365702338455,0.9646990366048595,0.9170588235294117,0.9170588235294117,0.8731616881319914,0.7972001643676427
5jzi,4,88.52057636887609,92.78183333333331,85.34241935483868,93.19732394366194,92.91487179487179,93.8167441860465,89.10697674418603,0.8560000000000001,0.8725,0.578,0.9753293749935046,0.9676407078484646,0.9185999999999999,0.9186,0.8797531823766668,0.812514010709766
5jzi,1,88.79746397694525,92.93316666666666,85.53241935483872,93.28394366197183,93.04435897435897,93.97093023255815,89.2936046511628,0.8560000000000001,0.87,0.54,0.9487159406529192,0.9169479619086646,0.8519999999999999,0.8519999999999999,0.8197681788169254,0.6132784814627729
5jzi,0,88.70760048536326,92.69533333333337,85.36112903225806,93.23098591549297,92.98179487179489,94.02534883720931,89.09593023255813,0.8539999999999999,0.865,0.567,0.9748184362332402,0.967198534133262,0.9185999999999999,0.9186,0.8787963913168091,0.8122312041207973
8v50,1,92.60921396054628,90.29681818181817,93.31048780487804,88.3652857142857,91.56060606060606,89.78333333333333,82.2575294117647,0.826,0.8200000000000001,0.506,0.9108307842525706,0.8319424069114247,0.7107317073170732,0.7107317073170731,0.6583489615952116,0.31376232204917215
8v50,0,92.70936722306524,89.96227272727272,94.13243902439024,87.83785714285713,92.68787878787879,91.05980392156864,83.71494117647059,0.8300000000000001,0.8325,0.494,0.9350678450474299,0.8639239341698762,0.7087179487179487,0.7087179487179487,0.7422195749553746,0.3903615476858559
8v50,2,92.53729438543247,89.61295454545454,93.79146341463415,88.30800000000002,92.3160606060606,91.01549019607843,82.88929411764705,0.8320000000000001,0.825,0.491,0.9198333850955448,0.8395564529023426,0.6769047619047619,0.6769047619047619,0.6982578846155119,0.3296001853532671
8v50,4,92.50420333839149,89.94818181818182,92.64219512195122,88.10842857142858,91.66909090909091,90.12607843137253,81.36482352941177,0.8160000000000001,0.815,0.499,0.9088860738677069,0.8327109607388586,0.7009302325581396,0.7009302325581396,0.6633042122503865,0.30670570807476505
8v50,3,92.3868937784522,89.51227272727273,93.47975609756098,86.64328571428574,91.42939393939393,89.98470588235293,81.10635294117647,0.8160000000000001,0.81,0.449,0.9082498152909593,0.8271762607493087,0.7064285714285715,0.7064285714285714,0.6476332730588334,0.2912580650347332
8rym,2,89.44154558292797,74.10404255319146,76.23706896551724,74.2975,80.04347826086956,76.0585294117647,70.94515789473684,0.534,0.35,0.15,0.5088989759865431,0.4863390494951382,0.30233333333333334,0.3023333333333333,0.047717023733337936,0.028842642359598707
8rym,4,89.29195983053508,73.69106382978723,75.64293103448277,71.85794117647059,79.965,75.84411764705884,71.03315789473683,0.526,0.3375,0.155,0.5106074200932398,0.47949856892100484,0.29250000000000004,0.2925,0.04794009371305743,0.027774543018700155
8rym,3,89.37096343951043,73.01914893617021,75.44017241379309,72.06382352941176,80.14456521739129,76.46941176470588,70.3397894736842,0.526,0.33999999999999997,0.149,0.5152015853751911,0.5039584611536083,0.30172413793103453,0.3017241379310345,0.05153458810012169,0.030959507523125387
8rym,1,89.3135744547309,73.43106382978723,75.27862068965518,73.3780882352941,78.99195652173913,74.96294117647058,66.47284210526315,0.53,0.3425,0.14,0.5189411842482905,0.4683235236171893,0.2785714285714286,0.2785714285714285,0.050697489434460036,0.023316304653147775
8rym,0,88.8229295465244,73.7404255319149,76.05793103448275,72.31897058823527,80.18826086956521,76.03441176470588,70.4501052631579,0.53,0.35,0.155,0.5156039301748694,0.4926053890687985,0.2972727272727273,0.2972727272727272,0.048689018704142904,0.031176757913757153
5brz,2,93.08142378559464,96.32829787234041,92.42439393939394,95.43655555555557,93.78945945945948,94.63555555555553,96.10135802469136,0.86,0.8725,0.56,0.9801075167062082,0.9708007252993389,0.7631578947368421,0.7631578947368421,0.9223384931528869,0.8737197751626776
5brz,4,92.99379473123192,96.2263829787234,92.275,95.12266666666666,93.52999999999999,94.47425925925928,95.8116049382716,0.8539999999999999,0.87,0.549,0.9786826288099248,0.9687639412333184,0.7964864864864866,0.7964864864864866,0.9178356483493697,0.8656552648054554
5brz,3,93.04900411146643,96.3072340425532,92.46045454545452,95.35644444444445,93.64189189189187,94.48370370370372,96.06987654320987,0.86,0.8725,0.564,0.9795231954289465,0.9691181531677524,0.7936842105263158,0.7936842105263159,0.9195071684370112,0.8650514130378772
5brz,1,92.79212882594793,96.22148936170214,92.2501515151515,95.27266666666665,93.51486486486483,94.59907407407407,95.83481481481482,0.852,0.87,0.553,0.9783621875193115,0.967431961022385,0.7953846153846155,0.7953846153846154,0.9150878469464911,0.8559153863620436
5brz,0,92.95329678696514,96.21702127659576,92.31681818181818,95.0737777777778,93.43864864864864,94.28907407407407,95.84641975308641,0.852,0.8674999999999999,0.552,0.9777370071758461,0.9659863714407939,0.8,0.7999999999999999,0.9121501220309824,0.8524589552065679
8es9,0,87.47967833491012,76.34799999999998,81.39603773584905,77.36602040816327,72.57,71.31085106382979,69.10047058823531,0.518,0.355,0.059,0.3882382962179266,0.42190602528115884,0.3055555555555556,0.3055555555555556,0.02548434840631238,0.027504559324099596
8es9,1,87.5838789025544,76.82374999999999,81.90415094339623,78.52489795918369,73.52872340425533,71.48808510638297,71.13694117647059,0.534,0.38749999999999996,0.117,0.40706062813708854,0.4499115845730359,0.44529411764705884,0.44529411764705884,0.030387500820538833,0.025017308874881617
8es9,3,87.49374645222328,76.59,81.02566037735849,76.73142857142858,73.2668085106383,71.48595744680851,71.66611764705883,0.53,0.375,0.109,0.41197111908313905,0.4417918619661826,0.414,0.414,0.030423656238353632,0.025389145225519237
8es9,4,87.37317745641303,76.40175,81.32188679245284,78.27867346938775,72.94340425531914,71.77255319148937,71.00600000000001,0.522,0.36750000000000005,0.127,0.3798761448028893,0.43418810659572776,0.39499999999999996,0.39499999999999996,0.025280938012582667,0.023415550516440765
8es9,2,87.28159481010948,76.19225000000002,80.83339622641509,76.61224489795919,72.64787234042552,71.35468085106382,69.49494117647056,0.52,0.365,0.149,0.373231582068411,0.42822808720348915,0.35827586206896556,0.35827586206896556,0.025551448829386134,0.022332261146999106
5nqk,1,92.4392394919867,91.1490909090909,96.28304347826086,97.04867924528304,95.64128205128206,94.04369565217392,95.88499999999999,0.884,0.9025000000000001,0.616,0.98548077606392,0.9782003361272044,0.8960784313725492,0.896078431372549,0.940030091704673,0.9098299585574279
5nqk,0,91.82141366797701,90.91931818181818,95.98478260869564,96.9107547169811,95.34974358974358,93.73521739130436,95.83952380952381,0.8720000000000001,0.89,0.62,0.9839438200602146,0.9755283883966559,0.8859183673469389,0.8859183673469389,0.9353169695975156,0.9018284509609507
5nqk,2,92.427416087088,91.02227272727272,96.04478260869566,97.04830188679246,95.43948717948717,93.32347826086955,96.04654761904762,0.882,0.9,0.621,0.9848294507180508,0.9783626580736897,0.8471153846153848,0.8471153846153844,0.9386603484206864,0.9072908302329215
5nqk,4,92.27213032960387,90.97795454545454,96.01565217391305,96.95641509433962,95.44205128205128,93.77543478260871,95.84190476190476,0.8779999999999999,0.8975,0.615,0.9847288971634843,0.9771668877265148,0.8736000000000002,0.8736,0.9383376322945872,0.906432433252943
5nqk,3,92.25242969458724,91.04045454545457,95.64065217391305,96.88490566037736,95.45282051282052,93.92000000000002,95.75321428571431,0.8800000000000001,0.8975,0.616,0.9845752862633504,0.9766689301076086,0.8644897959183675,0.8644897959183675,0.9367085267782862,0.9007562097866241
4pri,3,91.93888855557222,92.22225,91.6809433962264,93.412,94.1090625,92.24425925925927,91.67647887323945,0.8539999999999999,0.87,0.556,0.97650065806307,0.9711423019647362,0.7991228070175439,0.7991228070175438,0.8655914868845528,0.8181826910475309
4pri,4,91.95758362081895,92.18199999999999,92.06792452830189,93.39177777777778,94.396875,92.84759259259259,91.91830985915495,0.8539999999999999,0.8725,0.562,0.9772789600409598,0.9655898311417184,0.8243396226415094,0.8243396226415094,0.8818413699999775,0.8060248719160926
4pri,2,92.05914354282287,92.276,92.09943396226414,93.76199999999997,94.52,92.95462962962962,92.00183098591549,0.86,0.875,0.542,0.9771115893175859,0.9654350284732888,0.8110909090909092,0.8110909090909091,0.8802127609294027,0.8072882620986218
4pri,0,91.94205189740514,91.944,92.11415094339621,93.38433333333333,94.174375,92.4925925925926,91.57000000000001,0.8539999999999999,0.87,0.55,0.9768384726273543,0.9695155636724354,0.8060714285714285,0.8060714285714285,0.8736249450105378,0.8133546610476483
4pri,1,92.03478926053697,91.947,92.65207547169813,93.63033333333333,94.5203125,92.68648148148148,92.04647887323945,0.8620000000000001,0.875,0.541,0.9771969835439592,0.9655125896081012,0.8077586206896553,0.8077586206896552,0.8790933517976425,0.8065688755876121
8gvi,1,92.87673864147548,91.28148936170214,94.16428571428571,95.89432098765431,92.98545454545454,95.29078431372551,95.41396226415095,0.874,0.8875,0.607,0.9778736700099246,0.9599817534831088,0.8027450980392158,0.8027450980392158,0.9102499320776033,0.8106985811303583
8gvi,0,92.80374568900885,91.58914893617022,93.91920634920636,95.3306172839506,93.05545454545455,95.33313725490196,95.15301886792452,0.866,0.885,0.595,0.9780087646620576,0.959770158941437,0.8104,0.8103999999999999,0.9095005523410676,0.8093547253505591
8gvi,2,92.90383115909432,91.5927659574468,93.90539682539679,95.6941975308642,92.86227272727274,95.42725490196078,95.24245283018867,0.874,0.8875,0.606,0.9783961716911688,0.9610892240542542,0.8139215686274509,0.8139215686274511,0.9106187846233925,0.8160488378660867
8gvi,4,92.75588394062078,91.2687234042553,93.76015873015871,95.61839506172839,93.12613636363636,95.28666666666666,95.2061320754717,0.866,0.88,0.589,0.9774764214695901,0.9598498520304615,0.8104,0.8103999999999999,0.9087849857930506,0.8078272564167622
8gvi,3,92.85369020842705,91.44723404255318,93.76031746031745,95.57382716049383,93.25659090909093,95.39588235294117,95.12669811320755,0.866,0.885,0.586,0.978034940734611,0.9614650010493837,0.8049999999999999,0.8049999999999999,0.9098931339265683,0.8157461145509303
6vma,2,91.35481235870385,77.95613636363636,86.06652173913044,81.87070588235295,87.33384615384617,83.85695652173914,85.5280487804878,0.7100000000000001,0.6425,0.447,0.818242487002351,0.7804149473032748,0.6370731707317073,0.6370731707317073,0.39183815209588224,0.23118603902556226
6vma,4,91.43927053504146,77.95840909090909,86.33130434782608,82.07364705882352,87.50333333333333,84.41608695652172,85.89999999999999,0.716,0.6575,0.441,0.8270301262240362,0.7934102400802159,0.6299999999999999,0.6300000000000001,0.411394779208578,0.2532489169500582
6vma,3,91.56873097211756,77.21727272727273,85.49695652173912,81.37058823529412,87.67025641025641,84.63978260869565,85.14268292682928,0.704,0.635,0.456,0.8178218748507797,0.769378557303661,0.5936170212765958,0.5936170212765958,0.40007307462947045,0.2108609860844803
6vma,1,91.43171062547098,77.41681818181819,85.80086956521738,81.20329411764706,87.28410256410257,83.70521739130434,85.30097560975611,0.7060000000000001,0.6375,0.404,0.810761629628886,0.7676523462833259,0.6463157894736843,0.6463157894736843,0.38039667907610797,0.20857584260212378
6vma,0,91.51945139412209,76.02636363636364,84.99478260869567,80.34882352941177,87.44435897435898,83.50282608695652,85.2798780487805,0.6980000000000001,0.625,0.368,0.8112845474916826,0.7640117547646991,0.6934285714285715,0.6934285714285715,0.3715552499936028,0.19977768752282865
2uwe,3,90.28542770167428,76.09530612244897,80.73,75.40333333333334,83.31521739130436,78.18318181818182,80.8672340425532,0.7140000000000001,0.6525,0.357,0.7524685792087441,0.6562897571128599,0.5278571428571429,0.5278571428571429,0.2899247322938918,0.07547746071808605
2uwe,4,90.371301369863,73.56367346938775,78.28016666666666,74.60604166666667,83.71108695652175,77.95863636363636,81.42372340425531,0.7140000000000001,0.645,0.27,0.750133281019046,0.6701171307775181,0.5383333333333333,0.5383333333333333,0.27576293305200533,0.07995154673758095
2uwe,2,90.55063774733637,77.11081632653061,81.5145,76.52333333333333,83.65326086956522,78.05931818181818,81.22553191489361,0.73,0.6725,0.349,0.7825839234326036,0.697086025540454,0.5113333333333334,0.5113333333333334,0.34414765312446144,0.09880442604510634
2uwe,0,90.04392389649924,73.37857142857143,79.20133333333334,75.080625,82.46847826086957,77.30909090909091,79.19478723404255,0.6900000000000001,0.6075,0.333,0.7211309807911152,0.6493967040754566,0.5161702127659574,0.5161702127659574,0.23658770183631575,0.07288886236680604
2uwe,1,90.57375799086758,76.92673469387756,81.11200000000001,78.56437500000001,83.67760869565218,78.36931818181819,81.50106382978721,0.734,0.6825,0.339,0.8091447667409903,0.7131848541405136,0.5140476190476191,0.514047619047619,0.4076381104352184,0.11495283083715094
1qsf,3,93.90684736523319,94.2065909090909,93.95043478260868,95.37440476190477,94.85042553191488,96.09029411764705,93.05126436781612,0.876,0.8925000000000001,0.586,0.9802715688091246,0.9642550485430157,0.789811320754717,0.7898113207547169,0.9193972031438,0.8379921256799643
1qsf,4,93.76076317383404,94.34840909090909,94.18673913043476,95.51773809523809,94.9136170212766,95.9614705882353,92.97149425287355,0.876,0.89,0.595,0.9800284126786117,0.9648351803132071,0.7847169811320754,0.7847169811320754,0.919100556939109,0.8417404498744459
1qsf,2,93.74830708661416,94.23931818181819,94.22804347826089,95.44404761904761,94.77404255319148,95.98852941176472,92.85045977011495,0.874,0.885,0.591,0.9794090713610341,0.9634333651957222,0.7996153846153847,0.7996153846153846,0.916995113113355,0.8353302475504678
1qsf,0,93.82169897032102,93.91886363636362,93.99630434782608,95.34607142857142,94.82468085106386,96.02235294117648,92.87045977011495,0.874,0.885,0.591,0.9787235483377893,0.9623217480015902,0.7907692307692309,0.7907692307692309,0.915280106300645,0.8318044718599846
1qsf,1,93.70162023016354,93.94386363636363,93.8695652173913,95.32011904761904,94.60702127659575,95.87823529411766,92.58298850574711,0.874,0.885,0.589,0.9779103110285126,0.9610126114921335,0.7835185185185184,0.7835185185185186,0.9120368688814947,0.8217020527214763
7na5,0,89.35250920810313,73.97851851851853,85.18422222222225,78.84082191780823,86.12028571428571,76.98321428571428,83.95677083333334,0.588,0.425,0.144,0.6077164254889135,0.6371214442142196,0.47,0.4699999999999999,0.1070618403473353,0.0882919386877285
7na5,1,89.154565684469,74.25185185185185,84.76355555555554,79.93342465753425,85.83057142857143,77.03892857142857,83.38447916666667,0.5740000000000001,0.4025,0.194,0.5572549985238385,0.6022554338309096,0.396,0.396,0.07851486845813327,0.07462297072795208
7na5,4,89.21560006138735,74.00074074074074,84.40488888888889,79.31726027397261,85.96914285714284,76.80607142857141,82.8415625,0.572,0.395,0.197,0.5474033617656116,0.5688944815727857,0.2956,0.29560000000000003,0.07212663574123253,0.06196874162380318
7na5,3,89.35263812154697,74.65666666666667,85.2468888888889,79.5278082191781,86.12485714285714,77.65446428571428,84.01895833333333,0.5900000000000001,0.435,0.143,0.6064706198399985,0.6486999798849522,0.4492857142857143,0.4492857142857143,0.1051822281025449,0.09945723779074364
7na5,2,89.2029312461633,73.43388888888889,85.03422222222223,78.5782191780822,85.04228571428571,75.85696428571428,83.13229166666666,0.564,0.39,0.119,0.5676067041807895,0.5797577714370677,0.43499999999999994,0.43499999999999994,0.07628056824652645,0.06952029774873446
3tpu,4,92.99936730506157,76.46489795918367,95.06619047619047,82.92184210526315,95.05772727272729,94.98846153846152,96.05271428571429,0.78,0.8175,0.382,0.9034861900899656,0.8698240227857135,0.7358064516129031,0.7358064516129031,0.6120320040467636,0.4656440799578601
3tpu,3,92.19541210670315,75.85632653061225,94.32761904761904,79.58486842105265,93.7240909090909,93.74846153846153,95.07385714285715,0.732,0.7775,0.385,0.905213406482444,0.8710457455868253,0.7619999999999999,0.762,0.6196176052927134,0.46605691227147417
3tpu,2,92.94920656634746,78.91938775510204,95.39841269841268,83.64644736842106,95.39522727272725,95.15461538461541,96.29657142857143,0.774,0.815,0.402,0.9217218519043434,0.8981268940373103,0.7327777777777778,0.7327777777777778,0.6688151945288953,0.5488001149129897
3tpu,0,92.50197332421341,73.65775510204082,92.94603174603174,83.28078947368421,94.07977272727273,94.29076923076924,95.35085714285715,0.754,0.7875,0.345,0.9145429072600865,0.9127417659833534,0.8337037037037037,0.8337037037037037,0.5979404354823834,0.5921585015310663
3tpu,1,92.34097469220247,73.5030612244898,94.29666666666667,79.92421052631579,93.77113636363634,93.97615384615384,95.16514285714285,0.732,0.7775,0.38,0.898982658654981,0.8746631092987446,0.7741935483870968,0.7741935483870968,0.5939619546966429,0.48065147302959205
8gvg,0,91.96518624211474,76.88085106382978,90.96301587301588,86.52025641025641,91.56886363636364,92.35607843137255,93.5130188679245,0.8320000000000001,0.835,0.528,0.9538932494775144,0.9042999201838859,0.7474074074074073,0.7474074074074073,0.8025037891088301,0.519252681714387
8gvg,1,92.03057825172723,78.87382978723403,91.39809523809524,86.9496153846154,92.01295454545453,93.72588235294118,93.74679245283019,0.842,0.8475,0.56,0.95765856046781,0.9095114606263951,0.7544444444444443,0.7544444444444445,0.8237342464347769,0.548400244014631
8gvg,4,92.40402673475518,76.3295744680851,91.44920634920634,88.72615384615386,92.46954545454547,94.26352941176472,94.18433962264152,0.858,0.8674999999999999,0.57,0.9681859455279018,0.9301952562450817,0.8074509803921567,0.8074509803921567,0.8598760841817725,0.6287926559537914
8gvg,3,92.39504806248122,77.66595744680852,91.65809523809526,89.08730769230769,93.13681818181817,94.47098039215687,94.25283018867925,0.852,0.8574999999999999,0.563,0.9689180793727057,0.9387095321812255,0.7539622641509433,0.7539622641509434,0.8645462462624656,0.6771630193865444
8gvg,2,92.25010814058275,78.48851063829787,91.16746031746032,86.46371794871793,91.84749999999998,93.5621568627451,93.55094339622642,0.8400000000000001,0.8425,0.531,0.9588313234251586,0.9105307555209428,0.7669230769230768,0.7669230769230769,0.8234566500642609,0.5513946026277069
7ow6,3,91.08328316953316,89.16870967741936,79.65054054054056,84.7668181818182,91.05659574468085,88.9491891891892,90.05895348837208,0.788,0.7825,0.506,0.9293354174179363,0.8880188525711062,0.6945283018867924,0.6945283018867925,0.722504445329408,0.4801670254257701
7ow6,4,91.04374692874693,88.75112903225806,81.84405405405406,84.20454545454544,90.65617021276596,88.41486486486487,89.7046511627907,0.782,0.7775,0.504,0.9242340428439954,0.8748535009528795,0.6598275862068965,0.6598275862068966,0.7053419237023375,0.43051880096904926
7ow6,2,91.34356572481573,89.50500000000001,83.03067567567568,84.98939393939393,91.10765957446809,88.94297297297297,90.10686046511628,0.788,0.785,0.514,0.9334043267857994,0.8898810995926928,0.7087037037037037,0.7087037037037036,0.7355899073217901,0.4883878756707418
7ow6,0,91.37523802211302,89.40967741935485,82.19891891891892,85.13121212121212,91.2557446808511,89.45783783783786,90.3339534883721,0.79,0.79,0.519,0.9342551376419214,0.8896664322655734,0.6622807017543859,0.6622807017543859,0.7443224203394021,0.49049143169472165
7ow6,1,91.09845208845209,89.26258064516131,81.86054054054053,83.82060606060608,91.32106382978726,89.47378378378379,90.21558139534882,0.79,0.785,0.519,0.9326799746947654,0.8917543982284581,0.709,0.709,0.7347193982066544,0.4953794099448421
6zkz,0,90.47434365325077,81.86617021276597,81.31017241379311,84.08739726027397,85.99829787234043,80.90735294117647,82.30945652173911,0.5740000000000001,0.425,0.21,0.36831287602740714,0.4000555830732415,0.4137931034482758,0.4137931034482759,0.02665711789073275,0.02696256294242408
6zkz,1,90.50214860681115,81.04617021276594,81.22948275862069,83.51821917808219,85.62468085106383,81.58500000000001,81.68086956521739,0.5700000000000001,0.4225,0.271,0.3719093729530695,0.38320990905259267,0.36764705882352944,0.36764705882352944,0.026754411153918776,0.023782973810905005
6zkz,3,90.74869969040247,82.85276595744682,82.08482758620688,84.59506849315069,86.21702127659574,81.51676470588235,82.51478260869565,0.6060000000000001,0.4725,0.222,0.4292572843696654,0.4641863513356973,0.41125,0.41125,0.036749417217728966,0.03683853296530036
6zkz,4,90.6780495356037,82.13000000000001,81.98689655172413,83.92876712328766,86.36510638297872,82.34852941176469,82.2836956521739,0.592,0.445,0.208,0.38213803218170667,0.4037623377858466,0.42416666666666664,0.42416666666666664,0.02867850389855405,0.02679636341208819
6zkz,2,90.49320433436532,82.02702127659576,81.33068965517242,84.06178082191781,86.18702127659576,81.17823529411764,82.58097826086957,0.568,0.4175,0.213,0.3487697139591672,0.3873556180264383,0.39437500000000003,0.394375,0.02440047477111967,0.025824159581395358
7nmg,2,90.38996666666667,71.948,80.1678947368421,84.37173333333332,82.89977272727272,85.0105882352941,86.43933333333334,0.664,0.585,0.258,0.6842162778136547,0.70580750393243,0.5488235294117646,0.5488235294117647,0.17037240112185856,0.1485535147137344
7nmg,3,90.29692727272727,71.66177777777777,79.88473684210527,83.556,82.89590909090909,84.79882352941176,85.9756,0.654,0.5725,0.251,0.6493022867457384,0.6916284009676137,0.5079999999999999,0.5079999999999999,0.1350207583671329,0.13465947346982088
7nmg,4,90.5853909090909,72.74733333333333,80.53824561403508,84.69359999999999,83.81750000000001,85.54137254901961,87.27826666666668,0.6799999999999999,0.61,0.303,0.6996751613629553,0.7223229644827596,0.516,0.516,0.18765512010459387,0.1710033466284275
7nmg,1,90.22139696969697,71.14422222222223,79.58438596491227,83.76453333333333,82.24863636363636,84.51196078431371,85.86760000000001,0.64,0.5525,0.234,0.645787695030114,0.6797932574721863,0.546060606060606,0.546060606060606,0.13468393275001553,0.12372470508959063
7nmg,0,90.21811212121213,71.75444444444443,79.59438596491228,83.65266666666668,81.98727272727272,83.17039215686273,85.83159999999998,0.6359999999999999,0.545,0.234,0.6336958282790358,0.6867121575006363,0.5240000000000001,0.5240000000000001,0.11641726258271645,0.12713432003497904
3qeq,2,91.03842153284673,82.047,84.28381818181816,80.5221875,78.9604,77.28217391304348,83.82764705882353,0.67,0.595,0.397,0.7441064415559318,0.7177189216231823,0.5673999999999999,0.5673999999999999,0.24297176867683312,0.14602044572955986
3qeq,4,90.63375152068127,81.07450000000001,82.7721818181818,79.80859375,77.46900000000001,76.86804347826087,82.5544705882353,0.646,0.5525,0.387,0.7011860549323691,0.682027780860964,0.5653703703703703,0.5653703703703704,0.18836785602493117,0.11474447389060374
3qeq,3,91.09815237226276,82.84124999999999,84.9089090909091,81.45046875,79.6792,78.94782608695652,84.72976470588236,0.692,0.625,0.427,0.770797889974217,0.7492792551724446,0.5473076923076923,0.5473076923076923,0.29708582190083566,0.18747503835511634
3qeq,1,90.43116940389294,79.8385,81.8941818181818,78.59765625,76.7486,76.13586956521739,81.5535294117647,0.622,0.52,0.37,0.6813996991106633,0.6695296540539127,0.5601923076923077,0.5601923076923077,0.15987490908488344,0.09968443423837078
3qeq,0,91.13441605839417,82.579,84.97727272727273,79.765625,78.7774,76.36434782608696,83.40517647058824,0.6839999999999999,0.6125,0.402,0.7695343093856749,0.7366931446979108,0.5685714285714286,0.5685714285714285,0.28301857690402704,0.16079643392573423
9iky,1,92.15630112087247,86.26759259259258,87.67891304347826,88.16287499999999,84.3952380952381,83.54756756756755,85.14654761904761,0.754,0.7324999999999999,0.443,0.8622156257368819,0.8656664611449476,0.6804347826086955,0.6804347826086957,0.42222413261798003,0.41727544120542703
9iky,0,92.37242199333535,87.83888888888889,88.66804347826086,89.584,87.43857142857144,86.23837837837839,87.29464285714286,0.774,0.7575000000000001,0.49,0.8751359597537032,0.8830848913399573,0.6923913043478259,0.6923913043478261,0.4772427366843247,0.5000184034648621
9iky,2,92.0491911541957,87.14962962962963,88.1604347826087,88.664625,86.55738095238094,85.67081081081082,85.93023809523811,0.754,0.735,0.453,0.8459298041200265,0.8637691271257638,0.69625,0.69625,0.3929579760487945,0.43348996029384307
9iky,3,92.08920024235081,86.01481481481481,87.89608695652173,87.840125,86.79666666666665,85.43729729729729,86.23321428571428,0.752,0.735,0.419,0.8498960805725995,0.8712046076962012,0.7080952380952381,0.7080952380952381,0.3999737011993896,0.4501706146521272
9iky,4,92.0290351408664,87.3574074074074,88.40565217391304,88.73112499999999,85.91547619047618,85.87486486486488,85.86880952380953,0.76,0.7475,0.445,0.8547981140404148,0.8706515166123304,0.691086956521739,0.6910869565217392,0.41536465735850786,0.45385912076601553
3sjv,0,91.3923774954628,88.38525,85.76371428571429,89.9264406779661,91.73234042553192,90.44891891891889,92.29499999999999,0.844,0.85,0.521,0.9601947556988221,0.9436038082165297,0.7425,0.7425,0.8173712897828049,0.6906519423794161
3sjv,1,91.21706896551724,87.76875,85.34628571428571,89.75169491525426,91.5559574468085,90.04756756756755,92.06666666666668,0.8460000000000001,0.85,0.513,0.9603595542281723,0.9484054123558084,0.7660975609756098,0.7660975609756098,0.8092508364131143,0.694528273350533
3sjv,4,91.27194494857834,88.0815,85.67857142857144,89.60050847457626,91.65361702127662,90.50675675675679,92.06892857142859,0.8379999999999999,0.8400000000000001,0.51,0.9582484606086655,0.9435571391580835,0.7666666666666667,0.7666666666666667,0.8038893740444514,0.682523868992833
3sjv,3,91.25388384754991,87.78375000000001,85.50657142857143,88.85966101694916,91.26978723404254,90.01918918918916,91.65095238095238,0.834,0.8375,0.497,0.9561851836702591,0.9409370705449767,0.78325,0.78325,0.7995135281605559,0.6680847851683954
3sjv,2,91.19361464004841,88.36125,85.53571428571429,89.68627118644068,91.52787234042555,90.1543243243243,92.12071428571427,0.8400000000000001,0.8425,0.509,0.9601760903707339,0.943508054199719,0.7595238095238095,0.7595238095238095,0.8168515651871798,0.6907643054663154
6vm8,0,92.30827140063185,78.21738095238096,87.57444444444444,86.7022619047619,95.70410256410257,93.47,89.08178217821784,0.826,0.8225,0.445,0.9583202131357264,0.9369027695489388,0.8561290322580646,0.8561290322580645,0.8356647916849349,0.6856480376087899
6vm8,1,92.31434331277268,78.07452380952382,87.01539682539683,86.37940476190477,95.41435897435898,92.92956521739129,88.58366336633664,0.8160000000000001,0.8125,0.428,0.9539286504792951,0.9300825617711821,0.85625,0.8562500000000001,0.8193987600013354,0.6622260281618458
6vm8,3,92.34647660598766,78.30119047619048,87.72777777777777,86.65845238095238,95.68948717948719,93.2936956521739,88.9448514851485,0.8220000000000001,0.8200000000000001,0.405,0.9566383411985678,0.9337259240708765,0.8561290322580646,0.8561290322580645,0.8280698873278306,0.6747800691391548
6vm8,4,92.35868060779299,79.58023809523809,87.92460317460318,87.65988095238096,95.80897435897435,93.6086956521739,89.1348514851485,0.8320000000000001,0.835,0.438,0.9668326170355739,0.9504789948931461,0.8580645161290325,0.8580645161290323,0.8645325610940322,0.7414099033697393
6vm8,2,92.64148788927335,79.04714285714286,87.63047619047619,87.58630952380952,95.93410256410257,93.65173913043479,89.36336633663367,0.8320000000000001,0.8325,0.45,0.9638405314082616,0.9468669720479967,0.8531034482758623,0.8531034482758622,0.8561836070631262,0.7308395247745347
7ndt,3,90.80743968034425,74.42111111111112,77.50756756756756,74.79303370786516,85.06916666666667,82.34254901960783,81.8953086419753,0.584,0.445,0.205,0.4627141710187734,0.4411504461123519,0.31121951219512195,0.31121951219512195,0.041394028762248014,0.028095446677409805
7ndt,4,90.07587060089134,68.54851851851852,73.31432432432432,71.38606741573034,80.87111111111112,78.61,79.34037037037038,0.4720000000000001,0.245,0.175,0.28395248387870586,0.28044783968753084,0.09757575757575758,0.09757575757575757,0.016035044944487212,0.01452276020566565
7ndt,2,90.14180267404333,73.68351851851854,77.01567567567568,74.50393258426966,84.105,81.26098039215685,80.56506172839505,0.5519999999999999,0.40249999999999997,0.21,0.42110757821132666,0.4114977877414745,0.2868292682926829,0.2868292682926829,0.031004779671023688,0.02493645526191589
7ndt,0,90.2156277854618,73.28037037037036,76.75162162162164,74.70404494382022,83.79916666666666,81.2570588235294,80.4272839506173,0.554,0.4,0.225,0.4311828944037572,0.4132924770089402,0.28791666666666665,0.28791666666666665,0.0332769306689316,0.025313189618924085
7ndt,1,90.10043337943753,72.84796296296295,75.43540540540539,74.11550561797752,83.3313888888889,80.96254901960785,80.08197530864197,0.528,0.3575,0.186,0.35948457367871695,0.3637771707883463,0.3192105263157895,0.3192105263157895,0.02407795651622459,0.01988562521725363
3qfj,3,94.2224171686747,94.50227272727274,94.43543478260867,96.07666666666667,95.76319148936172,96.4629411764706,93.9696551724138,0.8800000000000001,0.8975,0.611,0.9809982779597916,0.9561902540007701,0.8037931034482759,0.8037931034482759,0.9285723441955598,0.8302015562206767
3qfj,4,94.14392469879519,94.51454545454544,94.46978260869564,95.95285714285716,95.75425531914894,96.35441176470587,93.963908045977,0.884,0.905,0.611,0.9824157100467671,0.9599336660579195,0.8331481481481482,0.8331481481481482,0.9314332738683841,0.8402023853166379
3qfj,2,94.15177560240964,94.15818181818182,94.2586956521739,95.76130952380953,95.66978723404256,96.24411764705881,93.78701149425287,0.8800000000000001,0.9,0.603,0.980856474194054,0.9570433613545464,0.8173684210526316,0.8173684210526316,0.9266517698837747,0.8304235296936093
3qfj,0,94.1638674698795,94.30227272727275,94.32739130434781,96.06,95.73404255319147,96.06882352941177,93.87724137931036,0.884,0.905,0.611,0.9811437379615777,0.9576601661564955,0.849811320754717,0.849811320754717,0.9277432136005985,0.8346759309883123
3qfj,1,94.07951355421686,94.4693181818182,93.8991304347826,95.93714285714286,95.67382978723403,96.28970588235295,93.84563218390804,0.8859999999999999,0.905,0.603,0.9817243314432054,0.957086344648009,0.8331481481481482,0.8331481481481482,0.928607939051216,0.8266649489661525
5xot,2,93.65425213355293,94.53676056338028,90.69716981132075,93.68347222222224,92.4735,87.93702702702703,92.83772277227723,0.8560000000000001,0.865,0.514,0.9794862727265696,0.9615437152620002,0.8380952380952381,0.838095238095238,0.8961329160766806,0.7788674244197291
5xot,4,94.12269351699356,95.29070422535212,92.39698113207547,94.53944444444444,93.20075,88.56810810810812,93.53564356435643,0.8720000000000001,0.8825000000000001,0.489,0.9831419862750953,0.9670488308839652,0.8507894736842104,0.8507894736842104,0.9173568648176794,0.81901447390903
5xot,3,94.09446174577033,95.186338028169,92.33830188679246,94.55000000000001,93.11475,88.25486486486486,93.5510891089109,0.8720000000000001,0.885,0.496,0.9835999526604225,0.9696983835170805,0.8578947368421053,0.8578947368421053,0.9182109862450908,0.8251477277217768
5xot,1,94.03423416679144,95.14408450704225,92.1911320754717,94.37055555555555,93.12899999999999,88.41648648648649,93.49702970297031,0.868,0.875,0.526,0.9816200977179269,0.9657709200903807,0.8388095238095239,0.8388095238095238,0.9106078017526402,0.8116971246717047
5xot,0,93.74807755652044,94.92563380281689,92.05830188679245,93.88708333333335,92.92049999999999,88.40837837837839,93.33970297029703,0.8620000000000001,0.87,0.513,0.9821028738644821,0.9678020100953798,0.8342500000000002,0.8342499999999999,0.9122077559381538,0.8158325692251445
2f54,2,93.3852193645991,95.88659574468085,89.55172413793103,95.25450549450554,96.52659574468085,92.93735294117647,96.62275862068965,0.868,0.8825000000000001,0.627,0.9786348552338271,0.9616849830843185,0.7913725490196077,0.7913725490196079,0.9125509884252865,0.8302321377886009
2f54,3,93.44404538577912,96.04957446808511,89.92396551724138,95.50868131868133,96.69255319148937,93.93617647058824,96.70609195402301,0.868,0.8825000000000001,0.624,0.9786795176097121,0.9622516579562076,0.7964150943396225,0.7964150943396227,0.9134297126577354,0.8366868156084136
2f54,4,93.38242965204236,96.01851063829787,89.71620689655172,95.4836263736264,96.52489361702129,92.92617647058823,96.65770114942528,0.868,0.8875,0.625,0.9790362694484204,0.9628093197608563,0.7822222222222222,0.7822222222222223,0.912596332644342,0.8319718423833349
2f54,1,93.29612254160364,95.79234042553193,89.47465517241379,95.1585714285714,96.55106382978722,93.83588235294118,96.54816091954024,0.868,0.8825000000000001,0.616,0.9785604249466715,0.9599654953589601,0.7968627450980391,0.7968627450980392,0.9133948210701898,0.8263267808045361
2f54,0,93.42064599092284,95.9346808510638,89.6498275862069,95.33241758241758,96.52531914893618,93.30441176470589,96.65080459770114,0.868,0.8825000000000001,0.619,0.9783025958172437,0.9598603689486117,0.776153846153846,0.7761538461538462,0.9112139518588167,0.8225082321849218
1oga,0,92.22486746987951,89.07249999999999,92.11066666666666,85.06950819672133,95.74410256410258,93.31347826086957,92.84147727272727,0.828,0.8275,0.524,0.9501821233818613,0.9184085800014733,0.7404444444444445,0.7404444444444445,0.7830210204068694,0.6001128456617867
1oga,1,92.39422740963856,89.2961111111111,91.60622222222221,91.43295081967214,95.83948717948718,93.40152173913044,93.93545454545456,0.828,0.83,0.566,0.960211933439281,0.9530581355559213,0.8174418604651162,0.8174418604651162,0.8361822740761047,0.7741758763209794
1oga,4,92.29817168674698,89.0977777777778,92.50133333333332,85.10819672131149,95.99051282051282,93.69456521739129,93.40193181818181,0.8320000000000001,0.83,0.534,0.9542964277435435,0.9200808762906418,0.7289361702127659,0.7289361702127659,0.8097029203789184,0.6144320440287337
1oga,3,92.38253614457832,89.20777777777776,91.714,88.33918032786886,95.87589743589743,93.43891304347825,93.25056818181817,0.828,0.8275,0.506,0.9573392328619742,0.9510684854916454,0.8309756097560974,0.8309756097560975,0.8033760915656936,0.7459230115355019
1oga,2,92.2504141566265,88.61833333333331,91.06511111111112,91.78655737704919,95.43846153846154,92.64608695652174,93.4,0.818,0.8200000000000001,0.558,0.9539412564336065,0.9444447088551704,0.7965909090909092,0.7965909090909092,0.8065341987529505,0.7310172671176108
8es8,1,87.78751004553979,75.7246,71.90138461538461,79.57954022988504,80.52837209302325,72.1272,73.10474226804124,0.48599999999999993,0.27,0.279,0.18643165598871453,0.21306805481200453,0.1685714285714286,0.16857142857142857,0.013126829803595665,0.010731818424364041
8es8,0,88.05068443611037,77.05279999999999,72.63246153846153,80.8557471264368,81.06023255813953,73.494,74.22835051546393,0.496,0.28500000000000003,0.254,0.18818496214839575,0.2187858280397393,0.18833333333333335,0.18833333333333335,0.013169882349042605,0.011358573854339953
8es8,2,88.05465845164747,76.382,72.304,80.8216091954023,81.02441860465116,73.262,71.61938144329896,0.49399999999999994,0.28500000000000003,0.275,0.1861396756126935,0.21473293719482311,0.19090909090909092,0.19090909090909092,0.013072651913129403,0.01105205323171407
8es8,3,87.75954058398071,75.62480000000001,71.41107692307692,80.16494252873564,80.48651162790699,73.194,72.19701030927835,0.47000000000000003,0.245,0.289,0.1641489093781689,0.1884711367457032,0.18415094339622648,0.18415094339622645,0.01197037507553712,0.010217533465992128
8es8,4,87.70591347441736,74.6412,69.49215384615384,80.14908045977012,80.07046511627908,72.84140000000001,72.33855670103092,0.442,0.1925,0.227,0.14553409986813134,0.16421225279861987,0.15945454545454546,0.15945454545454546,0.011226475880407625,0.009594910842608379
5d2l,1,89.90082643336977,89.18124999999999,87.66480769230769,90.4428,92.429375,89.1353488372093,88.40158415841583,0.8039999999999999,0.8025,0.453,0.9481168748748096,0.9380864022155598,0.7422857142857142,0.7422857142857142,0.7900059073286247,0.6538667831847091
5d2l,0,89.3857303546321,88.97583333333334,87.5926923076923,90.21946666666666,92.088125,88.53162790697675,87.67465346534652,0.7939999999999999,0.785,0.433,0.9393723406955482,0.9155070283991369,0.7408333333333332,0.7408333333333332,0.7628818935790594,0.5820666485134668
5d2l,2,89.36049679737542,88.59583333333335,87.18173076923078,89.7864,90.33156249999999,86.87348837209302,85.27326732673266,0.782,0.7725,0.427,0.9353943910275538,0.9194593759331904,0.6951515151515152,0.6951515151515152,0.7445010595891004,0.5846023846517164
5d2l,4,89.12975941259178,88.50104166666667,87.21923076923075,89.53213333333333,91.295625,87.78372093023256,86.54346534653463,0.782,0.775,0.408,0.9364601351456147,0.9204487735578601,0.7688571428571429,0.7688571428571428,0.7426583936865916,0.5847092616896771
5d2l,3,89.58406186533354,89.43687499999999,87.80576923076923,90.58200000000001,91.90843749999999,88.67279069767442,87.13188118811883,0.796,0.7925,0.441,0.9462348775031518,0.9323407009611968,0.7484848484848484,0.7484848484848485,0.7807820330071183,0.6354396856581114
4prh,2,86.48296113411915,90.28074999999998,90.59169811320754,92.28500000000001,92.67125,91.10129629629628,89.61746478873238,0.806,0.8500000000000001,0.538,0.9726963714028204,0.9671209099025421,0.7908771929824563,0.7908771929824561,0.823785194323793,0.7781115967945459
4prh,4,86.70284485504938,90.30350000000001,90.82528301886795,92.23833333333334,92.8059375,91.42796296296294,90.19845070422537,0.8019999999999999,0.8475,0.547,0.9741642708325952,0.9619921309053167,0.786140350877193,0.7861403508771929,0.8448861811801397,0.772051760162169
4prh,3,86.36295954125518,89.80375000000001,90.27490566037736,91.77755555555555,92.400625,91.03944444444444,89.60887323943663,0.796,0.8425,0.545,0.9736617973704486,0.9663058879515511,0.8287037037037038,0.8287037037037038,0.8378754662465463,0.7771998327864487
4prh,1,86.00292290538388,90.01599999999999,90.60301886792453,92.04155555555555,92.646875,91.15425925925926,89.92281690140845,0.798,0.845,0.533,0.972583264590191,0.9598294657046611,0.8225454545454547,0.8225454545454547,0.8365249340643317,0.7589224928738453
4prh,0,86.05641127747691,89.88550000000001,90.74641509433961,92.11911111111111,92.96968749999999,91.4959259259259,90.21042253521125,0.8,0.845,0.546,0.9763215740887484,0.9680898600627621,0.8087037037037038,0.8087037037037038,0.8524410184309541,0.7890208056150688
2f53,0,94.23188299817184,96.36,92.19318840579709,95.39956043956043,97.41170212765958,95.92078947368421,96.86103448275863,0.8699999999999999,0.89,0.613,0.9799686200855533,0.9601031712535987,0.8227659574468082,0.8227659574468082,0.9241140630947295,0.8390587252300635
2f53,1,94.13918037781839,96.41021276595744,92.19246376811594,95.4954945054945,97.35659574468086,95.95868421052633,96.88666666666668,0.868,0.885,0.613,0.9800619661066355,0.9598502394855496,0.8258333333333333,0.8258333333333333,0.9257865794149657,0.8421715075706707
2f53,3,94.29096587446679,96.70893617021277,92.3136231884058,95.88329670329674,97.46340425531912,96.1071052631579,97.01310344827587,0.8699999999999999,0.895,0.616,0.9817274875791181,0.9641011561808707,0.8216326530612245,0.8216326530612245,0.9310240569970291,0.85911727673982
2f53,4,94.35099177330896,96.8627659574468,92.68695652173912,95.98945054945052,97.47340425531915,96.24315789473685,97.0583908045977,0.8800000000000001,0.895,0.614,0.9822679487823197,0.9643294396353943,0.8051999999999999,0.8051999999999999,0.9329016321394915,0.8600216183456644
2f53,2,94.3252209018891,96.77957446808512,92.6027536231884,96.0758241758242,97.47212765957448,96.22052631578947,97.00034482758622,0.8699999999999999,0.89,0.628,0.9813145980786765,0.9639832743718689,0.8091836734693879,0.8091836734693877,0.9306798990434663,0.8603366384205774
6vm9,2,91.47101896447923,79.63977272727274,86.12847826086956,82.5090588235294,86.91307692307694,80.55260869565217,85.97670731707318,0.7060000000000001,0.6475,0.403,0.833077573267957,0.7899980048314479,0.6423076923076922,0.6423076923076924,0.433140176367669,0.24153742953310792
6vm9,4,91.66050722456352,77.92613636363636,85.39108695652176,81.89035294117647,87.73256410256411,82.74108695652173,85.6609756097561,0.7060000000000001,0.6425,0.414,0.8263317922979747,0.7853560281523084,0.6735,0.6735,0.41492742132921157,0.23652048416441454
6vm9,3,91.5960626128838,80.20477272727273,85.6195652173913,84.06682352941176,87.78205128205128,83.76456521739131,86.45121951219511,0.726,0.675,0.42,0.8488575589145944,0.8117550790900099,0.6121428571428572,0.6121428571428572,0.4722242243213494,0.28643056223379176
6vm9,1,91.5734151113787,78.56522727272726,85.0613043478261,82.40388235294118,87.99948717948718,83.8786956521739,85.435,0.72,0.66,0.428,0.8368195895844716,0.7893408055838003,0.6453658536585366,0.6453658536585366,0.44231491098098324,0.24402475108374164
6vm9,0,91.64043949428054,79.29795454545454,85.44934782608696,82.73447058823528,87.57615384615384,83.42630434782608,85.21060975609757,0.72,0.66,0.44,0.8340746177078465,0.789582515804014,0.6302325581395348,0.6302325581395349,0.4338734651107789,0.24645523622380047
7ndu,3,91.01609475620975,78.93464285714286,80.32097560975609,69.11782608695653,90.11659090909092,91.30960784313726,80.49738095238094,0.796,0.78,0.307,0.9186340993726982,0.854138642606068,0.622,0.6219999999999999,0.6169147848141793,0.3415173920529703
7ndu,4,91.09442655627107,79.76517857142858,81.31439024390244,69.31695652173913,89.69159090909092,91.25607843137256,78.745,0.79,0.7775,0.34,0.9181474602224918,0.8627840556604814,0.6697142857142857,0.6697142857142856,0.592524760115308,0.3705046214729233
7ndu,2,91.02907543698252,79.73196428571428,81.18609756097561,69.94445652173911,89.59818181818183,90.62686274509802,80.42857142857143,0.792,0.7775,0.384,0.8797213665111423,0.78434332159244,0.5741666666666667,0.5741666666666667,0.5369094609278825,0.1825278079159737
7ndu,0,90.81991413676786,78.49553571428571,80.18121951219513,67.55434782608695,89.15772727272727,90.19980392156863,80.08059523809523,0.778,0.7575,0.315,0.91461207010146,0.8687596157888633,0.7163636363636363,0.7163636363636364,0.5749163404734672,0.39095069773640617
7ndu,1,91.02313554124503,79.25964285714284,80.23536585365854,69.33282608695652,89.83045454545453,90.93882352941176,81.80928571428572,0.7979999999999999,0.78,0.322,0.9317816171788401,0.9023745712108887,0.726774193548387,0.726774193548387,0.6255743890777984,0.4958894368539787
8shi,2,92.20021967821782,79.74081081081083,83.59387096774196,69.42565217391305,88.58148936170213,87.9235294117647,84.70044444444446,0.742,0.685,0.237,0.7360521406843648,0.684663150185718,0.45149999999999996,0.45150000000000007,0.24991482294059963,0.07956088515514659
8shi,4,92.0554656559406,76.99000000000001,81.88709677419355,71.00101449275364,88.75170212765957,87.99735294117647,84.45644444444444,0.728,0.66,0.164,0.8275160295481012,0.8091802688168889,0.5166666666666666,0.5166666666666666,0.41007844728705256,0.26725722380382094
8shi,3,91.80383818069308,77.1227027027027,81.63096774193548,67.28362318840581,88.13148936170214,85.0729411764706,84.51344444444443,0.7,0.6174999999999999,0.146,0.6453696117783362,0.5986506973591418,0.42333333333333334,0.42333333333333334,0.14452289619855715,0.043064769852318656
8shi,1,92.19231126237624,79.27405405405406,83.23887096774196,70.08797101449275,88.6455319148936,87.25147058823529,84.06833333333333,0.73,0.665,0.192,0.7826435051008466,0.7460093946119777,0.5516666666666667,0.5516666666666667,0.3112381662286439,0.14523777304841137
8shi,0,92.30566212871288,79.61513513513513,83.54209677419355,69.57579710144928,89.57191489361702,88.32735294117647,85.68644444444445,0.752,0.6975,0.239,0.7674540486232734,0.7293882260622861,0.4588235294117647,0.45882352941176474,0.30070347124747104,0.10466176821199356
4mvb,1,91.83552926955622,86.82000000000001,95.0847619047619,88.19684210526316,93.10977272727273,89.5879487179487,96.6987142857143,0.8320000000000001,0.8875,0.474,0.9632349576845041,0.9322884977916883,0.8243243243243242,0.8243243243243243,0.8453024607377474,0.6742103272541453
4mvb,0,91.58643412191331,85.68469387755103,94.6679365079365,87.71565789473685,93.4656818181818,90.01153846153845,96.61314285714286,0.828,0.8775,0.489,0.9644590366301754,0.9423768500173111,0.8528571428571428,0.8528571428571429,0.8472009898601597,0.715673728593845
4mvb,2,91.5518874115006,85.00142857142856,94.77444444444443,86.24184210526316,93.16522727272726,89.05692307692308,96.47785714285715,0.8300000000000001,0.8775,0.467,0.963892467217556,0.9406341365187101,0.8815625,0.8815625,0.836252701160018,0.695362538216841
4mvb,4,91.71447418407875,86.84653061224489,94.86126984126983,87.60157894736842,93.61522727272727,89.54948717948717,96.62585714285716,0.836,0.8925000000000001,0.475,0.9685755696869585,0.9464321551659471,0.8547058823529411,0.8547058823529411,0.8561580264537666,0.7164144487710797
4mvb,3,91.7972699015714,85.40979591836735,94.72460317460319,86.75802631578945,93.60431818181816,90.45948717948717,96.6062857142857,0.8300000000000001,0.885,0.479,0.9656370003139138,0.9489014369213744,0.9274193548387096,0.9274193548387096,0.8462230691247042,0.7394282326399391
4ms8,3,92.31315261397641,79.80448979591837,95.66746031746034,84.93855263157894,93.87704545454544,93.35897435897436,95.97914285714285,0.8119999999999999,0.88,0.52,0.9514468212862582,0.9092731208181065,0.7920930232558137,0.792093023255814,0.796872625059129,0.5715480658907729
4ms8,4,91.66216335152262,78.03224489795919,94.73936507936507,84.63250000000001,93.66386363636364,93.55,95.67414285714285,0.792,0.87,0.48,0.9420574413566138,0.8791826697095135,0.7511627906976743,0.7511627906976743,0.7669544610969335,0.4781016192981475
4ms8,2,92.25407146629115,79.69714285714285,95.62555555555555,82.63921052631578,93.99500000000002,94.15025641025643,95.72285714285715,0.818,0.885,0.493,0.9476310021138528,0.8796767337498782,0.7563829787234041,0.7563829787234043,0.7893990793044735,0.47453153557014577
4ms8,0,91.98236402041894,77.95612244897958,95.14999999999998,84.19960526315789,93.9693181818182,93.93538461538462,95.79542857142856,0.808,0.8725,0.485,0.9430988766553322,0.8900702220695319,0.7516666666666667,0.7516666666666667,0.7681494466763517,0.5099822860041509
4ms8,1,92.00352578771344,77.22102040816327,95.24904761904762,83.4121052631579,93.88068181818181,93.7571794871795,95.79842857142859,0.8099999999999999,0.88,0.483,0.9430680150643995,0.8777359139978632,0.7578260869565214,0.7578260869565218,0.7712022641837518,0.46398077307380675
4g9f,4,90.52490822972173,80.81269230769232,75.4646153846154,79.52516949152543,84.44808510638299,83.98911764705883,77.65385542168676,0.6759999999999999,0.6075,0.338,0.7221246129502591,0.7029600957398607,0.4684313725490196,0.4684313725490196,0.1840799344308719,0.10933848423094565
4g9f,3,90.64705595026643,81.19903846153846,75.22892307692308,78.56169491525422,84.24170212765958,84.07411764705883,76.96361445783133,0.6759999999999999,0.605,0.3,0.7029586742825856,0.6911262270796171,0.5239534883720931,0.5239534883720931,0.16759021148696424,0.09984364596546354
4g9f,2,90.4740260509177,80.0748076923077,74.79199999999999,78.82372881355933,84.31489361702128,84.12470588235294,76.71265060240964,0.6719999999999999,0.595,0.305,0.7014754338744874,0.6900696579274328,0.5327500000000001,0.53275,0.16598258249358028,0.09562982788747035
4g9f,0,90.70264061574898,81.46576923076924,75.40661538461539,79.72279661016948,84.79936170212765,84.76,77.48518072289156,0.692,0.63,0.275,0.7327938536567445,0.721634892360245,0.5451219512195121,0.5451219512195121,0.20536448613243893,0.12162830422217884
4g9f,1,90.34928804026052,80.16692307692307,74.11353846153845,78.76762711864407,83.8136170212766,82.70558823529412,76.65277108433736,0.6599999999999999,0.5825,0.348,0.6842088348405629,0.6919048511419247,0.498,0.498,0.1502246425341657,0.10323515247847757
7nmf,2,90.00161802510206,72.27488888888888,79.09631578947368,83.19626666666666,80.18681818181818,81.68078431372548,84.76786666666666,0.63,0.505,0.279,0.5853152859891665,0.5954046700064053,0.48483870967741943,0.4848387096774194,0.09889387826154761,0.07615628556124532
7nmf,3,90.4264887343112,74.22333333333333,80.2240350877193,83.98893333333334,82.19295454545454,84.09862745098039,86.06146666666667,0.666,0.5675,0.332,0.6089822135777645,0.6438141056757093,0.45474999999999993,0.45474999999999993,0.12093644498201778,0.10415295728253678
7nmf,4,89.95235747769544,72.52444444444446,79.21754385964911,82.96826666666666,80.44227272727272,82.00901960784314,85.0476,0.634,0.5175000000000001,0.259,0.5868866654871581,0.6132679842995885,0.4586111111111111,0.45861111111111114,0.10017536454776052,0.08506561596351625
7nmf,1,90.13105398457584,72.86044444444444,79.25947368421052,83.22853333333335,81.23772727272727,82.87588235294118,85.32186666666666,0.642,0.5225,0.253,0.6032310587701532,0.6159854385049488,0.4720689655172415,0.47206896551724137,0.11001141794763923,0.08573022354645728
7nmf,0,90.07523967941934,72.7491111111111,79.6161403508772,83.44173333333333,80.22409090909092,82.40666666666668,85.26146666666669,0.642,0.53,0.262,0.6000408906420005,0.6217351452457623,0.46861111111111103,0.46861111111111114,0.10914937044977954,0.09180920342907307
8rro,0,91.08129651860745,67.64017543859649,85.70163636363637,67.14440476190477,82.61178571428572,77.83499999999998,82.15184782608694,0.5940000000000001,0.47750000000000004,0.321,0.5178100338180757,0.5552301039128494,0.3946428571428572,0.3946428571428572,0.052726230056634356,0.04437406415660977
8rro,1,91.23591386554622,68.09280701754386,85.6741818181818,67.74142857142859,82.95767857142856,78.87340909090909,82.25032608695653,0.6060000000000001,0.5,0.335,0.5464862776075325,0.5707574977215345,0.3955932203389831,0.39559322033898303,0.06312151474594105,0.048825199796315395
8rro,4,91.44177821128451,68.01561403508772,86.05254545454547,67.99392857142855,84.06071428571428,80.20340909090909,83.89717391304347,0.638,0.545,0.313,0.6044676392934099,0.6199041448260145,0.40192307692307694,0.40192307692307705,0.0882582787679848,0.06833715179891019
8rro,3,91.19138955582234,68.06157894736843,85.85054545454548,67.61857142857144,82.79982142857143,78.85136363636364,82.23423913043479,0.5940000000000001,0.4825,0.301,0.5184839576209772,0.5601607559943748,0.40033898305084753,0.40033898305084753,0.05344140662065604,0.04590990342956172
8rro,2,91.16871398559425,66.96771929824561,85.49618181818182,66.71392857142855,82.69035714285714,78.92454545454547,82.22413043478261,0.602,0.49,0.268,0.5304928776319038,0.5718448815186613,0.39865384615384614,0.39865384615384625,0.054737691163578434,0.04993113766295267
6vm7,1,91.98047039374813,79.06809523809522,87.80396825396825,87.1452380952381,95.40153846153846,92.86108695652173,88.88346534653466,0.826,0.825,0.449,0.9598365056216149,0.9391818091264098,0.8584848484848484,0.8584848484848484,0.8377824382517123,0.6964569311418713
6vm7,0,91.82298467087466,78.55499999999999,87.3811111111111,86.14678571428571,95.16871794871795,93.11195652173912,88.07712871287127,0.818,0.815,0.427,0.9520805834971495,0.9312545343176153,0.855625,0.8556250000000001,0.8100464525922817,0.6528685665621953
6vm7,2,91.79817853922452,77.97690476190476,87.19238095238096,86.84416666666667,95.29999999999998,92.7573913043478,88.67950495049506,0.8160000000000001,0.8175,0.425,0.9566374050436726,0.9340271104192553,0.8533333333333333,0.8533333333333334,0.8256782409917247,0.6725552508352234
6vm7,4,91.72727532311393,77.82857142857142,86.46968253968251,86.30845238095237,95.16512820512821,93.00195652173913,88.15950495049503,0.8160000000000001,0.815,0.426,0.955905905095053,0.9348460271196777,0.8556666666666666,0.8556666666666667,0.8256860927583985,0.6749859010931216
6vm7,3,91.68420799519086,77.78285714285714,87.06920634920635,86.10309523809525,95.21205128205128,93.05760869565216,88.16871287128711,0.8140000000000001,0.81,0.441,0.9527941918497599,0.9301000676430171,0.8553333333333334,0.8553333333333334,0.8146900273049548,0.6547703103386199
2gj6,0,94.06436075471699,94.25727272727272,94.20717391304348,95.57595238095239,95.37000000000003,95.79176470588236,93.23862068965518,0.876,0.89,0.593,0.9762609010656432,0.9567055947026896,0.8237254901960782,0.8237254901960784,0.9034592707990098,0.8149305201148489
2gj6,1,93.98280754716981,94.1359090909091,94.30347826086958,95.34511904761905,95.4927659574468,96.04970588235294,93.1867816091954,0.876,0.8875,0.599,0.97568740758962,0.9525625704260294,0.7825925925925924,0.7825925925925925,0.9020634169385816,0.8023976424777667
2gj6,4,94.16635924528302,94.32272727272726,94.51804347826086,95.83904761904762,95.74106382978721,96.61441176470588,93.51620689655171,0.876,0.8875,0.611,0.9774424316994592,0.9566513610060947,0.8098113207547168,0.8098113207547168,0.91222093889705,0.8277591201606116
2gj6,3,94.0963758490566,94.28818181818183,94.24239130434783,95.32630952380953,95.43446808510636,96.16617647058824,93.34494252873563,0.876,0.8875,0.596,0.9757071712512427,0.9518063314808278,0.7856363636363636,0.7856363636363637,0.9026349434618516,0.802935089509487
2gj6,2,94.19060679245284,94.23568181818182,94.35391304347826,95.7825,95.7140425531915,96.48588235294118,93.65091954022989,0.876,0.885,0.603,0.9766491659325617,0.9545853929232911,0.7996296296296295,0.7996296296296296,0.9095557963654103,0.8185502651714534
4jff,3,92.36200722782714,91.50636363636363,91.68549019607843,95.75645161290322,95.15549999999999,96.98150000000001,96.01458333333333,0.89,0.91,0.642,0.9844246186432438,0.9774548678761635,0.9101612903225806,0.9101612903225808,0.937616630267084,0.8985175509760832
4jff,4,92.18600210811624,91.16454545454546,91.50882352941176,95.5858064516129,94.98525,96.75875,95.71239583333333,0.892,0.91,0.637,0.9847144418461408,0.9772822644233424,0.9101612903225806,0.9101612903225808,0.9368424500397271,0.8925148866356406
4jff,2,92.15928474627316,92.17295454545454,91.87862745098039,95.61322580645161,94.78699999999999,96.58925,95.62968749999999,0.882,0.9,0.64,0.983446128237065,0.9749632671880272,0.9026984126984128,0.9026984126984127,0.9339039161538765,0.8879589763084959
4jff,0,92.30388194549013,91.97749999999999,92.03215686274511,95.74112903225806,95.02374999999999,96.7475,95.88864583333333,0.892,0.91,0.636,0.9851654566863127,0.9781538800715923,0.9115873015873016,0.9115873015873016,0.9385832389321678,0.8981600869744851
4jff,1,92.16417105857552,92.22545454545455,91.69764705882353,95.63274193548386,94.836,96.68424999999999,95.78145833333333,0.8880000000000001,0.9025000000000001,0.645,0.9839905426179254,0.9758751819257709,0.9024193548387097,0.9024193548387096,0.9352498338288715,0.8918617242193746
6p64,3,91.2049736485469,81.79616666666668,62.77600000000001,88.60963855421687,87.22588235294117,85.24204081632652,85.78307692307692,0.748,0.7175,0.339,0.9009677013063598,0.8824974594720855,0.6710714285714284,0.6710714285714285,0.5854993293508816,0.43208382915379395
6p64,4,91.32112934798975,83.16383333333333,67.96285714285715,88.98578313253013,87.46323529411764,85.59428571428572,86.50923076923077,0.76,0.7325,0.318,0.9184868633977393,0.9104960229960115,0.7375000000000002,0.7375000000000002,0.6539944282064161,0.5167440103378812
6p64,2,91.00062791748232,82.18266666666666,64.22971428571428,88.09674698795182,87.12029411764708,85.14489795918368,85.87208791208792,0.74,0.7075,0.338,0.9130756816067476,0.9026657002186695,0.7091999999999998,0.7092,0.6468591292681659,0.4833479314200917
6p64,0,91.13503689203434,82.99066666666667,66.00571428571428,88.72132530120481,86.81970588235293,84.45489795918367,85.51857142857143,0.756,0.7275,0.379,0.909901253013548,0.8936438270793802,0.7089655172413791,0.7089655172413791,0.6223341170963752,0.4568457314368899
6p64,1,90.84249962355068,81.54683333333334,65.734,88.22325301204819,86.9014705882353,85.20163265306122,85.9954945054945,0.744,0.7175,0.353,0.9069125625597747,0.8873571828150449,0.6707142857142856,0.6707142857142855,0.612218869538779,0.44151136713201383
4ftv,1,93.70385553047404,93.53999999999998,93.73347826086957,95.63261904761906,96.31297872340426,96.3485294117647,96.28949999999999,0.8859999999999999,0.9025,0.617,0.9855445533544802,0.9834361468328682,0.8382456140350876,0.8382456140350878,0.9413609233602221,0.9229862052941927
4ftv,0,93.80008126410836,93.27227272727272,93.48391304347824,95.21130952380952,96.11914893617018,96.29794117647059,95.99009999999998,0.884,0.9,0.609,0.9838320595812735,0.9812501642612512,0.8487272727272729,0.8487272727272726,0.9354224114373326,0.9116157032102247
4ftv,2,93.82796839729119,92.14386363636362,93.44891304347827,95.12142857142858,96.10127659574466,95.80794117647058,95.85599999999998,0.8779999999999999,0.9,0.606,0.9840332618882199,0.9810720950574388,0.8522641509433962,0.8522641509433961,0.9342847620992458,0.9091361698631568
4ftv,3,93.83672987208426,93.3584090909091,94.005,95.72666666666666,96.36063829787231,96.49235294117648,96.32289999999999,0.8859999999999999,0.9025,0.608,0.9859259822410723,0.9837431002561665,0.83,0.83,0.9424700787865241,0.9242988367711809
4ftv,4,93.81161474793079,93.43113636363636,93.58760869565216,95.67369047619047,96.27042553191491,96.32529411764705,96.08500000000002,0.882,0.9025,0.611,0.9850914256083038,0.9822170136046839,0.8335714285714285,0.8335714285714284,0.9400924879312127,0.9176574124948595
5c08,1,93.10875509895754,93.39235294117647,85.56232558139534,96.41764705882353,97.05325,95.56244897959182,95.51416666666667,0.874,0.895,0.472,0.9788527971973883,0.9789560071784151,0.8623076923076922,0.8623076923076923,0.9173299820054561,0.9097104014523384
5c08,0,92.9235428312434,93.1213725490196,85.72930232558139,96.2750588235294,96.98425,95.41102040816325,95.77185185185184,0.8779999999999999,0.895,0.486,0.9799714890764896,0.9810198831616199,0.8764285714285712,0.8764285714285712,0.9216508894645155,0.9138444344642092
5c08,2,93.11572442967216,93.78784313725491,85.89697674418603,96.59364705882354,97.20150000000001,95.7014285714286,95.89296296296297,0.882,0.8975,0.467,0.9805714399490741,0.981297920485216,0.8722222222222222,0.8722222222222222,0.9254555655941403,0.9195032872314102
5c08,3,92.82970841516845,93.6056862745098,86.24,96.46223529411766,97.0325,95.52163265306122,95.92194444444443,0.874,0.8925000000000001,0.474,0.9795458797902777,0.9799600310136778,0.8554838709677418,0.8554838709677418,0.9224448205225245,0.9142653838091332
5c08,4,93.17383743767941,93.65745098039217,86.14209302325581,96.42047058823529,97.006,95.21857142857142,95.60953703703704,0.874,0.895,0.471,0.978473983869598,0.9789039931849861,0.8755172413793102,0.8755172413793102,0.9168394552169752,0.9105644114426009
6eqb,1,92.30267019667171,90.27999999999999,90.76725490196078,94.74,95.73025000000001,97.21549999999999,95.16333333333334,0.882,0.895,0.639,0.9792160521419674,0.9695024775177868,0.8910526315789474,0.8910526315789473,0.9057295626337326,0.8559365833473526
6eqb,0,92.09141301059002,90.02499999999999,90.33039215686273,94.4317741935484,95.58250000000001,97.11524999999999,94.97291666666668,0.876,0.8925000000000001,0.651,0.9782143864533666,0.9678056132116856,0.9226785714285715,0.9226785714285715,0.9009520730694992,0.84552831750845
6eqb,2,92.40222692889562,89.90568181818182,90.71960784313725,94.79387096774192,95.75925,97.34225,95.04229166666669,0.89,0.905,0.642,0.9802707924976469,0.9719151874663697,0.9226785714285715,0.9226785714285715,0.9062387501567296,0.8572700413138173
6eqb,3,92.26991981845688,90.01204545454547,90.43666666666668,94.58629032258065,95.66324999999999,97.23499999999999,95.034375,0.8800000000000001,0.895,0.648,0.9790530260274557,0.9691411594972095,0.9070175438596492,0.9070175438596491,0.903520758074148,0.850544847168766
6eqb,4,92.31623298033284,90.54840909090909,90.65745098039217,94.61887096774197,95.737,97.20700000000001,95.15270833333334,0.8779999999999999,0.895,0.651,0.9792479567167894,0.9691160338222234,0.9070175438596492,0.9070175438596491,0.9069540739351293,0.8536296848356301
6rpb,4,91.34884621270083,73.6531818181818,80.84934782608696,78.07546666666667,81.01851063829787,77.38529411764705,77.13725274725275,0.5,0.28,0.151,0.32063161792191264,0.3455799286854261,0.2672727272727273,0.2672727272727273,0.019954862033623566,0.019664929767477107
6rpb,3,91.36427084927314,73.98136363636364,81.19326086956521,78.154,81.54936170212764,78.60794117647059,77.54175824175825,0.52,0.315,0.184,0.3673025851357307,0.37978672534260327,0.2624,0.2624,0.025405114646070162,0.022606612853916585
6rpb,2,91.4173817903596,73.14272727272727,78.90934782608694,77.66306666666667,80.71361702127659,78.04794117647059,76.80901098901099,0.496,0.2625,0.113,0.3381176789991562,0.32992890586276635,0.17789473684210524,0.17789473684210527,0.021913533539399555,0.01965206297652484
6rpb,0,91.484986993114,73.18840909090909,79.53652173913044,78.13439999999999,81.2787234042553,79.09470588235295,77.00098901098902,0.51,0.29500000000000004,0.146,0.3026251520701259,0.33483109601180117,0.26269230769230767,0.26269230769230767,0.0201072227495791,0.016852601810418467
6rpb,1,91.21344605967866,71.63227272727272,79.59347826086956,77.4936,80.48191489361702,76.6208823529412,76.43131868131869,0.492,0.265,0.137,0.3060704687611744,0.31464110015635927,0.2634782608695652,0.2634782608695653,0.019294373356345478,0.01676159259700112
4jrx,2,94.1898898153663,92.46984375,84.71571428571428,96.26627659574464,95.5275,92.16,94.69793650793649,0.8720000000000001,0.8875,0.603,0.979903628602974,0.9800817346523274,0.854468085106383,0.854468085106383,0.9171942957250254,0.905524584518383
4jrx,4,94.31023823704587,92.59796875,84.58471428571428,96.47063829787236,95.727,92.59864864864865,94.9626984126984,0.8800000000000001,0.8975,0.609,0.9824143098763795,0.9824727064122777,0.8572916666666667,0.8572916666666668,0.9246288412126665,0.9131908202621943
4jrx,3,94.03624032162001,92.26875000000001,83.5382857142857,96.22617021276598,95.57050000000001,92.42675675675677,94.53666666666669,0.8699999999999999,0.8875,0.604,0.979794943695425,0.9795724972939743,0.8258823529411764,0.8258823529411764,0.9147417932120935,0.9020587258977001
4jrx,1,94.09476771888028,92.33875,84.94342857142857,96.2141489361702,95.125,91.89918918918919,93.90523809523809,0.868,0.8875,0.592,0.9778620113900509,0.977460206408304,0.8849999999999998,0.8849999999999999,0.906377497753513,0.8887830060417924
4jrx,0,94.05395324597974,92.466875,85.03285714285715,96.28861702127656,95.394,92.18945945945947,94.59857142857143,0.8640000000000001,0.885,0.606,0.9789160990179834,0.9789986492864101,0.854468085106383,0.854468085106383,0.9138882672873722,0.9018183996119907
5ivx,1,91.16012349443513,88.03479999999999,89.79038461538464,77.37314606741573,89.03175000000002,86.09,91.32794520547945,0.75,0.755,0.475,0.918135758307313,0.8589372800632357,0.7028260869565217,0.7028260869565218,0.6580858464432874,0.34991122479359493
5ivx,0,91.18051074858973,87.4206,89.58634615384616,76.35303370786517,88.65475,84.87085106382979,91.01397260273973,0.74,0.745,0.464,0.9086817821363015,0.8489982713582988,0.7102380952380952,0.7102380952380952,0.6138878531456671,0.3355886864219831
5ivx,2,90.77669004421406,87.55659999999997,89.02692307692307,77.70483146067416,87.634,84.1336170212766,90.58041095890411,0.728,0.735,0.476,0.911948618522602,0.8401049607442741,0.6573076923076923,0.6573076923076923,0.6271356615305764,0.3018954355350378
5ivx,4,91.18462875438328,86.89900000000002,89.4825,74.20932584269663,88.864,85.59212765957447,90.73520547945206,0.738,0.7375,0.429,0.9064053873721297,0.8449177401253508,0.7653488372093024,0.7653488372093024,0.6071694501925249,0.31017734156289417
5ivx,3,90.80557249580728,85.4566,88.30173076923076,74.09325842696629,86.06,83.45702127659574,89.32479452054794,0.716,0.7075,0.473,0.8934059340653224,0.8149550884627094,0.6892307692307693,0.6892307692307694,0.5482185533715908,0.23911533416307496
8rlv,2,92.71896578298397,91.08785714285715,94.95979166666666,93.08011904761904,93.83102040816325,94.28277777777777,94.91725274725275,0.86,0.875,0.517,0.977186493008203,0.9727980956880229,0.8826086956521738,0.8826086956521738,0.904785007416533,0.8681108158249667
8rlv,3,92.69821979038225,91.06357142857144,94.37562500000001,93.01761904761905,93.80306122448981,94.34527777777778,94.85263736263737,0.866,0.8775,0.515,0.9774540585431982,0.9739056174400728,0.8827272727272727,0.8827272727272725,0.905415003272207,0.8746373284368661
8rlv,4,92.69855733662145,90.99785714285716,94.9775,93.15761904761905,93.7069387755102,94.59916666666668,94.94758241758241,0.868,0.88,0.491,0.9771852821930107,0.973159057864864,0.8795833333333333,0.8795833333333333,0.9034033936759217,0.8694391430174543
8rlv,1,92.71808415536375,91.00309523809526,95.14791666666667,92.88976190476191,93.96775510204081,94.4075,95.08241758241758,0.866,0.88,0.512,0.9781609323481224,0.9743559769356428,0.8839130434782606,0.8839130434782606,0.9079166242600406,0.8756657435365471
8rlv,0,92.68905672009863,90.79333333333334,94.97770833333334,92.76035714285715,93.87816326530614,94.20249999999999,95.13758241758242,0.86,0.87,0.516,0.9765269423471592,0.9709542607007827,0.8850000000000001,0.8850000000000001,0.9019287205187827,0.8613559072469773
8wul,4,92.05837209302325,81.35092592592594,87.40891304347826,87.6340243902439,90.85714285714286,87.02963636363634,88.16226190476189,0.72,0.6725,0.427,0.8017070814684224,0.8129326587169359,0.6438095238095238,0.6438095238095238,0.3044662380646079,0.2859100339164299
8wul,3,91.9733728734197,80.36925925925925,87.30065217391304,86.59280487804878,90.50514285714286,86.40254545454545,87.69119047619049,0.7,0.645,0.427,0.770935073625926,0.7884086244152165,0.6677272727272727,0.6677272727272728,0.2502463404624502,0.2440984598452817
8wul,2,92.09954893085688,80.55277777777776,87.96804347826087,86.65195121951221,91.27857142857142,86.73636363636362,88.22321428571428,0.712,0.665,0.422,0.7865985714034431,0.8021673392951167,0.6344444444444444,0.6344444444444445,0.2776893762349421,0.26567950770470355
8wul,0,91.99236304042452,80.2087037037037,87.0804347826087,86.9710975609756,91.37228571428571,87.64,88.53190476190477,0.71,0.66,0.422,0.7851127389540487,0.8094719233302685,0.6745238095238095,0.6745238095238095,0.2749357818459543,0.28220795393586745
8wul,1,92.1289761198689,80.88092592592592,88.20586956521741,87.65768292682927,90.99999999999999,86.59654545454546,88.26619047619049,0.72,0.6775,0.423,0.8002583935607734,0.8161024059903175,0.624,0.624,0.29855559525498665,0.29622545079724366
2bnq,1,94.04756263205554,95.32297872340426,90.07379310344827,94.88593406593408,97.19680851063832,93.9014705882353,96.86758620689655,0.8720000000000001,0.8925000000000001,0.629,0.9772616764560429,0.9562078929367163,0.791730769230769,0.7917307692307691,0.9138078080662461,0.8190539372143699
2bnq,0,93.84786900090552,94.69276595744684,89.19551724137933,94.62065934065933,97.21021276595745,95.60470588235293,96.57471264367815,0.866,0.88,0.627,0.9744751732291108,0.942515127451617,0.7692307692307689,0.769230769230769,0.9078226614139061,0.7741634918588206
2bnq,2,93.78756565046785,95.11085106382978,89.63534482758621,94.54615384615386,97.0355319148936,92.71999999999998,96.70321839080461,0.8699999999999999,0.8825000000000001,0.617,0.9752458685001042,0.9524514845749391,0.8074509803921567,0.8074509803921569,0.9074738223390066,0.8019509356349532
2bnq,3,93.87178388167823,95.04297872340423,89.83172413793103,94.64703296703296,97.11382978723407,94.79823529411765,96.69011494252875,0.868,0.8825000000000001,0.628,0.9751649248460403,0.9491585365892725,0.7976923076923075,0.7976923076923075,0.9082985330148425,0.7971714636050535
2bnq,4,93.86166012677332,94.65702127659571,89.3698275862069,93.77681318681321,97.07255319148936,95.1435294117647,96.5032183908046,0.8619999999999999,0.8775,0.612,0.9721706452534228,0.9384645395218392,0.7960784313725489,0.7960784313725491,0.9001021710032622,0.7530299474897243
9gv6,0,90.19238182094544,68.23418181818182,72.90525,61.63716216216217,79.31935483870969,72.21145833333334,78.58375,0.524,0.3225,0.158,0.383918077811587,0.4032952285911115,0.2085,0.2085,0.02842185486060704,0.01743029653223634
9gv6,1,90.04875664994681,68.4,72.81325000000001,66.36486486486487,78.62806451612904,73.17979166666667,76.75990384615385,0.48599999999999993,0.2525,0.104,0.3102135397134589,0.32355581378778986,0.178,0.17800000000000002,0.019831406358478892,0.013989917400954177
9gv6,3,90.4552044383645,70.62036363636362,73.327,68.51986486486487,80.0893548387097,73.35125,78.08461538461538,0.532,0.3175,0.113,0.3463781335351095,0.3782055040542187,0.17842105263157895,0.1784210526315789,0.022925733817042746,0.017074096545204583
9gv6,4,90.17446724426203,69.37109090909092,72.46375,64.16783783783784,79.73709677419355,74.21041666666666,78.62538461538462,0.528,0.32,0.181,0.38949690916269175,0.3934139460886262,0.2165384615384615,0.21653846153846157,0.02858910220552978,0.017089070575707008
9gv6,2,90.19938744490044,69.97545454545455,73.62174999999999,64.80202702702704,79.25322580645162,72.74729166666667,78.46076923076923,0.522,0.31,0.154,0.3733565154722122,0.4050047480597055,0.22794871794871802,0.22794871794871796,0.026289018107430992,0.017999516347912553
5m00,2,92.52635749385749,95.95211538461538,94.99230769230772,95.30906666666665,95.6163043478261,94.805,95.49761904761905,0.8539999999999999,0.87,0.528,0.9775414523396334,0.9473097814863183,0.8161904761904762,0.8161904761904762,0.9216808437732598,0.8213317157969631
5m00,3,92.5182585995086,96.12673076923073,94.78846153846153,95.41626666666666,95.49065217391302,94.75113636363635,95.61869047619048,0.8539999999999999,0.87,0.541,0.976662734285213,0.9498699253210164,0.7914634146341463,0.7914634146341464,0.918874773895916,0.8260158056140338
5m00,4,92.71193028255527,96.19249999999998,95.0453846153846,95.43173333333333,95.51478260869565,94.85681818181818,95.59011904761904,0.8539999999999999,0.87,0.526,0.9769598114888667,0.9496391366591009,0.7914634146341463,0.7914634146341464,0.9196100349932,0.8250595668502396
5m00,1,92.68794686732187,96.22461538461539,94.94057692307693,95.532,95.66434782608697,94.82999999999998,95.76011904761904,0.8539999999999999,0.87,0.534,0.9771696947392355,0.9520755197637124,0.7981395348837209,0.7981395348837209,0.9204084734512518,0.8348346675122503
5m00,0,92.8526980958231,96.35307692307691,95.25057692307692,95.6436,95.9145652173913,94.68454545454546,95.98702380952382,0.86,0.8775,0.536,0.9798622191549271,0.956209366104918,0.8161904761904762,0.8161904761904762,0.9278665026576491,0.8478604374556726
5c0a,3,91.54193558007753,90.74686274509804,82.11255813953488,94.092,94.881,91.85877551020408,93.17962962962963,0.8320000000000001,0.845,0.393,0.9605820158885918,0.9635818975945571,0.8271999999999999,0.8271999999999999,0.8444221047869623,0.8204180254888879
5c0a,4,91.6168580375783,91.4470588235294,82.73883720930233,94.70117647058824,95.43050000000001,93.08387755102041,93.76842592592592,0.842,0.86,0.421,0.9652559706045741,0.9695080569862503,0.835,0.835,0.8675825773146649,0.8531118275466927
5c0a,2,91.50768416343573,91.40372549019608,83.63976744186046,94.59364705882352,95.42025,92.99836734693878,93.6697222222222,0.842,0.86,0.429,0.9645641035058627,0.9682212532267261,0.8241666666666667,0.8241666666666667,0.8656176096213173,0.8496113915046888
5c0a,0,91.58430659111244,91.29745098039216,83.14697674418606,94.5584705882353,95.29675,92.98408163265304,93.73796296296295,0.842,0.86,0.419,0.9645674708495465,0.9688476484381119,0.8271999999999999,0.8271999999999999,0.8647729193299862,0.8489472911700672
5c0a,1,91.52709662988369,91.37058823529415,83.27651162790697,94.52141176470587,95.35974999999999,92.78020408163265,93.57027777777778,0.844,0.86,0.428,0.9659368012486916,0.9697618226312967,0.7936000000000001,0.7936,0.8692438784907356,0.8520109885348147
5eu6,2,91.7627833031947,82.62595744680851,82.46982758620689,76.7221111111111,92.601875,89.23925,87.79574712643677,0.736,0.69,0.421,0.8347841393868628,0.8081638506467099,0.5916981132075471,0.5916981132075471,0.41449276051509454,0.2600362664162291
5eu6,3,91.6184614225437,83.10531914893618,82.40224137931034,77.7038888888889,91.979375,88.285,87.48885057471264,0.726,0.675,0.445,0.8321951062841197,0.809694077846943,0.6125454545454546,0.6125454545454545,0.399615192318696,0.2601727697282656
5eu6,4,91.77903707052441,82.71659574468086,82.57448275862069,76.97044444444444,92.4675,88.85575000000001,87.84264367816091,0.732,0.6799999999999999,0.431,0.8346420866141804,0.8129980444090065,0.6029411764705882,0.6029411764705882,0.3960879826984747,0.2696193776665666
5eu6,1,91.89943942133816,83.74319148936169,83.5206896551724,77.76622222222223,93.4459375,90.763,89.95781609195402,0.76,0.725,0.5,0.8536309023482305,0.8124098451414441,0.5737704918032787,0.5737704918032787,0.476896169447064,0.2672783035337
5eu6,0,91.65338004822182,83.37191489361702,82.8156896551724,76.88233333333332,92.1296875,88.9475,88.22344827586208,0.738,0.6925,0.476,0.8313903999478488,0.8001149272477106,0.605,0.6050000000000001,0.4058537639720961,0.24400027745536404
5c07,1,93.04739065754241,93.59372549019608,86.04186046511627,96.4574117647059,96.47775,94.92469387755102,95.32657407407407,0.8800000000000001,0.8975,0.467,0.9790060435293306,0.9800878143268126,0.8373333333333334,0.8373333333333332,0.9156677154335112,0.9099212665692982
5c07,0,92.74575572746205,93.49509803921566,85.33534883720931,96.41717647058823,96.4,94.87734693877553,95.1725,0.8720000000000001,0.89,0.467,0.9783240489333266,0.9791397120483664,0.814,0.8139999999999998,0.9148717045700433,0.9077537322616487
5c07,2,92.99259297828027,94.05627450980391,85.94883720930233,96.72317647058824,96.6695,95.25367346938775,95.39231481481482,0.8800000000000001,0.895,0.478,0.9794387587827541,0.9805597780332259,0.8310714285714286,0.8310714285714285,0.919103387572009,0.9154521157511377
5c07,4,93.13682981255579,93.67980392156863,85.10348837209303,96.60658823529414,96.42075,94.90877551020408,95.17509259259259,0.8720000000000001,0.89,0.46,0.9779608423361962,0.9782019583869072,0.787741935483871,0.7877419354838707,0.9146931316948436,0.906487401929296
5c07,3,92.79672567688188,93.63862745098041,85.93604651162791,96.55623529411766,96.5595,94.93326530612244,95.29555555555554,0.8699999999999999,0.895,0.46,0.978041544412393,0.9787328180154875,0.787741935483871,0.7877419354838707,0.9152766727814446,0.90814996420089
4jry,3,91.76578970917225,79.95102564102565,88.83760869565216,74.30426666666668,88.01742857142858,87.73166666666665,79.0295744680851,0.746,0.69,0.359,0.8213697586324696,0.7645489495331742,0.5857142857142857,0.5857142857142857,0.4028149506260661,0.1861794688946706
4jry,4,91.85222371364654,80.30358974358975,88.6317391304348,75.37279999999998,88.90085714285715,87.70266666666666,80.10904255319149,0.75,0.6925,0.447,0.8282574795861388,0.7581325959591162,0.505,0.505,0.4049929603797678,0.1808393936252948
4jry,2,91.76978523489933,80.1448717948718,87.97826086956523,73.3044,88.43371428571429,87.78966666666666,79.47436170212767,0.748,0.6950000000000001,0.386,0.8043941986278836,0.7459516332340762,0.5333333333333333,0.5333333333333333,0.358536896623006,0.1542177283969446
4jry,0,91.8171976137211,78.61615384615384,87.51978260869564,75.02413333333332,88.50257142857143,87.73233333333334,79.39127659574469,0.738,0.675,0.392,0.793829599247819,0.7342735993663844,0.5375,0.5375,0.3306233245360894,0.14616286286166658
4jry,1,91.55127069351231,79.39179487179487,86.055,74.5456,87.59457142857143,85.88100000000001,77.88574468085108,0.71,0.6225,0.384,0.7420471873136996,0.6921961004516342,0.5312,0.5312,0.23958902952325173,0.1081115264715615
2p5w,3,94.75841591706052,97.12340425531916,92.0603076923077,97.68030303030304,97.79702127659574,97.04921052631578,97.40511363636364,0.8939999999999999,0.91,0.596,0.985891928933002,0.9829632091079668,0.8195744680851066,0.8195744680851065,0.9442120884196629,0.927570403940167
2p5w,4,94.62218783351122,97.0572340425532,91.7413846153846,97.65828282828284,97.67574468085103,96.33368421052633,97.30193181818181,0.8859999999999999,0.9025,0.594,0.9847796976680527,0.981578752686897,0.823125,0.8231250000000001,0.941108671365629,0.9235887332725746
2p5w,2,94.67385881994205,96.76702127659577,91.45569230769232,97.62616161616164,97.78702127659574,97.00236842105264,97.38295454545455,0.8939999999999999,0.91,0.599,0.9860941642947268,0.9828278110725145,0.8269387755102041,0.8269387755102041,0.9450446780138834,0.9274865367100763
2p5w,0,94.74480713523403,97.09148936170212,92.01276923076924,97.65353535353535,97.77468085106385,97.10342105263157,97.3215909090909,0.8960000000000001,0.915,0.592,0.9864080607936533,0.9835867392810561,0.8282608695652176,0.8282608695652176,0.9447406786583776,0.9279190602540097
2p5w,1,94.71243634700411,97.30255319148938,92.03461538461538,97.78181818181818,97.78489361702127,97.02052631578947,97.37636363636362,0.892,0.91,0.593,0.986266713545786,0.9829895138675243,0.8233333333333333,0.8233333333333333,0.9454722752899548,0.9290285422090732
9c3e,3,86.00225533158047,92.50978723404255,85.98655172413794,91.69867346938774,95.4831914893617,93.41529411764705,93.69988505747126,0.782,0.8375,0.578,0.9487749471397795,0.912927478647293,0.7599999999999999,0.76,0.7782252840374686,0.6500030259432875
9c3e,4,85.93745398773007,92.38829787234044,85.8303448275862,91.49459183673468,95.3295744680851,93.11647058823529,93.53229885057472,0.78,0.835,0.577,0.9486933706518369,0.9163603204301077,0.7696153846153846,0.7696153846153846,0.7764892908225342,0.6575674203375593
9c3e,2,85.97423312883436,92.52957446808509,86.0544827586207,91.59489795918367,95.36851063829786,93.16088235294117,93.56574712643679,0.776,0.835,0.565,0.9494405173429384,0.9195432245391558,0.7675925925925925,0.7675925925925926,0.7793986540772814,0.6703173317971665
9c3e,0,85.95114227286007,92.43574468085106,85.87913793103449,91.5326530612245,95.34808510638297,93.61029411764706,93.49701149425289,0.776,0.8300000000000001,0.569,0.9491705123553449,0.9170495211109309,0.7784615384615384,0.7784615384615384,0.7796956512883879,0.6619007175457764
9c3e,1,85.52626059012563,92.24,85.77155172413794,91.34316326530613,95.2768085106383,93.24411764705881,93.37264367816091,0.778,0.835,0.549,0.9480229488984145,0.9180870343227497,0.7829411764705881,0.7829411764705881,0.772485306469226,0.6614657004891723
5isz,0,89.66883878751318,74.60312499999999,79.25153846153847,78.87971428571429,81.06179487179487,75.33739130434783,71.83099999999999,0.572,0.40249999999999997,0.272,0.3355324227909657,0.41429008094740594,0.24187499999999998,0.24187499999999998,0.022458115824371863,0.025876923305749366
5isz,1,89.17543356959736,74.495,78.72634615384615,79.28757142857143,80.14871794871793,73.75891304347827,70.76377777777778,0.54,0.35,0.249,0.3299140993119016,0.3906793514802637,0.23476190476190475,0.23476190476190478,0.022121970019419856,0.022844767065788547
5isz,4,89.16722063037248,73.70145833333333,78.4675,79.24442857142856,79.80435897435898,73.03478260869566,70.005,0.516,0.3075,0.24,0.3014832361804555,0.35382164425277135,0.21392156862745096,0.21392156862745096,0.01903129001307488,0.01838428286933592
5isz,3,89.16596591765948,73.48,78.1578846153846,77.32671428571429,79.81512820512819,73.17195652173913,69.20066666666666,0.518,0.3025,0.247,0.2722141016531868,0.3347783878093762,0.20784313725490194,0.20784313725490194,0.017070631416924078,0.01635200286666175
5isz,2,89.01006183079475,73.90145833333334,78.75576923076923,78.44971428571428,79.82205128205129,73.58065217391304,70.96022222222223,0.526,0.3275,0.244,0.2987761459812947,0.36149130660398043,0.24744186046511626,0.24744186046511626,0.018662151175892167,0.02045090751215796
5c09,2,92.11933303424554,91.82117647058821,82.91720930232557,95.26247058823529,96.50925,94.7295918367347,94.79722222222223,0.86,0.8825000000000001,0.463,0.9704344014829772,0.9751882162066257,0.8659259259259258,0.8659259259259259,0.8775793407636517,0.8857569831421821
5c09,3,92.16378794676237,92.15039215686275,83.50930232558139,95.52741176470587,96.57775,94.76591836734696,95.07129629629628,0.858,0.8825000000000001,0.476,0.9714432832516741,0.9760267044724807,0.8806451612903222,0.8806451612903224,0.8819450325362002,0.8902632532875264
5c09,4,92.28035890533872,92.11882352941176,83.27906976744185,95.40541176470589,96.55175000000001,94.76489795918367,95.08824074074074,0.866,0.8825000000000001,0.468,0.9724281171124405,0.9760362697537145,0.8690322580645158,0.869032258064516,0.885407284482039,0.8903777119918926
5c09,1,92.47644235082997,92.80039215686274,84.48372093023255,95.94494117647059,96.85925,95.09081632653061,95.3875,0.874,0.895,0.478,0.9752120153182205,0.9792226253151954,0.8737931034482757,0.8737931034482758,0.8958852006679396,0.9035588889012224
5c09,0,92.13573500822491,91.71862745098038,82.29674418604651,95.2935294117647,96.38425,94.57306122448982,94.7262037037037,0.8539999999999999,0.8725,0.47,0.9681063386300512,0.9737158946743706,0.8717241379310343,0.8717241379310345,0.8727489472062898,0.880412665906987
4mnq,4,91.9931273492708,87.73216216216217,90.4459375,91.57744680851064,93.541914893617,88.84942307692306,89.7104054054054,0.834,0.8375,0.55,0.9638924205079697,0.9565435340096584,0.7878571428571429,0.7878571428571428,0.7950225138929856,0.7190564926176675
4mnq,3,92.06477973237106,88.20972972972973,90.86125,91.7618085106383,93.49063829787232,89.55846153846151,89.63067567567568,0.836,0.8425,0.544,0.9664788213881774,0.9599742056479533,0.7841463414634146,0.7841463414634146,0.8027301463346633,0.7312684949782221
4mnq,2,91.94822583070216,87.67864864864863,91.0090625,91.13627659574468,93.59936170212767,88.50403846153846,89.76878378378377,0.834,0.835,0.526,0.9648932911044159,0.9570099382598352,0.81375,0.81375,0.7962698574298968,0.7159895079655969
4mnq,0,92.15479927830401,87.9245945945946,90.558125,92.1059574468085,93.39489361702128,90.03461538461535,89.19054054054054,0.834,0.84,0.544,0.9646760762596539,0.957020931918483,0.8160869565217391,0.8160869565217392,0.7972787626240427,0.7330429764654123
4mnq,1,92.10779732371071,88.27405405405408,91.0390625,92.20617021276595,93.74957446808513,90.14615384615384,90.11783783783784,0.844,0.8525,0.55,0.9694307775512314,0.9645824119835144,0.8150000000000001,0.8149999999999998,0.8222443453078875,0.7594063084581942
5e6i,3,90.36548804934463,79.8865,86.63636363636363,70.4125,87.43340425531915,81.618,82.91583333333334,0.712,0.655,0.384,0.7290717788726826,0.6717832022079392,0.5233333333333333,0.5233333333333332,0.22506488507157787,0.08710003567902078
5e6i,4,90.46764070932923,80.44075000000001,86.73727272727275,69.6315,87.83063829787234,83.48666666666668,82.32416666666666,0.722,0.6775,0.373,0.7669672495766969,0.6926991621104438,0.5345098039215687,0.5345098039215687,0.2707028954806926,0.10063290504373691
5e6i,2,90.71641634541248,81.05375,87.52254545454547,71.324,88.39468085106384,83.46955555555554,82.95380952380953,0.73,0.6875,0.37,0.7682224839018078,0.6939125691388135,0.5253846153846153,0.5253846153846153,0.28971690285481705,0.10348329715227074
5e6i,0,90.34258750963764,79.61125,86.28200000000001,69.421875,87.14574468085108,81.71066666666665,82.21773809523809,0.6980000000000001,0.635,0.361,0.6942945900930457,0.6276040889306853,0.49054545454545456,0.49054545454545445,0.18343337382133418,0.06471595176188069
5e6i,1,90.30420817270625,79.06800000000001,85.1010909090909,70.420375,87.6876595744681,82.96311111111112,83.0047619047619,0.7100000000000001,0.6525,0.389,0.7375931595357647,0.6859898741061532,0.48932203389830503,0.4893220338983051,0.2305936038371424,0.09926710356643248
6dkp,1,91.5573623853211,91.06166666666665,94.60153846153847,92.66279411764705,89.74333333333334,94.79108108108107,91.13904761904762,0.8560000000000001,0.8674999999999999,0.615,0.9735326964239943,0.953260226216384,0.8260344827586208,0.8260344827586207,0.8864316999655799,0.7794172065862655
6dkp,0,91.38996636085626,90.94479166666667,93.96564102564103,92.52176470588235,89.37880952380951,94.3318918918919,90.83083333333335,0.8560000000000001,0.865,0.613,0.972799255284719,0.9524168123915223,0.8250847457627117,0.8250847457627118,0.8823056508695228,0.7694229091901277
6dkp,2,91.23856574923548,90.77145833333334,94.25051282051282,92.45544117647059,89.10071428571429,94.15486486486486,90.34595238095237,0.8480000000000001,0.8625,0.598,0.9716313410136335,0.9480636323092834,0.8260344827586208,0.8260344827586207,0.8786306784364379,0.7568521688413222
6dkp,4,91.56642201834863,90.54708333333332,94.48487179487181,91.7014705882353,89.7147619047619,94.6,91.07809523809524,0.8560000000000001,0.8674999999999999,0.604,0.9731170567918773,0.9496579660935405,0.8385714285714286,0.8385714285714286,0.8813581307025186,0.7563844196972417
6dkp,3,91.54854892966361,91.231875,94.64589743589742,92.59867647058822,89.95714285714286,94.7654054054054,91.51988095238096,0.8560000000000001,0.8674999999999999,0.615,0.9744893774082266,0.9536810585955098,0.8392592592592593,0.8392592592592593,0.8905529178742633,0.7809377986850522
7pdw,1,92.41669491525424,91.56681818181818,94.28130434782608,92.844875,91.86957446808509,89.09621621621622,91.07014084507044,0.8460000000000001,0.865,0.527,0.978451744090005,0.9707723214021147,0.8016216216216216,0.8016216216216216,0.9090296672202838,0.8555806846533388
7pdw,0,92.35118795399517,91.09909090909089,94.58652173913046,91.10537500000001,90.45170212765956,88.23216216216217,90.94507042253521,0.8560000000000001,0.8725,0.519,0.977916481881187,0.9725200020190439,0.7646153846153846,0.7646153846153847,0.894304796097326,0.8430276784727979
7pdw,2,92.51128329297822,91.87159090909091,94.9541304347826,93.00025000000001,91.30382978723405,89.89891891891892,91.0243661971831,0.8620000000000001,0.875,0.555,0.9797779246484848,0.9728779375769824,0.768974358974359,0.768974358974359,0.9086584900378578,0.8607040374647956
7pdw,3,92.58748638014528,91.93749999999999,94.86043478260869,93.304,92.37042553191489,89.35756756756757,91.60140845070426,0.8539999999999999,0.87,0.542,0.9806724682649486,0.9732504543718812,0.7986111111111112,0.7986111111111112,0.9175091105775199,0.8708404798196511
7pdw,4,92.32165102905569,91.20818181818181,94.26565217391303,91.836,91.038085106383,87.53675675675677,90.99549295774649,0.8400000000000001,0.855,0.519,0.9770547865569436,0.9692409526694763,0.7891666666666668,0.7891666666666667,0.8952948060567912,0.8413548560426644
6mtm,4,91.71059074299635,87.777,73.55568627450981,80.67033707865168,96.0679487179487,93.29304347826088,93.003375,0.8380000000000001,0.845,0.476,0.9565596870876658,0.9150334418001207,0.7530555555555556,0.7530555555555556,0.8159077438336252,0.6203887780939733
6mtm,3,91.60912606577345,88.36075,72.69882352941177,81.90865168539327,96.33974358974358,93.73934782608694,93.74712500000001,0.844,0.845,0.495,0.961875010161382,0.9218507858503093,0.78,0.78,0.8372809092773114,0.6442254464772964
6mtm,2,91.72083434835565,87.32624999999999,77.70333333333332,78.73370786516854,95.95820512820514,92.90739130434784,92.58699999999999,0.834,0.8400000000000001,0.506,0.9444718253073787,0.9005251492156194,0.75275,0.75275,0.7658419028709693,0.5386554200515735
6mtm,0,91.58183617539586,86.5065,73.78313725490197,77.84202247191011,95.86897435897436,93.06673913043478,92.67987500000001,0.836,0.8375,0.462,0.9511685393937225,0.9114950393525054,0.7566666666666667,0.7566666666666667,0.7919652371360266,0.5918478507113507
6mtm,1,91.6198934226553,88.039,73.85039215686275,81.19213483146068,96.2,93.46521739130432,93.415375,0.844,0.8525,0.486,0.9657424180767396,0.934915958740163,0.8002941176470587,0.8002941176470588,0.8431325832281862,0.686774334836733
3d3v,3,93.95546537939357,93.08022727272727,94.41608695652172,93.68250000000002,94.32553191489362,95.80882352941177,92.72425287356322,0.852,0.8574999999999999,0.554,0.9644582815485448,0.9355295547191271,0.8138297872340425,0.8138297872340425,0.8573671851595371,0.7311381641585756
3d3v,4,93.95884597978578,93.06931818181819,94.5708695652174,93.69107142857142,94.31510638297871,95.63058823529411,92.71459770114943,0.8460000000000001,0.8525,0.553,0.9625105953678174,0.9357646952025885,0.8422222222222222,0.8422222222222223,0.8489596265728576,0.7291224652963268
3d3v,2,93.81655905868155,92.85022727272728,94.39065217391305,93.71535714285713,94.4908510638298,95.92558823529413,92.89137931034482,0.8539999999999999,0.8625,0.551,0.9666831061482196,0.9393583698426642,0.8031914893617019,0.8031914893617021,0.8658708793857705,0.7477223282825356
3d3v,0,93.99753054759391,93.14431818181819,94.66347826086955,94.05416666666667,94.60404255319148,95.99588235294117,93.0012643678161,0.8560000000000001,0.8674999999999999,0.553,0.966446004753817,0.9383457646544994,0.8031914893617019,0.8031914893617021,0.8663541926353031,0.7460183017688651
3d3v,1,94.04368079650024,93.42113636363636,94.60021739130435,94.00380952380954,94.38404255319148,95.9485294117647,92.85689655172413,0.8539999999999999,0.865,0.568,0.9646283509713526,0.9393501994338813,0.8195652173913044,0.8195652173913046,0.8568569103586674,0.7442074214688646
9gv7,0,92.8879271279853,79.8884090909091,88.91999999999999,72.93187499999999,92.53099999999999,75.94086206896552,86.03345238095237,0.78,0.7475,0.236,0.8014517035239743,0.6860547937207331,0.5657142857142856,0.5657142857142857,0.34738786474053274,0.07858105777827822
9gv7,1,92.82218462951623,80.1140909090909,88.6646,72.8715625,92.70150000000001,76.5855172413793,85.8379761904762,0.786,0.7575000000000001,0.313,0.783857758645161,0.6620466762612546,0.46333333333333326,0.4633333333333334,0.32722269464851955,0.06957080158120499
9gv7,3,92.59079454990814,77.87999999999998,86.9694,70.84552083333334,91.26624999999999,75.30758620689656,84.7797619047619,0.752,0.7075,0.227,0.7484445823600162,0.5984747964243525,0.4781818181818182,0.47818181818181815,0.282029029288873,0.04413893126212651
9gv7,4,92.80770208205757,79.17386363636363,88.65180000000002,73.5265625,93.04625,78.9903448275862,85.09202380952381,0.782,0.75,0.35,0.8094680979242345,0.6809380824691248,0.46130434782608704,0.46130434782608704,0.37589662338470803,0.08012558634902425
9gv7,2,92.78924219228414,79.82727272727271,88.713,71.52822916666666,93.0705,79.86172413793105,86.56202380952382,0.786,0.7575000000000001,0.34,0.7821663649458404,0.6472905685127868,0.4806976744186046,0.48069767441860467,0.32941888447838524,0.06496128041106257
3h9s,3,94.0351888069806,94.15113636363635,94.52217391304347,95.59059523809525,94.94680851063829,96.06088235294116,92.7235632183908,0.876,0.89,0.594,0.9770475377154981,0.9566155116459031,0.8277083333333334,0.8277083333333334,0.9093894494972855,0.8152051298811402
3h9s,4,93.86862494358357,93.92431818181818,94.02717391304348,95.25892857142857,94.51914893617023,95.95676470588236,92.71310344827586,0.8720000000000001,0.885,0.579,0.9760644607977764,0.9576236065728052,0.8160000000000001,0.816,0.9022899491987655,0.8033729517775242
3h9s,2,93.79968557243869,93.93931818181818,93.7495652173913,95.3579761904762,94.64617021276598,95.92970588235295,92.22402298850574,0.8720000000000001,0.885,0.579,0.9743789998541158,0.9447242996157952,0.7984,0.7983999999999999,0.8983640536563162,0.7634093774333125
3h9s,0,93.86707085903416,93.56590909090909,94.07108695652175,94.76904761904763,94.32170212765958,95.65264705882353,92.07574712643678,0.866,0.875,0.574,0.9696056597882453,0.9426678322341452,0.8073999999999999,0.8073999999999999,0.8774007438957208,0.7391183660849497
3h9s,1,94.17328117947947,94.15977272727272,94.59065217391307,95.50107142857144,95.16085106382978,96.08117647058825,93.21781609195403,0.8859999999999999,0.9,0.586,0.9800644561621318,0.9695111543095755,0.8442553191489361,0.8442553191489361,0.9180981130929999,0.8543375493932354
5euo,4,92.88982367371973,92.3475,93.72488888888891,86.33759036144578,96.41564102564104,95.1945652173913,95.42933333333333,0.85,0.8525,0.56,0.9452117346296098,0.8980843329810643,0.8211764705882354,0.8211764705882354,0.8104155260469791,0.5871543803978396
5euo,3,92.92714964734743,91.79916666666668,93.17244444444445,84.82301204819278,96.50461538461538,95.1208695652174,95.27,0.8400000000000001,0.845,0.547,0.9350783427094601,0.8730454593570897,0.8215686274509804,0.8215686274509804,0.7853352441085039,0.5005737256013388
5euo,2,92.91394204231831,92.3902777777778,93.92866666666667,86.35096385542168,96.47538461538461,94.86304347826086,95.4468888888889,0.844,0.8475,0.561,0.9504925151428086,0.9071844394244355,0.8019607843137254,0.8019607843137254,0.8256357092700186,0.617122701643028
5euo,0,92.68922569763876,92.14333333333333,93.6791111111111,86.44626506024096,96.44820512820513,95.05478260869566,95.41588888888887,0.8460000000000001,0.85,0.568,0.9450211787098264,0.8975268109500628,0.8142307692307692,0.8142307692307692,0.8086890315159582,0.5837847702591792
5euo,1,92.97731370745171,92.8725,94.17066666666668,86.93795180722891,96.51564102564103,95.24695652173916,95.65488888888889,0.85,0.855,0.567,0.9486603847422912,0.9037312589590212,0.8186000000000001,0.8186,0.824267359183583,0.6078799877396455
2p5e,4,94.4570415461878,97.0604255319149,91.09953846153846,97.46484848484847,97.7027659574468,95.36142857142858,97.22647727272728,0.884,0.905,0.612,0.9855634348312933,0.9817880530125032,0.8285714285714284,0.8285714285714286,0.9428044642315038,0.9238524052472034
2p5e,3,94.45694719220819,97.1246808510638,91.44723076923079,97.46414141414142,97.70957446808511,95.46,97.2434090909091,0.892,0.91,0.598,0.9858136325038143,0.9823216128936182,0.8285714285714284,0.8285714285714286,0.943207168096288,0.9250588684090767
2p5e,2,94.45844468117485,97.03829787234044,91.312,97.27858585858586,97.6823404255319,95.30000000000001,97.18511363636365,0.884,0.905,0.59,0.9855882495823206,0.9818496093801543,0.8377083333333334,0.8377083333333334,0.9421655354995374,0.9216623065860412
2p5e,0,94.4428640998326,97.02170212765958,91.20430769230771,97.42575757575756,97.64787234042551,95.05142857142859,97.19000000000001,0.884,0.905,0.601,0.985239922508164,0.9809324513723101,0.8208163265306122,0.8208163265306123,0.9419446596674781,0.9204374622328813
2p5e,1,94.7339948257495,97.53638297872341,92.11046153846155,97.72939393939393,97.89148936170214,95.73142857142857,97.41159090909092,0.908,0.925,0.608,0.9879996297138248,0.9848792482920699,0.8252083333333333,0.8252083333333333,0.949252999308795,0.9329687171029772
5m01,1,93.06796472392638,96.34211538461538,95.1225,95.51426666666666,95.05673913043479,94.28045454545455,96.65952380952383,0.852,0.8725,0.497,0.9808580046417227,0.9718794197711907,0.8625925925925922,0.8625925925925925,0.9297713665008246,0.8865854532078428
5m01,0,93.02804754601227,96.39461538461536,95.11673076923074,95.67066666666666,95.14391304347826,93.96113636363634,96.77023809523808,0.852,0.8725,0.482,0.9808037578908603,0.970738813110943,0.8041379310344825,0.8041379310344826,0.929804271169904,0.8838183746492447
5m01,2,93.00116104294477,96.49884615384616,95.47653846153844,95.67106666666665,95.5673913043478,94.61204545454544,96.8925,0.8560000000000001,0.875,0.485,0.9812687619809608,0.9724781195561291,0.8328571428571426,0.8328571428571427,0.9324310456330804,0.8923101667193034
5m01,3,92.94926840490797,96.44057692307692,95.27365384615383,95.62973333333332,95.28760869565217,94.18545454545455,96.69761904761906,0.852,0.875,0.504,0.9807158410514005,0.9702343099851036,0.8416666666666666,0.8416666666666666,0.928737500233919,0.8830090751696528
5m01,4,93.00709355828221,96.47423076923079,95.39711538461539,95.55613333333332,95.32173913043476,94.7209090909091,96.78380952380952,0.8560000000000001,0.875,0.478,0.9811621027827034,0.971759087810897,0.8372413793103446,0.8372413793103446,0.9314815344714851,0.8883755853541077
6rsy,4,92.81152019361669,88.99396551724138,88.07864864864864,87.2482608695652,92.26818181818182,94.85058823529413,94.15606741573033,0.8539999999999999,0.865,0.583,0.9759255784657918,0.9597710513537543,0.8013207547169813,0.8013207547169812,0.8920201044691451,0.7852909300485885
6rsy,3,92.60062169112085,88.78206896551723,87.95243243243243,87.34315217391303,92.13159090909092,94.73745098039215,94.31337078651684,0.852,0.8625,0.585,0.973907391515222,0.955749653006346,0.7760714285714286,0.7760714285714286,0.8841732256876387,0.7704152958180267
6rsy,2,92.76232793828467,88.75913793103447,88.19999999999997,87.35858695652173,92.56113636363635,94.76235294117647,94.43483146067415,0.8619999999999999,0.8725,0.579,0.9759755094613596,0.9587655552290416,0.8007407407407408,0.8007407407407408,0.8894741446601145,0.781501071646312
6rsy,0,92.7325351686583,89.25810344827586,88.10891891891892,87.39847826086955,92.31522727272727,94.62098039215685,94.47483146067415,0.852,0.86,0.569,0.9741547067959078,0.9574591981286835,0.8013207547169813,0.8013207547169812,0.8866334690785378,0.7832157021958935
6rsy,1,92.74361216154894,88.565,88.26486486486488,86.95467391304348,92.10409090909091,94.79529411764705,94.01471910112357,0.8539999999999999,0.865,0.574,0.9747885140255393,0.9576442391183997,0.8052830188679245,0.8052830188679246,0.8862801006922479,0.7757032648740135
5e9d,2,93.72699375,91.05642857142857,96.13565217391302,92.86222222222223,94.44829787234043,95.16722222222221,95.07449999999999,0.852,0.865,0.466,0.9808721115166514,0.9748555263750344,0.7903448275862069,0.7903448275862069,0.9270746385352842,0.8844798191943734
5e9d,3,93.68840208333334,91.15476190476191,96.19543478260871,92.85766666666667,94.4168085106383,95.2952777777778,94.98269999999998,0.8539999999999999,0.87,0.474,0.9811529130170847,0.9757339026365992,0.8185714285714286,0.8185714285714286,0.9270693962537718,0.8845710941090272
5e9d,4,93.72451041666667,91.30761904761906,96.31978260869565,92.96166666666667,94.33063829787234,95.19805555555556,94.8866,0.852,0.8674999999999999,0.483,0.9807020090542404,0.9754755148837022,0.7680645161290323,0.7680645161290325,0.9274622408128469,0.8872348625796791
5e9d,1,93.686125,90.99857142857142,95.9032608695652,92.82488888888886,94.29851063829787,94.96666666666667,94.89970000000001,0.8480000000000001,0.86,0.459,0.9801773927795322,0.9741323858421318,0.7906896551724137,0.7906896551724139,0.923922169690075,0.8793824300989788
5e9d,0,93.81493125,91.38119047619048,96.49608695652174,93.02288888888889,94.5127659574468,95.48666666666665,95.29659999999998,0.8539999999999999,0.87,0.484,0.9819823705394669,0.9770770423417015,0.7680645161290323,0.7680645161290325,0.9309238986540005,0.8943031238694664
7phr,0,89.73761428962497,93.88783783783784,92.17870967741936,93.99590163934425,95.85589743589743,96.98565217391305,96.3925842696629,0.8460000000000001,0.8775,0.609,0.9759323323814559,0.9745147288398751,0.9344897959183674,0.9344897959183673,0.9165116473569395,0.905211410756595
7phr,1,89.96506569942514,94.01297297297299,92.18758064516129,94.17049180327871,95.93743589743589,97.0215217391304,96.3956179775281,0.8460000000000001,0.8775,0.61,0.9764978099839131,0.9756768846359786,0.9169387755102041,0.9169387755102042,0.9186546132333399,0.9097979612177988
7phr,4,90.04027648508075,94.23702702702703,92.42741935483868,94.37229508196721,96.19641025641027,97.1254347826087,96.59247191011235,0.852,0.8825000000000001,0.618,0.9771095482045012,0.9761260630889911,0.9186000000000001,0.9186,0.921475334859461,0.9126799557902531
7phr,3,89.85086641116891,94.04324324324325,92.25419354838712,94.22639344262296,95.8702564102564,96.98065217391304,96.28640449438203,0.8460000000000001,0.8775,0.616,0.9761270073542457,0.9750027981667065,0.9169387755102041,0.9169387755102042,0.9176831543647276,0.9079033118363133
7phr,2,89.89548453326034,94.12594594594596,92.23999999999998,94.11114754098364,96.07871794871794,97.0091304347826,96.49224719101123,0.8460000000000001,0.8775,0.611,0.9765891821583753,0.9752770845745873,0.9186000000000001,0.9186,0.9199143136215222,0.9098519584626721
7dzm,0,92.68715980775008,89.66796296296296,89.00351351351351,93.35404255319149,95.13823529411765,94.75551020408165,94.50057142857145,0.85,0.865,0.423,0.9763495908073676,0.9710603952536075,0.8523333333333333,0.8523333333333333,0.8957986680663248,0.8426769464109033
7dzm,1,92.60890057074197,89.63796296296296,88.31837837837838,93.38159574468087,95.58205882352942,95.14204081632653,95.05785714285713,0.86,0.8725,0.453,0.9793424986146979,0.9750985039505533,0.8606060606060606,0.8606060606060607,0.9061870712306521,0.8579428584557869
7dzm,4,92.60830729948934,89.57555555555555,88.44999999999999,93.10414893617022,95.09764705882354,94.55673469387754,94.48357142857144,0.85,0.86,0.452,0.9758169939525528,0.9698284037988791,0.8503125,0.8503124999999999,0.8921659546682629,0.8346657537321973
7dzm,3,92.77518774406728,90.24296296296296,88.83513513513513,93.81127659574466,95.63088235294117,95.27571428571427,95.03414285714287,0.86,0.8725,0.447,0.9791420163395347,0.9724327663919596,0.8045454545454545,0.8045454545454546,0.9077092597286814,0.8557939088963652
7dzm,2,92.55888855512165,89.77759259259258,88.7145945945946,93.25840425531916,95.24088235294118,94.96204081632652,94.6287142857143,0.852,0.8674999999999999,0.45,0.9771249315827336,0.9729675485952206,0.8561290322580645,0.8561290322580646,0.8992189905716461,0.8507016796793452
