Seed,Model_Number,pDockQ,pDockQ2,iPSAE,iPSAE_d0chn,ipTM_af,ipTM_d0dom,ipTM_d0chn,seed,sample,ranking_score,pdb_id
614775327,0,0.07742500000000001,0.341,0.48580999999999996,0.71969325,0.73,0.70994125,0.70994125,614775327,0,0.8168824376110461,5wlg
614775327,1,0.07305,0.414625,0.516645,0.7384820000000001,0.7475,0.73336475,0.73336475,614775327,1,0.8269375527338962,5wlg
614775327,2,0.078725,0.385775,0.49932224999999997,0.7251725,0.74,0.71812375,0.71812375,614775327,2,0.8214144162730506,5wlg
614775327,3,0.065075,0.349175,0.4987335,0.726145,0.7375,0.719108,0.719108,614775327,3,0.8238550441345329,5wlg
614775327,4,0.089525,0.31535,0.5108925,0.72994125,0.7424999999999999,0.72473125,0.72473125,614775327,4,0.8234655828424634,5wlg
2086430921,0,0.18195,0.8224,0.6952645,0.87903425,0.88,0.87903425,0.87903425,2086430921,0,0.91146494823156,4mji
2086430921,1,0.183825,0.805075,0.6834432500000001,0.87218175,0.87,0.87218175,0.87218175,2086430921,1,0.9077569011630068,4mji
2086430921,2,0.18195,0.8134,0.698388,0.87845925,0.88,0.87845925,0.87845925,2086430921,2,0.9122633612680326,4mji
2086430921,3,0.179275,0.81315,0.6884755,0.872929,0.87,0.872929,0.872929,2086430921,3,0.90690042153814,4mji
2086430921,4,0.1741,0.8081,0.68864025,0.87506675,0.8725,0.87506675,0.87506675,2086430921,4,0.9085645171631842,4mji
3510126958,0,0.19715,0.8866499999999999,0.73473025,0.88760625,0.8825000000000001,0.88760625,0.88760625,3510126958,0,0.9171165713051704,6r2l
3510126958,1,0.196625,0.8969499999999999,0.7583442499999999,0.89871375,0.895,0.89871375,0.89871375,3510126958,1,0.9269432260874092,6r2l
3510126958,2,0.1955,0.888825,0.7370114999999999,0.8887785,0.8825000000000001,0.8887785,0.8887785,3510126958,2,0.918989023560786,6r2l
3510126958,3,0.20022500000000001,0.888625,0.74640325,0.89271275,0.89,0.89271275,0.89271275,3510126958,3,0.9217060514271254,6r2l
3510126958,4,0.19592500000000002,0.89575,0.7468205,0.8929915,0.89,0.8929915,0.8929915,3510126958,4,0.922217324280351,6r2l
3083115345,0,0.111175,0.461075,0.6097494999999999,0.79302925,0.8075,0.79302925,0.79302925,3083115345,0,0.8895049640428888,6avg
3083115345,1,0.079225,0.33205,0.583667,0.7277560000000001,0.755,0.7277560000000001,0.7277560000000001,3083115345,1,0.8852255035234007,6avg
3083115345,2,0.09195,0.412325,0.59333775,0.7639345,0.785,0.7639345,0.7639345,3083115345,2,0.8857842175620835,6avg
3083115345,3,0.07805,0.407875,0.58794175,0.7613989999999999,0.785,0.7613989999999999,0.7613989999999999,3083115345,3,0.886709375604006,6avg
3083115345,4,0.0942,0.40104999999999996,0.600011,0.763764,0.7825,0.763764,0.763764,3083115345,4,0.8878490855377003,6avg
1894783427,0,0.05525,0.26525,0.367593,0.609587,0.66,0.6014042500000001,0.6014042500000001,1894783427,0,0.7854083820635273,2jcc
1894783427,1,0.050075,0.313975,0.425825,0.6580925,0.705,0.65632725,0.65632725,1894783427,1,0.8098432432459309,2jcc
1894783427,2,0.05545,0.27297499999999997,0.38195775,0.6177445,0.67,0.61082875,0.61082875,1894783427,2,0.7897084875160387,2jcc
1894783427,3,0.046150000000000004,0.245875,0.3532865,0.59964275,0.65,0.5882762500000001,0.5882762500000001,1894783427,3,0.7809240034364925,2jcc
1894783427,4,0.048799999999999996,0.249,0.35427525,0.60290575,0.655,0.59330575,0.59330575,1894783427,4,0.7822553950644199,2jcc
1469676904,0,0.04125,0.010175,0.0,0.0,0.14250000000000002,0.07425024999999999,0.07425024999999999,1469676904,0,0.5112081479944965,8gon
1469676904,1,0.038675,0.00995,0.0,0.0,0.1275,0.07312425,0.07312425,1469676904,1,0.4919059437939446,8gon
1469676904,2,0.04615,0.010225,0.0,0.0,0.1375,0.075391,0.075391,1469676904,2,0.4968518863375318,8gon
1469676904,3,0.04645,0.010275,0.0,0.0,0.1375,0.074908,0.074908,1469676904,3,0.503798086533294,8gon
1469676904,4,0.050325,0.010374999999999999,0.0,0.0,0.14250000000000002,0.07472225,0.07472225,1469676904,4,0.5069999451177903,8gon
2010428441,0,0.0351,0.024125,0.01176025,0.34975925,0.365,0.20886575000000002,0.20886575000000002,2010428441,0,0.6172439149528847,7jwi
2010428441,1,0.052025,0.026725,0.01175375,0.3503365,0.38,0.21098475,0.21098475,2010428441,1,0.6289251120734979,7jwi
2010428441,2,0.042775,0.023,0.01136125,0.3428865,0.355,0.19930725,0.19930725,2010428441,2,0.6119650196275525,7jwi
2010428441,3,0.029475,0.019525,0.00542325,0.1608225,0.3175,0.18201,0.18201,2010428441,3,0.5896411092189893,7jwi
2010428441,4,0.042175,0.02255,0.011696999999999999,0.34911325000000004,0.3425,0.19619275,0.19619275,2010428441,4,0.6035718916400502,7jwi
1629925859,0,0.056350000000000004,0.11515,0.190473,0.490874,0.5475,0.455297,0.455297,1629925859,0,0.7479368544671844,8f5a
1629925859,1,0.049025,0.119525,0.19809925,0.5020822500000001,0.5525,0.4654185,0.4654185,1629925859,1,0.7484948368325843,8f5a
1629925859,2,0.042375,0.08795,0.16024075,0.4781535,0.5225,0.427249,0.427249,1629925859,2,0.727167410961602,8f5a
1629925859,3,0.0565,0.10635,0.1724305,0.4811945,0.535,0.4384855,0.4384855,1629925859,3,0.7351817260659226,8f5a
1629925859,4,0.053774999999999996,0.1003,0.15549,0.47721175,0.52,0.4258505,0.4258505,1629925859,4,0.7273579757537044,8f5a
3897477622,0,0.060975,0.298,0.434908,0.661143,0.7124999999999999,0.65882075,0.65882075,3897477622,0,0.819619404770341,7su9
3897477622,1,0.059449999999999996,0.236375,0.400711,0.61962225,0.69,0.6145972500000001,0.6145972500000001,3897477622,1,0.81001114196782,7su9
3897477622,2,0.05895,0.21362499999999998,0.37589625,0.606719,0.6775,0.60023775,0.60023775,3897477622,2,0.8041266633576729,7su9
3897477622,3,0.070975,0.25965,0.41389475,0.6347827500000001,0.6900000000000001,0.62983725,0.62983725,3897477622,3,0.8121085932641676,7su9
3897477622,4,0.05785,0.210925,0.39802075000000003,0.6258414999999999,0.69,0.62152975,0.62152975,3897477622,4,0.8123749112911387,7su9
1947031105,0,0.014125,0.015625,0.01129825,0.262301,0.3125,0.21294175,0.21294175,1947031105,0,0.6093399618189986,9rup
1947031105,1,0.011875,0.012575,0.00962725,0.23740775,0.285,0.185683,0.185683,1947031105,1,0.6003332112780663,9rup
1947031105,2,0.01175,0.0152,0.011136,0.259398,0.2975,0.204428,0.204428,1947031105,2,0.5989347303109994,9rup
1947031105,3,0.013675,0.014425,0.0109295,0.25688075,0.3075,0.20456675,0.20456675,1947031105,3,0.6048330224520975,9rup
1947031105,4,0.012675,0.01695,0.011115749999999999,0.25908725,0.315,0.20978875,0.20978875,1947031105,4,0.6076311683442857,9rup
4288702930,0,0.0418,0.021949999999999997,0.0106045,0.3233735,0.3825,0.21703125,0.21703125,4288702930,0,0.6174735165004185,7n2p
4288702930,1,0.051925,0.038625,0.04374325,0.3702185,0.475,0.29689,0.29689,4288702930,1,0.6725573641366007,7n2p
4288702930,2,0.042300000000000004,0.027,0.011712,0.34459425,0.405,0.24656925000000002,0.24656925000000002,4288702930,2,0.639756004316587,7n2p
4288702930,3,0.050675,0.038,0.0451725,0.36467925,0.475,0.2954895,0.2954895,4288702930,3,0.676156308218138,7n2p
4288702930,4,0.036725,0.023275,0.01148075,0.34021724999999997,0.3825,0.23183575,0.23183575,4288702930,4,0.6278635916384491,7n2p
714480635,0,0.1349,0.721525,0.60074775,0.817456,0.825,0.817456,0.817456,714480635,0,0.8819352585419691,5jhd
714480635,1,0.130025,0.71855,0.59883575,0.81661125,0.825,0.81661125,0.81661125,714480635,1,0.881633244452162,5jhd
714480635,2,0.1372,0.715775,0.59287575,0.80889175,0.8150000000000001,0.80889175,0.80889175,714480635,2,0.8763122357476572,5jhd
714480635,3,0.13695,0.727475,0.5908640000000001,0.80853,0.8200000000000001,0.80853,0.80853,714480635,3,0.8769775487752615,5jhd
714480635,4,0.13145,0.7483,0.61844725,0.82499525,0.83,0.82499525,0.82499525,714480635,4,0.8858764897265842,5jhd
3914634039,0,0.049525,0.28715,0.18439675,0.51113375,0.595,0.46295775,0.46295775,3914634039,0,0.7378777833240749,6vrm
3914634039,1,0.045175,0.2664,0.17151175000000002,0.50464125,0.5825,0.45128675,0.45128675,3914634039,1,0.7312918262382544,6vrm
3914634039,2,0.0492,0.273475,0.17800850000000001,0.50762875,0.5900000000000001,0.45609275,0.45609275,3914634039,2,0.7337547769282803,6vrm
3914634039,3,0.044625,0.282575,0.191322,0.5130665,0.595,0.46334925000000005,0.46334925000000005,3914634039,3,0.7363570463715646,6vrm
3914634039,4,0.041475,0.27495,0.19818325,0.51749125,0.595,0.47110575,0.47110575,3914634039,4,0.7455599036611514,6vrm
413823851,0,0.131375,0.72545,0.61540025,0.8145425,0.8175,0.8145425,0.8145425,413823851,0,0.8709492651995774,7q9a
413823851,1,0.12925,0.7166250000000001,0.598199,0.79972875,0.8049999999999999,0.79972875,0.79972875,413823851,1,0.8643050324190351,7q9a
413823851,2,0.14065,0.710875,0.59403025,0.79887075,0.8075,0.79752875,0.79752875,413823851,2,0.8640408877842868,7q9a
413823851,3,0.126275,0.6940500000000001,0.5818855,0.79379225,0.8049999999999999,0.7927187499999999,0.7927187499999999,413823851,3,0.8584695084499882,7q9a
413823851,4,0.129,0.74255,0.62975275,0.8278615,0.8275,0.8278615,0.8278615,413823851,4,0.8823084593206351,7q9a
199444501,0,0.140875,0.869425,0.7150115,0.8793115,0.8775,0.8793115,0.8793115,199444501,0,0.9152551979876484,5nmf
199444501,1,0.135725,0.8567750000000001,0.686339,0.86342425,0.8625,0.86342425,0.86342425,199444501,1,0.9021406932632504,5nmf
199444501,2,0.140625,0.8755,0.7069125,0.87557225,0.875,0.87557225,0.87557225,199444501,2,0.9094293356474082,5nmf
199444501,3,0.138075,0.868675,0.71059725,0.87740875,0.8775,0.87740875,0.87740875,199444501,3,0.912324610396467,5nmf
199444501,4,0.140325,0.866575,0.7000277500000001,0.8707965,0.8674999999999999,0.8707965,0.8707965,199444501,4,0.9065946536519108,5nmf
3558536145,0,0.06365,0.583,0.52982325,0.79544475,0.8225,0.79544475,0.79544475,3558536145,0,0.8736504230614874,3tjh
3558536145,1,0.056675,0.47004999999999997,0.436946,0.710624,0.7625,0.710624,0.710624,3558536145,1,0.8375230996989722,3tjh
3558536145,2,0.052125,0.42529999999999996,0.41728375,0.69897975,0.755,0.69897975,0.69897975,3558536145,2,0.8327619301358032,3tjh
3558536145,3,0.049975,0.505575,0.4740375,0.7481927500000001,0.7875,0.7481927500000001,0.7481927500000001,3558536145,3,0.8519562419216851,3tjh
3558536145,4,0.07075000000000001,0.5170250000000001,0.49024875,0.761504,0.7975,0.761504,0.761504,3558536145,4,0.8594334774201567,3tjh
2203849823,0,0.07882499999999999,0.801175,0.64919675,0.852375,0.8574999999999999,0.852375,0.852375,2203849823,0,0.9097581988622828,4qrr
2203849823,1,0.078275,0.7965,0.64407925,0.846897,0.8525,0.846897,0.846897,2203849823,1,0.9077040361497568,4qrr
2203849823,2,0.078875,0.7731750000000001,0.625266,0.835033,0.845,0.835033,0.835033,2203849823,2,0.9032170318239175,4qrr
2203849823,3,0.08115,0.7939,0.639093,0.84434175,0.8525,0.84434175,0.84434175,2203849823,3,0.90487749879598,4qrr
2203849823,4,0.079825,0.794875,0.64624425,0.8484335,0.8525,0.8484335,0.8484335,2203849823,4,0.9097517171852604,4qrr
3803995630,0,0.089425,0.803225,0.67066625,0.8445785,0.845,0.8445785,0.8445785,3803995630,0,0.8940924926619382,2esv
3803995630,1,0.086075,0.7822,0.64683725,0.8298125000000001,0.8325,0.8298125000000001,0.8298125000000001,3803995630,1,0.8873983721914446,2esv
3803995630,2,0.086475,0.807225,0.675889,0.846792,0.8475,0.846792,0.846792,3803995630,2,0.8988863949877235,2esv
3803995630,3,0.08705,0.79025,0.6677489999999999,0.84377075,0.8425,0.84377075,0.84377075,3803995630,3,0.8948603539150272,2esv
3803995630,4,0.09467500000000001,0.7834,0.644702,0.82528575,0.8275,0.82528575,0.82528575,3803995630,4,0.8856561137183132,2esv
801430661,0,0.042775,0.031325,0.014878,0.36936075,0.365,0.24552200000000002,0.24552200000000002,801430661,0,0.6144154096845403,9ru5
801430661,1,0.0369,0.031974999999999996,0.01657275,0.37114475,0.3675,0.252225,0.252225,801430661,1,0.6204130629385853,9ru5
801430661,2,0.03575,0.029375,0.0149085,0.3697325,0.34750000000000003,0.23939749999999999,0.23939749999999999,801430661,2,0.6104530257571542,9ru5
801430661,3,0.041325,0.041775,0.0265985,0.38021174999999996,0.425,0.28983975,0.28983975,801430661,3,0.6516228267511418,9ru5
801430661,4,0.0441,0.036,0.020621999999999998,0.372483,0.3925,0.269743,0.269743,801430661,4,0.636955167329769,9ru5
838688906,0,0.10405,0.667475,0.6332395,0.82120225,0.8225,0.82120225,0.82120225,838688906,0,0.8806345310468966,6bj8
838688906,1,0.1091,0.6549499999999999,0.6328867499999999,0.8232195,0.8225,0.8232195,0.8232195,838688906,1,0.8809869842395616,6bj8
838688906,2,0.11295000000000001,0.665075,0.64108575,0.828535,0.8300000000000001,0.828535,0.828535,838688906,2,0.884581105427181,6bj8
838688906,3,0.107625,0.6597999999999999,0.6301015,0.8201510000000001,0.8225,0.8201510000000001,0.8201510000000001,838688906,3,0.879881571214443,6bj8
838688906,4,0.1047,0.66875,0.629771,0.821322,0.8225,0.821322,0.821322,838688906,4,0.8799376259317157,6bj8
666044596,0,0.10562500000000001,0.6966749999999999,0.6204965,0.816405,0.8225,0.816405,0.816405,666044596,0,0.8823351490122521,7q99
666044596,1,0.1075,0.704975,0.6168305,0.81964375,0.8225,0.81964375,0.81964375,666044596,1,0.8807125303459299,7q99
666044596,2,0.099975,0.74045,0.6505365000000001,0.8379215,0.8375,0.8379215,0.8379215,666044596,2,0.8924156991153064,7q99
666044596,3,0.10465,0.679925,0.5809195,0.7921327499999999,0.8,0.79156725,0.79156725,666044596,3,0.8636687972335476,7q99
666044596,4,0.10615,0.719,0.6230805,0.8202585,0.825,0.8202585,0.8202585,666044596,4,0.8837443054618178,7q99
1537783173,0,0.191025,0.891525,0.72954825,0.8887120000000001,0.885,0.8860325,0.8860325,1537783173,0,0.9015214586477972,3w0w
1537783173,1,0.19865,0.89095,0.72454125,0.886467,0.8825000000000001,0.88459575,0.88459575,1537783173,1,0.9026037550151904,3w0w
1537783173,2,0.192925,0.8892,0.72845575,0.88805275,0.8825000000000001,0.88618575,0.88618575,1537783173,2,0.9023809571475762,3w0w
1537783173,3,0.1898,0.88705,0.72779325,0.88859875,0.8825000000000001,0.88674075,0.88674075,1537783173,3,0.9024243492141634,3w0w
1537783173,4,0.19065000000000001,0.8895500000000001,0.72537025,0.8866404999999999,0.8825000000000001,0.88476025,0.88476025,1537783173,4,0.9010849231192168,3w0w
3179358275,0,0.06835,0.68645,0.70278775,0.88805025,0.8825000000000001,0.88805025,0.88805025,3179358275,0,0.9020406501530572,4n0c
3179358275,1,0.074075,0.71785,0.7140562500000001,0.8941565,0.8875,0.8941565,0.8941565,3179358275,1,0.9044279069670618,4n0c
3179358275,2,0.080175,0.694275,0.7148175,0.89657,0.89,0.89657,0.89657,3179358275,2,0.9040051398247548,4n0c
3179358275,3,0.075825,0.625625,0.6669842500000001,0.8700325,0.8674999999999999,0.8700325,0.8700325,3179358275,3,0.8847760855908618,4n0c
3179358275,4,0.07502500000000001,0.692925,0.714692,0.89540825,0.89,0.89540825,0.89540825,3179358275,4,0.9023557537506246,4n0c
1710409854,0,0.039075,0.010025,0.0,0.0,0.13,0.07216449999999999,0.07216449999999999,1710409854,0,0.4883950585083103,6avf
1710409854,1,0.0331,0.010025,0.0,0.0,0.175,0.08017025,0.08017025,1710409854,1,0.5176893128794826,6avf
1710409854,2,0.0372,0.011125,0.0,0.0,0.265,0.10304425,0.10304425,1710409854,2,0.5732921786345964,6avf
1710409854,3,0.030775,0.009525,0.0,0.0,0.1525,0.073769,0.073769,1710409854,3,0.5109256729030545,6avf
1710409854,4,0.0342,0.004725,0.0,0.0,0.07250000000000001,0.050971999999999996,0.050971999999999996,1710409854,4,0.477324731274758,6avf
2509104240,0,0.0935,0.772875,0.6133115,0.80755075,0.8175,0.80755075,0.80755075,2509104240,0,0.8663281622624404,1bd2
2509104240,1,0.088425,0.7697,0.605945,0.8047145,0.815,0.8047145,0.8047145,2509104240,1,0.864982348085072,1bd2
2509104240,2,0.08155,0.772475,0.61466125,0.8069575,0.8175,0.8069575,0.8069575,2509104240,2,0.8682131432443909,1bd2
2509104240,3,0.07705000000000001,0.7562,0.60356125,0.8047657500000001,0.8175,0.8047657500000001,0.8047657500000001,2509104240,3,0.8668591561654231,1bd2
2509104240,4,0.0754,0.7488750000000001,0.59265775,0.792628,0.8049999999999999,0.792628,0.792628,2509104240,4,0.8583710943529813,1bd2
2537128103,0,0.09955,0.22125,0.309948,0.55556275,0.665,0.54009975,0.54009975,2537128103,0,0.7962139169349075,7n1e
2537128103,1,0.11135,0.249575,0.34202499999999997,0.572422,0.6875,0.56509725,0.56509725,2537128103,1,0.8079738040397301,7n1e
2537128103,2,0.09965,0.24165,0.3405275,0.5827027499999999,0.685,0.56778675,0.56778675,2537128103,2,0.8001634426944293,7n1e
2537128103,3,0.08760000000000001,0.207175,0.299819,0.5575535,0.66,0.53771225,0.53771225,2537128103,3,0.7893975208600937,7n1e
2537128103,4,0.09642500000000001,0.17615,0.26452125,0.52670425,0.6475,0.50266325,0.50266325,2537128103,4,0.7833216259806018,7n1e
2144009856,0,0.14375,0.8292999999999999,0.66513475,0.821216,0.825,0.821216,0.821216,2144009856,0,0.8793904604741215,6tro
2144009856,1,0.14055,0.8255250000000001,0.6533155,0.8108375,0.8200000000000001,0.8108375,0.8108375,2144009856,1,0.8723539219027312,6tro
2144009856,2,0.147875,0.821375,0.664424,0.821039,0.8275,0.821039,0.821039,2144009856,2,0.8807914439427937,6tro
2144009856,3,0.142625,0.817875,0.65109525,0.8107815,0.8200000000000001,0.8107815,0.8107815,2144009856,3,0.8739910493666881,6tro
2144009856,4,0.1375,0.8174,0.6439487500000001,0.805692,0.815,0.805692,0.805692,2144009856,4,0.868474496757021,6tro
1128450871,0,0.063375,0.41865,0.57214625,0.7732125000000001,0.79,0.7732125000000001,0.7732125000000001,1128450871,0,0.8660488136764226,8d5q
1128450871,1,0.069325,0.4429,0.58464225,0.790057,0.8025,0.790057,0.790057,1128450871,1,0.8700429094814062,8d5q
1128450871,2,0.072825,0.454725,0.58278075,0.79006675,0.8025,0.79006675,0.79006675,1128450871,2,0.871215167922604,8d5q
1128450871,3,0.06505,0.4225,0.58676175,0.7853655,0.8,0.7853655,0.7853655,1128450871,3,0.8716549314273402,8d5q
1128450871,4,0.07535,0.44265,0.5833435,0.784141,0.7975000000000001,0.784141,0.784141,1128450871,4,0.8698725834642078,8d5q
3740566506,0,0.140525,0.8694,0.719095,0.87165475,0.87,0.87165475,0.87165475,3740566506,0,0.9059876438992568,5nmg
3740566506,1,0.13785,0.8806,0.73704925,0.882115,0.8775,0.882115,0.882115,3740566506,1,0.9142310876544372,5nmg
3740566506,2,0.119275,0.824825,0.710827,0.867531,0.865,0.867531,0.867531,3740566506,2,0.9060047222644184,5nmg
3740566506,3,0.13874999999999998,0.878675,0.73060475,0.876802,0.875,0.876802,0.876802,3740566506,3,0.9095690798015272,5nmg
3740566506,4,0.143775,0.882625,0.7372505,0.88093725,0.8775,0.88093725,0.88093725,3740566506,4,0.9111792334341674,5nmg
1166267804,0,0.07415,0.74205,0.7157835,0.88385025,0.8825000000000001,0.88385025,0.88385025,1166267804,0,0.9142575496638952,3tfk
1166267804,1,0.069825,0.70565,0.69511425,0.870015,0.8674999999999999,0.870015,0.870015,1166267804,1,0.9078576029652556,3tfk
1166267804,2,0.064225,0.714875,0.69790375,0.871494,0.87,0.871494,0.871494,1166267804,2,0.9068500696304304,3tfk
1166267804,3,0.071875,0.701225,0.6874359999999999,0.86246725,0.8625,0.86246725,0.86246725,1166267804,3,0.9032566037535716,3tfk
1166267804,4,0.070275,0.7031000000000001,0.689955,0.86516075,0.8674999999999999,0.86516075,0.86516075,1166267804,4,0.9023987404021088,3tfk
832626177,0,0.037775,0.014575,0.0,0.0,0.2475,0.12261225,0.12261225,832626177,0,0.5507240625169076,5hho
832626177,1,0.035699999999999996,0.013900000000000001,0.0,0.0,0.2325,0.120324,0.120324,832626177,1,0.5488063835419984,5hho
832626177,2,0.045200000000000004,0.012975,0.0,0.0,0.2125,0.10935025,0.10935025,832626177,2,0.5401259703208722,5hho
832626177,3,0.031175,0.013725,0.0,0.0,0.2275,0.11804225,0.11804225,832626177,3,0.5418077291982547,5hho
832626177,4,0.03755,0.015375,0.0,0.0,0.265,0.13401625,0.13401625,832626177,4,0.5674580699751356,5hho
1124868266,0,0.088525,0.5753,0.566574,0.7734735,0.785,0.7734735,0.7734735,1124868266,0,0.8602362943033429,1nam
1124868266,1,0.07125000000000001,0.531775,0.5440255,0.754321,0.77,0.754321,0.754321,1124868266,1,0.8484694972016436,1nam
1124868266,2,0.08495,0.621025,0.59510825,0.79547125,0.805,0.79547125,0.79547125,1124868266,2,0.8701811419161254,1nam
1124868266,3,0.079025,0.5912999999999999,0.584499,0.789199,0.8,0.789199,0.789199,1124868266,3,0.8673896928059766,1nam
1124868266,4,0.080875,0.511375,0.536482,0.745939,0.7675000000000001,0.745939,0.745939,1124868266,4,0.8417766015558914,1nam
2018669380,0,0.07565000000000001,0.13885,0.11867224999999999,0.441866,0.5575,0.392851,0.392851,2018669380,0,0.7346269132545103,8wte
2018669380,1,0.07667500000000001,0.1976,0.15914925,0.48491275,0.59,0.43977925,0.43977925,2018669380,1,0.7461838473456988,8wte
2018669380,2,0.07402500000000001,0.12012500000000001,0.093125,0.43200875,0.5225,0.36830025,0.36830025,2018669380,2,0.7128673171814612,8wte
2018669380,3,0.083425,0.163,0.13896275,0.46225225,0.5774999999999999,0.41744275,0.41744275,2018669380,3,0.7437740710714543,8wte
2018669380,4,0.08535,0.17255,0.1324315,0.46461625,0.5800000000000001,0.415534,0.415534,2018669380,4,0.7431663872482308,8wte
187007995,0,0.03505,0.060399999999999995,0.08601175,0.42454375,0.4625,0.35261125,0.35261125,187007995,0,0.6796591190439695,7n2q
187007995,1,0.051525,0.051949999999999996,0.06245225,0.41777275,0.435,0.3318765,0.3318765,187007995,1,0.6573327167332934,7n2q
187007995,2,0.0435,0.026175,0.0119825,0.35411349999999997,0.3425,0.22188525,0.22188525,187007995,2,0.6189881039024583,7n2q
187007995,3,0.0435,0.0309,0.01320075,0.3725555,0.38,0.257669,0.257669,187007995,3,0.6140904808954704,7n2q
187007995,4,0.049425,0.04915,0.05899475,0.4088175,0.435,0.3249635,0.3249635,187007995,4,0.6584170909513489,7n2q
3751466620,0,0.111625,0.631425,0.6744685,0.8314615,0.835,0.8314615,0.8314615,3751466620,0,0.9223172190714486,2nx5
3751466620,1,0.114825,0.763875,0.7173287500000001,0.8722332500000001,0.875,0.8722332500000001,0.8722332500000001,3751466620,1,0.9364563300474262,2nx5
3751466620,2,0.1219,0.775725,0.7245017499999999,0.87910275,0.8775,0.87910275,0.87910275,3751466620,2,0.9369355961308352,2nx5
3751466620,3,0.10595,0.6317,0.6820135,0.838283,0.84,0.838283,0.838283,3751466620,3,0.926600534919751,2nx5
3751466620,4,0.117725,0.7825,0.719332,0.88480175,0.8825000000000001,0.88480175,0.88480175,3751466620,4,0.935472053125001,2nx5
1524082854,0,0.058225,0.0722,0.13180125,0.41728675,0.575,0.37612524999999997,0.37612524999999997,1524082854,0,0.7340681145389508,5sws
1524082854,1,0.05065,0.041975,0.0371475,0.368067,0.4775,0.28606750000000003,0.28606750000000003,1524082854,1,0.6811646667671226,5sws
1524082854,2,0.056075,0.073275,0.12789375,0.41302075,0.575,0.36924475,0.36924475,1524082854,2,0.7351631332385341,5sws
1524082854,3,0.04285,0.037725,0.02131975,0.366697,0.4375,0.26083575,0.26083575,1524082854,3,0.6543557469720629,5sws
1524082854,4,0.04765,0.036625,0.02346075,0.360949,0.46499999999999997,0.26856525,0.26856525,1524082854,4,0.6721849776658225,5sws
1671584454,0,0.155475,0.8909,0.777021,0.9049597500000001,0.9025000000000001,0.9049597500000001,0.9049597500000001,1671584454,0,0.9330171936793228,3pwp
1671584454,1,0.131425,0.8749750000000001,0.75924225,0.8956115,0.89,0.8956115,0.8956115,1671584454,1,0.928258077941924,3pwp
1671584454,2,0.145425,0.888925,0.78043775,0.90466975,0.9,0.90466975,0.90466975,1671584454,2,0.933589790098647,3pwp
1671584454,3,0.154225,0.8882,0.78445,0.90736775,0.9025000000000001,0.90736775,0.90736775,1671584454,3,0.9358787642464018,3pwp
1671584454,4,0.1444,0.887375,0.7644445,0.8973377499999999,0.8925000000000001,0.8973377499999999,0.8973377499999999,1671584454,4,0.9284724747165044,3pwp
3985281015,0,0.0413,0.022350000000000002,0.0120985,0.35879,0.3425,0.2129435,0.2129435,3985281015,0,0.5986697718425225,8cx4
3985281015,1,0.032375,0.0216,0.011230500000000001,0.342282,0.3225,0.2122515,0.2122515,3985281015,1,0.5871133342935778,8cx4
3985281015,2,0.037575,0.023375,0.011903500000000001,0.353605,0.345,0.23065,0.23065,3985281015,2,0.6019277267198624,8cx4
3985281015,3,0.032025,0.020225,0.011181,0.34164175,0.305,0.20357825000000002,0.20357825000000002,3985281015,3,0.5765216875975877,8cx4
3985281015,4,0.044525,0.02965,0.01207125,0.356719,0.3825,0.254177,0.254177,3985281015,4,0.6303383207351013,8cx4
2126328852,0,0.07515,0.73715,0.6581615000000001,0.83650225,0.84,0.83650225,0.83650225,2126328852,0,0.8954722039926114,1kj2
2126328852,1,0.096975,0.729425,0.66904,0.84338675,0.845,0.84338675,0.84338675,2126328852,1,0.8974650657958272,1kj2
2126328852,2,0.0742,0.687425,0.6437145,0.8233170000000001,0.83,0.8233170000000001,0.8233170000000001,2126328852,2,0.8903256499371223,1kj2
2126328852,3,0.0887,0.7565999999999999,0.6461815,0.82716775,0.835,0.82716775,0.82716775,2126328852,3,0.8917903225862068,1kj2
2126328852,4,0.08524999999999999,0.805975,0.6770895,0.85129175,0.85,0.85129175,0.85129175,2126328852,4,0.9019873762852768,1kj2
1359501801,0,0.0497,0.056425,0.11070875,0.41915325,0.495,0.35338325,0.35338325,1359501801,0,0.6967445190305869,5w1w
1359501801,1,0.0458,0.050925,0.09682225,0.4140465,0.4875,0.34136075,0.34136075,1359501801,1,0.6876896218690977,5w1w
1359501801,2,0.049775,0.063325,0.12167325000000001,0.42934525,0.505,0.36500975,0.36500975,1359501801,2,0.7007573433220032,5w1w
1359501801,3,0.04995,0.05415,0.10568849999999999,0.41750575,0.495,0.34917675,0.34917675,1359501801,3,0.6912846171801101,5w1w
1359501801,4,0.0496,0.056249999999999994,0.0983665,0.42181075,0.4875,0.34624575,0.34624575,1359501801,4,0.6886835784120205,5w1w
474596562,0,0.124375,0.710225,0.6854985,0.854509,0.8575,0.854509,0.854509,474596562,0,0.8976967436420948,2ak4
474596562,1,0.1246,0.75675,0.70239125,0.861993,0.865,0.861993,0.861993,474596562,1,0.900078273747072,2ak4
474596562,2,0.123525,0.8039499999999999,0.70807775,0.8671545,0.87,0.8671545,0.8671545,474596562,2,0.9016373556704336,2ak4
474596562,3,0.143375,0.791275,0.69148225,0.857281,0.8625,0.857281,0.857281,474596562,3,0.895057749494248,2ak4
474596562,4,0.122025,0.770825,0.7019774999999999,0.86355125,0.8674999999999999,0.86355125,0.86355125,474596562,4,0.8981282656962013,2ak4
2890393497,0,0.037,0.053925,0.05911925,0.40761475,0.4625,0.32639375,0.32639375,2890393497,0,0.6917173446190741,8ryo
2890393497,1,0.035325,0.046225,0.03922275,0.386926,0.43,0.2954925,0.2954925,2890393497,1,0.6776620689626988,8ryo
2890393497,2,0.029775,0.03865,0.021951,0.37694975,0.3975,0.268879,0.268879,2890393497,2,0.6491226981445158,8ryo
2890393497,3,0.039575,0.04385,0.032027,0.39027524999999996,0.425,0.2917115,0.2917115,2890393497,3,0.6759116483130011,8ryo
2890393497,4,0.0265,0.014350000000000002,0.0134145,0.37164925,0.2225,0.14544625,0.14544625,2890393497,4,0.5241081377846718,8ryo
225975530,0,0.12425,0.861475,0.7001867500000001,0.8727855,0.87,0.8727855,0.8727855,225975530,0,0.9033848671693356,5bs0
225975530,1,0.1275,0.84645,0.69149725,0.86633075,0.865,0.86633075,0.86633075,225975530,1,0.9019583755168246,5bs0
225975530,2,0.123475,0.8628,0.71785675,0.8811685,0.8775,0.8811685,0.8811685,225975530,2,0.9119512479329426,5bs0
225975530,3,0.125225,0.867375,0.7069529999999999,0.875954,0.8725,0.875954,0.875954,225975530,3,0.9076343187792506,5bs0
225975530,4,0.1249,0.853175,0.70033125,0.87195325,0.8674999999999999,0.87195325,0.87195325,225975530,4,0.9043160746631056,5bs0
2623095657,0,0.1717,0.857325,0.69893925,0.86762875,0.87,0.86762875,0.86762875,2623095657,0,0.9108584526757444,3ffc
2623095657,1,0.16565,0.842275,0.6865607499999999,0.8619607499999999,0.86,0.8619607499999999,0.8619607499999999,2623095657,1,0.906726758513736,3ffc
2623095657,2,0.17425000000000002,0.84695,0.6981787500000001,0.86832475,0.8674999999999999,0.86832475,0.86832475,2623095657,2,0.9114288053816796,3ffc
2623095657,3,0.1748,0.8537,0.711116,0.876184,0.8725,0.876184,0.876184,2623095657,3,0.9164962075299428,3ffc
2623095657,4,0.1717,0.858625,0.7089099999999999,0.874506,0.87,0.874506,0.874506,2623095657,4,0.9145049585355902,3ffc
1511221372,0,0.03835,0.010525,0.0,0.0,0.20500000000000002,0.10351075,0.10351075,1511221372,0,0.522690429222659,3vxm
1511221372,1,0.0352,0.01075,0.0,0.0,0.2175,0.107604,0.107604,1511221372,1,0.5326995252632302,3vxm
1511221372,2,0.024325,0.008,0.0,0.0,0.1925,0.09991475,0.09991475,1511221372,2,0.5253749063990684,3vxm
1511221372,3,0.028175,0.008,0.0,0.0,0.18,0.0955425,0.0955425,1511221372,3,0.5170999036675052,3vxm
1511221372,4,0.0305,0.01085,0.0,0.0,0.20500000000000002,0.106961,0.106961,1511221372,4,0.525408845524977,3vxm
446089743,0,0.139325,0.885175,0.749366,0.88875775,0.885,0.88875775,0.88875775,446089743,0,0.9258242330459774,1qrn
446089743,1,0.1444,0.88695,0.75988475,0.89392375,0.8875,0.89392375,0.89392375,446089743,1,0.9300238084642528,1qrn
446089743,2,0.1534,0.8871249999999999,0.7584029999999999,0.89423075,0.8875,0.89423075,0.89423075,446089743,2,0.929938060141486,1qrn
446089743,3,0.143975,0.883975,0.76245075,0.89407675,0.89,0.89407675,0.89407675,446089743,3,0.9316914932788402,1qrn
446089743,4,0.15495,0.874325,0.7627517500000001,0.89495775,0.8875,0.89495775,0.89495775,446089743,4,0.9310777362011504,1qrn
4007875240,0,0.0383,0.024375,0.0120425,0.35216575,0.3725,0.2180055,0.2180055,4007875240,0,0.6165426202184093,5swz
4007875240,1,0.0653,0.054425,0.05994275,0.400291,0.5075000000000001,0.31424775,0.31424775,4007875240,1,0.6979041626539257,5swz
4007875240,2,0.031849999999999996,0.02365,0.0118005,0.34788074999999996,0.35,0.204494,0.204494,4007875240,2,0.6062902202456417,5swz
4007875240,3,0.039,0.025,0.012349249999999999,0.35876625,0.3675,0.22278275,0.22278275,4007875240,3,0.6161015246098753,5swz
4007875240,4,0.06257499999999999,0.065025,0.0785885,0.4138415,0.5375000000000001,0.3379275,0.3379275,4007875240,4,0.7130587789351716,5swz
205993464,0,0.15285,0.762925,0.6059177499999999,0.8058259999999999,0.8200000000000001,0.8058259999999999,0.8058259999999999,205993464,0,0.8624051463550587,4qok
205993464,1,0.146425,0.7822,0.6271135,0.8205455,0.8275,0.8205455,0.8205455,205993464,1,0.8697507739984388,4qok
205993464,2,0.144175,0.7736500000000001,0.6281825,0.8208234999999999,0.8275,0.8208234999999999,0.8208234999999999,205993464,2,0.8709103379481541,4qok
205993464,3,0.1601,0.7568,0.6008995,0.8024965,0.81,0.8024965,0.8024965,205993464,3,0.8586759407783389,4qok
205993464,4,0.154325,0.763775,0.5983305,0.80137025,0.81,0.80137025,0.80137025,205993464,4,0.8596635013111048,4qok
3072488462,0,0.1733,0.876025,0.76011275,0.884619,0.88,0.884619,0.884619,3072488462,0,0.9192609911539136,6amu
3072488462,1,0.174675,0.881375,0.7667120000000001,0.8896517500000001,0.8875,0.8896517500000001,0.8896517500000001,3072488462,1,0.9245029567809274,6amu
3072488462,2,0.18275,0.883025,0.7752005,0.89156225,0.8875,0.89156225,0.89156225,3072488462,2,0.9252823954083824,6amu
3072488462,3,0.17579999999999998,0.88645,0.765709,0.8888435,0.885,0.8888435,0.8888435,3072488462,3,0.9234621512713636,6amu
3072488462,4,0.16955,0.8835999999999999,0.767209,0.8899535,0.8875,0.8899535,0.8899535,3072488462,4,0.9229386852908028,6amu
1788148780,0,0.11675,0.7705,0.56574075,0.805005,0.8175,0.8046825,0.8046825,1788148780,0,0.857728552213618,3qdm
1788148780,1,0.10977500000000001,0.737675,0.55398075,0.797195,0.8125,0.7968765,0.7968765,1788148780,1,0.8499055741036841,3qdm
1788148780,2,0.119725,0.7695000000000001,0.57092525,0.80869125,0.8200000000000001,0.80869125,0.80869125,1788148780,2,0.8573487864507601,3qdm
1788148780,3,0.108375,0.7219,0.52978925,0.78100525,0.8,0.77943975,0.77943975,1788148780,3,0.8365097350694988,3qdm
1788148780,4,0.11155,0.760525,0.5590605,0.8005260000000001,0.8125,0.799866,0.799866,1788148780,4,0.8524916158393874,3qdm
2209625605,0,0.15875,0.801025,0.70430125,0.884123,0.88,0.884123,0.884123,2209625605,0,0.9175049679596124,3qdj
2209625605,1,0.16065000000000002,0.8145,0.711251,0.8901129999999999,0.8875,0.8901129999999999,0.8901129999999999,2209625605,1,0.919515168424476,3qdj
2209625605,2,0.146,0.7947500000000001,0.697011,0.88111725,0.8775,0.88111725,0.88111725,2209625605,2,0.9144295310583912,3qdj
2209625605,3,0.15225,0.81475,0.704294,0.886982,0.885,0.886982,0.886982,2209625605,3,0.9169898178133044,3qdj
2209625605,4,0.148675,0.8049999999999999,0.7000085,0.8824635000000001,0.8775,0.8824635000000001,0.8824635000000001,2209625605,4,0.9148535854087544,3qdj
3135595211,0,0.06175,0.194025,0.218411,0.525233,0.625,0.49051199999999995,0.49051199999999995,3135595211,0,0.7691332726962345,7rtr
3135595211,1,0.0673,0.25655,0.26483125,0.5382,0.65,0.517095,0.517095,3135595211,1,0.7818454998535727,7rtr
3135595211,2,0.050699999999999995,0.1686,0.15627575,0.496046,0.585,0.44723625,0.44723625,3135595211,2,0.742635968340495,7rtr
3135595211,3,0.069325,0.184025,0.18237475,0.50453775,0.6075,0.46391775,0.46391775,3135595211,3,0.7601646434819466,7rtr
3135595211,4,0.057125,0.1584,0.14425725,0.49106925,0.58,0.435809,0.435809,3135595211,4,0.7442669172157916,7rtr
2444823190,0,0.044425,0.015075,0.0,0.0,0.28,0.13884749999999998,0.13884749999999998,2444823190,0,0.5752077065090491,3gsn
2444823190,1,0.059125,0.020575,0.0080575,0.270262,0.3225,0.1846525,0.1846525,2444823190,1,0.5909952443007933,3gsn
2444823190,2,0.06065,0.017525,0.0,0.0,0.3425,0.15950875,0.15950875,2444823190,2,0.6105588021747742,3gsn
2444823190,3,0.066925,0.020325,0.0,0.0,0.39,0.182182,0.182182,2444823190,3,0.6428608186134459,3gsn
2444823190,4,0.049825,0.015725,0.0,0.0,0.3025,0.14513525,0.14513525,2444823190,4,0.5893158702044267,3gsn
2452118980,0,0.106675,0.698475,0.59814675,0.8124365,0.8200000000000001,0.8124365,0.8124365,2452118980,0,0.8558580838448202,2ypl
2452118980,1,0.134725,0.800625,0.6749875000000001,0.85650925,0.8574999999999999,0.85650925,0.85650925,2452118980,1,0.8880526323842652,2ypl
2452118980,2,0.1324,0.7819,0.6505989999999999,0.843904,0.845,0.843904,0.843904,2452118980,2,0.8778767129513543,2ypl
2452118980,3,0.13117499999999999,0.77435,0.643621,0.84046975,0.8425,0.84046975,0.84046975,2452118980,3,0.8764582702349377,2ypl
2452118980,4,0.11945,0.758725,0.630383,0.83315625,0.835,0.83315625,0.83315625,2452118980,4,0.8722016965539565,2ypl
3941522143,0,0.152,0.7683249999999999,0.653911,0.86267175,0.8625,0.86267175,0.86267175,3941522143,0,0.9036710297479904,6d78
3941522143,1,0.15080000000000002,0.7675,0.659535,0.864165,0.8625,0.864165,0.864165,3941522143,1,0.907400362227194,6d78
3941522143,2,0.149925,0.7718,0.6622064999999999,0.86669875,0.865,0.86669875,0.86669875,3941522143,2,0.911833090193902,6d78
3941522143,3,0.1579,0.77215,0.67313175,0.87143775,0.8725,0.87143775,0.87143775,3941522143,3,0.9102953200197056,6d78
3941522143,4,0.15265,0.744375,0.644066,0.8570295,0.855,0.8570295,0.8570295,3941522143,4,0.9064206540218804,6d78
3738895640,0,0.0429,0.0637,0.08864125,0.3978535,0.535,0.345973,0.345973,3738895640,0,0.7207758717246666,8ye4
3738895640,1,0.059875,0.150075,0.28676625,0.49901775000000004,0.64,0.480455,0.480455,3738895640,1,0.7752547338071496,8ye4
3738895640,2,0.044125,0.1252,0.2520595,0.47434275,0.6174999999999999,0.449865,0.449865,3738895640,2,0.7593814134706152,8ye4
3738895640,3,0.0449,0.056075,0.07936325,0.3834745,0.525,0.33490675,0.33490675,3738895640,3,0.7161705230511628,8ye4
3738895640,4,0.057425,0.07205,0.12298324999999999,0.41325975000000004,0.545,0.36881325,0.36881325,3738895640,4,0.7293427098832962,8ye4
2987816783,0,0.041125,0.075625,0.12708475,0.460339,0.485,0.375926,0.375926,2987816783,0,0.6888017311141362,5w1v
2987816783,1,0.07317499999999999,0.125,0.20517275000000001,0.5172605,0.565,0.450001,0.450001,2987816783,1,0.723743785640971,5w1v
2987816783,2,0.035525,0.054099999999999995,0.0776315,0.42229925,0.44,0.32562525,0.32562525,2987816783,2,0.6678227334267322,5w1v
2987816783,3,0.08282500000000001,0.19817500000000002,0.2975065,0.57888525,0.635,0.52917925,0.52917925,2987816783,3,0.7519744970344348,5w1v
2987816783,4,0.0419,0.091075,0.12701075,0.44950125,0.5,0.3713425,0.3713425,2987816783,4,0.6964107162528185,5w1v
74422093,0,0.033125,0.02955,0.0138065,0.378893,0.3725,0.249504,0.249504,74422093,0,0.6269400904671327,8ryn
74422093,1,0.0373,0.020825,0.0117785,0.34588675,0.2925,0.1911175,0.1911175,74422093,1,0.5732535289045101,8ryn
74422093,2,0.047125,0.026675,0.012471,0.35569025,0.365,0.2328315,0.2328315,74422093,2,0.620266515122677,8ryn
74422093,3,0.06705,0.047075,0.053453,0.396894,0.495,0.3203595,0.3203595,74422093,3,0.7069433245761467,8ryn
74422093,4,0.04395,0.036475,0.04594075,0.393273,0.455,0.3034725,0.3034725,74422093,4,0.6832528540413654,8ryn
79776682,0,0.1056,0.8109,0.63046125,0.834622,0.845,0.834622,0.834622,79776682,0,0.891995001754611,2vlr
79776682,1,0.1098,0.827925,0.63658525,0.84309525,0.85,0.84309525,0.84309525,79776682,1,0.8979283995521966,2vlr
79776682,2,0.10145,0.800225,0.61163,0.82105325,0.8375,0.82105325,0.82105325,79776682,2,0.8890150158331356,2vlr
79776682,3,0.108575,0.8402499999999999,0.64657975,0.84763575,0.8575,0.84763575,0.84763575,79776682,3,0.8981782089774507,2vlr
79776682,4,0.1105,0.8328,0.64107775,0.843958,0.8525,0.843958,0.843958,79776682,4,0.897679331145299,2vlr
689098158,0,0.05645,0.3062,0.427763,0.64820325,0.705,0.64629475,0.64629475,689098158,0,0.8124803351210521,1lp9
689098158,1,0.058275,0.297325,0.41431775000000004,0.64376225,0.7,0.64178725,0.64178725,689098158,1,0.8131195149515237,1lp9
689098158,2,0.05365,0.299525,0.405996,0.63416375,0.69,0.6306955,0.6306955,689098158,2,0.8085202933179789,1lp9
689098158,3,0.05675,0.328325,0.4271735,0.6515580000000001,0.7025,0.64898425,0.64898425,689098158,3,0.8136951181022168,1lp9
689098158,4,0.04515,0.2721,0.377942,0.613054,0.6675,0.6047199999999999,0.6047199999999999,689098158,4,0.7942221774275806,1lp9
1669719847,0,0.17325,0.857675,0.7233525000000001,0.89153525,0.8925000000000001,0.89153525,0.89153525,1669719847,0,0.9148354119435363,6q3s
1669719847,1,0.1762,0.8464,0.6960605,0.8766547499999999,0.8775,0.8766547499999999,0.8766547499999999,1669719847,1,0.90311289037411,6q3s
1669719847,2,0.17695,0.852975,0.71041325,0.88484175,0.8825000000000001,0.88484175,0.88484175,1669719847,2,0.9082829899538842,6q3s
1669719847,3,0.164725,0.846775,0.71565625,0.8893945000000001,0.8875,0.8893945000000001,0.8893945000000001,1669719847,3,0.9140464994432308,6q3s
1669719847,4,0.156975,0.829825,0.7010445000000001,0.88387525,0.8825000000000001,0.88387525,0.88387525,1669719847,4,0.9093674378943312,6q3s
977569078,0,0.047049999999999995,0.0175,0.0,0.0,0.3575,0.173227,0.173227,977569078,0,0.6242618173572674,4g8g
977569078,1,0.040525,0.016524999999999998,0.0,0.0,0.33,0.163685,0.163685,977569078,1,0.6110110673083515,4g8g
977569078,2,0.042375,0.01815,0.0,0.0,0.375,0.18192325,0.18192325,977569078,2,0.6364594830895342,4g8g
977569078,3,0.03975,0.016,0.0,0.0,0.3325,0.15932575,0.15932575,977569078,3,0.6130742055667829,4g8g
977569078,4,0.034325,0.015,0.0,0.0,0.3,0.14953125,0.14953125,977569078,4,0.5952251321978198,4g8g
3676646096,0,0.10667499999999999,0.7166,0.66332675,0.8151904999999999,0.8200000000000001,0.8151904999999999,0.8151904999999999,3676646096,0,0.9159840767662392,6uz1
3676646096,1,0.10012499999999999,0.7623,0.6742225,0.82298475,0.8275,0.82298475,0.82298475,3676646096,1,0.9191446994258896,6uz1
3676646096,2,0.109125,0.75895,0.6879985,0.8328365,0.8375,0.8328365,0.8328365,3676646096,2,0.9214608733349968,6uz1
3676646096,3,0.101675,0.750325,0.64796425,0.80602475,0.81,0.80602475,0.80602475,3676646096,3,0.9112749346935324,6uz1
3676646096,4,0.116,0.7575,0.67629825,0.82498475,0.825,0.82498475,0.82498475,3676646096,4,0.9180219764380136,6uz1
2378234829,0,0.115225,0.86915,0.77983075,0.8777205,0.88,0.8777205,0.8777205,2378234829,0,0.9256408908712224,3e3q
2378234829,1,0.115125,0.8438,0.7445255,0.8572437500000001,0.8625,0.8572437500000001,0.8572437500000001,2378234829,1,0.9153012169359864,3e3q
2378234829,2,0.1167,0.856375,0.77201175,0.8689465,0.8725,0.8689465,0.8689465,2378234829,2,0.9257173802156048,3e3q
2378234829,3,0.11195000000000001,0.854075,0.75820525,0.8641512499999999,0.87,0.8641512499999999,0.8641512499999999,2378234829,3,0.9180316941227792,3e3q
2378234829,4,0.11205,0.8648,0.774477,0.8744905000000001,0.875,0.8744905000000001,0.8744905000000001,2378234829,4,0.9233912886302764,3e3q
2308868090,0,0.147975,0.9057499999999999,0.7466675,0.889667,0.8725,0.87299225,0.87299225,2308868090,0,0.8722612989261013,1ao7
2308868090,1,0.1507,0.9059,0.736364,0.88712625,0.8675,0.86900425,0.86900425,2308868090,1,0.8674482621314953,1ao7
2308868090,2,0.150525,0.9042749999999999,0.73707675,0.88569525,0.8675,0.8676465,0.8676465,2308868090,2,0.8666369027962925,1ao7
2308868090,3,0.148925,0.8968,0.72576625,0.87991675,0.8625,0.8613299999999999,0.8613299999999999,2308868090,3,0.8650289741691068,1ao7
2308868090,4,0.14679999999999999,0.897775,0.7313215,0.8792,0.8625,0.86093025,0.86093025,2308868090,4,0.8629371925217978,1ao7
1225900547,0,0.105125,0.82985,0.6396915,0.84128075,0.84,0.84128075,0.84128075,1225900547,0,0.8616143600476391,5tje
1225900547,1,0.095125,0.8516,0.6560725000000001,0.8505940000000001,0.85,0.8505940000000001,0.8505940000000001,1225900547,1,0.8742401176752933,5tje
1225900547,2,0.099425,0.8634,0.65872875,0.8539445,0.8525,0.8539445,0.8539445,1225900547,2,0.8755364400202394,5tje
1225900547,3,0.101225,0.8567,0.65718775,0.85396925,0.855,0.85396925,0.85396925,1225900547,3,0.8737080406233855,5tje
1225900547,4,0.10925,0.88515,0.6854025,0.87095175,0.8674999999999999,0.87095175,0.87095175,1225900547,4,0.8867891817545609,5tje
89789073,0,0.045275,0.5013,0.46360674999999996,0.73410475,0.7825,0.73410475,0.73410475,89789073,0,0.8426408939448989,6l9l
89789073,1,0.054675,0.553475,0.50287175,0.7619717500000001,0.8025,0.7619717500000001,0.7619717500000001,89789073,1,0.8432110127604018,6l9l
89789073,2,0.055650000000000005,0.56235,0.49547175,0.77,0.81,0.77,0.77,89789073,2,0.8501467896622715,6l9l
89789073,3,0.0493,0.545025,0.4905195,0.75265325,0.7975,0.75265325,0.75265325,89789073,3,0.8410299394571277,6l9l
89789073,4,0.047875,0.543325,0.49898425,0.7615657499999999,0.8025,0.7615657499999999,0.7615657499999999,89789073,4,0.8505792878912212,6l9l
2280703505,0,0.161525,0.84825,0.73160075,0.8838485,0.88,0.8838485,0.8838485,2280703505,0,0.9121458416309062,3o4l
2280703505,1,0.16385,0.859425,0.7442329999999999,0.8923987499999999,0.8875,0.8923987499999999,0.8923987499999999,2280703505,1,0.9186186683518116,3o4l
2280703505,2,0.166125,0.85355,0.7437447500000001,0.8912455,0.89,0.8912455,0.8912455,2280703505,2,0.9175632728222722,3o4l
2280703505,3,0.15487499999999998,0.854,0.73420375,0.8851315,0.8825000000000001,0.8851315,0.8851315,2280703505,3,0.914223235673915,3o4l
2280703505,4,0.159625,0.8482999999999999,0.74542425,0.891893,0.89,0.891893,0.891893,2280703505,4,0.9185796650800792,3o4l
4118505490,0,0.205725,0.91345,0.77294325,0.91226125,0.9075,0.91226125,0.91226125,4118505490,0,0.9295922322015452,4jfd
4118505490,1,0.2005,0.90645,0.76256225,0.90500775,0.9025,0.90500775,0.90500775,4118505490,1,0.9216529421218284,4jfd
4118505490,2,0.195375,0.908575,0.78338025,0.91733075,0.9125,0.91733075,0.91733075,4118505490,2,0.9336623670505756,4jfd
4118505490,3,0.201175,0.90815,0.78048275,0.91504025,0.9075,0.91504025,0.91504025,4118505490,3,0.9321563691941206,4jfd
4118505490,4,0.20995,0.906525,0.75446625,0.9017667500000001,0.8975,0.9017667500000001,0.9017667500000001,4118505490,4,0.9187494352680784,4jfd
2283201622,0,0.049625,0.17615,0.18476800000000002,0.498228,0.585,0.4664975,0.4664975,2283201622,0,0.7668867205104307,6zky
2283201622,1,0.05205,0.137275,0.155443,0.48450475000000004,0.5525,0.43744375,0.43744375,2283201622,1,0.7472212402491812,6zky
2283201622,2,0.053575,0.106575,0.12237475,0.45405125,0.5,0.38992675,0.38992675,2283201622,2,0.718717464956584,6zky
2283201622,3,0.049325,0.1421,0.1643185,0.490242,0.56,0.445824,0.445824,2283201622,3,0.7512566912848176,6zky
2283201622,4,0.04465,0.1521,0.171467,0.5018215,0.57,0.460338,0.460338,2283201622,4,0.7584973267184192,6zky
3333311452,0,0.099025,0.31157500000000005,0.48677824999999997,0.72748625,0.7475,0.72748625,0.72748625,3333311452,0,0.8500511328220608,8i5d
3333311452,1,0.1047,0.296875,0.48887925,0.72700925,0.7475,0.72700925,0.72700925,3333311452,1,0.8509537435980673,8i5d
3333311452,2,0.1012,0.27852499999999997,0.468234,0.71059175,0.7324999999999999,0.71059175,0.71059175,3333311452,2,0.8446023627338418,8i5d
3333311452,3,0.09005,0.2611,0.473983,0.72038575,0.74,0.72038575,0.72038575,3333311452,3,0.8469346870579421,8i5d
3333311452,4,0.097,0.27275,0.465024,0.70586675,0.73,0.70586675,0.70586675,3333311452,4,0.839802652750988,8i5d
1465747288,0,0.0688,0.356475,0.34497225,0.63409,0.69,0.6270985,0.6270985,1465747288,0,0.8088670025688391,8i5c
1465747288,1,0.082925,0.42215,0.38368825,0.66952825,0.73,0.66931975,0.66931975,1465747288,1,0.8404583362363092,8i5c
1465747288,2,0.081975,0.442725,0.39512575,0.682806,0.7424999999999999,0.682806,0.682806,1465747288,2,0.8457467850675223,8i5c
1465747288,3,0.085675,0.45204999999999995,0.406982,0.68782875,0.7424999999999999,0.68782875,0.68782875,1465747288,3,0.8487312056436715,8i5c
1465747288,4,0.08695,0.427875,0.39033025,0.6690555,0.73,0.6690555,0.6690555,1465747288,4,0.8397315849421538,8i5c
1001186984,0,0.06317500000000001,0.694375,0.5192942500000001,0.74694175,0.77,0.74668075,0.74668075,1001186984,0,0.8520165549412625,6zkw
1001186984,1,0.078475,0.804725,0.624768,0.822271,0.8300000000000001,0.822271,0.822271,1001186984,1,0.8881343525245761,6zkw
1001186984,2,0.0799,0.73465,0.55336925,0.76754525,0.7875,0.76754525,0.76754525,1001186984,2,0.8657840929011403,6zkw
1001186984,3,0.06612499999999999,0.74665,0.5778925,0.7876105,0.8025,0.7876105,0.7876105,1001186984,3,0.8739690661973298,6zkw
1001186984,4,0.07295,0.72385,0.53110425,0.751458,0.7775,0.751458,0.751458,1001186984,4,0.8571273232790008,6zkw
3300167214,0,0.09855,0.733825,0.57165875,0.7880272500000001,0.8049999999999999,0.7880272500000001,0.7880272500000001,3300167214,0,0.8747196441537348,5tez
3300167214,1,0.101825,0.734775,0.572994,0.7808342500000001,0.8025,0.7808342500000001,0.7808342500000001,3300167214,1,0.8687091376372155,5tez
3300167214,2,0.095625,0.7025250000000001,0.547951,0.7632734999999999,0.79,0.7632734999999999,0.7632734999999999,3300167214,2,0.8591883110595847,5tez
3300167214,3,0.11422500000000001,0.78265,0.61007725,0.8134440000000001,0.825,0.8134440000000001,0.8134440000000001,3300167214,3,0.8837029996033255,5tez
3300167214,4,0.09855,0.75205,0.5821675,0.78886175,0.81,0.78886175,0.78886175,3300167214,4,0.874127222199975,5tez
2986282054,0,0.0647,0.28035,0.48973449999999996,0.71330075,0.73,0.71094575,0.71094575,2986282054,0,0.8262542844990414,9j4u
2986282054,1,0.06534999999999999,0.3174,0.50726,0.7235940000000001,0.7424999999999999,0.723338,0.723338,2986282054,1,0.8315978072429536,9j4u
2986282054,2,0.06345,0.26765,0.47943,0.7071102499999999,0.73,0.7050775,0.7050775,2986282054,2,0.8233605703019362,9j4u
2986282054,3,0.05875,0.3054,0.47669825,0.702501,0.7225,0.6992127499999999,0.6992127499999999,2986282054,3,0.8178665229213335,9j4u
2986282054,4,0.06482500000000001,0.277875,0.49804550000000003,0.7183597500000001,0.7375,0.71780175,0.71780175,2986282054,4,0.8312887230183589,9j4u
476702476,0,0.07575,0.356275,0.39984875000000003,0.6746645,0.7050000000000001,0.65998425,0.65998425,476702476,0,0.8087168941438466,5xov
476702476,1,0.0862,0.520275,0.4819,0.7291925,0.7575,0.72699025,0.72699025,476702476,1,0.8361598615153173,5xov
476702476,2,0.082675,0.41425,0.432908,0.696203,0.7225,0.6864355,0.6864355,476702476,2,0.8206862453224867,5xov
476702476,3,0.078875,0.511975,0.47806375,0.72481,0.7525,0.72094725,0.72094725,476702476,3,0.8344231643423407,5xov
476702476,4,0.077275,0.3923,0.4302455,0.691643,0.725,0.68354675,0.68354675,476702476,4,0.820450715675345,5xov
4149355875,0,0.209125,0.9110750000000001,0.7739625,0.91442225,0.9075,0.91442225,0.91442225,4149355875,0,0.933320223883882,6tmo
4149355875,1,0.203125,0.909225,0.7734624999999999,0.913761,0.9075,0.913761,0.913761,4149355875,1,0.9320630946238776,6tmo
4149355875,2,0.2154,0.914575,0.7805845,0.9173625,0.91,0.9173625,0.9173625,4149355875,2,0.9349381375850584,6tmo
4149355875,3,0.193375,0.9087,0.7653485,0.910114,0.9075,0.910114,0.910114,4149355875,3,0.930861141504876,6tmo
4149355875,4,0.19255,0.907275,0.77114375,0.9136642500000001,0.9075,0.9136642500000001,0.9136642500000001,4149355875,4,0.932603621229607,6tmo
4290334085,0,0.0559,0.060950000000000004,0.10095625,0.41979675,0.5325,0.370582,0.370582,4290334085,0,0.7291968807878434,5d2n
4290334085,1,0.06747500000000001,0.076975,0.13955825,0.448716,0.555,0.409705,0.409705,4290334085,1,0.7411265873411316,5d2n
4290334085,2,0.066625,0.071175,0.15258525,0.44257799999999997,0.5725,0.4109575,0.4109575,4290334085,2,0.7485369496430715,5d2n
4290334085,3,0.065475,0.06835,0.132221,0.4320405,0.555,0.39495199999999997,0.39495199999999997,4290334085,3,0.743105237025769,5d2n
4290334085,4,0.0683,0.068075,0.12632,0.432512,0.5525,0.39482775000000003,0.39482775000000003,4290334085,4,0.7424807700671266,5d2n
766883941,0,0.147825,0.7596499999999999,0.74732975,0.89182575,0.89,0.89182575,0.89182575,766883941,0,0.9224265332980476,3kxf
766883941,1,0.132225,0.772725,0.71227875,0.87197725,0.875,0.87197725,0.87197725,766883941,1,0.9082931625405684,3kxf
766883941,2,0.136,0.65865,0.6865415,0.85502625,0.8625,0.85502625,0.85502625,766883941,2,0.8994041852985597,3kxf
766883941,3,0.1217,0.7678,0.70432625,0.86750625,0.8725,0.86750625,0.86750625,766883941,3,0.9091238207948694,3kxf
766883941,4,0.14027499999999998,0.6659999999999999,0.69441225,0.86302725,0.8674999999999999,0.86302725,0.86302725,766883941,4,0.8987502140680272,3kxf
4074483694,0,0.14545,0.8881,0.7725385,0.89996125,0.895,0.89996125,0.89996125,4074483694,0,0.9319678320489124,1qse
4074483694,1,0.141075,0.8906499999999999,0.78575925,0.905865,0.8975,0.905865,0.905865,4074483694,1,0.9376238797023184,1qse
4074483694,2,0.147625,0.8849,0.773094,0.8990432500000001,0.895,0.8990432500000001,0.8990432500000001,4074483694,2,0.9330984830285616,1qse
4074483694,3,0.143875,0.887575,0.77413775,0.899395,0.895,0.899395,0.899395,4074483694,3,0.9325633181287548,1qse
4074483694,4,0.137075,0.893975,0.80652525,0.916214,0.9075,0.916214,0.916214,4074483694,4,0.9436162444549306,1qse
3132587063,0,0.1542,0.77075,0.65255325,0.85913275,0.8574999999999999,0.85913275,0.85913275,3132587063,0,0.9002071716913995,4eup
3132587063,1,0.1421,0.757325,0.6474865000000001,0.85376125,0.855,0.85376125,0.85376125,3132587063,1,0.8972137484398158,4eup
3132587063,2,0.156975,0.7568,0.64718975,0.85677425,0.8574999999999999,0.85677425,0.85677425,3132587063,2,0.897555270263675,4eup
3132587063,3,0.14125000000000001,0.755875,0.6485732500000001,0.85717225,0.855,0.85717225,0.85717225,3132587063,3,0.8973021544253574,4eup
3132587063,4,0.153375,0.778225,0.661355,0.8632085,0.8625,0.8632085,0.8632085,3132587063,4,0.9033893919075404,4eup
3833055639,0,0.09104999999999999,0.436875,0.39334074999999996,0.68620925,0.735,0.68576125,0.68576125,3833055639,0,0.8462706132617343,7ow5
3833055639,1,0.091,0.403825,0.3894935,0.67552475,0.73,0.6750842499999999,0.6750842499999999,3833055639,1,0.8475027511289163,7ow5
3833055639,2,0.09720000000000001,0.43689999999999996,0.409818,0.6903915,0.74,0.6903915,0.6903915,3833055639,2,0.8501511665765471,7ow5
3833055639,3,0.086825,0.4052,0.3761805,0.671827,0.73,0.6716135,0.6716135,3833055639,3,0.8443942268477,7ow5
3833055639,4,0.09485,0.417575,0.39136424999999997,0.677366,0.73,0.67691775,0.67691775,3833055639,4,0.8455686099521321,7ow5
3645705911,0,0.04265,0.11555,0.1747345,0.49910750000000004,0.5675,0.4543425,0.4543425,3645705911,0,0.7338378630173445,7ndq
3645705911,1,0.054775,0.18627500000000002,0.2454585,0.5470335,0.61,0.51461675,0.51461675,3645705911,1,0.7599468409090901,7ndq
3645705911,2,0.053825,0.175875,0.249891,0.54408875,0.6174999999999999,0.5140867499999999,0.5140867499999999,3645705911,2,0.765668696555403,7ndq
3645705911,3,0.053925,0.1427,0.24256725,0.5339595,0.61,0.5082485,0.5082485,3645705911,3,0.75754136131159,7ndq
3645705911,4,0.051425,0.149425,0.21738849999999998,0.52514625,0.5975,0.48871575,0.48871575,3645705911,4,0.7520846491960976,7ndq
2651988104,0,0.178925,0.895675,0.75190025,0.90331675,0.8975,0.90331675,0.90331675,2651988104,0,0.9226148284755316,4jfe
2651988104,1,0.187125,0.9043,0.7721785,0.91568775,0.91,0.91568775,0.91568775,2651988104,1,0.9336034130161112,4jfe
2651988104,2,0.185025,0.8809,0.78244925,0.9197055000000001,0.9125000000000001,0.9197055000000001,0.9197055000000001,2651988104,2,0.935505114240318,4jfe
2651988104,3,0.17285,0.8987,0.7710885,0.913211,0.9075,0.913211,0.913211,2651988104,3,0.931699669752482,4jfe
2651988104,4,0.1758,0.8987499999999999,0.763711,0.91013225,0.905,0.91013225,0.91013225,2651988104,4,0.9281387852626476,4jfe
4139123812,0,0.055625,0.27995000000000003,0.3016385,0.5941195,0.6174999999999999,0.55357025,0.55357025,4139123812,0,0.7707612126577108,6zkx
4139123812,1,0.059625,0.348475,0.34219,0.6142195,0.665,0.601041,0.601041,4139123812,1,0.7978354656661227,6zkx
4139123812,2,0.050300000000000004,0.266275,0.3267535,0.6039315000000001,0.6325000000000001,0.5732597500000001,0.5732597500000001,4139123812,2,0.7804109897274465,6zkx
4139123812,3,0.05085,0.41595,0.358347,0.6320785,0.6775,0.618446,0.618446,4139123812,3,0.8055060065631001,6zkx
4139123812,4,0.052775,0.430275,0.373305,0.642571,0.69,0.634615,0.634615,4139123812,4,0.8141446198046611,6zkx
177451077,0,0.12359999999999999,0.832425,0.6915757499999999,0.875478,0.87,0.875478,0.875478,177451077,0,0.9068010408998308,4prp
177451077,1,0.1298,0.830275,0.697983,0.87824525,0.8775,0.87824525,0.87824525,177451077,1,0.9083645476581425,4prp
177451077,2,0.126725,0.82375,0.68839425,0.8744395,0.87,0.8744395,0.8744395,177451077,2,0.904552938440541,4prp
177451077,3,0.1296,0.8179,0.6719515,0.8645705,0.865,0.8645705,0.8645705,177451077,3,0.8963023789186993,4prp
177451077,4,0.124775,0.788875,0.6541415,0.85736425,0.855,0.85736425,0.85736425,177451077,4,0.8949972177194626,4prp
1299718217,0,0.085425,0.8691,0.68663575,0.8693445,0.8674999999999999,0.8693445,0.8693445,1299718217,0,0.8863623579799809,5til
1299718217,1,0.0832,0.848475,0.6641815,0.85862475,0.8574999999999999,0.85862475,0.85862475,1299718217,1,0.8746190399760831,5til
1299718217,2,0.08735,0.8654000000000001,0.673084,0.86079325,0.86,0.86079325,0.86079325,1299718217,2,0.8766687082082231,5til
1299718217,3,0.0857,0.8544499999999999,0.66338775,0.856285,0.855,0.856285,0.856285,1299718217,3,0.8712975433220623,5til
1299718217,4,0.0824,0.89185,0.699059,0.87540675,0.8725,0.87540675,0.87540675,1299718217,4,0.8923760193341292,5til
3975399715,0,0.071075,0.17465,0.18869925,0.50548575,0.6025,0.4700185,0.4700185,3975399715,0,0.747258386706582,7nme
3975399715,1,0.071575,0.24365,0.25948075,0.547829,0.65,0.52737475,0.52737475,3975399715,1,0.7706753145624159,7nme
3975399715,2,0.07985,0.243125,0.256649,0.53929575,0.65,0.51871475,0.51871475,3975399715,2,0.7692710239811679,7nme
3975399715,3,0.08485000000000001,0.291675,0.29246275,0.573817,0.6699999999999999,0.554028,0.554028,3975399715,3,0.7799578050382897,7nme
3975399715,4,0.077725,0.2844,0.31303425,0.574665,0.6775,0.56376125,0.56376125,3975399715,4,0.7879421926797988,7nme
1183200395,0,0.09115000000000001,0.85275,0.6834417500000001,0.8732295,0.87,0.8732295,0.8732295,1183200395,0,0.90483881608785,6vmx
1183200395,1,0.08565,0.8668750000000001,0.71901525,0.891493,0.885,0.891493,0.891493,1183200395,1,0.9181765850892272,6vmx
1183200395,2,0.06425,0.839225,0.68761425,0.8777005,0.8725,0.8777005,0.8777005,1183200395,2,0.9087271298559108,6vmx
1183200395,3,0.081025,0.86615,0.7202284999999999,0.8964934999999999,0.8925000000000001,0.8964934999999999,0.8964934999999999,1183200395,3,0.9243747985591084,6vmx
1183200395,4,0.0847,0.862425,0.6970735,0.8833949999999999,0.8775,0.8833949999999999,0.8833949999999999,1183200395,4,0.9108642563921316,6vmx
1118747352,0,0.12465,0.82735,0.7654225,0.867907,0.8725,0.867907,0.867907,1118747352,0,0.9221620507333116,2oi9
1118747352,1,0.1225,0.82355,0.7616937500000001,0.86798925,0.8725,0.86798925,0.86798925,1118747352,1,0.9228090888947654,2oi9
1118747352,2,0.1224,0.8088,0.7704055,0.87260375,0.875,0.87260375,0.87260375,1118747352,2,0.9225698816839192,2oi9
1118747352,3,0.112025,0.8209,0.76069425,0.8626885,0.865,0.8626885,0.8626885,1118747352,3,0.9174627936463068,2oi9
1118747352,4,0.1212,0.82155,0.76090075,0.8627549999999999,0.8674999999999999,0.8627549999999999,0.8627549999999999,1118747352,4,0.9170207571939136,2oi9
4029011990,0,0.126,0.617775,0.62502625,0.8294170000000001,0.8275,0.8294170000000001,0.8294170000000001,4029011990,0,0.8838023621035886,8gvb
4029011990,1,0.128175,0.5773,0.628629,0.8297145,0.8300000000000001,0.8297145,0.8297145,4029011990,1,0.8849831201142121,8gvb
4029011990,2,0.123375,0.5721499999999999,0.62920425,0.82945525,0.8300000000000001,0.82945525,0.82945525,4029011990,2,0.8843499464294058,8gvb
4029011990,3,0.119875,0.579975,0.6263455,0.82788475,0.8300000000000001,0.82788475,0.82788475,4029011990,3,0.8822020819827046,8gvb
4029011990,4,0.1254,0.57635,0.63218175,0.8314269999999999,0.8300000000000001,0.8314269999999999,0.8314269999999999,4029011990,4,0.8844187526844296,8gvb
3962069044,0,0.08775,0.61885,0.666249,0.781347,0.8049999999999999,0.781347,0.781347,3962069044,0,0.8904334176806354,3e2h
3962069044,1,0.083825,0.6338,0.6709995,0.786514,0.8125,0.786514,0.786514,3962069044,1,0.8887716689765945,3e2h
3962069044,2,0.08635,0.651775,0.6856145,0.79975325,0.8200000000000001,0.79975325,0.79975325,3962069044,2,0.8953047526442488,3e2h
3962069044,3,0.085575,0.6443,0.67132275,0.79086425,0.8125,0.79086425,0.79086425,3962069044,3,0.8887792408821327,3e2h
3962069044,4,0.09290000000000001,0.67175,0.69813075,0.8164485,0.835,0.8164485,0.8164485,3962069044,4,0.900946450370495,3e2h
2035058927,0,0.075475,0.6313,0.629499,0.8247932499999999,0.8300000000000001,0.8247932499999999,0.8247932499999999,2035058927,0,0.8906023659731216,8v4z
2035058927,1,0.0839,0.518,0.593211,0.80325725,0.815,0.80325725,0.80325725,2035058927,1,0.8830940686870887,8v4z
2035058927,2,0.072625,0.611225,0.635006,0.8323564999999999,0.8375,0.8323564999999999,0.8323564999999999,2035058927,2,0.8991641898027928,8v4z
2035058927,3,0.075725,0.4899,0.584434,0.7913669999999999,0.8,0.7913669999999999,0.7913669999999999,2035058927,3,0.8771838723138332,8v4z
2035058927,4,0.078575,0.555875,0.61339,0.81799775,0.8275,0.81799775,0.81799775,2035058927,4,0.8905785810836764,8v4z
2937373615,0,0.14345,0.7827,0.6121607499999999,0.81021625,0.825,0.81021625,0.81021625,2937373615,0,0.8656394466195696,3hg1
2937373615,1,0.1481,0.792225,0.6236517500000001,0.81754825,0.8275,0.81754825,0.81754825,2937373615,1,0.8686799291835411,3hg1
2937373615,2,0.152625,0.793525,0.625576,0.820394,0.8300000000000001,0.820394,0.820394,2937373615,2,0.8698838518118697,3hg1
2937373615,3,0.14135,0.68105,0.56100975,0.772115,0.7849999999999999,0.76835725,0.76835725,2937373615,3,0.8415229268041751,3hg1
2937373615,4,0.151075,0.7939499999999999,0.61891125,0.81604875,0.825,0.81604875,0.81604875,2937373615,4,0.8667101429352461,3hg1
2919834023,0,0.07155,0.5099,0.5725045,0.8092565,0.815,0.8092565,0.8092565,2919834023,0,0.8839469318051724,9j4s
2919834023,1,0.0715,0.534875,0.55292275,0.79710325,0.805,0.79710325,0.79710325,2919834023,1,0.8797559874391305,9j4s
2919834023,2,0.076775,0.555525,0.573484,0.8109327500000001,0.8200000000000001,0.8109327500000001,0.8109327500000001,2919834023,2,0.8852975723700007,9j4s
2919834023,3,0.07200000000000001,0.506625,0.5520665,0.7961039999999999,0.8075,0.7961039999999999,0.7961039999999999,2919834023,3,0.8769194208052785,9j4s
2919834023,4,0.07312500000000001,0.5404,0.59663925,0.82458025,0.825,0.82458025,0.82458025,2919834023,4,0.8913102131176746,9j4s
3053170927,0,0.082025,0.6491,0.59819975,0.814327,0.8200000000000001,0.814327,0.814327,3053170927,0,0.8790572747992024,2ol3
3053170927,1,0.080125,0.64435,0.6242555,0.81489975,0.8200000000000001,0.81489975,0.81489975,3053170927,1,0.8805702034238397,2ol3
3053170927,2,0.078025,0.662775,0.6291765,0.816363,0.8200000000000001,0.816363,0.816363,3053170927,2,0.8786909212915588,2ol3
3053170927,3,0.06525,0.5907,0.6037272499999999,0.7974457500000001,0.8049999999999999,0.7974457500000001,0.7974457500000001,3053170927,3,0.8761182819617779,2ol3
3053170927,4,0.088725,0.664775,0.6290392499999999,0.8148617499999999,0.8200000000000001,0.8148617499999999,0.8148617499999999,3053170927,4,0.8835701835790802,2ol3
1536383580,0,0.03485,0.042925,0.019449750000000002,0.37129049999999997,0.4475,0.27290200000000003,0.27290200000000003,1536383580,0,0.6796793170731044,9j4t
1536383580,1,0.036175,0.0435,0.02137975,0.37626899999999996,0.455,0.27871425,0.27871425,1536383580,1,0.682579661783105,9j4t
1536383580,2,0.038525,0.03265,0.0148875,0.3647435,0.395,0.24922825,0.24922825,1536383580,2,0.6317944431289654,9j4t
1536383580,3,0.0403,0.049075,0.037341,0.38032725,0.47750000000000004,0.29582474999999997,0.29582474999999997,1536383580,3,0.6954475377512617,9j4t
1536383580,4,0.037825,0.043125,0.0240755,0.37414475,0.45999999999999996,0.2818435,0.2818435,1536383580,4,0.685393409872435,9j4t
3259431204,0,0.067525,0.2039,0.207331,0.5085765,0.5825,0.4629335,0.4629335,3259431204,0,0.7317844913986926,6vmc
3259431204,1,0.06555,0.19355,0.227631,0.5101445,0.5975,0.47260675,0.47260675,3259431204,1,0.7493546559713117,6vmc
3259431204,2,0.068675,0.210825,0.23923624999999998,0.5227615,0.6025,0.4830815,0.4830815,3259431204,2,0.7495978116453118,6vmc
3259431204,3,0.072475,0.2263,0.27602225,0.546624,0.6275,0.511518,0.511518,3259431204,3,0.7616844324475425,6vmc
3259431204,4,0.070775,0.240025,0.26824425,0.5401320000000001,0.6275,0.50717025,0.50717025,3259431204,4,0.7633964118565754,6vmc
388519401,0,0.174375,0.8446750000000001,0.7060467500000001,0.8811905,0.88,0.8811905,0.8811905,388519401,0,0.9081107708802572,2bnr
388519401,1,0.17295,0.845775,0.70214175,0.8806225,0.88,0.8806225,0.8806225,388519401,1,0.9081458267180452,2bnr
388519401,2,0.166575,0.8596,0.7202315,0.89057225,0.885,0.89057225,0.89057225,388519401,2,0.9142908531967456,2bnr
388519401,3,0.1674,0.85025,0.71220775,0.88490875,0.8825000000000001,0.88490875,0.88490875,388519401,3,0.9108389941096754,2bnr
388519401,4,0.155275,0.8164,0.6860094999999999,0.87102375,0.87,0.87102375,0.87102375,388519401,4,0.9000422074381563,2bnr
1018229500,0,0.0723,0.86475,0.686929,0.88085475,0.88,0.88085475,0.88085475,1018229500,0,0.9049976636882476,3utt
1018229500,1,0.0717,0.873325,0.69855025,0.8859505,0.885,0.8859505,0.8859505,1018229500,1,0.9076048748617916,3utt
1018229500,2,0.067125,0.8751,0.70645825,0.88980825,0.885,0.88980825,0.88980825,1018229500,2,0.9102361555570738,3utt
1018229500,3,0.07775,0.851,0.691827,0.88389575,0.8825000000000001,0.88389575,0.88389575,1018229500,3,0.9074819583550384,3utt
1018229500,4,0.070125,0.858125,0.6858474999999999,0.878893,0.88,0.878893,0.878893,1018229500,4,0.9025192873047316,3utt
412755557,0,0.13572499999999998,0.837225,0.721121,0.885413,0.88,0.885413,0.885413,412755557,0,0.9138623153905004,7pbe
412755557,1,0.14615,0.85765,0.72517025,0.89210575,0.8875,0.89210575,0.89210575,412755557,1,0.917186803257009,7pbe
412755557,2,0.13995,0.844425,0.71262125,0.88389675,0.88,0.88389675,0.88389675,412755557,2,0.9104080050268982,7pbe
412755557,3,0.13575,0.85155,0.723194,0.88977425,0.8875,0.88977425,0.88977425,412755557,3,0.916966073850556,7pbe
412755557,4,0.1465,0.8607750000000001,0.7303785,0.8946855,0.89,0.8946855,0.8946855,412755557,4,0.9188181563356432,7pbe
1070811978,0,0.0718,0.59495,0.61548425,0.74864175,0.765,0.74864175,0.74864175,1070811978,0,0.8617465737694026,3rgv
1070811978,1,0.08207500000000001,0.650925,0.61330575,0.74632775,0.7625,0.74632775,0.74632775,1070811978,1,0.8634626128734182,3rgv
1070811978,2,0.08477499999999999,0.6389750000000001,0.610699,0.7461180000000001,0.765,0.7461180000000001,0.7461180000000001,1070811978,2,0.8632498285638336,3rgv
1070811978,3,0.081025,0.581025,0.612766,0.7501295,0.7675000000000001,0.7501295,0.7501295,1070811978,3,0.8634036602128715,3rgv
1070811978,4,0.077075,0.583225,0.61227525,0.747987,0.765,0.747987,0.747987,1070811978,4,0.8634672941216172,3rgv
4167155043,0,0.064025,0.37855,0.5262105,0.72934175,0.75,0.72934175,0.72934175,4167155043,0,0.847196170944922,6ulr
4167155043,1,0.075275,0.5534,0.5633555,0.7651600000000001,0.7775000000000001,0.7651600000000001,0.7651600000000001,4167155043,1,0.864823275458723,6ulr
4167155043,2,0.07915,0.515925,0.55434225,0.75248375,0.7675000000000001,0.75248375,0.75248375,4167155043,2,0.8614603654406524,6ulr
4167155043,3,0.077375,0.5004,0.548095,0.74652775,0.76,0.74652775,0.74652775,4167155043,3,0.8577074141621133,6ulr
4167155043,4,0.068975,0.412625,0.55236025,0.75206525,0.77,0.75206525,0.75206525,4167155043,4,0.8595048223724682,6ulr
308302468,0,0.07045,0.8631,0.69589675,0.8854835,0.885,0.8854835,0.8854835,308302468,0,0.906356653487148,3uts
308302468,1,0.07047500000000001,0.8604,0.68744275,0.87894925,0.8775,0.87894925,0.87894925,308302468,1,0.9030500725310592,3uts
308302468,2,0.071175,0.867425,0.691395,0.8839615000000001,0.885,0.8839615000000001,0.8839615000000001,308302468,2,0.9058414613139536,3uts
308302468,3,0.07127499999999999,0.869375,0.69433175,0.883164,0.88,0.883164,0.883164,308302468,3,0.9047329699440732,3uts
308302468,4,0.074975,0.8519,0.68757275,0.87863,0.8775,0.87863,0.87863,308302468,4,0.9009096306989746,3uts
434235967,0,0.070075,0.411275,0.407511,0.6721557499999999,0.6950000000000001,0.65691025,0.65691025,434235967,0,0.8061870707269022,8rlu
434235967,1,0.059275,0.434425,0.42700649999999996,0.6818965,0.7,0.66718775,0.66718775,434235967,1,0.8064665715629117,8rlu
434235967,2,0.06267500000000001,0.367525,0.3827955,0.65598775,0.6699999999999999,0.634216,0.634216,434235967,2,0.7874980530522485,8rlu
434235967,3,0.072125,0.419575,0.39239625,0.66595925,0.685,0.646035,0.646035,434235967,3,0.8026905904601828,8rlu
434235967,4,0.06675,0.403875,0.38233675,0.6601125,0.675,0.6338125,0.6338125,434235967,4,0.7894616180198354,8rlu
1497096118,0,0.0824,0.908675,0.71923475,0.8976357500000001,0.895,0.8976357500000001,0.8976357500000001,1497096118,0,0.9117549971763348,5c0b
1497096118,1,0.08,0.9043,0.71850725,0.89698,0.8925000000000001,0.89698,0.89698,1497096118,1,0.912286674966213,5c0b
1497096118,2,0.079325,0.906625,0.71397675,0.8943365,0.89,0.8943365,0.8943365,1497096118,2,0.9095886251427696,5c0b
1497096118,3,0.089325,0.909975,0.72880275,0.90308975,0.9,0.90308975,0.90308975,1497096118,3,0.9160136580046528,5c0b
1497096118,4,0.07805000000000001,0.917025,0.74716,0.90977375,0.905,0.90977375,0.90977375,1497096118,4,0.9225070259831244,5c0b
4054469333,0,0.036325,0.0144,0.0,0.0,0.34750000000000003,0.177252,0.177252,4054469333,0,0.6147618843935821,7rk7
4054469333,1,0.032799999999999996,0.013925,0.0,0.0,0.31,0.1613745,0.1613745,4054469333,1,0.5984965463382685,7rk7
4054469333,2,0.042875,0.01495,0.0,0.0,0.345,0.178277,0.178277,4054469333,2,0.6231269733868768,7rk7
4054469333,3,0.0423,0.01385,0.0,0.0,0.32,0.16547925,0.16547925,4054469333,3,0.6006883788144178,7rk7
4054469333,4,0.04245,0.01405,0.0,0.0,0.3275,0.170797,0.170797,4054469333,4,0.6056099536677151,7rk7
36256018,0,0.110525,0.827925,0.75199375,0.869854,0.87,0.869854,0.869854,36256018,0,0.9163508484607988,2e7l
36256018,1,0.109025,0.8365750000000001,0.73296575,0.861062,0.865,0.861062,0.861062,36256018,1,0.9095675915933464,2e7l
36256018,2,0.1092,0.8415,0.745518,0.867645,0.87,0.867645,0.867645,36256018,2,0.9150718783520926,2e7l
36256018,3,0.107325,0.8469,0.7509585,0.86903275,0.87,0.86903275,0.86903275,36256018,3,0.9163569201923782,2e7l
36256018,4,0.1094,0.82535,0.74350225,0.8669264999999999,0.87,0.8669264999999999,0.8669264999999999,36256018,4,0.9153292392113752,2e7l
1330766334,0,0.069175,0.2743,0.48677925,0.7206172500000001,0.7575,0.7206172500000001,0.7206172500000001,1330766334,0,0.8434672910941103,8en8
1330766334,1,0.0725,0.261825,0.476573,0.714611,0.7475,0.714611,0.714611,1330766334,1,0.8404673948803525,8en8
1330766334,2,0.068025,0.2993,0.5086652500000001,0.74278725,0.7675,0.74278725,0.74278725,1330766334,2,0.8509065303384813,8en8
1330766334,3,0.071225,0.288025,0.496507,0.73256025,0.7625,0.73256025,0.73256025,1330766334,3,0.8476352631693349,8en8
1330766334,4,0.07235,0.25765,0.48289675,0.71958775,0.755,0.71958775,0.71958775,1330766334,4,0.8427995407497093,8en8
2293656607,0,0.151175,0.91435,0.7573615,0.91111275,0.905,0.91111275,0.91111275,2293656607,0,0.927644881759224,2pye
2293656607,1,0.159375,0.91205,0.757201,0.908355,0.9025,0.908355,0.908355,2293656607,1,0.92523033620976,2pye
2293656607,2,0.16367500000000001,0.911225,0.74281975,0.9033705000000001,0.9,0.9033705000000001,0.9033705000000001,2293656607,2,0.9209462752051952,2pye
2293656607,3,0.1561,0.9094249999999999,0.74456225,0.9060745,0.9025,0.9060745,0.9060745,2293656607,3,0.9229658200472198,2pye
2293656607,4,0.15405,0.91215,0.7441355000000001,0.90536075,0.9025,0.90536075,0.90536075,2293656607,4,0.9218762735483176,2pye
3434994320,0,0.030574999999999998,0.010925,0.0,0.0,0.1625,0.08608875,0.08608875,3434994320,0,0.5012964081426692,7pb2
3434994320,1,0.035475,0.01115,0.0,0.0,0.185,0.09144625,0.09144625,3434994320,1,0.5126165287894722,7pb2
3434994320,2,0.035425,0.01115,0.0,0.0,0.16,0.08247375,0.08247375,3434994320,2,0.512666078506764,7pb2
3434994320,3,0.031175,0.0115,0.0,0.0,0.17500000000000002,0.08638725,0.08638725,3434994320,3,0.5139582980274426,7pb2
3434994320,4,0.0295,0.010825,0.0,0.0,0.1675,0.08717475,0.08717475,3434994320,4,0.5078382017316684,7pb2
1428996118,0,0.0893,0.65625,0.69944825,0.86131225,0.8574999999999999,0.86131225,0.86131225,1428996118,0,0.9072567221208984,1fo0
1428996118,1,0.072025,0.6663250000000001,0.7101095,0.87381225,0.8674999999999999,0.87381225,0.87381225,1428996118,1,0.9129866579785132,1fo0
1428996118,2,0.08435,0.61385,0.68809125,0.8568335,0.8525,0.8568335,0.8568335,1428996118,2,0.9038543957470464,1fo0
1428996118,3,0.08015,0.598275,0.68430225,0.855646,0.85,0.855646,0.855646,1428996118,3,0.9004140215291352,1fo0
1428996118,4,0.068625,0.67265,0.6963785,0.8600632500000001,0.8575,0.8600632500000001,0.8600632500000001,1428996118,4,0.9080116161058206,1fo0
4054102139,0,0.0503,0.039075,0.013922750000000001,0.380874,0.415,0.25430775,0.25430775,4054102139,0,0.6486407015470883,6uln
4054102139,1,0.048725,0.0297,0.012902,0.36507625,0.3675,0.2240935,0.2240935,4054102139,1,0.6147578703288337,6uln
4054102139,2,0.050925,0.031175,0.0133925,0.37384675,0.3725,0.22112075,0.22112075,4054102139,2,0.6260953848848769,6uln
4054102139,3,0.044025,0.0323,0.013367500000000001,0.3719295,0.365,0.2293675,0.2293675,4054102139,3,0.6189416119829685,6uln
4054102139,4,0.05345,0.044649999999999995,0.02010675,0.38803475,0.43,0.27439475,0.27439475,4054102139,4,0.6655610336769652,6uln
1016822548,0,0.131775,0.608225,0.6754487499999999,0.855349,0.85,0.8543015,0.8543015,1016822548,0,0.8906734526535841,1g6r
1016822548,1,0.123175,0.586475,0.640243,0.83405125,0.8375,0.8335965000000001,0.8335965000000001,1016822548,1,0.8733041503378259,1g6r
1016822548,2,0.12442500000000001,0.600875,0.67986925,0.8601825,0.8575,0.8601825,0.8601825,1016822548,2,0.8890679461863107,1g6r
1016822548,3,0.13105,0.577625,0.6448935,0.83580225,0.8375,0.83494,0.83494,1016822548,3,0.8762521010120392,1g6r
1016822548,4,0.1312,0.5901,0.64676225,0.8350235,0.8375,0.83465325,0.83465325,1016822548,4,0.8743581373851842,1g6r
1161719723,0,0.18525,0.8606750000000001,0.7107405,0.880753,0.88,0.880753,0.880753,1161719723,0,0.9042380343094808,6rpa
1161719723,1,0.181625,0.8704000000000001,0.71589225,0.883553,0.88,0.883553,0.883553,1161719723,1,0.9065848764661566,6rpa
1161719723,2,0.181175,0.8751249999999999,0.7213205,0.8881175,0.885,0.8881175,0.8881175,1161719723,2,0.9090982716736784,6rpa
1161719723,3,0.194125,0.865325,0.6964405,0.871926,0.87,0.871926,0.871926,1161719723,3,0.8975816383700929,6rpa
1161719723,4,0.1898,0.866925,0.70527975,0.877511,0.875,0.877511,0.877511,1161719723,4,0.9022994152668576,6rpa
1975571826,0,0.044275,0.048350000000000004,0.057478749999999995,0.38626825,0.4975,0.29225225,0.29225225,1975571826,0,0.6635599222264121,7n5p
1975571826,1,0.048725000000000004,0.045925,0.0660565,0.3950905,0.51,0.28389949999999997,0.28389949999999997,1975571826,1,0.6435401962482645,7n5p
1975571826,2,0.0465,0.084275,0.1285685,0.4465715,0.5800000000000001,0.375958,0.375958,1975571826,2,0.6961990936782739,7n5p
1975571826,3,0.046325,0.075625,0.11767925,0.4394825,0.5675,0.369832,0.369832,1975571826,3,0.7001023219527971,7n5p
1975571826,4,0.049775,0.04805,0.0785835,0.40415325,0.525,0.29298475,0.29298475,1975571826,4,0.6501703165314479,7n5p
59268532,0,0.06292500000000001,0.27805,0.48139625,0.721172,0.755,0.7210025,0.7210025,59268532,0,0.8373285752805695,8enh
59268532,1,0.064725,0.25055,0.466858,0.70514625,0.75,0.7035475,0.7035475,59268532,1,0.8363390301779685,8enh
59268532,2,0.065875,0.285425,0.48610624999999996,0.72309825,0.7525,0.72309825,0.72309825,59268532,2,0.839550771299737,8enh
59268532,3,0.06835,0.31772500000000004,0.50983575,0.7408915,0.77,0.7408915,0.7408915,59268532,3,0.8474560946321423,8enh
59268532,4,0.07035,0.26244999999999996,0.497141,0.73697075,0.77,0.73697075,0.73697075,59268532,4,0.8498906293928009,8enh
400101951,0,0.12514999999999998,0.6791499999999999,0.5379355,0.78421325,0.7975,0.78421325,0.78421325,400101951,0,0.858181208404124,6eqa
400101951,1,0.13405,0.7396,0.594909,0.82704625,0.8300000000000001,0.82704625,0.82704625,400101951,1,0.8813663474189596,6eqa
400101951,2,0.1188,0.6764,0.5438965,0.78750825,0.7975,0.78750825,0.78750825,400101951,2,0.8618240343615862,6eqa
400101951,3,0.1281,0.7081999999999999,0.5691345,0.80610325,0.815,0.80610325,0.80610325,400101951,3,0.8702471298992596,6eqa
400101951,4,0.12815,0.675725,0.5517095,0.7916460000000001,0.8049999999999999,0.7916460000000001,0.7916460000000001,400101951,4,0.8594820499085699,6eqa
415232346,0,0.043074999999999995,0.0512,0.07538675,0.36756025000000003,0.5525,0.32196925,0.32196925,415232346,0,0.7327404158388073,8rj5
415232346,1,0.04825,0.05405,0.09501725,0.3735985,0.56,0.3353345,0.3353345,415232346,1,0.7399748495997801,8rj5
415232346,2,0.057025,0.057,0.0950075,0.36903975,0.5625,0.331299,0.331299,415232346,2,0.7391829381442787,8rj5
415232346,3,0.050025,0.04645,0.061077,0.36145975,0.5475,0.3125015,0.3125015,415232346,3,0.7332653923926097,8rj5
415232346,4,0.0513,0.066875,0.1244565,0.3824475,0.5775,0.35489675,0.35489675,415232346,4,0.7455594625595232,8rj5
2663763092,0,0.037775,0.06055,0.12053225000000001,0.46459300000000003,0.4575,0.3782955,0.3782955,2663763092,0,0.6667011727227108,9hlj
2663763092,1,0.07185,0.08455,0.18680475000000002,0.49492325000000004,0.5275,0.44144249999999996,0.44144249999999996,2663763092,1,0.7166885831380256,9hlj
2663763092,2,0.05065,0.124775,0.2286355,0.51747125,0.575,0.47427325,0.47427325,2663763092,2,0.7386268552881825,9hlj
2663763092,3,0.06972500000000001,0.0978,0.2130175,0.50470775,0.5425,0.45802175,0.45802175,2663763092,3,0.7227071254874231,9hlj
2663763092,4,0.0349,0.05555,0.08944625,0.44355025,0.4225,0.3429855,0.3429855,2663763092,4,0.6452112109410096,9hlj
728117249,0,0.1263,0.7843249999999999,0.65981825,0.85402375,0.8574999999999999,0.85402375,0.85402375,728117249,0,0.9161719657707867,3d39
728117249,1,0.125275,0.778025,0.6516759999999999,0.8484155,0.85,0.8484155,0.8484155,728117249,1,0.9131463105163928,3d39
728117249,2,0.115375,0.7801,0.6440137499999999,0.84655525,0.85,0.84655525,0.84655525,728117249,2,0.913550228723304,3d39
728117249,3,0.12305,0.783625,0.6519895,0.85006275,0.855,0.85006275,0.85006275,728117249,3,0.9132746589921404,3d39
728117249,4,0.12985,0.80005,0.6632757499999999,0.8648899999999999,0.8674999999999999,0.8648899999999999,0.8648899999999999,728117249,4,0.9200091846491816,3d39
1259042150,0,0.078275,0.90025,0.705228,0.88866575,0.885,0.88866575,0.88866575,1259042150,0,0.9090089785149826,5c0c
1259042150,1,0.084075,0.90635,0.7159205,0.89562225,0.8925000000000001,0.89562225,0.89562225,1259042150,1,0.9147963121801292,5c0c
1259042150,2,0.087325,0.899275,0.702674,0.88719675,0.8875,0.88719675,0.88719675,1259042150,2,0.9105761101027948,5c0c
1259042150,3,0.0871,0.903225,0.71122425,0.8909385000000001,0.8875,0.8909385000000001,0.8909385000000001,1259042150,3,0.9127938127206436,5c0c
1259042150,4,0.091275,0.908925,0.7309565,0.901771,0.9,0.901771,0.901771,1259042150,4,0.9211462304574992,5c0c
2774331314,0,0.031975,0.024925000000000003,0.013029250000000001,0.3702775,0.29,0.17510375,0.17510375,2774331314,0,0.5717330315242792,7n6e
2774331314,1,0.051425,0.058025,0.016655,0.42192425,0.425,0.2489085,0.2489085,2774331314,1,0.659375674362213,7n6e
2774331314,2,0.03775,0.0247,0.0132555,0.37341975,0.2875,0.1785255,0.1785255,2774331314,2,0.5732763154538985,7n6e
2774331314,3,0.04245,0.03375,0.01495675,0.40044975,0.33499999999999996,0.20187449999999998,0.20187449999999998,2774331314,3,0.6046655433857889,7n6e
2774331314,4,0.0421,0.030625,0.014584,0.39427650000000003,0.3275,0.19528600000000002,0.19528600000000002,2774331314,4,0.6036949790160852,7n6e
612165763,0,0.14834999999999998,0.75705,0.64155225,0.8309765,0.84,0.8309765,0.8309765,612165763,0,0.8969547213629,5wkf
612165763,1,0.156075,0.758325,0.6240465,0.81773825,0.8300000000000001,0.81773825,0.81773825,612165763,1,0.895764729344085,5wkf
612165763,2,0.163,0.754825,0.62427825,0.8171085,0.8275,0.8171085,0.8171085,612165763,2,0.8956801741344236,5wkf
612165763,3,0.156675,0.7336,0.6023277499999999,0.805586,0.8175,0.805586,0.805586,612165763,3,0.8905467224440342,5wkf
612165763,4,0.149875,0.7181500000000001,0.60002325,0.8043005,0.8200000000000001,0.8043005,0.8043005,612165763,4,0.8858529298049906,5wkf
2756317113,0,0.0346,0.043475,0.017801749999999998,0.44223724999999997,0.37,0.23490175,0.23490175,2756317113,0,0.6165447900748834,7dzn
2756317113,1,0.03705,0.02625,0.015300250000000001,0.40805075,0.28500000000000003,0.19408124999999998,0.19408124999999998,2756317113,1,0.556932732711941,7dzn
2756317113,2,0.0363,0.046075,0.018242750000000002,0.44500175,0.3725,0.2343815,0.2343815,2756317113,2,0.6122919207353597,7dzn
2756317113,3,0.0343,0.025849999999999998,0.0153915,0.40862475,0.29000000000000004,0.1986985,0.1986985,2756317113,3,0.560095364531864,7dzn
2756317113,4,0.034325,0.050725,0.01850975,0.44665925,0.39,0.245575,0.245575,2756317113,4,0.6260150350969903,7dzn
740196249,0,0.1119,0.88205,0.7766755,0.903644,0.895,0.903644,0.903644,740196249,0,0.9297680334984576,7pbc
740196249,1,0.10905,0.881675,0.75526725,0.89202325,0.885,0.89202325,0.89202325,740196249,1,0.9215621586648336,7pbc
740196249,2,0.11165,0.868675,0.73947525,0.88424825,0.88,0.88424825,0.88424825,740196249,2,0.913572793760833,7pbc
740196249,3,0.1165,0.8711,0.76135425,0.89705225,0.8925000000000001,0.89705225,0.89705225,740196249,3,0.9247343322609922,7pbc
740196249,4,0.110875,0.873625,0.7625645,0.89505425,0.89,0.89505425,0.89505425,740196249,4,0.92454350281723,7pbc
1702226469,0,0.0867,0.759475,0.63553725,0.8465995,0.845,0.8465995,0.8465995,1702226469,0,0.8973900864173356,8rlt
1702226469,1,0.080675,0.757475,0.6350855,0.847069,0.8474999999999999,0.847069,0.847069,1702226469,1,0.897060997957594,8rlt
1702226469,2,0.0856,0.754625,0.6334642500000001,0.8451405,0.845,0.8451405,0.8451405,1702226469,2,0.8968289038396423,8rlt
1702226469,3,0.087225,0.7625,0.63378975,0.84881275,0.845,0.84881275,0.84881275,1702226469,3,0.8975790463587252,8rlt
1702226469,4,0.089225,0.772925,0.6382242499999999,0.8462385,0.845,0.8462385,0.8462385,1702226469,4,0.8956400125142986,8rlt
3450779734,0,0.071175,0.7477,0.6246875000000001,0.8203985,0.825,0.8203985,0.8203985,3450779734,0,0.8676936535706015,7n5c
3450779734,1,0.06475,0.6858,0.62263775,0.81674075,0.8225,0.81674075,0.81674075,3450779734,1,0.8661754722899153,7n5c
3450779734,2,0.073325,0.7428,0.6429615,0.8302645,0.835,0.8302645,0.8302645,3450779734,2,0.8743631208848914,7n5c
3450779734,3,0.076075,0.7801,0.65767825,0.841564,0.8425,0.841564,0.841564,3450779734,3,0.8824672802739435,7n5c
3450779734,4,0.069125,0.6882,0.597525,0.8012325,0.8075,0.8012325,0.8012325,3450779734,4,0.858748928895829,7n5c
1658790204,0,0.157375,0.72115,0.63653025,0.8397220000000001,0.8475,0.8397220000000001,0.8397220000000001,1658790204,0,0.8972195227411701,5wkh
1658790204,1,0.1624,0.737225,0.60864125,0.81404075,0.825,0.81404075,0.81404075,1658790204,1,0.887762286774934,5wkh
1658790204,2,0.158175,0.756775,0.626279,0.8220455,0.8325,0.8220455,0.8220455,1658790204,2,0.8923615031065908,5wkh
1658790204,3,0.15262499999999998,0.745975,0.60887075,0.80710075,0.8225,0.80710075,0.80710075,1658790204,3,0.8884333785316024,5wkh
1658790204,4,0.162375,0.722125,0.62228225,0.82009,0.8300000000000001,0.82009,0.82009,1658790204,4,0.8905918880660861,5wkh
2794198840,0,0.049875,0.025675,0.01238325,0.36047025,0.335,0.19928825,0.19928825,2794198840,0,0.5973959607638536,6rp9
2794198840,1,0.051525,0.026575,0.012518999999999999,0.362588,0.345,0.1989255,0.1989255,2794198840,1,0.6037112666603301,6rp9
2794198840,2,0.034749999999999996,0.022350000000000002,0.01211175,0.35553599999999996,0.32499999999999996,0.19335025,0.19335025,2794198840,2,0.5888386621555302,6rp9
2794198840,3,0.053625,0.0246,0.0095575,0.2577645,0.325,0.190332,0.190332,2794198840,3,0.5956370856266612,6rp9
2794198840,4,0.043225,0.0252,0.01228975,0.35787975,0.33999999999999997,0.19303475,0.19303475,2794198840,4,0.6042190813184317,6rp9
2594793813,0,0.090375,0.856075,0.6871065,0.87186725,0.87,0.87186725,0.87186725,2594793813,0,0.906222043622302,5m02
2594793813,1,0.088225,0.8486,0.669252,0.86177525,0.86,0.86177525,0.86177525,2594793813,1,0.8947674778122581,5m02
2594793813,2,0.0878,0.873,0.68197625,0.8677064999999999,0.865,0.8677064999999999,0.8677064999999999,2594793813,2,0.9029212738071748,5m02
2594793813,3,0.08805,0.869825,0.69436675,0.873236,0.87,0.873236,0.873236,2594793813,3,0.9065131414264695,5m02
2594793813,4,0.0884,0.8761,0.688159,0.8722255,0.87,0.8722255,0.8722255,2594793813,4,0.9042468348923756,5m02
3756292714,0,0.105225,0.3429,0.36809575,0.628525,0.71,0.628525,0.628525,3756292714,0,0.8709316349228645,7byd
3756292714,1,0.105975,0.359075,0.36754525,0.6256675,0.7075,0.6256675,0.6256675,3756292714,1,0.8724633687119034,7byd
3756292714,2,0.11185,0.353075,0.37057,0.6360755,0.72,0.6360755,0.6360755,3756292714,2,0.872191099168984,7byd
3756292714,3,0.10842500000000001,0.36865,0.37224175,0.637616,0.72,0.637616,0.637616,3756292714,3,0.8750093120200623,7byd
3756292714,4,0.105625,0.373375,0.3752645,0.64937025,0.7275,0.64937025,0.64937025,3756292714,4,0.876973320397859,7byd
555131066,0,0.031625,0.017750000000000002,0.0112545,0.3406335,0.24,0.1532115,0.1532115,555131066,0,0.5511330881398052,7rm4
555131066,1,0.04115,0.020025,0.01155525,0.3479085,0.2775,0.16039575,0.16039575,555131066,1,0.5761750044450117,7rm4
555131066,2,0.043750000000000004,0.024825,0.01234625,0.36118975,0.33,0.18145475,0.18145475,555131066,2,0.613298512615354,7rm4
555131066,3,0.03455,0.02015,0.011755999999999999,0.34909524999999997,0.2575,0.16496775,0.16496775,555131066,3,0.5530856414844821,7rm4
555131066,4,0.05777500000000001,0.016149999999999998,0.0026835,0.068096,0.2175,0.13796049999999999,0.13796049999999999,555131066,4,0.5395739858389511,7rm4
381930724,0,0.072775,0.409175,0.49840425,0.7142355,0.76,0.7142355,0.7142355,381930724,0,0.865624989527796,6uon
381930724,1,0.07667500000000001,0.400275,0.497795,0.7141065,0.7575000000000001,0.7141065,0.7141065,381930724,1,0.8670480673847205,6uon
381930724,2,0.07100000000000001,0.376975,0.45622874999999996,0.68244575,0.7375,0.68244575,0.68244575,381930724,2,0.8540945803075525,6uon
381930724,3,0.073,0.38575000000000004,0.47791025,0.698405,0.75,0.698405,0.698405,381930724,3,0.8597487510939957,6uon
381930724,4,0.07195,0.39392499999999997,0.4801455,0.70560125,0.75,0.70560125,0.70560125,381930724,4,0.8588111703227607,6uon
504653129,0,0.036775,0.014225,0.0055375,0.16441725000000001,0.2225,0.126337,0.126337,504653129,0,0.5838213428466649,9rxm
504653129,1,0.03435,0.0147,0.0052597500000000005,0.158723,0.22,0.12522475,0.12522475,504653129,1,0.5682259462002501,9rxm
504653129,2,0.044625,0.025925,0.01252425,0.33886275,0.38,0.221412,0.221412,504653129,2,0.6552594697905749,9rxm
504653129,3,0.062025000000000004,0.064725,0.08770525,0.388714,0.5075000000000001,0.32641825,0.32641825,504653129,3,0.6926549770170891,9rxm
504653129,4,0.040775,0.0249,0.011588,0.32341149999999996,0.39,0.20783925,0.20783925,504653129,4,0.6621088303321415,9rxm
3368392227,0,0.098375,0.7611249999999999,0.683385,0.88520375,0.8825000000000001,0.88520375,0.88520375,3368392227,0,0.9015767764101776,4n5e
3368392227,1,0.089325,0.729025,0.6632972500000001,0.87333875,0.8674999999999999,0.87333875,0.87333875,3368392227,1,0.8896487895270249,4n5e
3368392227,2,0.09905,0.750225,0.66144275,0.8764905000000001,0.8725,0.8764905000000001,0.8764905000000001,3368392227,2,0.8886415987571874,4n5e
3368392227,3,0.09695,0.7592,0.66769925,0.8766357499999999,0.8725,0.8766357499999999,0.8766357499999999,3368392227,3,0.8899918621461035,4n5e
3368392227,4,0.10165,0.7553,0.68806775,0.885906,0.8825000000000001,0.885906,0.885906,3368392227,4,0.8991273377656157,4n5e
2142262490,0,0.048775,0.024875,0.013073999999999999,0.3687745,0.395,0.22449975,0.22449975,2142262490,0,0.6587492078773564,6vrn
2142262490,1,0.02395,0.0135,0.0028575,0.10705775,0.2975,0.15787225,0.15787225,2142262490,1,0.596929250537078,6vrn
2142262490,2,0.0395,0.025,0.01255875,0.36045525,0.3875,0.2163225,0.2163225,2142262490,2,0.6552890906764783,6vrn
2142262490,3,0.0322,0.019625,0.0095475,0.2973925,0.38,0.20522425,0.20522425,2142262490,3,0.6474696129767578,6vrn
2142262490,4,0.038625,0.02535,0.01186025,0.34763375,0.39749999999999996,0.2180185,0.2180185,2142262490,4,0.6628756032384244,6vrn
3825406127,0,0.079375,0.719725,0.62514075,0.818985,0.8225,0.818985,0.818985,3825406127,0,0.8777324398777507,7q9b
3825406127,1,0.074825,0.703025,0.619893,0.81650875,0.8200000000000001,0.81650875,0.81650875,3825406127,1,0.8754729644619865,7q9b
3825406127,2,0.0765,0.694775,0.603986,0.80675825,0.8125,0.80675825,0.80675825,3825406127,2,0.8700795106200183,7q9b
3825406127,3,0.072225,0.73425,0.6285845,0.8212585,0.8275,0.8212585,0.8212585,3825406127,3,0.881317523937895,7q9b
3825406127,4,0.07685,0.71925,0.616986,0.81304975,0.8175,0.81304975,0.81304975,3825406127,4,0.8751251412263035,7q9b
1756263994,0,0.10695,0.8627,0.663037,0.8728575000000001,0.8725,0.8661855,0.8661855,1756263994,0,0.906456541569636,5hhm
1756263994,1,0.103675,0.850475,0.632666,0.85670025,0.8425,0.83192025,0.83192025,1756263994,1,0.9010867068286128,5hhm
1756263994,2,0.108925,0.862325,0.65208,0.86967525,0.8625,0.8538825,0.8538825,1756263994,2,0.8988506617430223,5hhm
1756263994,3,0.100025,0.8679749999999999,0.6618415,0.87459625,0.8625,0.8594155,0.8594155,1756263994,3,0.9005944519671732,5hhm
1756263994,4,0.105525,0.84705,0.63426075,0.85639625,0.8475,0.835279,0.835279,1756263994,4,0.8901714733054594,5hhm
640330079,0,0.03555,0.029400000000000003,0.01323,0.36491,0.2925,0.19346475,0.19346475,640330079,0,0.5920352254736821,7n2s
640330079,1,0.035225,0.02435,0.009701,0.25533575000000003,0.2725,0.17880225,0.17880225,640330079,1,0.5852511202645989,7n2s
640330079,2,0.046075,0.0242,0.0135025,0.37053425,0.295,0.19714475,0.19714475,640330079,2,0.5937670148751705,7n2s
640330079,3,0.037925,0.022350000000000002,0.0094325,0.25108625,0.2675,0.17621225000000001,0.17621225000000001,640330079,3,0.5768609979255102,7n2s
640330079,4,0.035824999999999996,0.023725,0.01264525,0.3558265,0.2725,0.1797675,0.1797675,640330079,4,0.5762938745165205,7n2s
2637256959,0,0.162975,0.740575,0.6848062500000001,0.8539875,0.85,0.8539875,0.8539875,2637256959,0,0.8839556554305323,1mwa
2637256959,1,0.151125,0.7257,0.6930780000000001,0.85666375,0.855,0.85666375,0.85666375,2637256959,1,0.8871031505694292,1mwa
2637256959,2,0.1532,0.7180500000000001,0.68920025,0.85424625,0.8525,0.85424625,0.85424625,2637256959,2,0.8852530815233148,1mwa
2637256959,3,0.161575,0.74405,0.69075975,0.85666425,0.855,0.85666425,0.85666425,2637256959,3,0.88531871842443,1mwa
2637256959,4,0.156575,0.750775,0.70440525,0.8643745,0.86,0.8643745,0.8643745,2637256959,4,0.8913812471199098,1mwa
3253993539,0,0.15184999999999998,0.904325,0.74222175,0.90119075,0.8975,0.90119075,0.90119075,3253993539,0,0.918159907767659,5nht
3253993539,1,0.143575,0.896475,0.74253625,0.899428,0.895,0.899428,0.899428,3253993539,1,0.9197679354953066,5nht
3253993539,2,0.15405000000000002,0.900425,0.73880275,0.8984825,0.895,0.8984825,0.8984825,3253993539,2,0.9154418053243418,5nht
3253993539,3,0.152,0.904475,0.74017975,0.89892975,0.895,0.89892975,0.89892975,3253993539,3,0.9187836299472378,5nht
3253993539,4,0.153475,0.90005,0.74834825,0.903172,0.8975,0.903172,0.903172,3253993539,4,0.9193125360471388,5nht
1972653730,0,0.062125,0.610225,0.47372225,0.7202554999999999,0.7625,0.71688975,0.71688975,1972653730,0,0.841096230915415,6vqo
1972653730,1,0.056225,0.57965,0.46579775,0.7240245,0.755,0.7162044999999999,0.7162044999999999,1972653730,1,0.8359594365119367,6vqo
1972653730,2,0.054025,0.5014000000000001,0.41844625,0.679898,0.73,0.67140475,0.67140475,1972653730,2,0.817408603602615,6vqo
1972653730,3,0.0588,0.604425,0.47197025000000004,0.7271595,0.7625,0.72098375,0.72098375,1972653730,3,0.8385298214627454,6vqo
1972653730,4,0.05935,0.6009249999999999,0.48385999999999996,0.7343805,0.7675,0.7282425,0.7282425,1972653730,4,0.8420378664031659,6vqo
1590223274,0,0.12492500000000001,0.85895,0.7009715,0.87175425,0.8674999999999999,0.87175425,0.87175425,1590223274,0,0.9122462990353049,5nme
1590223274,1,0.13095,0.877975,0.72713275,0.8849622500000001,0.8825000000000001,0.8849622500000001,0.8849622500000001,1590223274,1,0.9172467076225124,5nme
1590223274,2,0.140125,0.876275,0.71161825,0.87879725,0.8775,0.87879725,0.87879725,1590223274,2,0.9139384665802154,5nme
1590223274,3,0.11335,0.812425,0.676817,0.85411825,0.8525,0.85411825,0.85411825,1590223274,3,0.9004901444398988,5nme
1590223274,4,0.141625,0.876625,0.71355375,0.87916275,0.8775,0.87916275,0.87916275,1590223274,4,0.914638531260309,5nme
2523115923,0,0.1119,0.7461249999999999,0.6399265000000001,0.8469107499999999,0.8525,0.8469107499999999,0.8469107499999999,2523115923,0,0.8881673150981781,7n2o
2523115923,1,0.1075,0.771225,0.6279027500000001,0.83848525,0.85,0.83848525,0.83848525,2523115923,1,0.8871919199662133,7n2o
2523115923,2,0.103375,0.7409,0.66005175,0.857151,0.8625,0.857151,0.857151,2523115923,2,0.9001689105953017,7n2o
2523115923,3,0.11349999999999999,0.7394000000000001,0.6236269999999999,0.83698175,0.845,0.83698175,0.83698175,2523115923,3,0.8865606086935403,7n2o
2523115923,4,0.10994999999999999,0.739775,0.62498025,0.8359265,0.8425,0.8359265,0.8359265,2523115923,4,0.8856155887796682,7n2o
876620493,0,0.105725,0.7455499999999999,0.665475,0.849173,0.845,0.849173,0.849173,876620493,0,0.8976487407472119,6bj3
876620493,1,0.10255,0.75185,0.6628594999999999,0.845959,0.8425,0.845959,0.845959,876620493,1,0.896461711389154,6bj3
876620493,2,0.1053,0.739625,0.6704345,0.8501385,0.8474999999999999,0.8501385,0.8501385,876620493,2,0.8997095188739918,6bj3
876620493,3,0.105575,0.735225,0.66688475,0.8479095000000001,0.845,0.8479095000000001,0.8479095000000001,876620493,3,0.8962099852290163,6bj3
876620493,4,0.09725,0.7574,0.6573145,0.84439875,0.8425,0.84439875,0.84439875,876620493,4,0.8954037926825579,6bj3
2352682241,0,0.12835,0.8319,0.7205090000000001,0.87221825,0.87,0.87221825,0.87221825,2352682241,0,0.910216717756544,7qpj
2352682241,1,0.11925,0.8280000000000001,0.716388,0.86946725,0.865,0.86946725,0.86946725,2352682241,1,0.9097576639857566,7qpj
2352682241,2,0.12842499999999998,0.784825,0.6856175,0.8499005,0.845,0.8499005,0.8499005,2352682241,2,0.8972509755871825,7qpj
2352682241,3,0.112075,0.8475,0.7258830000000001,0.875929,0.87,0.875929,0.875929,2352682241,3,0.9131208516544306,7qpj
2352682241,4,0.12117499999999999,0.8106249999999999,0.7032435,0.8597772499999999,0.8575,0.8597772499999999,0.8597772499999999,2352682241,4,0.9035814034034694,7qpj
2082819952,0,0.039650000000000005,0.011975,0.0,0.0,0.2225,0.10706175,0.10706175,2082819952,0,0.5392847057427914,8gom
2082819952,1,0.0356,0.011099999999999999,0.0,0.0,0.1675,0.092834,0.092834,2082819952,1,0.5143841704331608,8gom
2082819952,2,0.038125,0.01205,0.0,0.0,0.22,0.10614575,0.10614575,2082819952,2,0.5395342673898171,8gom
2082819952,3,0.0406,0.012125,0.0,0.0,0.2225,0.1068675,0.1068675,2082819952,3,0.5405850523098524,8gom
2082819952,4,0.037,0.011,0.0,0.0,0.1675,0.092238,0.092238,2082819952,4,0.5146891122201243,8gom
2710736364,0,0.047975000000000004,0.14355,0.244083,0.4961425,0.5975,0.46637375,0.46637375,2710736364,0,0.74578086722355,7jwj
2710736364,1,0.044625,0.106325,0.16888625000000002,0.45434025,0.545,0.41110125,0.41110125,2710736364,1,0.7142102573041742,7jwj
2710736364,2,0.0559,0.120925,0.18609375,0.46381425,0.5525,0.41787725,0.41787725,2710736364,2,0.717510067832983,7jwj
2710736364,3,0.043375,0.1061,0.17820425,0.46337925,0.545,0.41983475000000003,0.41983475000000003,2710736364,3,0.7096380049649437,7jwj
2710736364,4,0.047125,0.140725,0.23354225,0.49507999999999996,0.59,0.4612025,0.4612025,2710736364,4,0.7376061746768638,7jwj
3953044503,0,0.088325,0.19415,0.42052775,0.66473275,0.7175,0.66473275,0.66473275,3953044503,0,0.81723782229407,7l1d
3953044503,1,0.084375,0.1891,0.39577675,0.6427425,0.705,0.6427425,0.6427425,3953044503,1,0.8127369735897453,7l1d
3953044503,2,0.08155,0.170325,0.387207,0.6363602500000001,0.6975,0.63612925,0.63612925,3953044503,2,0.8075331652282255,7l1d
3953044503,3,0.0825,0.1958,0.42128825000000003,0.6656365,0.7175,0.66539025,0.66539025,3953044503,3,0.8159292622821048,7l1d
3953044503,4,0.08055,0.178875,0.40752675,0.65011575,0.705,0.6493185,0.6493185,3953044503,4,0.8117760110873802,7l1d
155955667,0,0.0742,0.537575,0.61443825,0.71871625,0.7425,0.71181175,0.71181175,155955667,0,0.8656369456992896,3tf7
155955667,1,0.06835000000000001,0.526475,0.6062575,0.7113195,0.735,0.704417,0.704417,155955667,1,0.8588962904922155,3tf7
155955667,2,0.0656,0.526925,0.60474575,0.71352575,0.7375,0.70656,0.70656,155955667,2,0.8642167485111689,3tf7
155955667,3,0.0667,0.53485,0.61351475,0.720362,0.7425,0.71348575,0.71348575,155955667,3,0.8626570960265842,3tf7
155955667,4,0.0648,0.524375,0.60967775,0.7134367500000001,0.7375,0.7065165,0.7065165,155955667,4,0.8648058605567016,3tf7
3410322805,0,0.091925,0.562025,0.5303475,0.7575555,0.7825,0.7575555,0.7575555,3410322805,0,0.8524222162289447,4qrp
3410322805,1,0.097,0.58445,0.55560575,0.7770155,0.7925,0.7770155,0.7770155,3410322805,1,0.8615838920824114,4qrp
3410322805,2,0.09835,0.56385,0.56054325,0.78182,0.8,0.78182,0.78182,3410322805,2,0.8615995682536561,4qrp
3410322805,3,0.09835,0.54935,0.530687,0.755771,0.78,0.755771,0.755771,3410322805,3,0.8531354466035649,4qrp
3410322805,4,0.089425,0.551675,0.528891,0.7622852499999999,0.7825,0.7622852499999999,0.7622852499999999,3410322805,4,0.8549778097354025,4qrp
1940603715,0,0.139175,0.644675,0.67827125,0.85710125,0.855,0.85710125,0.85710125,1940603715,0,0.8876957032331485,8eo8
1940603715,1,0.131475,0.52475,0.66023,0.8475225,0.85,0.8475225,0.8475225,1940603715,1,0.8808777337149368,8eo8
1940603715,2,0.1338,0.61545,0.6861072500000001,0.85906675,0.855,0.85906675,0.85906675,1940603715,2,0.8914007691029867,8eo8
1940603715,3,0.139225,0.7031000000000001,0.69043575,0.863572,0.865,0.863572,0.863572,1940603715,3,0.8906996688176326,8eo8
1940603715,4,0.14755000000000001,0.7637,0.71863525,0.8799875,0.875,0.8799875,0.8799875,1940603715,4,0.9033913563323974,8eo8
2572035012,0,0.0493,0.4024,0.48739875,0.72388425,0.76,0.7004815,0.7004815,2572035012,0,0.8133489149403311,7n4k
2572035012,1,0.051324999999999996,0.3261,0.410383,0.6653074999999999,0.7275,0.61492025,0.61492025,2572035012,1,0.7704815097389099,7n4k
2572035012,2,0.0543,0.39025,0.49398675,0.72166375,0.765,0.7026795,0.7026795,2572035012,2,0.8164645908577822,7n4k
2572035012,3,0.063475,0.4934,0.501723,0.73366175,0.775,0.714767,0.714767,2572035012,3,0.8186976817209548,7n4k
2572035012,4,0.057,0.331775,0.39423474999999997,0.6378035,0.725,0.58673125,0.58673125,2572035012,4,0.7644854275911318,7n4k
2489643401,0,0.03245,0.0374,0.015487250000000001,0.3747845,0.3625,0.25781075000000003,0.25781075000000003,2489643401,0,0.6175666176434375,7n2r
2489643401,1,0.0395,0.043075,0.014296,0.38526,0.355,0.2532905,0.2532905,2489643401,1,0.6142059035978307,7n2r
2489643401,2,0.0393,0.033925,0.0143725,0.3842775,0.3725,0.26423675,0.26423675,2489643401,2,0.628707934363559,7n2r
2489643401,3,0.039850000000000003,0.03885,0.014713750000000001,0.3878725,0.37,0.26285725,0.26285725,2489643401,3,0.6196764170841391,7n2r
2489643401,4,0.03945,0.034125,0.013641,0.37419925,0.365,0.2523615,0.2523615,2489643401,4,0.6271503317428905,7n2r
3047994093,0,0.064525,0.19475,0.388978,0.6234155,0.695,0.62318275,0.62318275,3047994093,0,0.8292898524170963,3dxa
3047994093,1,0.063425,0.192275,0.37633825,0.6169625000000001,0.6875,0.61516,0.61516,3047994093,1,0.8199569168392111,3dxa
3047994093,2,0.06885,0.336225,0.4949435,0.73606275,0.7725,0.73606275,0.73606275,3047994093,2,0.8584915626007344,3dxa
3047994093,3,0.057550000000000004,0.192175,0.34457075,0.596585,0.6775,0.59510425,0.59510425,3047994093,3,0.8145592244774716,3dxa
3047994093,4,0.073225,0.242425,0.42459325000000003,0.658794,0.715,0.65855375,0.65855375,3047994093,4,0.8308902869084965,3dxa
2225511814,0,0.16007500000000002,0.85455,0.7267095,0.88984975,0.885,0.88984975,0.88984975,2225511814,0,0.916267159411806,4l3e
2225511814,1,0.153275,0.83675,0.72313275,0.8870275000000001,0.8825000000000001,0.8870275000000001,0.8870275000000001,2225511814,1,0.914693796532221,4l3e
2225511814,2,0.16540000000000002,0.8533999999999999,0.71554775,0.88301325,0.8825000000000001,0.88301325,0.88301325,2225511814,2,0.9114679982792996,4l3e
2225511814,3,0.160775,0.85715,0.72930925,0.891854,0.8875,0.891854,0.891854,2225511814,3,0.9184023735380402,4l3e
2225511814,4,0.164325,0.846875,0.7169625,0.88521625,0.8825000000000001,0.88521625,0.88521625,2225511814,4,0.913450403410914,4l3e
2949033848,0,0.10287500000000001,0.86175,0.6754935,0.87836475,0.875,0.87836475,0.87836475,2949033848,0,0.9078916273062878,6g9q
2949033848,1,0.10885,0.86895,0.6675545,0.87585825,0.87,0.87585825,0.87585825,2949033848,1,0.9060533490820388,6g9q
2949033848,2,0.112075,0.8563,0.67255675,0.87401475,0.87,0.87401475,0.87401475,2949033848,2,0.9040587074458208,6g9q
2949033848,3,0.10569999999999999,0.850225,0.6643982500000001,0.87083725,0.8674999999999999,0.87083725,0.87083725,2949033848,3,0.9021889142193984,6g9q
2949033848,4,0.11049999999999999,0.879575,0.68204175,0.8809215,0.875,0.8809215,0.8809215,2949033848,4,0.9080869481884372,6g9q
1456097976,0,0.07835,0.5857,0.560705,0.77659775,0.795,0.77659775,0.77659775,1456097976,0,0.8699954531914817,7n1f
1456097976,1,0.07765,0.545725,0.521187,0.74166625,0.7775,0.74166625,0.74166625,1456097976,1,0.859237134785604,7n1f
1456097976,2,0.081125,0.555225,0.5444495,0.75902625,0.7875,0.75902625,0.75902625,1456097976,2,0.8659337275477863,7n1f
1456097976,3,0.07955000000000001,0.552575,0.534678,0.7548682499999999,0.7825,0.7548682499999999,0.7548682499999999,1456097976,3,0.8594494060833846,7n1f
1456097976,4,0.07985,0.517,0.52284875,0.7419767500000001,0.7675,0.7419767500000001,0.7419767500000001,1456097976,4,0.8530871306763259,7n1f
245095547,0,0.029875,0.034925,0.0609915,0.38626375,0.495,0.30693425,0.30693425,245095547,0,0.6994704158065581,6bj2
245095547,1,0.0316,0.049125,0.052206,0.380459,0.5,0.3058475,0.3058475,245095547,1,0.7035032469804798,6bj2
245095547,2,0.026325,0.026025,0.05279225,0.38070824999999997,0.4975,0.30061125,0.30061125,245095547,2,0.7041535844081646,6bj2
245095547,3,0.027625,0.03805,0.02278275,0.36098975,0.4575,0.26596525,0.26596525,245095547,3,0.6804651370844175,6bj2
245095547,4,0.0398,0.040125,0.080471,0.4028845,0.5275000000000001,0.334486,0.334486,245095547,4,0.7157689565792824,6bj2
3224317673,0,0.048275,0.0129,0.0,0.0,0.2225,0.1104425,0.1104425,3224317673,0,0.5477317806511823,7n2n
3224317673,1,0.025175,0.01165,0.0,0.0,0.1875,0.09975675,0.09975675,3224317673,1,0.5293645381397489,7n2n
3224317673,2,0.03685,0.012924999999999999,0.0,0.0,0.23249999999999998,0.11561225,0.11561225,3224317673,2,0.548037470916506,7n2n
3224317673,3,0.0287,0.0119,0.0,0.0,0.1875,0.10141575,0.10141575,3224317673,3,0.5351007662676849,7n2n
3224317673,4,0.04455,0.012475,0.0,0.0,0.2275,0.11347925,0.11347925,3224317673,4,0.5485936461361349,7n2n
3016617022,0,0.092,0.558825,0.61684575,0.8376335,0.845,0.8376335,0.8376335,3016617022,0,0.8949568757410606,1mi5
3016617022,1,0.0867,0.58335,0.60846125,0.82258225,0.8325,0.82258225,0.82258225,3016617022,1,0.8866581593036096,1mi5
3016617022,2,0.08885,0.59895,0.6201145,0.82878875,0.835,0.82878875,0.82878875,3016617022,2,0.889053631999137,1mi5
3016617022,3,0.09687499999999999,0.573,0.65080475,0.84567975,0.85,0.84567975,0.84567975,3016617022,3,0.8974571024850874,1mi5
3016617022,4,0.086575,0.560325,0.616446,0.8238265,0.8325,0.8238265,0.8238265,3016617022,4,0.8866744453763579,1mi5
2130646927,0,0.048975000000000005,0.081175,0.16165725,0.446566,0.515,0.40788375,0.40788375,2130646927,0,0.7688929448485647,4nhu
2130646927,1,0.04905,0.12392500000000001,0.20142725,0.49557249999999997,0.5725,0.47767625,0.47767625,2130646927,1,0.7945227383024104,4nhu
2130646927,2,0.0477,0.042075,0.09593449999999999,0.40708275,0.45499999999999996,0.343471,0.343471,2130646927,2,0.7249665807205751,4nhu
2130646927,3,0.048225000000000004,0.0973,0.18690600000000002,0.4804965,0.545,0.4453145,0.4453145,2130646927,3,0.7850459126840333,4nhu
2130646927,4,0.0547,0.07919999999999999,0.16338049999999998,0.44822175,0.53,0.41733425,0.41733425,2130646927,4,0.7722406699471052,4nhu
4186326878,0,0.0643,0.050449999999999995,0.076136,0.40272074999999996,0.51,0.33996575,0.33996575,4186326878,0,0.7065151519142711,9d95
4186326878,1,0.06375,0.073575,0.11601925,0.4329345,0.545,0.384724,0.384724,4186326878,1,0.7268873929532557,9d95
4186326878,2,0.058,0.040175,0.04043025,0.37532200000000004,0.4625,0.29356825,0.29356825,4186326878,2,0.6782285112431214,9d95
4186326878,3,0.0664,0.047525,0.05535225,0.393955,0.5,0.327509,0.327509,4186326878,3,0.7055251124616547,9d95
4186326878,4,0.0642,0.073125,0.12333424999999999,0.44733725,0.5625,0.40313875,0.40313875,4186326878,4,0.7351202090329112,9d95
3423533226,0,0.1251,0.768525,0.722925,0.879486,0.875,0.879486,0.879486,3423533226,0,0.9138538126700334,8dnt
3423533226,1,0.1369,0.793075,0.7263317499999999,0.87997125,0.8775,0.87997125,0.87997125,3423533226,1,0.9101371022378778,8dnt
3423533226,2,0.14175,0.79305,0.725221,0.8776565000000001,0.875,0.8776565000000001,0.8776565000000001,3423533226,2,0.9082336099233792,8dnt
3423533226,3,0.1353,0.82445,0.76342275,0.89969175,0.895,0.89969175,0.89969175,3423533226,3,0.9274752878662832,8dnt
3423533226,4,0.138925,0.79765,0.72834375,0.879381,0.875,0.879381,0.879381,3423533226,4,0.9098262408420356,8dnt
1053974805,0,0.064375,0.519,0.5845137499999999,0.80483525,0.8175,0.80483525,0.80483525,1053974805,0,0.8816473777653541,8ryp
1053974805,1,0.057175000000000004,0.43905,0.55146775,0.77671325,0.7925,0.77671325,0.77671325,1053974805,1,0.8747671011348533,8ryp
1053974805,2,0.065625,0.405,0.5725939999999999,0.79702875,0.8075,0.79702875,0.79702875,1053974805,2,0.8811931361728996,8ryp
1053974805,3,0.066925,0.484825,0.5537704999999999,0.78112525,0.7975,0.78112525,0.78112525,1053974805,3,0.8752358718852787,8ryp
1053974805,4,0.065075,0.501775,0.57640275,0.79918025,0.81,0.79918025,0.79918025,1053974805,4,0.8830856519126518,8ryp
2173523135,0,0.1978,0.91395,0.7538710000000001,0.9011715,0.8975,0.9011715,0.9011715,2173523135,0,0.9124069662322568,3vxu
2173523135,1,0.197525,0.912725,0.75181025,0.89938825,0.8975,0.89938825,0.89938825,2173523135,1,0.9124407945106368,3vxu
2173523135,2,0.1939,0.910575,0.745557,0.89642575,0.895,0.89642575,0.89642575,2173523135,2,0.9076367000328482,3vxu
2173523135,3,0.202425,0.914875,0.74903175,0.8987105,0.8975,0.8987105,0.8987105,2173523135,3,0.9096760420383748,3vxu
2173523135,4,0.20320000000000002,0.9175,0.75602525,0.900919,0.8975,0.900919,0.900919,2173523135,4,0.9138756089032946,3vxu
3244035172,0,0.054724999999999996,0.310275,0.38207575,0.616716,0.6799999999999999,0.6111675,0.6111675,3244035172,0,0.8016006216290708,2j8u
3244035172,1,0.04915,0.2432,0.30285,0.5736542499999999,0.6325000000000001,0.55108775,0.55108775,3244035172,1,0.7713924249933489,2j8u
3244035172,2,0.046425,0.19165,0.2639435,0.5512125,0.6025,0.521644,0.521644,3244035172,2,0.7565181806419006,2j8u
3244035172,3,0.05505,0.2058,0.25138150000000004,0.5349495,0.6025,0.50785275,0.50785275,3244035172,3,0.7503795297778587,2j8u
3244035172,4,0.058625000000000003,0.16535,0.20754275,0.51186625,0.5625,0.46772424999999995,0.46772424999999995,3244035172,4,0.7296564377018642,2j8u
3292432231,0,0.0973,0.746425,0.65513975,0.8486607500000001,0.8475,0.8486607500000001,0.8486607500000001,3292432231,0,0.8924540803381674,3vxr
3292432231,1,0.09205,0.709225,0.633976,0.83097275,0.8325,0.83097275,0.83097275,3292432231,1,0.8800208863220095,3vxr
3292432231,2,0.11395,0.7522,0.65484725,0.845329,0.845,0.845329,0.845329,3292432231,2,0.8894091543841949,3vxr
3292432231,3,0.10475,0.767925,0.66073625,0.8494765,0.8475,0.8494765,0.8494765,3292432231,3,0.8911208073109063,3vxr
3292432231,4,0.098175,0.759575,0.6584795,0.8453965,0.8475,0.8453965,0.8453965,3292432231,4,0.8913975611796041,3vxr
1223425913,0,0.069175,0.418375,0.5233875,0.7448835,0.7725,0.7448835,0.7448835,1223425913,0,0.858939295276718,8v51
1223425913,1,0.07815,0.4995,0.5796785,0.78507775,0.805,0.78507775,0.78507775,1223425913,1,0.8766859621299717,8v51
1223425913,2,0.074175,0.424775,0.49821,0.7187245,0.755,0.7187245,0.7187245,1223425913,2,0.8478165704228562,8v51
1223425913,3,0.078975,0.443375,0.532595,0.7487937499999999,0.78,0.7487937499999999,0.7487937499999999,1223425913,3,0.8640851939370015,8v51
1223425913,4,0.07875,0.529725,0.55670125,0.7710855,0.7975,0.7710855,0.7710855,1223425913,4,0.871347686756223,8v51
3976247026,0,0.07105,0.8658,0.6954775,0.88035675,0.8775,0.88035675,0.88035675,3976247026,0,0.905706407944774,5hyj
3976247026,1,0.07490000000000001,0.867075,0.69420825,0.88125275,0.88,0.88125275,0.88125275,3976247026,1,0.9061374969230798,5hyj
3976247026,2,0.077225,0.859325,0.6999025,0.884915,0.885,0.884915,0.884915,3976247026,2,0.910595177978296,5hyj
3976247026,3,0.0708,0.88285,0.7161755000000001,0.892343,0.8925000000000001,0.892343,0.892343,3976247026,3,0.9143025771898964,5hyj
3976247026,4,0.073225,0.88575,0.7194495000000001,0.89609025,0.895,0.89609025,0.89609025,3976247026,4,0.9168702929460952,5hyj
1386859583,0,0.122575,0.70215,0.66024225,0.85623525,0.86,0.85623525,0.85623525,1386859583,0,0.9050975053911072,3kps
1386859583,1,0.120825,0.7362500000000001,0.66025875,0.86016375,0.8625,0.86016375,0.86016375,1386859583,1,0.908157656761364,3kps
1386859583,2,0.11265,0.729,0.68598275,0.87256575,0.87,0.87256575,0.87256575,1386859583,2,0.9132610555959358,3kps
1386859583,3,0.12075,0.69655,0.64991725,0.85168625,0.8525,0.85168625,0.85168625,1386859583,3,0.9044220916680548,3kps
1386859583,4,0.10980000000000001,0.69645,0.66092625,0.86685275,0.8625,0.86685275,0.86685275,1386859583,4,0.9109142363586712,3kps
1317932452,0,0.04375,0.03595,0.0149765,0.392727,0.335,0.20536500000000002,0.20536500000000002,1317932452,0,0.6128056639456455,7rrg
1317932452,1,0.048325,0.031825,0.0157655,0.406105,0.32,0.1953585,0.1953585,1317932452,1,0.5920574564591844,7rrg
1317932452,2,0.04415,0.0334,0.01516475,0.3957825,0.3275,0.20198525,0.20198525,1317932452,2,0.5950933578986886,7rrg
1317932452,3,0.035500000000000004,0.032825,0.01506775,0.392889,0.3175,0.19551525,0.19551525,1317932452,3,0.5968821650344829,7rrg
1317932452,4,0.045225,0.02915,0.01690975,0.42140175,0.3125,0.190957,0.190957,1317932452,4,0.5837111690912233,7rrg
2842583289,0,0.1389,0.747375,0.63935525,0.84500375,0.845,0.84500375,0.84500375,2842583289,0,0.902371514685269,8yiv
2842583289,1,0.12315,0.766025,0.66787525,0.8675915000000001,0.8625,0.8675915000000001,0.8675915000000001,2842583289,1,0.917356245620646,8yiv
2842583289,2,0.118425,0.7481249999999999,0.64878775,0.847826,0.8474999999999999,0.847826,0.847826,2842583289,2,0.9058625558696818,8yiv
2842583289,3,0.12925,0.756775,0.64911525,0.85536275,0.855,0.85536275,0.85536275,2842583289,3,0.9100776158928532,8yiv
2842583289,4,0.1292,0.773425,0.6696365,0.8648692499999999,0.8625,0.8648692499999999,0.8648692499999999,2842583289,4,0.9158171539393284,8yiv
3461606290,0,0.100025,0.810325,0.619753,0.8284670000000001,0.8425,0.8284670000000001,0.8284670000000001,3461606290,0,0.8930824462754597,2vlk
3461606290,1,0.10185,0.801775,0.6177542500000001,0.827091,0.845,0.827091,0.827091,3461606290,1,0.892545528793893,2vlk
3461606290,2,0.101075,0.788875,0.60457725,0.81663875,0.8325,0.81663875,0.81663875,3461606290,2,0.8868720064934494,2vlk
3461606290,3,0.1078,0.806925,0.61875875,0.825385,0.8425,0.825385,0.825385,3461606290,3,0.8907037302189815,2vlk
3461606290,4,0.10705,0.8021,0.61453725,0.8236725,0.84,0.8236725,0.8236725,3461606290,4,0.8924035284206729,2vlk
1028144719,0,0.056475,0.036325,0.01266075,0.36662825,0.445,0.2386825,0.2386825,1028144719,0,0.6792699791761087,7r80
1028144719,1,0.038875,0.043875,0.0122295,0.3586645,0.44,0.24194325,0.24194325,1028144719,1,0.681633149686605,7r80
1028144719,2,0.05085,0.033225,0.012178999999999999,0.35839,0.385,0.2200385,0.2200385,1028144719,2,0.6397969660521152,7r80
1028144719,3,0.05675,0.0465,0.01267675,0.36608125,0.46499999999999997,0.24917375,0.24917375,1028144719,3,0.6905921341205825,7r80
1028144719,4,0.0429,0.029225,0.00897675,0.28997225,0.3925,0.197885,0.197885,1028144719,4,0.6468288657869794,7r80
1486261004,0,0.13197499999999998,0.80105,0.6465595,0.85001025,0.8500000000000001,0.85001025,0.85001025,1486261004,0,0.8792548120147182,3mv8
1486261004,1,0.12345,0.82085,0.66347825,0.86204875,0.8625,0.86204875,0.86204875,1486261004,1,0.893736659541604,3mv8
1486261004,2,0.12985,0.82005,0.66856825,0.8642035,0.8625,0.8642035,0.8642035,1486261004,2,0.8918719712261639,3mv8
1486261004,3,0.132025,0.8357,0.6928062500000001,0.877592,0.875,0.877592,0.877592,1486261004,3,0.904353363072892,3mv8
1486261004,4,0.11995,0.817275,0.66495525,0.86295625,0.8625,0.86295625,0.86295625,1486261004,4,0.8900110527668728,3mv8
1438149308,0,0.138425,0.81655,0.67337925,0.87166475,0.87,0.87166475,0.87166475,1438149308,0,0.9109797634849996,8yj2
1438149308,1,0.13849999999999998,0.798325,0.6652855,0.86570575,0.865,0.86570575,0.86570575,1438149308,1,0.9081872107229676,8yj2
1438149308,2,0.132375,0.814875,0.6614705000000001,0.86372,0.8625,0.86372,0.86372,1438149308,2,0.905053974260334,8yj2
1438149308,3,0.134975,0.794975,0.65529675,0.861208,0.86,0.861208,0.861208,1438149308,3,0.904360902456224,8yj2
1438149308,4,0.138925,0.819625,0.668614,0.867435,0.8674999999999999,0.867435,0.867435,1438149308,4,0.9080203058019176,8yj2
1144184609,0,0.135675,0.807375,0.71705975,0.885086,0.88,0.885086,0.885086,1144184609,0,0.9161635783570748,5yxn
1144184609,1,0.1393,0.805175,0.705303,0.87929875,0.875,0.87929875,0.87929875,1144184609,1,0.9125308574272464,5yxn
1144184609,2,0.134925,0.817125,0.719619,0.885985,0.8825000000000001,0.885985,0.885985,1144184609,2,0.9164741741012936,5yxn
1144184609,3,0.1355,0.800725,0.7062275,0.87923175,0.875,0.87923175,0.87923175,1144184609,3,0.9125017200513736,5yxn
1144184609,4,0.13645000000000002,0.8165,0.708655,0.88023125,0.8775,0.88023125,0.88023125,1144184609,4,0.9108413321267954,5yxn
1763498346,0,0.1147,0.782675,0.7267717499999999,0.8898025,0.8825000000000001,0.8898025,0.8898025,1763498346,0,0.9136455692242614,3vxs
1763498346,1,0.1178,0.800475,0.7231449999999999,0.8868590000000001,0.8825000000000001,0.8868590000000001,0.8868590000000001,1763498346,1,0.9113184002301882,3vxs
1763498346,2,0.114325,0.8166249999999999,0.74182825,0.8957075,0.89,0.8957075,0.8957075,1763498346,2,0.9198331771298978,3vxs
1763498346,3,0.11979999999999999,0.7661,0.722342,0.8865845,0.8825000000000001,0.8865845,0.8865845,1763498346,3,0.9130551659344148,3vxs
1763498346,4,0.10725,0.786975,0.7207935,0.885976,0.8825000000000001,0.885976,0.885976,1763498346,4,0.9110092946510868,3vxs
720511573,0,0.075075,0.337725,0.40960775,0.6690145000000001,0.7050000000000001,0.64506875,0.64506875,720511573,0,0.7968123473159273,2ckb
720511573,1,0.072275,0.3557,0.427362,0.6798565,0.7125,0.65870325,0.65870325,720511573,1,0.8016347752190115,2ckb
720511573,2,0.06472499999999999,0.33635,0.40903475,0.669596,0.7025,0.6436455,0.6436455,720511573,2,0.7930882204477768,2ckb
720511573,3,0.067,0.3406,0.4069145,0.66976525,0.7,0.6434292500000001,0.6434292500000001,720511573,3,0.795649821832818,2ckb
720511573,4,0.0723,0.35645,0.413189,0.6760925,0.7025,0.648231,0.648231,720511573,4,0.7938471543061882,2ckb
1426095747,0,0.05315,0.377425,0.46688625,0.69465025,0.725,0.68199225,0.68199225,1426095747,0,0.7974791543111769,3pqy
1426095747,1,0.054725,0.383925,0.4800125,0.7006605,0.735,0.6909235,0.6909235,1426095747,1,0.808033751763981,3pqy
1426095747,2,0.04795,0.37295,0.4698095,0.696385,0.725,0.68354275,0.68354275,1426095747,2,0.8022124827946421,3pqy
1426095747,3,0.058475,0.383475,0.45836325,0.690504,0.72,0.6750895,0.6750895,1426095747,3,0.794343103185462,3pqy
1426095747,4,0.061625,0.396025,0.47354450000000003,0.69929675,0.7325,0.69000275,0.69000275,1426095747,4,0.8013841537032731,3pqy
1849603335,0,0.1566,0.8012,0.67119525,0.8743497499999999,0.87,0.8743497499999999,0.8743497499999999,1849603335,0,0.9120691178046884,6am5
1849603335,1,0.1653,0.8266249999999999,0.67829125,0.87525525,0.8725,0.87525525,0.87525525,1849603335,1,0.9127861228214342,6am5
1849603335,2,0.1567,0.81675,0.68124975,0.87793,0.8775,0.87793,0.87793,1849603335,2,0.9127620158608368,6am5
1849603335,3,0.15990000000000001,0.816875,0.67408125,0.873627,0.87,0.873627,0.873627,1849603335,3,0.9083202021087446,6am5
1849603335,4,0.1542,0.814275,0.674595,0.87475875,0.87,0.87475875,0.87475875,1849603335,4,0.9105124688305128,6am5
3325876133,0,0.060925,0.457225,0.55947875,0.79307925,0.8025,0.79307925,0.79307925,3325876133,0,0.8727101511167424,8ryq
3325876133,1,0.0714,0.4803,0.5636705,0.80357325,0.81,0.80357325,0.80357325,3325876133,1,0.8736278330842646,8ryq
3325876133,2,0.063925,0.5393,0.5718025,0.80504725,0.8125,0.80504725,0.80504725,3325876133,2,0.8747325502048782,8ryq
3325876133,3,0.068475,0.496525,0.56612275,0.799732,0.8075,0.79969325,0.79969325,3325876133,3,0.871545140151758,8ryq
3325876133,4,0.06385,0.512075,0.566344,0.80239075,0.8075,0.8019970000000001,0.8019970000000001,3325876133,4,0.8717531916475421,8ryq
1576592180,0,0.1303,0.75885,0.631317,0.8426089999999999,0.8425,0.8426089999999999,0.8426089999999999,1576592180,0,0.8774223094312384,3mv9
1576592180,1,0.115975,0.7666999999999999,0.641346,0.84809325,0.8500000000000001,0.84809325,0.84809325,1576592180,1,0.883146932704197,3mv9
1576592180,2,0.125725,0.772275,0.640088,0.84999875,0.8500000000000001,0.84999875,0.84999875,1576592180,2,0.8817456929289772,3mv9
1576592180,3,0.11175,0.771775,0.6512065,0.85315275,0.8525,0.85315275,0.85315275,1576592180,3,0.8855203798009385,3mv9
1576592180,4,0.124875,0.75235,0.62636675,0.84341,0.8425,0.84341,0.84341,1576592180,4,0.8767509426608618,3mv9
1806654837,0,0.138875,0.751375,0.64986425,0.840099,0.84,0.840099,0.840099,1806654837,0,0.8999436032130216,5men
1806654837,1,0.1325,0.749975,0.63260125,0.83177725,0.8325,0.83177725,0.83177725,1806654837,1,0.8932038964084444,5men
1806654837,2,0.1352,0.76435,0.64613675,0.83864,0.84,0.83864,0.83864,1806654837,2,0.896434043882279,5men
1806654837,3,0.14775,0.766225,0.6504805,0.8418765,0.8425,0.8418765,0.8418765,1806654837,3,0.8972679184188387,5men
1806654837,4,0.137275,0.7666999999999999,0.6548419999999999,0.843729,0.8425,0.843729,0.843729,1806654837,4,0.9011110633517294,5men
1522600000,0,0.15107500000000001,0.89015,0.764655,0.9068357499999999,0.9,0.9068357499999999,0.9068357499999999,1522600000,0,0.9296411552131504,5yxu
1522600000,1,0.158775,0.880475,0.767707,0.9087572500000001,0.9025000000000001,0.9087572500000001,0.9087572500000001,1522600000,1,0.9318817416785024,5yxu
1522600000,2,0.153275,0.889075,0.77468725,0.91331,0.9075,0.91331,0.91331,1522600000,2,0.9357605187576188,5yxu
1522600000,3,0.159125,0.881875,0.75722975,0.90581075,0.9,0.90581075,0.90581075,1522600000,3,0.928988776720168,5yxu
1522600000,4,0.160175,0.884775,0.76174225,0.9068625,0.9,0.9068625,0.9068625,1522600000,4,0.930710878670422,5yxu
469240807,0,0.09935,0.688825,0.5559385,0.771355,0.7975,0.771355,0.771355,469240807,0,0.865000465132393,2vlj
469240807,1,0.09567500000000001,0.7716000000000001,0.605102,0.8118265,0.83,0.8118265,0.8118265,469240807,1,0.8858911753478516,2vlj
469240807,2,0.10442499999999999,0.73665,0.578466,0.78891025,0.8075,0.78891025,0.78891025,469240807,2,0.8758935304940004,2vlj
469240807,3,0.103825,0.6903250000000001,0.5710185,0.78277,0.805,0.78277,0.78277,469240807,3,0.8732790929250022,2vlj
469240807,4,0.103125,0.742375,0.59583475,0.801745,0.8200000000000001,0.801745,0.801745,469240807,4,0.8821670461019928,2vlj
4259300659,0,0.078075,0.740825,0.73954975,0.904154,0.9,0.904154,0.904154,4259300659,0,0.9116118940860596,4mxq
4259300659,1,0.074725,0.7581,0.744453,0.905794,0.8975,0.905794,0.905794,4259300659,1,0.9154506441781252,4mxq
4259300659,2,0.0745,0.74945,0.75651875,0.908181,0.9025000000000001,0.908181,0.908181,4259300659,2,0.9157345338400384,4mxq
4259300659,3,0.0703,0.748125,0.749002,0.90841275,0.9025000000000001,0.90841275,0.90841275,4259300659,3,0.9164406299678096,4mxq
4259300659,4,0.0783,0.752725,0.74738275,0.90635675,0.9,0.90635675,0.90635675,4259300659,4,0.9131968628868202,4mxq
2227164936,0,0.07317499999999999,0.80775,0.6625989999999999,0.860499,0.86,0.860499,0.860499,2227164936,0,0.9029220925382346,8qfy
2227164936,1,0.07114999999999999,0.825,0.6641705,0.86336875,0.8625,0.86204575,0.86204575,2227164936,1,0.8993302312148991,8qfy
2227164936,2,0.0735,0.78645,0.633922,0.8473465,0.85,0.8473465,0.8473465,2227164936,2,0.895534855153144,8qfy
2227164936,3,0.07467499999999999,0.8038,0.662661,0.8665704999999999,0.86,0.865346,0.865346,2227164936,3,0.9061593246172852,8qfy
2227164936,4,0.0701,0.830825,0.68073025,0.874595,0.87,0.87307375,0.87307375,2227164936,4,0.9094585525655772,8qfy
3532044308,0,0.12915000000000001,0.842025,0.6959065,0.881047,0.875,0.881047,0.881047,3532044308,0,0.9112204418822772,3mv7
3532044308,1,0.12405000000000001,0.8233999999999999,0.67511175,0.86766275,0.865,0.86766275,0.86766275,3532044308,1,0.8970782795060261,3mv7
3532044308,2,0.1385,0.841825,0.6903050000000001,0.8759525,0.8725,0.8759525,0.8759525,3532044308,2,0.9071369505718204,3mv7
3532044308,3,0.131975,0.835675,0.6779955,0.87090925,0.87,0.87090925,0.87090925,3532044308,3,0.8979884621809053,3mv7
3532044308,4,0.12985,0.84045,0.6993885,0.8808895,0.875,0.8808895,0.8808895,3532044308,4,0.908190743354498,3mv7
2747040823,0,0.06515,0.14932499999999999,0.233871,0.4961235,0.6174999999999999,0.48884575,0.48884575,2747040823,0,0.7840510946675601,3kpr
2747040823,1,0.055025,0.1378,0.21751099999999998,0.4887765,0.61,0.47819225,0.47819225,2747040823,1,0.7783407076766092,3kpr
2747040823,2,0.057175,0.1473,0.22626175,0.49524925,0.6174999999999999,0.48829575000000003,0.48829575000000003,2747040823,2,0.7831073692744731,3kpr
2747040823,3,0.063975,0.133625,0.20290450000000002,0.47936475,0.6,0.46786525,0.46786525,2747040823,3,0.7739303072194793,3kpr
2747040823,4,0.060025,0.122825,0.18710925,0.47118725,0.5925,0.456913,0.456913,2747040823,4,0.7686731608551353,3kpr
1048398582,0,0.167225,0.865625,0.7467945,0.8989435,0.895,0.8989435,0.8989435,1048398582,0,0.9229576142799376,3qdg
1048398582,1,0.171375,0.8708,0.75609625,0.90266375,0.8975,0.90266375,0.90266375,1048398582,1,0.9235280617431626,3qdg
1048398582,2,0.16135,0.86625,0.749242,0.89992625,0.8975,0.89992625,0.89992625,1048398582,2,0.9208512373644252,3qdg
1048398582,3,0.17205,0.86305,0.755966,0.9032545000000001,0.8975,0.9032545000000001,0.9032545000000001,1048398582,3,0.924426502358604,3qdg
1048398582,4,0.173375,0.88045,0.7693565,0.90871075,0.9025000000000001,0.90871075,0.90871075,1048398582,4,0.9280818660625648,3qdg
3095261868,0,0.1265,0.829475,0.68919675,0.87639625,0.865,0.86907975,0.86907975,3095261868,0,0.9059793396273048,5jzi
3095261868,1,0.125075,0.7324499999999999,0.69378925,0.8792825,0.87,0.871676,0.871676,3095261868,1,0.9050183354306934,5jzi
3095261868,2,0.129075,0.8304750000000001,0.6890085,0.87597475,0.865,0.8673197500000001,0.8673197500000001,3095261868,2,0.9078076917344352,5jzi
3095261868,3,0.132475,0.81815,0.6880195,0.87353075,0.8625,0.86519475,0.86519475,3095261868,3,0.9037244411248564,5jzi
3095261868,4,0.1316,0.8317,0.6952590000000001,0.87982675,0.8725,0.8722775,0.8722775,3095261868,4,0.908546215001558,5jzi
14914518,0,0.098775,0.635175,0.63618675,0.8254889999999999,0.8325,0.8254889999999999,0.8254889999999999,14914518,0,0.8859207249919342,8v50
14914518,1,0.10355,0.566175,0.62056425,0.8118155,0.8200000000000001,0.8118155,0.8118155,14914518,1,0.8817338157529141,8v50
14914518,2,0.09385,0.596325,0.63440675,0.82340725,0.825,0.82340725,0.82340725,14914518,2,0.8856943575579761,8v50
14914518,3,0.0842,0.527575,0.5950035,0.80322225,0.81,0.80322225,0.80322225,14914518,3,0.8764272915948791,8v50
14914518,4,0.10055,0.565,0.6112960000000001,0.80448725,0.815,0.80448725,0.80448725,14914518,4,0.874688270984698,8v50
1835847430,0,0.0367,0.036699999999999997,0.015131,0.39449199999999995,0.35,0.23715825000000001,0.23715825000000001,1835847430,0,0.6283247036707617,8rym
1835847430,1,0.03415,0.032425,0.01622925,0.409725,0.3425,0.2289975,0.2289975,1835847430,1,0.6246907523361159,8rym
1835847430,2,0.03485,0.036449999999999996,0.015550000000000001,0.400571,0.35,0.23377150000000002,0.23377150000000002,1835847430,2,0.6289560648297686,8rym
1835847430,3,0.0359,0.035475,0.01525825,0.395188,0.33999999999999997,0.228915,0.228915,1835847430,3,0.6233616307655002,8rym
1835847430,4,0.0358,0.035750000000000004,0.015441,0.40101625,0.3375,0.22576075,0.22576075,1835847430,4,0.6248564427892428,8rym
1848293966,0,0.128225,0.864725,0.6950419999999999,0.8696665,0.8674999999999999,0.8696665,0.8696665,1848293966,0,0.8994810046477297,5brz
1848293966,1,0.1285,0.868125,0.6974195,0.8711577500000001,0.87,0.8711577500000001,0.8711577500000001,1848293966,1,0.9019070741845044,5brz
1848293966,2,0.132475,0.877475,0.7071695,0.87809775,0.8725,0.87809775,0.87809775,1848293966,2,0.9041768984806744,5brz
1848293966,3,0.134925,0.8742,0.707031,0.8777245,0.8725,0.8777245,0.8777245,1848293966,3,0.9051133569514984,5brz
1848293966,4,0.12587500000000001,0.8692,0.69794875,0.87218275,0.87,0.87218275,0.87218275,1848293966,4,0.9009043264427188,5brz
3690884095,0,0.02405,0.02555,0.00915125,0.30254625,0.355,0.20907425,0.20907425,3690884095,0,0.632250695758863,8es9
3690884095,1,0.028925,0.028325,0.01163525,0.375906,0.38749999999999996,0.22617525,0.22617525,3690884095,1,0.6508021381087299,8es9
3690884095,2,0.033575,0.025825,0.0113155,0.369255,0.365,0.21521225,0.21521225,3690884095,2,0.6321340099316898,8es9
3690884095,3,0.028925,0.027549999999999998,0.01200125,0.382528,0.375,0.221963,0.221963,3690884095,3,0.6446364854227151,8es9
3690884095,4,0.0303,0.025925,0.01108475,0.36480625,0.36750000000000005,0.21534,0.21534,3690884095,4,0.6342953949618193,8es9
3551000875,0,0.1605,0.910175,0.7332025,0.8962410000000001,0.89,0.8962410000000001,0.8962410000000001,3551000875,0,0.9129936615114864,5nqk
3551000875,1,0.15552500000000002,0.91715,0.7568765,0.9078532500000001,0.9025000000000001,0.9078532500000001,0.9078532500000001,3551000875,1,0.924387699357446,5nqk
3551000875,2,0.16285,0.911675,0.755216,0.90505525,0.9,0.90505525,0.90505525,3551000875,2,0.9212794030443224,5nqk
3551000875,3,0.156675,0.9116500000000001,0.75187,0.9042432499999999,0.8975,0.9042432499999999,0.9042432499999999,3551000875,3,0.9195199751522206,5nqk
3551000875,4,0.154975,0.91465,0.74581975,0.90080775,0.8975,0.90080775,0.90080775,3551000875,4,0.9177312693133712,5nqk
3800962557,0,0.12054999999999999,0.800075,0.690759,0.873552,0.87,0.873552,0.873552,3800962557,0,0.9005407803405758,4pri
3800962557,1,0.119525,0.80725,0.70731925,0.88156975,0.875,0.88156975,0.88156975,3800962557,1,0.9087381778145328,4pri
3800962557,2,0.116775,0.8128,0.7012935,0.878776,0.875,0.878776,0.878776,3800962557,2,0.9063414005806154,4pri
3800962557,3,0.124425,0.7953250000000001,0.68807225,0.872942,0.87,0.872942,0.872942,3800962557,3,0.9026574383301764,4pri
3800962557,4,0.127525,0.808675,0.692416,0.8743135,0.8725,0.8743135,0.8743135,3800962557,4,0.9026818841310394,4pri
1541019316,0,0.16485,0.86705,0.71865225,0.88714025,0.885,0.88714025,0.88714025,1541019316,0,0.9143757984517384,8gvi
1541019316,1,0.174625,0.873625,0.72667375,0.89208725,0.8875,0.89208725,0.89208725,1541019316,1,0.9179449871765448,8gvi
1541019316,2,0.1741,0.8726,0.72753825,0.89261675,0.8875,0.89261675,0.89261675,1541019316,2,0.918462579506791,8gvi
1541019316,3,0.15675,0.868975,0.719779,0.88707525,0.885,0.88707525,0.88707525,1541019316,3,0.9150849478292088,8gvi
1541019316,4,0.159375,0.8684499999999999,0.719473,0.885906,0.88,0.885906,0.885906,1541019316,4,0.9140961925053074,8gvi
2896640835,0,0.0652,0.28115,0.28354999999999997,0.5619735,0.625,0.529238,0.529238,2896640835,0,0.7611638127378073,6vma
2896640835,1,0.074775,0.278725,0.2922245,0.5691005,0.6375,0.53717325,0.53717325,2896640835,1,0.7662402276438687,6vma
2896640835,2,0.08525,0.30335,0.293014,0.57293725,0.6425,0.54210825,0.54210825,2896640835,2,0.7751930934907096,6vma
2896640835,3,0.0871,0.299775,0.27812375,0.565819,0.635,0.5259897499999999,0.5259897499999999,2896640835,3,0.7660540140418235,6vma
2896640835,4,0.083875,0.323125,0.3176565,0.5903035,0.6575,0.5665402500000001,0.5665402500000001,2896640835,4,0.7820214342364178,6vma
932903182,0,0.05925,0.177625,0.256753,0.52832875,0.6075,0.5007825,0.5007825,932903182,0,0.7572652621045399,2uwe
932903182,1,0.0611,0.29375,0.3858725,0.605462,0.6825,0.59643775,0.59643775,932903182,1,0.7969568855147945,2uwe
932903182,2,0.06275,0.25029999999999997,0.36841925000000003,0.590994,0.6725,0.583159,0.583159,932903182,2,0.7956889118440648,2uwe
932903182,3,0.0643,0.217175,0.335856,0.56945225,0.6525,0.55436375,0.55436375,932903182,3,0.7820219988421674,2uwe
932903182,4,0.047775,0.20335,0.32381575,0.56884275,0.645,0.5503305000000001,0.5503305000000001,932903182,4,0.780943810291455,2uwe
4024255105,0,0.1387,0.8801,0.76077,0.8915465,0.885,0.8915465,0.8915465,4024255105,0,0.9275718224952028,1qsf
4024255105,1,0.137725,0.87485,0.7625195,0.89080425,0.885,0.89080425,0.89080425,4024255105,1,0.9274940746565422,1qsf
4024255105,2,0.13972500000000002,0.880825,0.76321275,0.8918225,0.885,0.8918225,0.8918225,4024255105,2,0.928149631396166,1qsf
4024255105,3,0.136625,0.8827750000000001,0.767743,0.89614025,0.8925000000000001,0.89614025,0.89614025,4024255105,3,0.930717904553206,1qsf
4024255105,4,0.14195,0.88595,0.76668175,0.8936965,0.89,0.8936965,0.8936965,4024255105,4,0.9296888517784828,1qsf
2247119198,0,0.032325,0.0942,0.04335575,0.44017175,0.425,0.30464725000000004,0.30464725000000004,2247119198,0,0.6607448697923126,7na5
2247119198,1,0.040375,0.08125,0.033640250000000003,0.42107,0.4025,0.27715375,0.27715375,2247119198,1,0.6464882114981688,7na5
2247119198,2,0.03,0.070825,0.02733125,0.40893250000000003,0.39,0.27837125,0.27837125,2247119198,2,0.6382149279538862,7na5
2247119198,3,0.032,0.09995,0.04659025,0.44217325,0.435,0.308162,0.308162,2247119198,3,0.6645663963584229,7na5
2247119198,4,0.042525,0.07164999999999999,0.03053825,0.41225175000000003,0.395,0.27063,0.27063,2247119198,4,0.6482346987041316,7na5
4011855328,0,0.06115,0.550475,0.57675975,0.77063525,0.7875,0.77063525,0.77063525,4011855328,0,0.8815123011160829,3tpu
4011855328,1,0.06955,0.5398499999999999,0.55311475,0.757185,0.7775,0.757185,0.757185,4011855328,1,0.8783377747845605,3tpu
4011855328,2,0.07579999999999999,0.613225,0.611174,0.8019405,0.815,0.8019405,0.8019405,4011855328,2,0.9002158003108176,3tpu
4011855328,3,0.073925,0.552475,0.554589,0.7577689999999999,0.7775,0.7577689999999999,0.7577689999999999,4011855328,3,0.8753203463810004,3tpu
4011855328,4,0.06860000000000001,0.595225,0.6121785,0.8039135,0.8175,0.8039135,0.8039135,4011855328,4,0.8976966005469512,3tpu
3536596896,0,0.1296,0.654475,0.618009,0.83633325,0.835,0.83633325,0.83633325,3536596896,0,0.8903851522633921,8gvg
3536596896,1,0.1478,0.7152499999999999,0.638082,0.8475345,0.8475,0.8475345,0.8475345,3536596896,1,0.8968694663792699,8gvg
3536596896,2,0.131375,0.6996,0.6383989999999999,0.84477175,0.8425,0.84477175,0.84477175,3536596896,2,0.8979101639449347,8gvg
3536596896,3,0.1421,0.74805,0.665334,0.86019125,0.8574999999999999,0.86019125,0.86019125,3536596896,3,0.905151421559952,8gvg
3536596896,4,0.148375,0.7298,0.67021425,0.867069,0.8674999999999999,0.867069,0.867069,3536596896,4,0.9087560910897532,8gvg
3308712398,0,0.112925,0.657025,0.4903295,0.76522725,0.79,0.76522725,0.76522725,3308712398,0,0.8566534303776449,7ow6
3308712398,1,0.1133,0.65575,0.48048199999999996,0.76103075,0.785,0.76103075,0.76103075,3308712398,1,0.8538413183880251,7ow6
3308712398,2,0.111025,0.647825,0.47550625,0.75654775,0.785,0.75654775,0.75654775,3308712398,2,0.8544338591783157,7ow6
3308712398,3,0.10627500000000001,0.639025,0.47457325,0.7544935,0.7825,0.7544935,0.7544935,3308712398,3,0.8504100044696156,7ow6
3308712398,4,0.1073,0.61835,0.46226625,0.746328,0.7775,0.746328,0.746328,3308712398,4,0.8481096013465707,7ow6
567473936,0,0.045825,0.02785,0.0083385,0.263764,0.425,0.21868025000000002,0.21868025000000002,567473936,0,0.6626170977038714,6zkz
567473936,1,0.057325,0.027775,0.011141749999999999,0.33401875000000003,0.4225,0.22919875,0.22919875,567473936,1,0.6611878984592949,6zkz
567473936,2,0.046950000000000006,0.025825,0.00522025,0.19719150000000002,0.4175,0.2074045,0.2074045,567473936,2,0.664698888671621,6zkz
567473936,3,0.0468,0.038025,0.0189205,0.3542515,0.4725,0.257228,0.257228,567473936,3,0.6970326561105903,6zkz
567473936,4,0.04625,0.02955,0.011310249999999999,0.3368485,0.445,0.233507,0.233507,567473936,4,0.6861755010242713,6zkz
1095417098,0,0.0478,0.114125,0.1295215,0.4416885,0.545,0.4039015,0.4039015,1095417098,0,0.7331502238651527,7nmg
1095417098,1,0.0481,0.121675,0.1358435,0.440391,0.5525,0.407297,0.407297,1095417098,1,0.7342440643626571,7nmg
1095417098,2,0.051925,0.14295,0.17566725,0.46521625,0.585,0.441195,0.441195,1095417098,2,0.7538052831096202,7nmg
1095417098,3,0.0508,0.1303,0.15397650000000002,0.45530075,0.5725,0.42472825000000003,0.42472825000000003,1095417098,3,0.746016490891884,7nmg
1095417098,4,0.0596,0.175325,0.200953,0.482668,0.61,0.46642649999999997,0.46642649999999997,1095417098,4,0.7679655078172,7nmg
2870539612,0,0.077625,0.21475,0.18621749999999998,0.5202115,0.6125,0.47825125,0.47825125,2870539612,0,0.7466029019982862,3qeq
2870539612,1,0.07355,0.123,0.08072850000000001,0.46007275000000003,0.52,0.3756565,0.3756565,2870539612,1,0.6934841181795668,3qeq
2870539612,2,0.0776,0.1913,0.1481255,0.49547725000000004,0.595,0.447644,0.447644,2870539612,2,0.7375348406142395,3qeq
2870539612,3,0.08335000000000001,0.24345,0.20208275,0.51800125,0.625,0.48233375,0.48233375,2870539612,3,0.7569289793148476,3qeq
2870539612,4,0.07604999999999999,0.148875,0.10672075,0.46900450000000005,0.5525,0.4078095,0.4078095,2870539612,4,0.7136417559549147,3qeq
2759141943,0,0.10465,0.5065,0.44805700000000004,0.71612475,0.7575000000000001,0.71612475,0.71612475,2759141943,0,0.855323496146615,9iky
2759141943,1,0.08835,0.44135,0.41803425,0.6885375,0.7324999999999999,0.68828475,0.68828475,2759141943,1,0.845410173670759,9iky
2759141943,2,0.090475,0.42945,0.4095245,0.68262925,0.735,0.68262925,0.68262925,2759141943,2,0.8447746758926605,9iky
2759141943,3,0.080275,0.41905000000000003,0.41917024999999997,0.68542125,0.735,0.68542125,0.68542125,2759141943,3,0.8405988796998184,9iky
2759141943,4,0.085325,0.453375,0.43607775000000004,0.69710225,0.7475,0.696853,0.696853,2759141943,4,0.84903275640465,9iky
41222480,0,0.11025,0.760975,0.6481600000000001,0.83692325,0.85,0.83692325,0.83692325,41222480,0,0.8944827779165363,3sjv
41222480,1,0.106825,0.73915,0.6482775000000001,0.83990925,0.85,0.83990925,0.83990925,41222480,1,0.8965269904421329,3sjv
41222480,2,0.10485,0.755525,0.637148,0.82939225,0.8425,0.82939225,0.82939225,41222480,2,0.891061609372522,3sjv
41222480,3,0.09975,0.73625,0.626421,0.822759,0.8375,0.822759,0.822759,41222480,3,0.8876032231471476,3sjv
41222480,4,0.1055,0.74685,0.6336475,0.82721875,0.8400000000000001,0.82721875,0.82721875,41222480,4,0.8898310536891441,3sjv
3985793271,0,0.08215,0.7073,0.63058375,0.818408,0.8225,0.818408,0.818408,3985793271,0,0.8827025405698872,6vm8
3985793271,1,0.07825,0.6915,0.604741,0.80381675,0.8125,0.80381675,0.80381675,3985793271,1,0.8743086331164066,6vm8
3985793271,2,0.083375,0.73075,0.6416395,0.823025,0.8325,0.823025,0.823025,3985793271,2,0.8886589890859398,6vm8
3985793271,3,0.07075000000000001,0.7047749999999999,0.6259695000000001,0.81445175,0.8200000000000001,0.81445175,0.81445175,3985793271,3,0.8830019472430253,6vm8
3985793271,4,0.078975,0.738675,0.6549195,0.8319185,0.835,0.8319185,0.8319185,3985793271,4,0.8922286350581584,6vm8
833093412,0,0.05,0.027299999999999998,0.012564249999999999,0.361058,0.4,0.22303925,0.22303925,833093412,0,0.648780344863722,7ndt
833093412,1,0.04115,0.02085,0.0113855,0.3382645,0.3575,0.194668,0.194668,833093412,1,0.6211887983004659,7ndt
833093412,2,0.047175,0.026775,0.012709999999999999,0.36245,0.40249999999999997,0.23058800000000002,0.23058800000000002,833093412,2,0.6477293161902488,7ndt
833093412,3,0.046674999999999994,0.03155,0.012331749999999999,0.35503625,0.445,0.25148025,0.25148025,833093412,3,0.6757300330907902,7ndt
833093412,4,0.044199999999999996,0.01585,0.0,0.0,0.245,0.13548274999999999,0.13548274999999999,833093412,4,0.547210548917207,7ndt
1556974296,0,0.152725,0.901525,0.78630625,0.90669675,0.905,0.90669675,0.90669675,1556974296,0,0.9340425905505064,3qfj
1556974296,1,0.14654999999999999,0.904375,0.7871572499999999,0.90889475,0.905,0.90889475,0.90889475,1556974296,1,0.9353025521698054,3qfj
1556974296,2,0.146925,0.900525,0.77883425,0.9032085,0.9,0.9032085,0.9032085,1556974296,2,0.930314676510485,3qfj
1556974296,3,0.152725,0.903725,0.7792932499999999,0.903354,0.8975,0.903354,0.903354,1556974296,3,0.9310071702080802,3qfj
1556974296,4,0.15309999999999999,0.9077999999999999,0.78759675,0.907914,0.905,0.907914,0.907914,1556974296,4,0.9335933855862372,3qfj
1548307623,0,0.1006,0.835175,0.715257,0.876309,0.87,0.876309,0.876309,1548307623,0,0.916990717070212,5xot
1548307623,1,0.10667499999999999,0.840375,0.7238965,0.87965125,0.875,0.87965125,0.87965125,1548307623,1,0.920263126339208,5xot
1548307623,2,0.1029,0.81495,0.70485175,0.86811825,0.865,0.86811825,0.86811825,1548307623,2,0.9106250944248194,5xot
1548307623,3,0.090775,0.850425,0.738737,0.8884387499999999,0.885,0.8884387499999999,0.8884387499999999,1548307623,3,0.9260480010607712,5xot
1548307623,4,0.08815,0.84945,0.7344587499999999,0.88618725,0.8825000000000001,0.88618725,0.88618725,1548307623,4,0.9225518516950688,5xot
269886902,0,0.167175,0.8639249999999999,0.71853525,0.88626525,0.8825000000000001,0.88626525,0.88626525,269886902,0,0.9079599990873348,2f54
269886902,1,0.164075,0.8626499999999999,0.72015125,0.88762,0.8825000000000001,0.88762,0.88762,269886902,1,0.9081405197328454,2f54
269886902,2,0.176175,0.8645,0.71935525,0.8872530000000001,0.8825000000000001,0.8872530000000001,0.8872530000000001,269886902,2,0.90884089127786,2f54
269886902,3,0.1721,0.870325,0.72154325,0.8884967500000001,0.8825000000000001,0.8884967500000001,0.8884967500000001,269886902,3,0.9091898847730694,2f54
269886902,4,0.173975,0.869625,0.72762975,0.89096275,0.8875,0.89096275,0.89096275,269886902,4,0.9099544176518576,2f54
4263052827,0,0.1092,0.666525,0.61168425,0.82418725,0.8275,0.82418725,0.82418725,4263052827,0,0.8881268632916368,1oga
4263052827,1,0.1308,0.764,0.60812325,0.82028525,0.83,0.82028525,0.82028525,4263052827,1,0.8846621869640149,1oga
4263052827,2,0.125325,0.7425,0.58756025,0.8096225,0.8200000000000001,0.8096225,0.8096225,4263052827,2,0.8746544454787946,1oga
4263052827,3,0.100675,0.7045250000000001,0.6055485,0.82006975,0.8275,0.82006975,0.82006975,4263052827,3,0.8876198767954057,1oga
4263052827,4,0.113275,0.692725,0.62546875,0.8287089999999999,0.83,0.8287089999999999,0.8287089999999999,4263052827,4,0.8934685710489159,1oga
2732053590,0,0.05325,0.0131,0.0,0.0,0.28500000000000003,0.13577250000000002,0.13577250000000002,2732053590,0,0.6009200002228088,8es8
2732053590,1,0.06365,0.01255,0.0,0.0,0.27,0.1301405,0.1301405,2732053590,1,0.592386891367192,8es8
2732053590,2,0.0645,0.013425,0.0,0.0,0.28500000000000003,0.1338015,0.1338015,2732053590,2,0.5963315752573665,8es8
2732053590,3,0.0662,0.011975,0.0,0.0,0.245,0.1192615,0.1192615,2732053590,3,0.577736855712375,8es8
2732053590,4,0.053149999999999996,0.011175,0.0,0.0,0.1925,0.1033715,0.1033715,2732053590,4,0.5440269043644441,8es8
1237102066,0,0.07505,0.665375,0.5430345,0.75322225,0.785,0.75322225,0.75322225,1237102066,0,0.8406490291975871,5d2l
1237102066,1,0.07975,0.687225,0.56822325,0.77520325,0.8025,0.77520325,0.77520325,1237102066,1,0.8527099096167481,5d2l
1237102066,2,0.076625,0.609525,0.5168285,0.73235725,0.7725,0.73235725,0.73235725,1237102066,2,0.8304668146762536,5d2l
1237102066,3,0.079025,0.6685,0.5530275,0.75947,0.7925,0.75947,0.75947,1237102066,3,0.8451335647712017,5d2l
1237102066,4,0.0697,0.6272,0.520747,0.7362310000000001,0.775,0.736172,0.736172,1237102066,4,0.8303917156907342,5d2l
4273715539,0,0.12240000000000001,0.771375,0.66440875,0.8709215,0.845,0.8418415,0.8418415,4273715539,0,0.8673727306701177,4prh
4273715539,1,0.11595,0.7563,0.657179,0.867719,0.845,0.83807325,0.83807325,4273715539,1,0.8719097432179396,4prh
4273715539,2,0.11525,0.748575,0.663083,0.87123,0.8500000000000001,0.84250075,0.84250075,4273715539,2,0.872314773772264,4prh
4273715539,3,0.12279999999999999,0.7525,0.649427,0.86514025,0.8425,0.83673875,0.83673875,4273715539,3,0.8675315047440286,4prh
4273715539,4,0.12254999999999999,0.7726999999999999,0.66003,0.86894225,0.8475,0.843526,0.843526,4273715539,4,0.867348167288922,4prh
1833262937,0,0.157625,0.87615,0.7282855,0.8924925,0.89,0.8924925,0.8924925,1833262937,0,0.9143099324454708,2f53
1833262937,1,0.15775,0.877425,0.725948,0.889937,0.885,0.889937,0.889937,1833262937,1,0.9126969167553312,2f53
1833262937,2,0.172625,0.89005,0.7339344999999999,0.893249,0.89,0.893249,0.893249,1833262937,2,0.9157491101234124,2f53
1833262937,3,0.159525,0.88795,0.733994,0.8953329999999999,0.895,0.8953329999999999,0.8953329999999999,1833262937,3,0.9172105869129265,2f53
1833262937,4,0.157225,0.8912249999999999,0.7428922499999999,0.8986587500000001,0.895,0.8986587500000001,0.8986587500000001,1833262937,4,0.9195286770989516,2f53
2797078661,0,0.084,0.329625,0.31565075,0.5872040000000001,0.66,0.5669425,0.5669425,2797078661,0,0.7851118010930839,6vm9
2797078661,1,0.07955,0.3362,0.31774600000000003,0.59241975,0.66,0.57126375,0.57126375,2797078661,1,0.7803831349739311,6vm9
2797078661,2,0.07735,0.321925,0.2975815,0.59835825,0.6475,0.56197,0.56197,2797078661,2,0.773306540399155,6vm9
2797078661,3,0.077125,0.365625,0.34513325,0.60390475,0.675,0.58702325,0.58702325,2797078661,3,0.7925542904788524,6vm9
2797078661,4,0.0776,0.313125,0.2951645,0.5847067499999999,0.6425,0.55362375,0.55362375,2797078661,4,0.770385656544136,6vm9
1205272631,0,0.066825,0.3605,0.4936225,0.747342,0.7575,0.7463685,0.7463685,1205272631,0,0.8594580167407213,7ndu
1205272631,1,0.06724999999999999,0.409325,0.52969,0.773353,0.78,0.77234525,0.77234525,1205272631,1,0.8725790601375678,7ndu
1205272631,2,0.0808,0.34915,0.51607575,0.76495925,0.7775,0.76495925,0.76495925,1205272631,2,0.8697461847541188,7ndu
1205272631,3,0.06715,0.40915,0.521159,0.7725025,0.78,0.7714605,0.7714605,1205272631,3,0.8724037700318361,7ndu
1205272631,4,0.07152499999999999,0.3895,0.51666575,0.76970225,0.7775,0.768647,0.768647,1205272631,4,0.8738754769135406,7ndu
3063068431,0,0.0504,0.32205,0.37436075,0.6303030000000001,0.6975,0.6249575,0.6249575,3063068431,0,0.8162275433638603,8shi
3063068431,1,0.042225,0.2628,0.32346075,0.58457275,0.665,0.572237,0.572237,3063068431,1,0.7995363222266189,8shi
3063068431,2,0.0504,0.288025,0.35049425,0.61530825,0.685,0.6070815,0.6070815,3063068431,2,0.808720307900284,8shi
3063068431,3,0.036074999999999996,0.19922499999999999,0.25562975,0.5387967499999999,0.6174999999999999,0.51603125,0.51603125,3063068431,3,0.7724385396909556,8shi
3063068431,4,0.039375,0.269675,0.32244925,0.5991832500000001,0.66,0.58245725,0.58245725,3063068431,4,0.7942902806503381,8shi
2915962475,0,0.09705,0.75955,0.6718885,0.886246,0.8775,0.886246,0.886246,2915962475,0,0.9023052870255444,4mvb
2915962475,1,0.09079999999999999,0.751025,0.6788825,0.8917930000000001,0.8875,0.8917930000000001,0.8917930000000001,2915962475,1,0.9081574201348565,4mvb
2915962475,2,0.0894,0.750575,0.6746672499999999,0.88395725,0.8775,0.88395725,0.88395725,2915962475,2,0.904393071920644,4mvb
2915962475,3,0.09207499999999999,0.748525,0.676228,0.8872545000000001,0.885,0.8872545000000001,0.8872545000000001,2915962475,3,0.9060107787125954,4mvb
2915962475,4,0.088975,0.7728999999999999,0.69844775,0.897218,0.8925000000000001,0.897218,0.897218,2915962475,4,0.912030116371976,4mvb
2147324309,0,0.10065,0.66185,0.6279915,0.880295,0.8725,0.880295,0.880295,2147324309,0,0.8953584180334759,4ms8
2147324309,1,0.10242499999999999,0.6556,0.6344795,0.8830089999999999,0.88,0.8830089999999999,0.8830089999999999,2147324309,1,0.894020604950863,4ms8
2147324309,2,0.10745,0.677125,0.6414315,0.88896825,0.885,0.88896825,0.88896825,2147324309,2,0.8975154270901277,4ms8
2147324309,3,0.11167500000000001,0.6943,0.63321275,0.88563025,0.88,0.88563025,0.88563025,2147324309,3,0.8966662507853229,4ms8
2147324309,4,0.095125,0.6743250000000001,0.61824075,0.87293225,0.87,0.87293225,0.87293225,2147324309,4,0.8853816028624042,4ms8
670471030,0,0.04745,0.17677500000000002,0.24875724999999999,0.53242625,0.63,0.513011,0.513011,670471030,0,0.7749839827983139,4g9f
670471030,1,0.0636,0.13565,0.1590845,0.4945885,0.5825,0.45098975,0.45098975,670471030,1,0.7455540147650173,4g9f
670471030,2,0.053275,0.144075,0.19702775,0.50186775,0.595,0.47000025,0.47000025,670471030,2,0.7561212503050443,4g9f
670471030,3,0.0524,0.1491,0.20105325000000002,0.5098075,0.605,0.4812985,0.4812985,670471030,3,0.7597171543638259,4g9f
670471030,4,0.06125,0.172275,0.2124795,0.52418425,0.6075,0.48594149999999997,0.48594149999999997,670471030,4,0.7604731548308454,4g9f
1682008925,0,0.04995,0.091025,0.063952,0.41499775,0.53,0.3475475,0.3475475,1682008925,0,0.7144133741584249,7nmf
1682008925,1,0.049,0.091,0.0666085,0.41633875,0.5225,0.34692524999999996,0.34692524999999996,1682008925,1,0.7138956025159764,7nmf
1682008925,2,0.052274999999999995,0.077325,0.04561675,0.40705,0.505,0.328035,0.328035,1682008925,2,0.7032380115201315,7nmf
1682008925,3,0.060025,0.11855,0.106816,0.43261675,0.5675,0.3841965,0.3841965,1682008925,3,0.7359935936086708,7nmf
1682008925,4,0.049175,0.088225,0.055036,0.410254,0.5175000000000001,0.3382075,0.3382075,1682008925,4,0.7056420797863701,7nmf
41345963,0,0.06420000000000001,0.05295,0.0373775,0.4129795,0.47750000000000004,0.317333,0.317333,41345963,0,0.6774043449755466,8rro
41345963,1,0.06555,0.060024999999999995,0.053876749999999994,0.423862,0.5,0.34025275,0.34025275,41345963,1,0.6943268911602806,8rro
41345963,2,0.0547,0.05745,0.05024825,0.4136295,0.49,0.33265975,0.33265975,41345963,2,0.6885663323577584,8rro
41345963,3,0.058925,0.055725,0.04277475,0.40988725000000004,0.4825,0.320948,0.320948,41345963,3,0.6892485420546475,8rro
41345963,4,0.06155,0.08495,0.09871674999999999,0.44791625,0.545,0.38828,0.38828,41345963,4,0.7156004763061866,8rro
2409966127,0,0.07930000000000001,0.678725,0.62542225,0.81261225,0.815,0.81171425,0.81171425,2409966127,0,0.8782221213007162,6vm7
2409966127,1,0.08415,0.7106,0.64354125,0.8219937500000001,0.825,0.82189825,0.82189825,2409966127,1,0.8841953111204327,6vm7
2409966127,2,0.074875,0.6984250000000001,0.626027,0.81236475,0.8175,0.81176925,0.81176925,2409966127,2,0.8753117340350011,6vm7
2409966127,3,0.081875,0.68105,0.61524375,0.80441525,0.81,0.80388075,0.80388075,2409966127,3,0.8730385239295192,6vm7
2409966127,4,0.075825,0.6827,0.6187867499999999,0.8082557499999999,0.815,0.8079562499999999,0.8079562499999999,2409966127,4,0.8758660638050345,6vm7
4182633582,0,0.142075,0.86975,0.76062175,0.8957062499999999,0.89,0.8957062499999999,0.8957062499999999,4182633582,0,0.9322928946876302,2gj6
4182633582,1,0.146275,0.865475,0.7518875,0.8905657499999999,0.8875,0.8905657499999999,0.8905657499999999,4182633582,1,0.9297976574249274,2gj6
4182633582,2,0.147875,0.879075,0.7550795,0.89264425,0.885,0.89264425,0.89264425,4182633582,2,0.9289277851817456,2gj6
4182633582,3,0.1434,0.8665,0.75363325,0.890772,0.8875,0.890772,0.890772,4182633582,3,0.930299052107094,2gj6
4182633582,4,0.1543,0.8812,0.75714475,0.89462725,0.8875,0.89462725,0.89462725,4182633582,4,0.929870370970291,2gj6
2385013032,0,0.18135,0.912525,0.77946925,0.914574,0.91,0.914574,0.914574,2385013032,0,0.93385071936042,4jff
2385013032,1,0.192825,0.908425,0.7698035,0.9100005,0.9025000000000001,0.9100005,0.9100005,2385013032,1,0.926816731278974,4jff
2385013032,2,0.186775,0.90725,0.75933125,0.90362575,0.9,0.90362575,0.90362575,2385013032,2,0.9246472321301188,4jff
2385013032,3,0.18795,0.912775,0.77534375,0.9132045,0.91,0.9132045,0.9132045,2385013032,3,0.9316400685272036,4jff
2385013032,4,0.1829,0.9081,0.78179425,0.9149005,0.91,0.9149005,0.9149005,2385013032,4,0.9342072478607364,4jff
2868172357,0,0.060675,0.511675,0.44673,0.6965125,0.7275,0.68603875,0.68603875,2868172357,0,0.8099759482387201,6p64
2868172357,1,0.056825,0.493675,0.4298345,0.686175,0.7175,0.673487,0.673487,2868172357,1,0.8021114393391753,6p64
2868172357,2,0.055275,0.5120250000000001,0.43059425,0.6829415000000001,0.7075,0.669636,0.669636,2868172357,2,0.8010947103484485,6p64
2868172357,3,0.054075,0.49870000000000003,0.43456325,0.68213625,0.7175,0.67234275,0.67234275,2868172357,3,0.8080900366775327,6p64
2868172357,4,0.049,0.5292,0.45811775,0.7062975,0.7325,0.6981975,0.6981975,2868172357,4,0.8166284532497674,6p64
408386385,0,0.151125,0.9163749999999999,0.7623807499999999,0.9024705,0.9,0.9024705,0.9024705,408386385,0,0.9309002163630304,4ftv
408386385,1,0.15875,0.9248000000000001,0.7708885,0.9062902500000001,0.9025,0.9062902500000001,0.9062902500000001,408386385,1,0.9315997699230084,4ftv
408386385,2,0.150325,0.91365,0.76398975,0.9009469999999999,0.9,0.9009469999999999,0.9009469999999999,408386385,2,0.9275682561150266,4ftv
408386385,3,0.150675,0.92745,0.78099975,0.9095235,0.9025,0.9095235,0.9095235,408386385,3,0.9341708804360712,4ftv
408386385,4,0.153,0.9231,0.7671892499999999,0.904391,0.9025,0.904391,0.904391,408386385,4,0.930054760760362,4ftv
1498594107,0,0.08495,0.8973249999999999,0.72114875,0.898868,0.895,0.898868,0.898868,1498594107,0,0.9175142047647762,5c08
1498594107,1,0.081325,0.88635,0.7193565,0.89591775,0.895,0.89591775,0.89591775,1498594107,1,0.9167143519972604,5c08
1498594107,2,0.07965,0.905725,0.72598325,0.90133,0.8975,0.90133,0.90133,1498594107,2,0.9180496417974564,5c08
1498594107,3,0.081125,0.901125,0.71639975,0.89573925,0.8925000000000001,0.89573925,0.89573925,1498594107,3,0.9142132455164336,5c08
1498594107,4,0.08175,0.89725,0.71761775,0.8960255,0.895,0.8960255,0.8960255,1498594107,4,0.9141526657450624,5c08
2024450852,0,0.211125,0.84415,0.71619575,0.8957205,0.8925000000000001,0.8957205,0.8957205,2024450852,0,0.922690436122254,6eqb
2024450852,1,0.19565,0.852525,0.72351025,0.90030925,0.895,0.90030925,0.90030925,2024450852,1,0.9256398937867376,6eqb
2024450852,2,0.196875,0.85105,0.7385937499999999,0.908713,0.905,0.908713,0.908713,2024450852,2,0.9334160154061764,6eqb
2024450852,3,0.20545,0.8467749999999999,0.72347225,0.89956125,0.895,0.89956125,0.89956125,2024450852,3,0.9242442252761868,6eqb
2024450852,4,0.2119,0.852,0.72233225,0.89747325,0.895,0.89747325,0.89747325,2024450852,4,0.9241323166132376,6eqb
3080475256,0,0.032425,0.019175,0.00257625,0.056632,0.29500000000000004,0.15650524999999998,0.15650524999999998,3080475256,0,0.5720083078464553,6rpb
3080475256,1,0.0324,0.018275,0.0,0.0,0.265,0.14582425,0.14582425,3080475256,1,0.5584333237187539,6rpb
3080475256,2,0.029075,0.0189,0.0,0.0,0.2625,0.13743624999999998,0.13743624999999998,3080475256,2,0.5602581279436712,6rpb
3080475256,3,0.036525,0.023725,0.00805325,0.22877275000000002,0.315,0.17218725000000001,0.17218725000000001,3080475256,3,0.5791892118504087,6rpb
3080475256,4,0.033075,0.019450000000000002,0.0026835,0.1025945,0.28,0.15185025000000002,0.15185025000000002,3080475256,4,0.5619829692938478,6rpb
2094164280,0,0.15207500000000002,0.8873,0.73548425,0.88326575,0.885,0.88326575,0.88326575,2094164280,0,0.9116833441533424,4jrx
2094164280,1,0.1425,0.874475,0.7426985,0.88765225,0.8875,0.88765225,0.88765225,2094164280,1,0.9145180063391054,4jrx
2094164280,2,0.147775,0.891025,0.7453069999999999,0.88809875,0.8875,0.88809875,0.88809875,2094164280,2,0.9149380416252249,4jrx
2094164280,3,0.149925,0.8877,0.75052275,0.89045475,0.8875,0.89045475,0.89045475,2094164280,3,0.9182065979900846,4jrx
2094164280,4,0.153775,0.895325,0.77091825,0.9022325,0.8975,0.9022325,0.9022325,2094164280,4,0.926565788835948,4jrx
2637399366,0,0.092,0.50165,0.49318475,0.741844,0.745,0.718952,0.718952,2637399366,0,0.811484888690967,5ivx
2637399366,1,0.0973,0.539075,0.5141242500000001,0.75135425,0.755,0.7345705,0.7345705,2637399366,1,0.8223365969505235,5ivx
2637399366,2,0.098575,0.492,0.477002,0.735946,0.735,0.70704575,0.70704575,2637399366,2,0.8016946521598642,5ivx
2637399366,3,0.093725,0.43265,0.43188499999999996,0.7153285,0.7075,0.6776125,0.6776125,2637399366,3,0.7767246012063236,5ivx
2637399366,4,0.0848,0.470075,0.4867595,0.737167,0.7375,0.713969,0.713969,2637399366,4,0.810925458051246,5ivx
3270044603,0,0.101775,0.858375,0.712692,0.876246,0.87,0.876246,0.876246,3270044603,0,0.909690175915414,8rlv
3270044603,1,0.10364999999999999,0.8765000000000001,0.7205745,0.8828695,0.88,0.8828695,0.8828695,3270044603,1,0.9145549691918254,8rlv
3270044603,2,0.1023,0.862175,0.7120795,0.8782485,0.875,0.8782485,0.8782485,3270044603,2,0.9111094483598976,8rlv
3270044603,3,0.10175000000000001,0.870975,0.71789175,0.8811375,0.8775,0.8811375,0.8811375,3270044603,3,0.9135164232167046,8rlv
3270044603,4,0.0934,0.8609,0.71958925,0.88359125,0.88,0.88359125,0.88359125,3270044603,4,0.9153712951134128,8rlv
241734590,0,0.082225,0.29612499999999997,0.29680324999999996,0.5828885,0.66,0.57113625,0.57113625,241734590,0,0.7900308912171554,8wul
241734590,1,0.084375,0.319625,0.32574475,0.606912,0.6775,0.59964175,0.59964175,241734590,1,0.7995863836860122,8wul
241734590,2,0.08485,0.29335,0.291207,0.58342725,0.665,0.56912125,0.56912125,241734590,2,0.790890548675943,8wul
241734590,3,0.08560000000000001,0.270525,0.26981825,0.56608025,0.645,0.55127925,0.55127925,241734590,3,0.7832040545049431,8wul
241734590,4,0.08345,0.321425,0.3185245,0.5992235,0.6725,0.5939595,0.5939595,241734590,4,0.801606687969364,8wul
2403449906,0,0.176375,0.8486750000000001,0.702037,0.88103,0.88,0.88103,0.88103,2403449906,0,0.9072746276786422,2bnq
2403449906,1,0.1782,0.86205,0.723012,0.8927182499999999,0.8925000000000001,0.8927182499999999,0.8927182499999999,2403449906,1,0.9139549773543636,2bnq
2403449906,2,0.165475,0.847075,0.71513325,0.8873489999999999,0.8825000000000001,0.8873489999999999,0.8873489999999999,2403449906,2,0.9113860513265176,2bnq
2403449906,3,0.177275,0.85365,0.7070744999999999,0.8831107499999999,0.8825000000000001,0.8831107499999999,0.8831107499999999,2403449906,3,0.9074392563373403,2bnq
2403449906,4,0.161575,0.8331500000000001,0.698912,0.87843225,0.8775,0.87843225,0.87843225,2403449906,4,0.9053263266317112,2bnq
1378538190,0,0.0374,0.024175000000000002,0.013263,0.37106275,0.3225,0.19995575,0.19995575,1378538190,0,0.6021780615378689,9gv6
1378538190,1,0.0312,0.0164,0.00580025,0.18143125,0.2525,0.1521755,0.1521755,1378538190,1,0.5604250447478235,9gv6
1378538190,2,0.034025,0.023275,0.0123485,0.356202,0.31,0.185465,0.185465,1378538190,2,0.6018587616631705,9gv6
1378538190,3,0.030275,0.022775,0.01112,0.33357675000000003,0.3175,0.18124425,0.18124425,1378538190,3,0.6112540904429056,9gv6
1378538190,4,0.0399,0.022675,0.01179775,0.34671775,0.32,0.18580625,0.18580625,1378538190,4,0.6058834077445225,9gv6
4113306841,0,0.10985,0.903725,0.71616125,0.881387,0.8775,0.881387,0.881387,4113306841,0,0.9088434749280498,5m00
4113306841,1,0.10884999999999999,0.89695,0.7001895,0.8739837500000001,0.87,0.8739837500000001,0.8739837500000001,4113306841,1,0.9035970374993794,5m00
4113306841,2,0.106075,0.896725,0.702888,0.8722909999999999,0.87,0.8722909999999999,0.8722909999999999,4113306841,2,0.904077448145617,5m00
4113306841,3,0.11515,0.8789,0.7005445,0.87489575,0.87,0.87489575,0.87489575,4113306841,3,0.9052423585786278,5m00
4113306841,4,0.106375,0.8807,0.7026425,0.87580675,0.87,0.87580675,0.87580675,4113306841,4,0.905859810286634,5m00
1969256094,0,0.06799999999999999,0.833475,0.60736575,0.85455575,0.86,0.85455575,0.85455575,1969256094,0,0.8891997562328353,5c0a
1969256094,1,0.0694,0.834975,0.62558275,0.8569025,0.86,0.8569025,0.8569025,1969256094,1,0.8887854122278835,5c0a
1969256094,2,0.06795,0.830525,0.62050725,0.8540544999999999,0.86,0.8540544999999999,0.8540544999999999,1969256094,2,0.8878693787232863,5c0a
1969256094,3,0.062125,0.8103,0.59588,0.8410325,0.845,0.8410325,0.8410325,1969256094,3,0.8789688030848202,5c0a
1969256094,4,0.067675,0.8363,0.62626875,0.856762,0.86,0.856762,0.856762,1969256094,4,0.888371067807173,5c0a
1457475908,0,0.113625,0.303,0.3957635,0.62669525,0.6925,0.6210410000000001,0.6210410000000001,1457475908,0,0.8052910195627029,5eu6
1457475908,1,0.12225000000000001,0.359325,0.45322675,0.6728665,0.725,0.669597,0.669597,1457475908,1,0.826154610854518,5eu6
1457475908,2,0.09827499999999999,0.300825,0.38523575,0.63285625,0.69,0.62369975,0.62369975,1457475908,2,0.8081985544420018,5eu6
1457475908,3,0.10207500000000001,0.292325,0.35992475,0.615724,0.675,0.6034729999999999,0.6034729999999999,1457475908,3,0.7940970867758017,5eu6
1457475908,4,0.09595000000000001,0.290875,0.3838025,0.6224275,0.6799999999999999,0.6094295,0.6094295,1457475908,4,0.8004040481928743,5eu6
1590460510,0,0.078125,0.891925,0.72501975,0.89484275,0.89,0.89484275,0.89484275,1590460510,0,0.9125206628147076,5c07
1590460510,1,0.07780000000000001,0.89415,0.7373175000000001,0.9006185,0.8975,0.9006185,0.9006185,1590460510,1,0.9165177164473176,5c07
1590460510,2,0.082025,0.897725,0.73603425,0.8995155,0.895,0.8995155,0.8995155,1590460510,2,0.917939765738316,5c07
1590460510,3,0.076425,0.893275,0.72219375,0.894449,0.895,0.894449,0.894449,1590460510,3,0.9132989304006492,5c07
1590460510,4,0.076375,0.89205,0.7244215,0.8937605,0.89,0.8937605,0.8937605,1590460510,4,0.9126162645662212,5c07
3238239632,0,0.08105,0.241825,0.3602875,0.56206325,0.675,0.54912975,0.54912975,3238239632,0,0.8090850080973393,4jry
3238239632,1,0.0749,0.176875,0.28367725,0.51090725,0.6225,0.48268049999999996,0.48268049999999996,3238239632,1,0.7815866325537563,4jry
3238239632,2,0.0745,0.258525,0.382319,0.5830025000000001,0.6950000000000001,0.57492875,0.57492875,3238239632,2,0.8169723348082232,4jry
3238239632,3,0.0751,0.2698,0.37851275,0.5790522499999999,0.69,0.5717515,0.5717515,3238239632,3,0.817646240864383,4jry
3238239632,4,0.09515,0.2923,0.39515625,0.58847475,0.6925,0.5837525,0.5837525,3238239632,4,0.8196299746930389,4jry
3440735508,0,0.138125,0.928875,0.77871175,0.91773825,0.915,0.91773825,0.91773825,3440735508,0,0.9350846469106094,2p5w
3440735508,1,0.137325,0.9289000000000001,0.77442725,0.9141265,0.91,0.9141265,0.9141265,3440735508,1,0.9316388981265696,2p5w
3440735508,2,0.142925,0.9267749999999999,0.76459975,0.9130929999999999,0.91,0.9130929999999999,0.9130929999999999,3440735508,2,0.9302657812197918,2p5w
3440735508,3,0.14077499999999998,0.92855,0.7705442499999999,0.91451125,0.91,0.91451125,0.91451125,3440735508,3,0.9329774357415528,2p5w
3440735508,4,0.140475,0.92485,0.759007,0.907972,0.9025,0.907972,0.907972,3440735508,4,0.927730587934152,2p5w
1962274283,0,0.134575,0.73325,0.60398025,0.8484780000000001,0.8300000000000001,0.82089775,0.82089775,1962274283,0,0.8449693554124398,9c3e
1962274283,1,0.12425,0.725925,0.6088867499999999,0.85138225,0.835,0.82392325,0.82392325,1962274283,1,0.8494776001740195,9c3e
1962274283,2,0.131525,0.734375,0.607915,0.85141625,0.835,0.82414225,0.82414225,1962274283,2,0.8504081742896874,9c3e
1962274283,3,0.1412,0.7346,0.613685,0.8529905,0.8375,0.8254174999999999,0.8254174999999999,1962274283,3,0.8539905787591917,9c3e
1962274283,4,0.14165,0.723425,0.6088735,0.8490632499999999,0.835,0.82200975,0.82200975,1962274283,4,0.8499931897881087,9c3e
3564925416,0,0.051175,0.02625,0.01128525,0.340232,0.40249999999999997,0.20989525,0.20989525,3564925416,0,0.6414147361612287,5isz
3564925416,1,0.049375,0.023475,0.007730249999999999,0.219908,0.35,0.18282625,0.18282625,3564925416,1,0.6109961676098946,5isz
3564925416,2,0.04745,0.0204,0.002525,0.09532775,0.3275,0.170134,0.170134,3564925416,2,0.5966855172793619,5isz
3564925416,3,0.047575,0.01935,0.002629,0.0587855,0.3025,0.16380825,0.16380825,3564925416,3,0.5740460444598693,5isz
3564925416,4,0.04755,0.020475,0.0,0.0,0.3075,0.16733,0.16733,3564925416,4,0.5795811763045445,5isz
4183785672,0,0.07935,0.85585,0.67353325,0.872997,0.8725,0.872997,0.872997,4183785672,0,0.8975562520707245,5c09
4183785672,1,0.08305,0.8796999999999999,0.71642,0.8967112500000001,0.895,0.8967112500000001,0.8967112500000001,4183785672,1,0.9136839415460358,5c09
4183785672,2,0.077675,0.8598,0.687057,0.88277325,0.8825000000000001,0.88277325,0.88277325,4183785672,2,0.9047768352175518,5c09
4183785672,3,0.083325,0.86865,0.68759175,0.8819215,0.8825000000000001,0.8819215,0.8819215,4183785672,3,0.9038571580749484,5c09
4183785672,4,0.081575,0.866375,0.69140275,0.8837965,0.8825000000000001,0.8837965,0.8837965,4183785672,4,0.9060294595493964,5c09
2878787973,0,0.116775,0.776625,0.647567,0.83846,0.84,0.83846,0.83846,2878787973,0,0.8916813264499036,4mnq
2878787973,1,0.117075,0.788625,0.6740295000000001,0.85195125,0.8525,0.85195125,0.85195125,2878787973,1,0.9012597592590632,4mnq
2878787973,2,0.1071,0.763125,0.64070025,0.8336825,0.835,0.8336825,0.8336825,2878787973,2,0.8879040657996764,4mnq
2878787973,3,0.114675,0.772625,0.65847575,0.8434655,0.8425,0.8434655,0.8434655,2878787973,3,0.8925913166668195,4mnq
2878787973,4,0.12052500000000001,0.7612,0.64857775,0.837064,0.8375,0.837064,0.837064,2878787973,4,0.8913682069673027,4mnq
1682146462,0,0.062675,0.16972500000000001,0.21410225,0.528579,0.635,0.49199925,0.49199925,1682146462,0,0.761546777867234,5e6i
1682146462,1,0.071525,0.20845,0.2498925,0.55343,0.6525,0.52373375,0.52373375,1682146462,1,0.7705286419713818,5e6i
1682146462,2,0.063975,0.241875,0.30670725,0.59566275,0.6875,0.57824575,0.57824575,1682146462,2,0.7873670126919157,5e6i
1682146462,3,0.067125,0.19705,0.2476195,0.55245625,0.655,0.51906225,0.51906225,1682146462,3,0.7725016007862633,5e6i
1682146462,4,0.067925,0.24384999999999998,0.2938945,0.58160675,0.6775,0.56349625,0.56349625,1682146462,4,0.7835082165068706,5e6i
2636546084,0,0.1605,0.825975,0.68923725,0.86632975,0.865,0.86632975,0.86632975,2636546084,0,0.9000695567803019,6dkp
2636546084,1,0.16235,0.83245,0.698216,0.87151825,0.8674999999999999,0.87151825,0.87151825,2636546084,1,0.9055506546335104,6dkp
2636546084,2,0.149175,0.80715,0.67899125,0.8604035,0.8625,0.8604035,0.8604035,2636546084,2,0.8976369766826056,6dkp
2636546084,3,0.1611,0.839825,0.70163,0.87236175,0.8674999999999999,0.87236175,0.87236175,2636546084,3,0.9051605113654286,6dkp
2636546084,4,0.152025,0.826225,0.69891125,0.87234425,0.8674999999999999,0.87234425,0.87234425,2636546084,4,0.9066270486517858,6dkp
2688072545,0,0.10315,0.8254250000000001,0.72602825,0.87705625,0.8725,0.87705625,0.87705625,2688072545,0,0.9097708537782114,7pdw
2688072545,1,0.1075,0.82875,0.711225,0.864788,0.865,0.864788,0.864788,2688072545,1,0.9010103721416708,7pdw
2688072545,2,0.11925000000000001,0.83765,0.73471725,0.8789465000000001,0.875,0.8789465000000001,0.8789465000000001,2688072545,2,0.9129735932774624,7pdw
2688072545,3,0.113175,0.84705,0.72331075,0.8725495,0.87,0.8725495,0.8725495,2688072545,3,0.9069276333744102,7pdw
2688072545,4,0.10335,0.818775,0.6904055,0.8536115,0.855,0.8536115,0.8536115,2688072545,4,0.89624118504624,7pdw
2322432063,0,0.1006,0.580175,0.6549875000000001,0.836606,0.8375,0.836606,0.836606,2322432063,0,0.8985500125859742,6mtm
2322432063,1,0.10554999999999999,0.6473,0.67195275,0.84793575,0.8525,0.84793575,0.84793575,2322432063,1,0.9032357030246284,6mtm
2322432063,2,0.11685000000000001,0.57315,0.65392875,0.83587575,0.8400000000000001,0.83587575,0.83587575,2322432063,2,0.8987720099328712,6mtm
2322432063,3,0.10912500000000001,0.64495,0.6715955,0.84544325,0.845,0.84544325,0.84544325,2322432063,3,0.9018784536570597,6mtm
2322432063,4,0.10125,0.611625,0.659492,0.8394787499999999,0.845,0.8394787499999999,0.8394787499999999,2322432063,4,0.899705964560832,6mtm
985309697,0,0.125525,0.809,0.671547,0.863625,0.8674999999999999,0.863625,0.863625,985309697,0,0.919645086047,3d3v
985309697,1,0.13140000000000002,0.79615,0.6628755,0.86307175,0.865,0.86307175,0.86307175,985309697,1,0.9196102390783772,3d3v
985309697,2,0.123375,0.808875,0.66932475,0.8630107499999999,0.8625,0.8630107499999999,0.8630107499999999,985309697,2,0.9187955116021796,3d3v
985309697,3,0.1286,0.792925,0.6599625,0.855429,0.8574999999999999,0.855429,0.855429,985309697,3,0.9147916634049168,3d3v
985309697,4,0.12665,0.7883,0.64797325,0.85211175,0.8525,0.85211175,0.85211175,985309697,4,0.9108994192242206,3d3v
3803637904,0,0.046625,0.287425,0.511428,0.7051855,0.7475,0.7051855,0.7051855,3803637904,0,0.8704464090482167,9gv7
3803637904,1,0.0577,0.28957499999999997,0.51825225,0.710055,0.7575000000000001,0.710055,0.710055,3803637904,1,0.8736520593397012,9gv7
3803637904,2,0.063725,0.3069,0.5272605,0.7182992500000001,0.7575000000000001,0.7182992500000001,0.7182992500000001,3803637904,2,0.873985979014477,9gv7
3803637904,3,0.04805,0.24762499999999998,0.4454075,0.65250625,0.7075,0.65250625,0.65250625,3803637904,3,0.8452550859849304,9gv7
3803637904,4,0.06760000000000001,0.27595000000000003,0.5192905,0.7130277500000001,0.75,0.7130277500000001,0.7130277500000001,3803637904,4,0.8665563575396749,9gv7
3217784373,0,0.130375,0.824575,0.73096825,0.88143125,0.875,0.88143125,0.88143125,3217784373,0,0.9248982141919316,3h9s
3217784373,1,0.137075,0.876725,0.77393375,0.9049579999999999,0.9,0.9049579999999999,0.9049579999999999,3217784373,1,0.9381019742159477,3h9s
3217784373,2,0.1333,0.840925,0.7466872499999999,0.88919675,0.885,0.88919675,0.88919675,3217784373,2,0.928184114589194,3h9s
3217784373,3,0.143675,0.859475,0.753978,0.89372625,0.89,0.89372625,0.89372625,3217784373,3,0.9304936601210432,3h9s
3217784373,4,0.135725,0.850275,0.75136425,0.8903765,0.885,0.8903765,0.8903765,3217784373,4,0.93037122030938,3h9s
3085668796,0,0.1255,0.729,0.6492305,0.84611325,0.85,0.84611325,0.84611325,3085668796,0,0.9032519854410512,5euo
3085668796,1,0.125025,0.7376,0.65903875,0.850937,0.855,0.850937,0.850937,3085668796,1,0.9059325582953082,5euo
3085668796,2,0.120325,0.7363999999999999,0.651797,0.8447169999999999,0.8475,0.8447169999999999,0.8447169999999999,3085668796,2,0.9024320281049126,5euo
3085668796,3,0.11835,0.695925,0.640268,0.83991625,0.845,0.83991625,0.83991625,3085668796,3,0.8998919017441352,5euo
3085668796,4,0.12405000000000001,0.71565,0.6551130000000001,0.849633,0.8525,0.849633,0.849633,3085668796,4,0.9065502804781432,5euo
499830958,0,0.1454,0.9232,0.75891175,0.9077775,0.905,0.9077775,0.9077775,499830958,0,0.925380315342498,2p5e
499830958,1,0.15082500000000001,0.934725,0.8020637500000001,0.9275312499999999,0.925,0.9275312499999999,0.9275312499999999,499830958,1,0.9418156465918582,2p5e
499830958,2,0.13772500000000001,0.922775,0.75992775,0.91083975,0.905,0.91083975,0.91083975,499830958,2,0.9284366934380428,2p5e
499830958,3,0.14275,0.9231,0.7636594999999999,0.9133482500000001,0.91,0.9133482500000001,0.9133482500000001,499830958,3,0.9291661509698224,2p5e
499830958,4,0.15382500000000002,0.921125,0.758772,0.908272,0.905,0.908272,0.908272,499830958,4,0.9258760665255767,2p5e
4186401565,0,0.0892,0.88705,0.7074925,0.875889,0.8725,0.875889,0.875889,4186401565,0,0.9036208122114768,5m01
4186401565,1,0.094425,0.885975,0.70869675,0.875447,0.8725,0.875447,0.875447,4186401565,1,0.9042547049683456,5m01
4186401565,2,0.08925,0.8924,0.71599875,0.880283,0.875,0.880283,0.880283,4186401565,2,0.9070860737045698,5m01
4186401565,3,0.097875,0.8868,0.7096925,0.87719125,0.875,0.87719125,0.87719125,4186401565,3,0.9049450318090804,5m01
4186401565,4,0.08577499999999999,0.905975,0.713497,0.878559,0.875,0.878559,0.878559,4186401565,4,0.9067503090890224,5m01
211417322,0,0.139975,0.7941750000000001,0.690008,0.863506,0.86,0.863506,0.863506,211417322,0,0.9041790743321813,6rsy
211417322,1,0.14427500000000001,0.787925,0.69907625,0.8690625,0.865,0.8690625,0.8690625,211417322,1,0.909182981827975,6rsy
211417322,2,0.14752500000000002,0.7962,0.71074025,0.87588775,0.8725,0.87588775,0.87588775,211417322,2,0.9133023484599728,6rsy
211417322,3,0.150775,0.785625,0.68848475,0.86400175,0.8625,0.86400175,0.86400175,211417322,3,0.9035653853352438,6rsy
211417322,4,0.14935,0.80695,0.6945902500000001,0.87108925,0.865,0.87108925,0.87108925,211417322,4,0.908069475779504,6rsy
996111535,0,0.0871,0.89835,0.70338125,0.866896,0.87,0.866896,0.866896,996111535,0,0.927724719693266,5e9d
996111535,1,0.0798,0.8929,0.68678225,0.852658,0.86,0.852658,0.852658,996111535,1,0.9225897206716824,5e9d
996111535,2,0.07982500000000001,0.892,0.69049225,0.85869,0.865,0.85869,0.85869,996111535,2,0.9231203068586096,5e9d
996111535,3,0.084625,0.89305,0.6988685,0.86388725,0.87,0.86388725,0.86388725,996111535,3,0.9265806301672512,5e9d
996111535,4,0.08675,0.89335,0.69154925,0.86137725,0.8674999999999999,0.86137725,0.86137725,996111535,4,0.9255163207928788,5e9d
2216575314,0,0.156875,0.89375,0.677628,0.87983025,0.8775,0.87983025,0.87983025,2216575314,0,0.9010290471772512,7phr
2216575314,1,0.1594,0.89515,0.67705225,0.88119125,0.8775,0.88119125,0.88119125,2216575314,1,0.9030898047722424,7phr
2216575314,2,0.15975,0.9013,0.6769405,0.8803855,0.8775,0.8803855,0.8803855,2216575314,2,0.9038379943502144,7phr
2216575314,3,0.163725,0.895275,0.6784285,0.88041125,0.8775,0.88041125,0.88041125,2216575314,3,0.8995186185970766,7phr
2216575314,4,0.164875,0.9054500000000001,0.68712025,0.8864725,0.8825000000000001,0.8864725,0.8864725,2216575314,4,0.9076487465497854,7phr
3716968418,0,0.07239999999999999,0.854875,0.646475,0.853806,0.865,0.853806,0.853806,3716968418,0,0.8943489772300535,7dzm
3716968418,1,0.07905000000000001,0.86615,0.668592,0.86647575,0.8725,0.86647575,0.86647575,3716968418,1,0.8974025821792109,7dzm
3716968418,2,0.080675,0.857775,0.653952,0.85837975,0.8674999999999999,0.85837975,0.85837975,3716968418,2,0.8940682819607803,7dzm
3716968418,3,0.0758,0.869775,0.66786325,0.8679527499999999,0.8725,0.8679527499999999,0.8679527499999999,3716968418,3,0.8986443831609369,7dzm
3716968418,4,0.080475,0.8463499999999999,0.6376355,0.84926,0.86,0.84926,0.84926,3716968418,4,0.8912552982291267,7dzm
