pdb_id,model_number,overall_rmsd,rmsd_TCRA_TCRB,rmsd_Peptide,rmsd_MHC_B2M,rmsd_CDR_TCRA,rmsd_CDR_TCRB,dockq_score,irmsd,lrmsd,fnat,clashes
2ckb,1,2.6115718,4.504623,1.6828681,1.4882243,5.683105,2.5107384,0.336,3.122,8.138,0.3,0
2ckb,0,2.4178455,4.1318007,1.6857615,1.4045085,5.550336,2.5027435,0.404,2.702,6.577,0.35,0
2ckb,2,2.3688686,4.0344777,1.6618867,1.3896145,5.209096,2.5207617,0.375,2.677,7.896,0.35,0
2ckb,3,2.2992296,3.8996375,1.6313856,1.3638549,5.151916,2.4576647,0.427,2.527,5.958,0.35,0
2ckb,4,2.4196208,4.162148,1.6520938,1.3796985,5.3537073,2.4425812,0.364,2.796,7.935,0.333,0
5m02,4,0.9170628,1.2287188,0.68990844,0.8455642,0.71156603,1.8798351,0.806,0.758,3.14,0.742,0
5m02,2,0.91517377,1.2089071,0.6940252,0.8493908,0.69767404,1.9063178,0.84,0.749,2.059,0.774,0
5m02,3,0.75289035,1.2149316,0.4271104,0.62012774,0.76030856,1.84794,0.781,0.834,3.982,0.758,0
5m02,1,0.8770263,1.2502228,0.6820533,0.7790465,0.70046085,1.9511852,0.822,0.764,3.103,0.79,0
5m02,0,0.9443347,1.2123741,0.56049836,0.89914703,0.5186235,1.9206085,0.852,0.748,1.945,0.806,0
4nhu,4,5.8766375,7.823654,7.909296,4.27773,4.4885683,8.266934,0.191,6.633,17.513,0.333,0
4nhu,0,6.039645,8.558478,8.195567,3.915665,5.004223,9.545689,0.149,7.532,17.679,0.222,0
4nhu,1,5.9470644,7.8467393,8.36458,4.2798834,4.492492,8.371203,0.178,6.794,17.13,0.289,0
4nhu,3,5.8190985,7.8011727,8.394864,4.018145,4.4000454,8.769959,0.156,6.957,15.792,0.2,1
4nhu,2,6.144564,9.714091,6.657158,3.3966591,6.9335165,11.026449,0.095,8.7,20.648,0.111,1
8cx4,0,2.1130116,4.1140785,1.249276,1.0235598,3.6413643,4.5787168,0.33,3.224,10.645,0.424,1
8cx4,1,1.9212899,3.3829386,2.9884233,0.92924094,1.4260504,3.9133673,0.31,2.436,13.538,0.373,0
8cx4,3,2.0586698,3.7642837,1.3979763,1.2294157,2.1076193,3.8136652,0.253,2.52,18.512,0.322,1
8cx4,2,3.3576362,6.5740094,1.6529437,1.6195514,4.1069717,6.1352153,0.188,5.17,15.506,0.254,0
8cx4,4,1.292063,2.1951964,1.6154871,0.7993652,1.2324727,1.9878236,0.574,1.58,6.184,0.593,0
5tez,4,0.65454,0.9308272,0.8435946,0.5123931,0.68142,0.8295845,0.769,0.772,3.068,0.633,0
5tez,3,0.6003673,0.9073747,0.64102215,0.4587785,0.5944417,0.8356844,0.759,0.765,3.106,0.6,0
5tez,2,0.71564317,1.0721401,0.8395544,0.54140687,0.82738006,1.434994,0.796,0.752,1.472,0.617,0
5tez,0,0.6466908,0.8348669,0.83950615,0.5493728,0.8587675,0.8429332,0.781,0.712,2.079,0.583,0
5tez,1,0.7242557,0.8948112,0.84124446,0.6476921,0.5633898,0.8470635,0.766,0.722,3.056,0.6,0
7n4k,3,1.1170969,1.4725194,2.2447133,0.65592873,2.2244828,1.9062532,0.786,1.112,2.925,0.818,0
7n4k,2,1.1125375,1.8760239,0.6886509,0.64519686,3.1282623,1.8829699,0.738,1.193,3.756,0.764,0
7n4k,0,1.023609,1.6235884,0.9600217,0.65412813,2.5750399,1.966081,0.765,1.063,2.804,0.727,0
7n4k,1,1.1688656,1.9293044,1.190829,0.6468197,3.381156,1.931306,0.471,1.172,23.091,0.673,0
7n4k,4,1.1468233,1.6111534,2.2881305,0.5815464,2.3006704,1.9004431,0.517,1.14,23.45,0.8,0
7rrg,4,7.9407,19.263733,4.733356,3.3232012,22.974566,8.380113,0.039,16.509,33.204,0.048,0
7rrg,1,7.468472,18.371119,4.170842,2.8855927,22.155125,8.548029,0.038,17.025,34.451,0.048,0
7rrg,0,3.642204,8.163128,3.8440661,1.8519605,8.624049,9.5570965,0.162,6.046,16.672,0.222,0
7rrg,2,3.8142715,8.63927,4.1167192,1.8459724,10.381113,9.758262,0.194,5.982,12.022,0.19,0
7rrg,3,3.8435068,8.839416,3.7668226,1.8232888,10.293349,9.739888,0.159,6.425,14.062,0.159,0
3vxs,2,0.9998587,1.4602995,0.6250124,0.83505285,0.9854719,1.528759,0.775,1.019,3.914,0.814,0
3vxs,3,1.0721227,1.597162,0.75800467,0.8678093,1.2477138,1.6047131,0.685,1.238,6.092,0.8,1
3vxs,1,0.92184687,1.346274,0.74332464,0.75194454,0.9062408,1.4220935,0.793,1.013,4.154,0.886,0
3vxs,0,1.217723,1.9900155,0.90819055,0.8589064,1.003066,3.171439,0.703,1.159,5.403,0.771,1
3vxs,4,1.0731391,1.5147239,1.1619508,0.86342406,1.1153241,1.4318954,0.707,1.148,5.697,0.8,1
5nmf,3,0.7730077,0.98539466,0.87926304,0.68701446,0.8770262,0.5683378,0.873,0.618,3.656,0.919,0
5nmf,2,0.8320701,1.064572,0.9012828,0.74379486,1.1885189,0.65333015,0.867,0.673,3.747,0.932,0
5nmf,0,0.75606596,1.0202526,0.8921287,0.6430316,1.0999583,0.5287132,0.848,0.603,4.734,0.919,0
5nmf,1,0.6834915,0.8173363,0.8288048,0.6217038,0.8127647,0.3443317,0.892,0.508,3.604,0.932,0
5nmf,4,0.74573094,0.95656776,0.8150623,0.66467094,0.80802083,0.55584395,0.9,0.609,2.669,0.932,0
7jwi,4,8.170569,17.595732,4.3290777,3.997796,14.37018,9.902285,0.031,16.512,35.834,0.033,1
7jwi,0,7.9069524,17.235985,3.967597,3.6765935,13.8878975,9.895768,0.032,16.408,35.449,0.033,0
7jwi,1,8.027542,17.393097,4.0993056,3.8365586,15.582729,10.939096,0.032,16.541,35.025,0.033,0
7jwi,3,7.9816613,17.287712,4.0725055,3.8211722,14.872646,11.323543,0.032,16.17,35.758,0.033,0
7jwi,2,8.009472,17.287848,4.2416377,3.8796728,13.701607,9.075835,0.032,16.386,35.689,0.033,1
8i5d,4,2.0992439,4.5876565,2.571661,0.7506,4.3756895,6.186638,0.593,1.683,4.338,0.542,0
8i5d,0,2.206467,4.8866067,2.5360472,0.74590147,4.338732,6.8178906,0.556,1.886,5.056,0.542,0
8i5d,1,1.9999658,4.2902927,2.52338,0.79660696,4.238613,5.746506,0.596,1.632,4.653,0.559,0
8i5d,3,1.5755358,3.06503,2.5050192,0.80557835,5.3496614,1.5382205,0.71,0.954,5.484,0.712,0
8i5d,2,2.0979345,4.5346003,2.5313818,0.8244218,4.0731444,6.1442633,0.58,1.719,4.474,0.525,0
3mv9,0,1.2038755,1.6878039,1.6082193,0.85717255,1.189794,1.032178,0.751,1.123,4.661,0.843,0
3mv9,1,1.1268178,1.5021746,1.6718196,0.8189978,1.157992,1.0473062,0.803,0.983,2.891,0.814,0
3mv9,3,1.1738926,1.5490934,1.7050679,0.8743359,1.135153,1.200592,0.786,0.977,4.057,0.843,0
3mv9,2,1.5074773,2.189205,1.679979,1.0873955,1.3494478,1.1178986,0.674,1.565,4.632,0.771,0
3mv9,4,1.4498749,2.0561218,1.7080433,1.0661055,1.2492168,1.3461905,0.679,1.434,5.18,0.786,0
8rym,4,1.5554453,2.757879,2.0502608,0.83459216,2.9666662,2.3284612,0.453,1.987,12.763,0.688,0
8rym,3,1.4976002,2.8627155,0.8946296,0.8188682,3.1825016,2.3871622,0.46,1.907,11.504,0.646,0
8rym,2,1.380851,2.4904373,1.7376642,0.72263104,2.5905528,2.212371,0.44,1.881,14.221,0.667,0
8rym,0,1.4134998,2.226005,2.203064,0.895742,2.9441352,2.074048,0.474,1.418,14.04,0.625,0
8rym,1,1.9310067,3.8289444,0.9052435,0.9334698,4.2583833,3.6624484,0.36,2.669,12.446,0.521,1
3qdm,1,1.3950434,2.6940303,0.80413395,0.6084904,1.32041,1.0700607,0.811,0.995,2.728,0.833,0
3qdm,0,1.5785183,2.9906337,0.8714011,0.76999295,1.5481621,0.76842344,0.719,1.318,4.103,0.783,0
3qdm,2,1.4728422,2.833705,0.8970284,0.6508212,1.5126917,0.9322432,0.792,1.131,2.758,0.833,0
3qdm,3,1.4289274,2.7457776,0.70028824,0.6569082,1.3288921,0.9118537,0.837,0.978,1.357,0.833,0
3qdm,4,1.3885014,2.65249,0.81363404,0.64356494,1.5237551,0.81044924,0.738,1.082,5.042,0.817,0
3mv8,3,0.9883052,1.1500466,1.6859863,0.76397705,1.0026867,0.746978,0.875,0.653,3.657,0.941,0
3mv8,2,1.032239,1.3089238,1.6654857,0.75296474,0.9297206,0.74867,0.818,0.885,4.034,0.897,0
3mv8,0,1.2291422,1.4006971,1.8665359,1.0292335,1.1828035,1.0295382,0.751,0.979,5.587,0.853,0
3mv8,1,0.9244448,0.9668073,1.6584264,0.7541931,0.95680606,0.8682234,0.869,0.443,4.386,0.897,0
3mv8,4,0.96068436,1.1675247,1.6342765,0.71133935,1.0646766,0.8000174,0.855,0.692,3.438,0.882,0
9d95,2,1.6414547,2.8568738,1.6681992,0.85971755,2.2823026,4.19293,0.659,1.382,5.829,0.756,2
9d95,3,1.584707,2.564327,2.604782,0.7540559,1.9632034,3.6908748,0.632,1.485,6.269,0.744,0
9d95,1,1.5447143,2.6634185,1.6220484,0.8264149,2.4435487,3.6478922,0.654,1.592,4.953,0.744,1
9d95,0,1.2155873,2.0710452,1.3071779,0.67126447,2.1694596,2.5554159,0.699,1.336,5.096,0.805,1
9d95,4,1.4822656,2.6362555,1.4697435,0.7146054,2.3655193,3.529745,0.638,1.588,6.238,0.793,0
8gon,0,4.822734,8.9092045,2.5037155,2.1941807,6.135305,8.293377,0.036,6.343,40.542,0.014,0
8gon,1,2.6776533,4.652803,2.0118017,1.5061556,2.8505778,6.8761287,0.235,2.888,15.357,0.257,1
8gon,3,2.066348,3.375756,1.9449477,1.3187332,2.5992887,4.1015487,0.578,1.994,4.041,0.557,1
8gon,2,2.005489,3.300141,2.0298805,1.2322474,2.618208,4.7508583,0.58,1.764,4.168,0.514,1
8gon,4,2.4861073,4.0212045,2.1239324,1.6566393,4.298697,4.1037354,0.498,2.504,4.981,0.486,1
3d3v,4,0.7184206,0.98033404,1.0260419,0.5826288,0.5459973,0.51897615,0.894,0.689,1.532,0.887,0
3d3v,0,0.7101619,0.98692286,0.93275505,0.5803895,0.45910072,0.844768,0.92,0.645,1.443,0.943,0
3d3v,1,0.71876633,0.9436234,1.2947652,0.5486547,0.48590228,0.8167827,0.922,0.64,1.273,0.943,0
3d3v,3,0.6956822,0.96886003,1.0058742,0.5526023,0.51880044,0.854295,0.92,0.657,1.261,0.943,0
3d3v,2,0.71503156,1.0280923,0.9345466,0.56801015,0.49981797,0.88141286,0.909,0.657,1.664,0.925,0
5nmg,0,0.8192006,1.0741189,0.93301594,0.71436745,0.61244416,0.64529485,0.846,0.616,5.066,0.944,0
5nmg,1,0.7822169,1.0588696,0.8083668,0.6778555,0.60443413,0.6515067,0.854,0.614,4.762,0.944,0
5nmg,3,0.7761872,1.0987129,0.68925494,0.66306853,0.6702415,0.6094517,0.861,0.572,4.696,0.944,0
5nmg,2,0.7883922,1.0809021,0.77056587,0.6822033,0.7356829,0.54870087,0.83,0.756,4.186,0.889,0
5nmg,4,0.7957785,1.0974934,0.8827113,0.6724667,0.83923185,0.66546947,0.894,0.555,3.238,0.931,0
3vxr,1,1.0120468,1.362382,1.3328333,0.7965682,1.0864649,1.2111182,0.719,1.014,6.237,0.821,0
3vxr,0,1.1192316,1.5947967,1.2741132,0.8655612,1.3304912,1.4504677,0.705,1.082,6.835,0.851,0
3vxr,2,1.0754853,1.4363624,1.2544067,0.88497317,1.1221027,1.285711,0.74,1.076,5.256,0.836,0
3vxr,3,0.96307665,1.4056731,1.107775,0.7202321,1.117696,1.2715589,0.782,0.925,4.432,0.836,0
3vxr,4,1.0557714,1.478337,1.0268084,0.86237025,1.1760432,1.3613684,0.714,1.125,5.607,0.806,0
8enh,2,2.3282382,4.2459526,1.0637451,1.2002707,4.1454916,6.233582,0.523,2.315,3.693,0.432,0
8enh,3,2.3950355,4.3158326,1.3101878,1.2762063,4.2301397,6.4316616,0.535,2.277,3.091,0.42,0
8enh,1,2.369649,4.2910957,1.3572259,1.2305756,4.402444,6.0194,0.447,2.559,4.867,0.333,0
8enh,0,2.3448238,4.2331843,1.3755064,1.2296798,4.331698,6.077774,0.459,2.293,5.651,0.383,0
8enh,4,2.1179419,3.8624127,1.142994,1.074059,3.952127,6.0206876,0.557,2.155,2.818,0.444,0
5men,4,0.86011314,1.0777451,1.054307,0.7335389,0.5411482,0.8991951,0.832,0.915,1.885,0.815,0
5men,1,0.75225085,0.77387685,0.6170931,0.75838554,0.5195301,0.5773959,0.856,0.891,1.303,0.852,0
5men,0,0.9118247,1.0700879,1.1621184,0.8080983,0.55677104,0.5905418,0.832,0.967,1.948,0.84,0
5men,2,0.78173107,0.81466967,0.9769112,0.742444,0.69884694,0.5127312,0.846,0.903,1.901,0.852,0
5men,3,0.80766636,0.9296851,0.73183197,0.7657987,0.9240167,0.59412396,0.849,0.9,1.991,0.864,0
5m01,4,0.75166845,0.61568177,0.31416336,0.80747175,0.63307273,0.728739,0.909,0.386,3.606,0.941,0
5m01,3,0.5864633,0.72887784,0.3271755,0.56568813,0.5893036,1.0477402,0.928,0.413,2.273,0.922,0
5m01,2,0.8777547,0.65917945,0.5355866,0.9461963,0.60631484,0.7989528,0.953,0.367,2.229,0.98,0
5m01,0,0.81956047,0.5727038,0.33379588,0.89738494,0.59230155,0.62644494,0.954,0.365,1.314,0.941,0
5m01,1,0.78811,0.61158276,0.36372396,0.8514325,0.57019705,0.7400048,0.941,0.372,2.828,0.98,0
2jcc,4,1.6959951,3.08031,0.98883164,1.064487,2.3831687,3.3632429,0.559,3.163,3.89,0.667,0
2jcc,0,1.7741957,3.2403686,1.0593331,1.0952787,2.0761368,3.4006765,0.559,2.976,3.753,0.638,0
2jcc,1,1.7392927,3.2602744,0.85509247,1.0162293,2.1477747,3.3593626,0.509,3.689,4.763,0.623,0
2jcc,3,1.7601594,3.1966052,1.0503393,1.1024026,1.8497121,3.4776638,0.545,3.175,4.418,0.667,0
2jcc,2,1.8123026,3.3281376,1.0285457,1.1085039,2.1756265,3.2285976,0.555,3.219,3.579,0.638,0
8qfy,2,0.90231025,1.1462812,0.76482904,0.8498741,1.4088387,0.70195657,0.786,0.498,7.126,0.869,0
8qfy,3,0.77280295,1.0299506,0.90706265,0.68557876,1.2084192,0.76316804,0.789,0.491,6.546,0.836,0
8qfy,1,0.8460138,0.9820631,0.840667,0.8123752,1.0526947,0.68401295,0.794,0.469,6.459,0.836,0
8qfy,0,0.92722183,1.2309462,0.6727963,0.865706,1.6120799,0.73627746,0.791,0.488,6.699,0.852,0
8qfy,4,0.909441,1.0671036,0.9941573,0.8606079,1.3633121,0.74169135,0.787,0.471,6.486,0.82,0
7na5,2,2.5262008,4.9951034,1.4665576,1.3744421,3.3499632,4.320638,0.282,3.643,13.195,0.408,0
7na5,3,2.7056696,5.364143,1.6103472,1.4531685,3.8876212,3.8494265,0.271,4.031,12.854,0.388,0
7na5,1,3.0185034,5.863589,1.878423,1.7254915,4.7513685,3.586653,0.279,4.494,12.736,0.429,0
7na5,0,2.628687,5.219424,1.5764705,1.4024193,4.1538982,3.7957318,0.267,3.878,12.274,0.347,0
7na5,4,3.567196,6.865335,2.3577998,2.079014,5.991368,3.9334404,0.262,5.236,14.293,0.449,0
5swz,4,8.099979,17.224243,4.0036635,3.8229957,14.101088,11.840114,0.036,16.153,35.071,0.045,1
5swz,2,8.064531,17.10561,4.0555973,3.845842,12.858787,9.119959,0.035,16.302,36.409,0.045,1
5swz,3,8.083635,17.221706,4.0824065,3.7705936,12.73459,9.334127,0.036,16.181,35.314,0.045,0
5swz,1,7.893137,16.73783,3.9157212,3.7743065,13.849529,10.726932,0.036,16.154,35.882,0.045,1
5swz,0,8.0034485,17.163383,3.8458042,3.6276138,14.019394,9.621032,0.027,16.316,34.886,0.015,0
2esv,2,0.82779545,1.1421826,0.6686144,0.7236102,1.1965072,1.272899,0.846,0.632,2.84,0.79,0
2esv,3,0.7925741,0.99084884,0.65413797,0.7363423,0.9797498,1.2522359,0.845,0.528,4.178,0.839,0
2esv,1,0.7681739,0.9814994,0.6473512,0.7038309,0.8966742,1.2264109,0.879,0.504,2.584,0.823,0
2esv,0,0.8315279,0.99844843,0.6522573,0.79139197,1.1852134,1.2127742,0.86,0.586,2.736,0.806,0
2esv,4,0.9650727,1.3525963,0.74701184,0.8364844,1.2322153,1.6014074,0.831,0.699,3.595,0.823,0
8eo8,4,0.87082034,1.1367903,0.3197067,0.80048364,1.6506351,0.7124773,0.686,1.491,5.339,0.838,0
8eo8,3,0.776552,1.1064259,0.33048916,0.6625721,1.3548087,0.7636119,0.733,1.639,3.355,0.878,0
8eo8,2,0.89957696,1.1925846,0.3838786,0.8154913,1.9226749,0.80397046,0.769,1.382,1.858,0.811,0
8eo8,0,0.9054427,1.2150545,0.65173256,0.79599166,1.8350774,0.8358974,0.748,1.25,4.39,0.865,0
8eo8,1,0.8905482,1.1730429,0.7362667,0.78588504,1.5485861,0.9441909,0.751,1.273,3.985,0.851,0
5nme,2,0.78729194,0.92501104,0.9773996,0.7196139,0.955513,0.75764996,0.854,0.643,4.108,0.907,0
5nme,3,0.76306075,0.91571355,0.91865635,0.69435304,0.84298176,0.7149104,0.824,0.665,4.301,0.84,0
5nme,1,0.7766388,0.8719056,0.994674,0.71995276,0.8830696,0.73188406,0.837,0.648,4.588,0.893,0
5nme,0,0.74213517,0.7993113,1.0463104,0.6849441,0.8711024,0.6879281,0.883,0.48,3.224,0.867,0
5nme,4,0.7954323,1.0060972,0.96044254,0.70326287,0.90698326,0.7798547,0.856,0.648,3.816,0.893,0
7jwj,4,1.8441219,3.6317942,1.6018909,0.9587401,7.452445,3.204602,0.458,2.983,8.282,0.66,1
7jwj,1,1.7551196,3.4197054,1.5688995,0.9407196,6.88344,3.046012,0.448,2.635,8.094,0.574,0
7jwj,0,1.6771687,3.2538886,1.4219912,0.92465454,7.1394305,2.935635,0.506,2.589,6.848,0.66,0
7jwj,2,1.5091155,2.8423858,1.4076103,0.88676465,6.31851,2.62493,0.568,2.053,5.894,0.681,1
7jwj,3,1.8587373,3.664133,1.3587269,1.0023705,7.452678,3.3235133,0.454,2.907,7.922,0.617,1
3o4l,0,1.1566384,2.0728178,0.78530663,0.68890613,0.9155484,2.9787304,0.774,1.12,2.545,0.763,0
3o4l,1,1.2236058,2.1770303,0.8057202,0.7460897,1.0019146,3.0535936,0.722,1.214,3.557,0.711,0
3o4l,3,1.1685959,2.1022334,0.789671,0.6888184,0.89323395,2.9459553,0.764,1.147,2.849,0.763,0
3o4l,2,1.1886961,2.1140268,0.81709915,0.72209704,0.78625494,2.9928877,0.771,1.18,2.04,0.75,0
3o4l,4,1.1815885,2.115314,0.7966098,0.7064522,0.7647963,3.0240798,0.761,1.17,2.435,0.737,0
8ryn,4,2.8004045,5.307831,1.9838836,1.5555272,5.313779,6.400697,0.274,3.335,9.686,0.22,0
8ryn,2,3.376085,5.5868,2.8700633,2.4572675,6.1045933,4.2373657,0.239,3.711,9.653,0.14,1
8ryn,3,2.9812021,5.4425673,2.3015785,1.8198402,5.5648184,6.142712,0.229,3.568,12.446,0.22,1
8ryn,1,2.1791341,3.9537199,1.6648197,1.3537455,4.9732804,3.7610004,0.362,2.64,9.536,0.4,0
8ryn,0,1.6129005,2.9351823,1.4697587,0.9563856,3.4024143,2.7151926,0.375,1.812,12.428,0.4,0
8yj2,1,1.0829887,1.6514355,1.0532191,0.79320455,0.9214355,1.5149288,0.654,0.793,5.06,0.442,0
8yj2,0,1.0105344,1.4832548,0.90119195,0.7921232,0.94058657,1.5248226,0.672,0.769,4.481,0.442,0
8yj2,2,0.9671594,1.4813116,0.77722275,0.72627133,0.79747176,1.493129,0.703,0.7,3.818,0.455,0
8yj2,3,1.0794947,1.6196773,0.89809835,0.8306324,1.0550804,1.5919983,0.648,0.842,5.01,0.442,0
8yj2,4,1.1518818,1.8032643,0.9408606,0.8339985,1.0355856,1.5252563,0.644,0.868,5.373,0.468,0
9c3e,4,1.4727821,1.7497228,1.0562705,1.3852878,1.8051938,1.4278817,0.597,1.196,5.365,0.466,0
9c3e,1,1.4778441,1.7272174,1.0245733,1.4090922,1.8442012,1.3740509,0.572,1.212,5.848,0.431,0
9c3e,0,1.4887058,1.7885286,1.08222,1.387662,1.9294424,1.408744,0.566,1.218,6.74,0.483,0
9c3e,2,1.5189558,1.8316394,1.0970814,1.41277,2.0077252,1.3661282,0.518,1.301,7.911,0.448,0
9c3e,3,1.4589177,1.7620145,1.0520579,1.355525,1.893646,1.41368,0.628,1.168,4.773,0.5,0
8ryo,4,10.193608,20.637098,4.51795,3.9872568,18.589903,9.268082,0.043,16.009,39.238,0.074,0
8ryo,1,1.3695241,2.6694434,1.0186685,0.61821246,3.6256852,1.671079,0.622,1.189,7.148,0.667,2
8ryo,0,1.3222994,2.4968631,1.1818506,0.6572624,2.1570368,2.8271089,0.519,1.323,11.234,0.63,0
8ryo,2,2.2117777,4.359118,1.0320616,1.0265225,4.780478,2.205307,0.527,2.223,5.411,0.556,0
8ryo,3,1.8815057,3.6755009,1.0328431,0.895861,3.9627633,2.826987,0.441,2.076,9.904,0.556,1
8gom,1,10.096332,19.769571,2.4634573,1.5567815,12.238497,13.318283,0.028,15.567,43.383,0.037,0
8gom,0,2.0567002,3.2168393,3.3085885,1.0714402,3.000882,4.735933,0.515,1.765,5.795,0.444,0
8gom,2,2.0194995,3.348733,2.3234935,1.099786,2.792086,5.2837477,0.517,1.758,5.929,0.457,0
8gom,3,1.8745052,2.9771574,2.3406475,1.1199561,2.7578344,3.9153812,0.501,1.73,6.54,0.444,0
8gom,4,9.911806,19.425896,2.4112623,1.4416316,11.70498,12.730671,0.032,15.352,43.899,0.049,0
2gj6,3,0.74957126,1.215742,0.39755636,0.53245014,0.732307,0.8579287,0.881,0.642,2.57,0.881,0
2gj6,2,0.6992419,1.1136158,0.41695383,0.5088761,0.549826,0.99001956,0.914,0.57,0.996,0.881,0
2gj6,0,0.81256974,1.1895574,0.7181884,0.64058566,0.52383476,0.99754244,0.909,0.604,1.063,0.881,0
2gj6,1,0.7024801,1.1286533,0.5657926,0.48755124,0.70446837,0.8524495,0.903,0.579,1.383,0.864,0
2gj6,4,0.71260387,1.1376439,0.5307283,0.50564754,0.54340076,1.017793,0.905,0.612,1.315,0.881,0
5jzi,1,0.9212426,1.1035568,0.8371694,0.8459964,0.8805061,1.6560796,0.788,1.272,3.546,0.93,0
5jzi,0,0.93432754,1.1718395,0.8264234,0.8317308,0.88487095,1.9037783,0.848,0.806,3.721,0.93,0
5jzi,2,0.9464912,1.2214732,0.860302,0.8204477,0.89566636,2.0989187,0.829,0.943,3.697,0.93,0
5jzi,3,0.9583929,1.2136458,0.87250483,0.84414905,0.9190078,2.0067399,0.846,0.868,3.447,0.93,0
5jzi,4,0.93142176,1.0920724,1.0161673,0.849785,0.8801678,1.5463313,0.816,0.954,3.967,0.915,0
2ak4,4,0.8373342,1.357843,0.4862522,0.5205552,0.8710946,1.7465757,0.857,0.701,3.447,0.892,0
2ak4,2,0.9108417,1.5336823,0.6023655,0.48474523,0.87642986,1.6929257,0.871,0.763,1.808,0.862,0
2ak4,3,0.83290005,1.3463432,0.43355504,0.5288032,0.8177526,1.8193539,0.845,0.836,3.148,0.892,0
2ak4,1,0.88142383,1.4444225,0.6470367,0.5093105,0.7419436,1.8956561,0.847,0.79,2.622,0.846,0
2ak4,0,0.87264043,1.4925944,0.39293167,0.45934162,0.6878136,1.9362297,0.856,0.897,2.183,0.892,0
2j8u,4,1.8950595,3.646949,0.89207536,1.038429,3.8455362,3.1641924,0.556,2.213,5.411,0.641,0
2j8u,0,1.861337,3.6260626,0.83117336,0.97802746,3.4612784,3.6956756,0.47,2.373,7.722,0.578,0
2j8u,1,1.7119617,3.326233,0.7133762,0.91376466,3.1077392,3.2133904,0.53,2.351,6.099,0.641,0
2j8u,3,1.9369937,3.8562312,0.7041602,0.93832636,4.373065,3.1421223,0.489,2.387,6.622,0.562,0
2j8u,2,1.9655167,3.8085396,0.8563587,1.0566252,3.7008033,3.3069015,0.452,2.783,7.869,0.594,0
5til,2,0.9534023,1.3977649,1.7437327,0.6635297,0.89635223,1.9907514,0.747,0.84,5.319,0.762,0
5til,3,0.85787696,1.3725814,0.9171963,0.6665738,0.89690465,1.9090306,0.706,0.857,6.891,0.762,0
5til,1,0.8222386,1.3171924,0.9017375,0.63489527,0.8882902,1.8084632,0.802,0.83,3.832,0.81,0
5til,0,0.75300366,1.3104143,0.71676517,0.53915757,0.57841116,1.9423983,0.797,0.76,3.589,0.746,0
5til,4,0.7574365,1.3430545,0.71553344,0.5278852,0.60502297,1.9803514,0.798,0.771,4.119,0.794,0
5m00,4,0.97375613,1.0658863,1.6462301,0.8627594,0.65452796,1.6275396,0.912,0.605,2.882,0.978,0
5m00,0,1.0372574,1.1069058,1.6099141,0.9504864,0.60134935,1.712419,0.895,0.619,3.241,0.957,0
5m00,1,1.0030701,1.0802821,1.6671668,0.89869434,0.6137741,1.6606265,0.892,0.619,3.654,0.978,0
5m00,3,1.0099463,1.0922424,1.5363197,0.9261915,0.6394897,1.6963758,0.901,0.614,3.627,1.0,0
5m00,2,0.9615512,1.199588,0.5420511,0.9275303,0.5671581,1.9121226,0.915,0.604,2.729,0.978,0
6amu,2,1.2559032,1.3560963,3.046451,0.7692781,1.0481052,1.1150662,0.762,1.009,5.363,0.883,0
6amu,3,1.2809925,1.3993758,3.0098894,0.8190591,0.998216,1.1251345,0.769,1.009,4.867,0.867,0
6amu,1,1.2556949,1.3839619,3.0232463,0.7634761,0.8831102,1.1163529,0.764,0.984,5.21,0.867,0
6amu,0,1.2833786,1.4280051,3.0322032,0.798622,0.91827255,1.1846894,0.755,0.994,5.287,0.85,0
6amu,4,1.296857,1.4661998,3.0007367,0.82123333,1.0545958,1.3197994,0.757,1.017,5.327,0.867,0
6vmx,3,0.88841695,0.94146496,0.6980252,0.8920142,1.1293764,0.7092965,0.762,1.471,1.502,0.807,0
6vmx,2,0.8390231,0.90001476,0.63672286,0.84092045,0.99518657,0.67387366,0.789,1.419,1.699,0.877,0
6vmx,0,0.86601907,1.0220696,0.64051706,0.836427,1.0617143,1.0163089,0.868,0.747,2.103,0.86,0
6vmx,1,0.8930744,1.0341654,0.79920125,0.85578823,0.9992918,1.2030388,0.848,0.877,1.355,0.825,0
6vmx,4,0.83023226,0.92304206,0.6498898,0.819181,1.0820745,0.6851543,0.868,0.838,2.026,0.895,0
6vm9,4,1.7711916,3.2042305,1.1149719,1.0782068,1.6222148,3.3243008,0.481,2.186,8.913,0.646,0
6vm9,2,1.7750137,3.189556,1.0637904,1.1054579,1.7836821,2.8367605,0.471,2.464,10.002,0.723,0
6vm9,3,1.8765124,3.4330714,1.5431603,1.0587918,1.5011494,2.6453116,0.437,2.785,10.905,0.708,0
6vm9,1,1.8082136,3.2577603,1.4548063,1.0732007,1.4103574,2.7784219,0.505,2.359,8.158,0.708,0
6vm9,0,1.8587004,3.435512,0.9932575,1.0813556,1.4012623,2.9283755,0.467,2.523,10.085,0.723,0
8v50,4,1.2712134,2.1872349,1.195189,0.8892174,2.302624,2.160988,0.711,1.084,4.405,0.688,0
8v50,1,1.3828863,2.3818448,1.1676818,0.9826611,2.677403,2.4032013,0.679,1.216,4.564,0.656,0
8v50,0,1.3097419,2.2722797,1.036243,0.9281376,2.571565,2.7386327,0.767,0.946,2.028,0.641,0
8v50,2,1.2965529,2.1577747,1.0819321,0.9694516,2.0896528,2.0908928,0.711,1.064,3.687,0.625,0
8v50,3,1.4781845,2.7635293,1.1854379,0.9005039,2.5966697,2.3053355,0.713,1.134,3.611,0.656,0
6mtm,4,1.4222527,2.378739,1.591686,0.99642634,4.1645684,1.4252448,0.751,1.066,3.093,0.707,0
6mtm,1,1.2626635,1.7130433,1.869907,1.0130647,2.5881803,1.5745068,0.743,1.166,1.935,0.655,0
6mtm,0,1.3883462,2.3243487,1.303203,1.0108707,4.0596533,1.436494,0.76,1.13,1.885,0.69,0
6mtm,2,1.3976166,2.4215765,1.1846328,0.982985,4.232305,1.4389389,0.746,1.131,2.916,0.707,0
6mtm,3,1.257224,1.6413001,1.9786432,1.0128622,2.4906425,1.5281335,0.74,1.107,2.832,0.672,0
1qsf,3,0.5788261,0.7453738,0.6957751,0.49863875,0.6461129,1.4052129,0.95,0.445,1.156,0.949,0
1qsf,2,0.5732918,0.7507117,0.7994971,0.4703634,0.5864289,1.4023049,0.94,0.456,1.47,0.932,0
1qsf,0,0.5924343,0.82742083,0.72187907,0.47527656,0.69698966,1.5629951,0.952,0.468,1.22,0.966,0
1qsf,1,0.6237276,0.8123878,0.7856701,0.527558,0.5774646,1.5846635,0.933,0.47,1.794,0.932,0
1qsf,4,0.6462559,0.82108545,0.7835646,0.56108856,0.56830025,1.4878998,0.92,0.488,2.144,0.915,0
7n6e,0,9.061794,18.3187,1.8886447,1.5085385,12.617963,12.413968,0.047,17.17,39.583,0.088,0
7n6e,1,2.1376693,3.776545,1.3201311,1.2224511,3.138099,3.9537277,0.464,2.838,6.506,0.544,1
7n6e,3,2.4539661,4.22999,1.569365,1.5058779,3.8781612,4.027028,0.382,3.177,7.441,0.397,0
7n6e,2,9.013859,18.20547,1.9197904,1.5628575,12.2918625,12.347816,0.052,17.634,38.856,0.103,0
7n6e,4,2.6394691,4.542426,1.666928,1.6296641,4.5611033,4.024363,0.381,3.299,7.744,0.426,1
7nme,4,1.9312744,2.8910942,1.4992546,1.382667,2.5706835,2.8941221,0.512,2.101,6.763,0.587,0
7nme,1,1.8517684,2.844892,1.3264658,1.2718825,2.389058,2.7690744,0.475,2.137,8.839,0.613,0
7nme,0,1.6653631,2.5092301,1.3730994,1.1668125,2.124458,2.5434728,0.578,1.746,5.777,0.627,0
7nme,2,1.8696119,2.8248699,1.4545681,1.3143041,2.3912663,2.7401648,0.517,2.102,7.543,0.653,0
7nme,3,1.7550558,2.55493,1.4569869,1.3072318,2.349809,2.5961487,0.579,1.814,5.506,0.627,0
6bj2,0,9.759216,18.817133,3.0839453,2.9613156,23.503464,9.609857,0.035,16.152,39.866,0.054,0
6bj2,1,9.303853,18.10237,2.62664,2.4459305,21.914597,10.114299,0.045,15.611,39.092,0.081,0
6bj2,3,9.610251,18.641907,2.7942722,2.6677268,22.623821,9.919514,0.03,16.156,40.603,0.041,0
6bj2,2,9.628054,18.54775,4.254063,2.794275,22.602476,10.332593,0.022,16.004,39.64,0.014,0
6bj2,4,9.431407,18.208662,3.73177,2.7071474,21.94343,10.640887,0.028,15.666,37.584,0.027,0
4mnq,3,1.4385506,2.1407666,0.7750428,1.1225852,1.836723,1.514794,0.497,2.113,8.473,0.655,0
4mnq,2,1.3734976,2.063594,0.71981114,1.0586563,1.8343873,1.4569886,0.498,2.019,9.183,0.678,0
4mnq,0,1.452113,2.1773999,0.97053593,1.1033218,1.7988445,1.5631146,0.471,2.062,9.941,0.644,0
4mnq,1,1.3956038,2.1054225,0.7176707,1.0701935,1.7349969,1.489856,0.498,2.002,8.668,0.644,0
4mnq,4,1.3877618,2.0360286,0.94958633,1.0858845,1.6830662,1.455581,0.514,1.923,8.339,0.655,0
3vxu,4,1.5897307,2.360844,1.1507959,1.1757182,3.2050219,1.89008,0.726,1.191,2.42,0.639,0
3vxu,2,1.5836812,2.3259647,1.0813354,1.201372,3.1985297,1.828014,0.721,1.215,2.518,0.639,0
3vxu,3,1.5845596,2.3259962,1.1776563,1.1909213,3.2395597,1.886265,0.708,1.169,3.408,0.639,0
3vxu,1,1.5984484,2.3362484,1.1182483,1.2187173,3.1660519,1.9048663,0.711,1.165,3.132,0.629,0
3vxu,0,1.5466188,2.2778926,1.067395,1.1665618,3.1552205,1.7596254,0.719,1.184,2.662,0.629,0
4jry,4,4.9010687,12.065465,2.58283,2.1667209,15.428408,9.220929,0.063,9.782,30.129,0.091,0
4jry,1,4.819079,11.821236,2.6822839,2.1482403,14.397434,8.967182,0.07,9.672,28.368,0.104,0
4jry,0,4.8835244,12.02304,2.6060588,2.1527808,14.8717785,9.2884655,0.062,9.756,30.526,0.091,0
4jry,2,4.782022,11.74866,2.5553765,2.1317453,13.059878,8.967434,0.072,9.611,30.036,0.117,0
4jry,3,4.6795616,11.590635,2.4759037,1.9954774,15.897028,8.660297,0.073,9.427,29.31,0.117,0
3qdj,4,0.7326184,1.0290185,0.7453045,0.59282273,0.9473558,1.1542336,0.869,0.651,2.279,0.833,0
3qdj,2,0.7601794,0.9950154,0.95447195,0.63491637,0.96445787,1.1376277,0.871,0.635,2.303,0.833,0
3qdj,3,0.764352,1.1211534,0.9521309,0.56464183,0.96023214,0.9025122,0.902,0.647,1.077,0.879,0
3qdj,1,0.71571636,0.8981034,0.96055585,0.6099351,0.9337378,1.157125,0.888,0.635,1.876,0.864,0
3qdj,0,0.70695066,0.9272423,0.97179294,0.57741016,1.0544702,1.1595764,0.896,0.632,1.361,0.864,0
4jrx,4,0.91882414,1.2976252,0.5729186,0.7507861,0.7196484,1.7182069,0.763,0.761,6.553,0.866,0
4jrx,2,0.91132194,1.2481729,0.62815225,0.7654184,0.49129018,1.5552864,0.77,0.772,6.372,0.881,0
4jrx,3,0.9014264,1.24074,0.55337334,0.7603074,0.4601904,1.4860195,0.808,0.742,5.225,0.896,0
4jrx,1,0.8980431,1.2093407,0.5728304,0.7731995,0.46182176,1.5304724,0.795,0.725,5.234,0.851,1
4jrx,0,0.882299,1.2193093,0.616967,0.7324655,0.4451497,1.5029541,0.761,0.705,6.751,0.851,0
8i5c,3,1.2310342,2.1367884,2.3670835,0.7341894,1.1480612,2.8808558,0.749,1.083,3.225,0.714,0
8i5c,2,1.2563636,2.199158,2.4042335,0.74090725,1.1796666,2.9267383,0.739,1.149,3.706,0.746,0
8i5c,0,1.3176883,2.1947901,2.3152285,0.889462,1.2768781,3.0248182,0.768,1.16,1.986,0.73,0
8i5c,1,1.3806655,2.4375513,2.4195995,0.85620975,1.4182491,2.9714987,0.66,1.367,5.099,0.698,0
8i5c,4,1.2778934,2.1463084,2.3588333,0.82797366,1.1350031,2.9192736,0.801,1.083,1.577,0.778,0
7q99,4,0.88013005,1.4808509,1.1197499,0.500975,1.1022276,1.5867617,0.683,0.993,6.748,0.74,0
7q99,0,1.0500567,1.7647699,1.1161104,0.64562124,1.298809,2.0186179,0.674,1.148,5.108,0.658,0
7q99,1,0.87040627,1.390467,1.0920086,0.5652391,1.1220859,1.403767,0.703,1.036,6.389,0.795,0
7q99,3,0.83791447,1.4069126,1.1491513,0.45897418,1.0791113,1.5909677,0.787,0.823,3.739,0.753,0
7q99,2,1.0386661,1.8068283,1.1169252,0.57646567,1.2030541,1.8715016,0.577,1.353,7.688,0.63,0
6bj3,3,0.98766357,1.3328558,0.61922854,0.8746786,0.8277789,0.9349126,0.794,1.07,3.217,0.844,0
6bj3,2,0.9550075,1.2150682,0.46855244,0.89044315,0.62678856,0.89649093,0.823,0.987,2.404,0.844,0
6bj3,0,1.0220174,1.3592267,0.7811626,0.9037541,0.8062016,0.9887967,0.799,1.077,2.96,0.844,1
6bj3,1,0.9098651,1.1515522,0.68523073,0.83422554,0.52203226,1.0183175,0.816,0.998,3.141,0.875,0
6bj3,4,0.89047366,1.0811259,0.6884308,0.8357959,0.7604581,0.67267114,0.849,0.988,1.742,0.891,0
5wlg,4,2.370284,4.353195,1.0710722,1.2730781,4.370482,5.8761983,0.447,2.427,8.735,0.578,1
5wlg,3,1.7401959,3.0317788,0.88426566,1.094599,4.5624466,1.9681346,0.576,1.857,6.302,0.688,0
5wlg,2,1.6747702,2.943662,0.950787,1.0204188,4.979459,1.962638,0.562,1.688,7.583,0.688,0
5wlg,0,1.9297708,3.35178,1.1652439,1.2069999,4.7153873,2.1638255,0.541,2.085,6.795,0.672,1
5wlg,1,1.3711576,2.2542655,0.8034112,0.9675504,2.6641045,1.3878449,0.623,1.542,5.633,0.688,0
8en8,4,2.4175835,4.437016,1.371699,1.174734,4.03772,6.2763968,0.378,2.594,8.257,0.37,0
8en8,1,2.2199864,4.0920463,1.2181416,1.0599275,4.1652017,6.0529394,0.451,2.328,7.442,0.493,0
8en8,0,2.3053691,4.247071,1.3252101,1.0965165,4.23052,6.2581797,0.445,2.414,7.295,0.479,0
8en8,2,2.3949509,4.4240294,1.3129233,1.1306345,4.218344,6.668747,0.391,2.499,7.867,0.37,0
8en8,3,2.3809164,4.4148107,1.1798046,1.1153377,4.199622,6.596111,0.431,2.485,7.116,0.438,0
6dkp,3,0.82881707,1.3964933,0.5722959,0.51201963,1.0455582,1.008955,0.862,0.746,2.459,0.863,0
6dkp,2,0.89671326,1.3305734,0.52025855,0.7104593,1.0620931,0.8860338,0.918,0.606,1.299,0.918,0
6dkp,0,0.8217844,1.4284658,0.648195,0.45065674,1.112837,1.0066888,0.853,0.723,3.079,0.863,0
6dkp,1,0.92772096,1.6483045,0.57793057,0.48616248,1.1117135,1.1324061,0.858,0.824,1.787,0.849,0
6dkp,4,0.89902264,1.5839603,0.5806882,0.48488104,1.1843097,1.1179068,0.817,0.846,3.461,0.836,0
6q3s,2,0.9363573,0.8592006,1.0534769,0.95061636,0.8041539,0.9591079,0.864,0.635,2.82,0.842,0
6q3s,3,0.8770262,0.73078144,1.2201988,0.8819261,0.7363051,0.7325643,0.892,0.556,2.352,0.868,0
6q3s,1,0.8392147,0.75611544,1.0825808,0.83789235,0.79541487,0.65583533,0.888,0.575,2.673,0.882,0
6q3s,0,0.9468074,0.8368118,1.0864941,0.96943516,0.8128044,0.7969942,0.861,0.64,2.898,0.842,0
6q3s,4,0.9084278,0.79938716,1.068205,0.92796314,0.8832604,0.67996925,0.861,0.609,3.47,0.868,0
8v51,4,1.3503933,2.3804553,1.006833,0.93290967,2.3734827,2.4594316,0.758,1.041,2.484,0.677,0
8v51,2,1.230837,2.1712892,0.9420454,0.84646875,2.0617127,1.9785187,0.799,0.954,1.694,0.723,0
8v51,3,1.23288,2.1075127,1.0864191,0.8756937,2.606743,1.6446928,0.781,1.001,2.092,0.708,0
8v51,1,1.2433687,2.142537,1.0698994,0.87522256,2.495473,2.0897048,0.781,1.007,1.735,0.692,0
8v51,0,1.2020698,2.0048707,1.1011261,0.8800002,2.2207239,1.8760853,0.778,0.96,1.974,0.677,0
6vm8,4,0.8318513,1.3344517,0.61460656,0.57192504,1.5467825,0.58817065,0.747,0.451,5.49,0.619,0
6vm8,1,0.79805154,1.2570795,0.6811739,0.55698776,1.334034,0.87759024,0.723,0.619,5.43,0.603,0
6vm8,0,0.767982,1.1724327,0.60031646,0.57192445,1.3922107,0.8486726,0.751,0.514,5.06,0.619,0
6vm8,2,0.8327962,1.3613393,0.68528295,0.54147583,1.5477824,0.98213893,0.698,0.518,6.311,0.556,0
6vm8,3,0.7875455,1.1531869,0.72037876,0.6094869,1.3615524,0.88016915,0.742,0.457,5.252,0.587,0
5tje,4,0.6462671,0.7477303,0.74161935,0.6091237,0.6366396,0.81487,0.88,0.518,3.563,0.897,0
5tje,0,0.79435086,0.86374116,0.98337585,0.7552955,0.8563923,0.5737347,0.866,0.558,4.184,0.914,0
5tje,1,0.7943119,1.014513,0.91753626,0.71806455,0.65814215,1.3502145,0.873,0.543,3.979,0.914,0
5tje,3,0.67430323,0.7918018,0.9185426,0.61266154,0.60842633,0.6259964,0.84,0.617,5.135,0.931,0
5tje,2,0.6341004,0.6928808,0.72964495,0.6088503,0.6474823,0.60011923,0.874,0.553,4.114,0.931,0
6am5,4,0.6602173,1.0527283,0.520218,0.47512308,0.9396745,1.1628237,0.885,0.546,1.455,0.8,0
6am5,0,0.6939184,1.1125091,0.8942714,0.44099927,0.9979124,1.1718577,0.856,0.608,2.452,0.786,0
6am5,1,0.6540162,1.0746706,0.6329516,0.4303515,0.9466682,1.2611774,0.855,0.649,1.936,0.771,0
6am5,3,0.6780708,1.1068047,0.62583923,0.4566542,0.9804296,1.0732912,0.871,0.613,2.369,0.829,0
6am5,2,0.6750011,1.112981,0.598695,0.44864294,1.0149169,1.2252048,0.88,0.576,1.867,0.814,0
3w0w,4,0.9874029,1.5316545,0.98369557,0.69340086,0.9762153,0.54032606,0.808,0.969,4.439,0.932,0
3w0w,3,0.99173194,1.5248402,0.9692939,0.71036947,0.9572129,0.5307846,0.823,0.963,3.849,0.932,0
3w0w,2,0.98046935,1.5110492,0.95557463,0.700029,0.954719,0.51355803,0.84,0.968,3.315,0.946,0
3w0w,0,0.96169096,1.5059421,0.97888374,0.6600426,0.92969817,0.5117391,0.853,0.953,2.375,0.919,1
3w0w,1,0.9655592,1.5475925,0.9581448,0.6370993,1.0308146,0.51557255,0.828,0.993,3.488,0.932,0
5c08,4,0.7857485,0.9178824,0.6571835,0.75427586,0.46376333,0.9711877,0.867,0.752,2.448,0.878,0
5c08,1,0.82513636,0.95748085,0.657504,0.7975484,0.34702265,1.0056208,0.854,0.712,2.986,0.857,0
5c08,0,0.85114956,1.1563778,0.747013,0.74484706,0.5672606,1.3089433,0.809,0.918,3.701,0.857,0
5c08,2,0.83935267,1.0401562,0.76596224,0.77570695,0.49403253,1.1945015,0.834,0.825,3.179,0.857,0
5c08,3,0.8498621,1.1581291,0.7472029,0.7418987,0.513357,1.3766221,0.795,0.928,3.627,0.816,0
1qse,2,0.59657365,0.67329055,0.8580705,0.52274907,0.6691165,0.8949313,0.954,0.372,1.212,0.939,0
1qse,3,0.6514828,0.68529934,0.9638327,0.5895569,0.5562929,0.9529337,0.947,0.417,0.936,0.924,0
1qse,1,0.601282,0.7297173,0.94596285,0.4819647,0.65767276,0.9953139,0.942,0.358,1.803,0.924,0
1qse,0,0.635847,0.6999797,0.83820546,0.57955676,0.5740196,0.98573893,0.956,0.4,1.19,0.955,0
1qse,4,0.6241716,0.7204678,0.74040025,0.56611973,0.59265924,1.1543714,0.943,0.492,1.471,0.955,0
4l3e,4,0.8314134,1.2378376,0.8003321,0.6179945,1.1425405,1.0921907,0.886,0.704,1.067,0.855,0
4l3e,0,0.8734083,1.3397452,0.605898,0.645023,1.1105297,1.0734993,0.902,0.655,1.025,0.882,0
4l3e,1,0.79624456,1.2209387,0.61386395,0.58235,1.1627684,1.0104306,0.894,0.657,1.404,0.868,0
4l3e,3,0.7581947,1.1981918,0.6068805,0.52293724,1.113269,1.0541494,0.901,0.661,1.046,0.882,0
4l3e,2,0.8812056,1.3726852,0.63479316,0.6318805,1.1340665,1.100841,0.847,0.684,3.076,0.829,0
7nmf,4,2.0317042,3.283051,1.2306013,1.296497,2.2548976,2.9318888,0.407,2.43,9.919,0.521,0
7nmf,0,1.9535624,3.0868428,1.1591766,1.3195083,2.1506782,2.8288045,0.422,2.288,9.501,0.521,0
7nmf,1,2.1351864,3.49401,1.5626506,1.2814248,2.323422,3.1506724,0.367,2.724,10.35,0.465,0
7nmf,3,1.9837991,3.2482545,1.2061079,1.2196865,2.3208635,2.9286122,0.425,2.524,9.369,0.563,0
7nmf,2,1.9913539,3.2365015,1.1256626,1.2596545,2.1481023,2.854605,0.391,2.449,10.227,0.493,1
3hg1,0,0.88467586,1.5242966,0.5738893,0.5941019,1.8472643,1.4039704,0.783,1.031,3.426,0.811,0
3hg1,1,0.85257107,1.4564056,0.5659551,0.5811219,1.8808622,1.4419827,0.798,1.009,3.122,0.824,0
3hg1,3,0.8555792,1.3890747,0.71917975,0.61994517,1.4619263,1.4552923,0.838,0.917,2.496,0.865,0
3hg1,2,0.8055424,1.307572,0.5930085,0.5929376,1.8225744,1.4709352,0.8,0.957,2.972,0.797,0
3hg1,4,0.8496211,1.4612848,0.56154376,0.57161236,1.7460779,1.5661172,0.788,1.063,2.812,0.797,0
1lp9,2,1.893316,3.6411676,0.9903064,1.0308734,3.1438084,3.2511182,0.514,2.436,5.507,0.564,0
1lp9,3,1.9574655,3.6676595,1.1189941,1.1500118,3.0250769,3.4142256,0.509,2.427,5.591,0.551,0
1lp9,1,1.9745567,3.8207524,0.9900945,1.0553614,3.7418265,3.177166,0.473,2.49,6.754,0.538,0
1lp9,0,1.9161209,3.7076695,0.9595531,1.0242692,3.5055637,3.324827,0.48,2.565,6.444,0.551,0
1lp9,4,1.7223998,3.341406,0.8683273,0.91101056,2.4994621,3.1563058,0.509,2.169,6.368,0.564,0
4mvb,2,2.0522177,3.37704,1.5511985,1.4653356,3.0595315,1.601732,0.561,2.215,5.702,0.679,0
4mvb,3,1.9354085,3.1479368,1.6202999,1.390884,2.7341578,1.6484733,0.587,2.074,5.289,0.698,0
4mvb,1,1.5688978,2.5286539,1.4667839,1.1250509,2.7904801,1.1423262,0.658,1.606,4.129,0.698,0
4mvb,0,2.0174866,3.3898373,1.6364969,1.3761868,2.8611717,1.5295564,0.575,2.196,5.463,0.698,0
4mvb,4,2.0273852,3.3739429,1.5999588,1.4126575,3.029034,1.5457232,0.563,2.223,5.613,0.679,0
5yxn,4,0.57773685,0.79867655,0.78478384,0.43040642,0.3834789,1.1082476,0.893,0.445,2.405,0.833,0
5yxn,0,0.6696369,0.91212237,0.7864174,0.5288246,0.46185654,1.1584193,0.854,0.551,3.786,0.846,0
5yxn,1,0.63094455,0.80847055,0.77740836,0.5257008,0.41431668,1.1060336,0.848,0.512,3.687,0.808,0
5yxn,3,0.63790935,0.8485397,0.6385992,0.53194475,0.41691205,1.3450159,0.89,0.517,2.782,0.872,0
5yxn,2,0.6133979,0.83103704,0.6989441,0.49056208,0.36619604,1.0479869,0.912,0.514,1.186,0.859,0
1bd2,3,1.0793319,1.761165,0.87092423,0.72429276,0.93517876,1.9498764,0.756,1.113,2.504,0.703,0
1bd2,2,1.2473327,2.055178,0.9023357,0.8333055,1.4645345,1.7825567,0.686,1.345,3.839,0.672,0
1bd2,0,1.0197085,1.7019097,0.5869419,0.6787348,1.0868111,1.8410134,0.762,1.066,2.794,0.719,0
1bd2,1,1.0487971,1.6517484,0.5661995,0.78190863,1.0259416,1.8281736,0.771,1.067,2.335,0.719,0
1bd2,4,1.2153816,2.049916,0.6331153,0.7959535,1.1707819,2.2578487,0.648,1.237,5.264,0.625,0
8gvi,4,1.0578709,1.3778712,1.026082,0.9684415,1.1147231,1.3292837,0.864,0.868,2.022,0.897,0
8gvi,0,1.0690857,1.3620707,0.96451443,0.9965778,1.0640439,1.3100634,0.874,0.886,1.135,0.897,0
8gvi,1,1.0491464,1.347479,1.0638361,0.9617326,1.0953326,1.321847,0.861,0.844,2.631,0.912,0
8gvi,3,1.0511616,1.397793,0.88645935,0.966062,1.1022747,1.338286,0.87,0.891,1.408,0.897,0
8gvi,2,0.99963933,1.2714806,0.8890342,0.933817,1.1029791,1.3825064,0.876,0.9,1.622,0.926,0
2uwe,1,1.6435597,3.1433227,0.8631472,0.89007396,2.3202384,3.553385,0.581,2.067,4.707,0.632,0
2uwe,0,1.8342112,3.4235702,1.0464367,1.068334,2.1958027,3.5023897,0.585,2.057,4.731,0.645,0
2uwe,2,1.7183622,3.3004763,0.85287565,0.92098653,2.3549364,3.3373518,0.56,2.231,4.917,0.618,0
2uwe,3,1.8440899,3.5759792,0.9226353,0.9505701,2.3336267,3.450122,0.506,2.321,6.295,0.579,0
2uwe,4,1.6869148,3.2212188,0.9151496,0.9155731,2.4943469,3.4745753,0.561,2.176,5.173,0.632,0
3sjv,2,0.9946324,1.1494703,1.1144396,0.93550915,1.2768899,0.9638595,0.816,0.896,3.034,0.823,0
3sjv,3,0.96054983,1.1437945,1.1037278,0.8887627,1.3235153,0.9539796,0.823,0.86,3.394,0.855,0
3sjv,1,1.0118092,1.1666073,0.9683704,0.9707433,1.3365766,0.87480444,0.811,1.114,3.057,0.903,0
3sjv,0,1.0212579,1.260601,1.125255,0.93520606,1.342522,1.1019399,0.803,0.955,3.452,0.839,0
3sjv,4,0.99588555,1.274448,1.1038193,0.8944509,1.1632173,1.2229966,0.814,0.948,4.138,0.919,0
7nmg,4,2.023257,3.4339485,1.2226353,1.160609,2.2321334,2.999755,0.412,2.622,9.686,0.556,0
7nmg,3,1.9655919,3.2296658,1.5408192,1.1997142,2.2357616,2.9432194,0.407,2.403,9.88,0.514,0
7nmg,2,1.9471582,3.248347,1.2768269,1.1687776,2.1338801,2.8956008,0.442,2.331,9.669,0.597,0
7nmg,0,2.1101544,3.537981,1.4338353,1.2406498,2.4098678,3.0422723,0.348,2.685,11.26,0.444,0
7nmg,1,2.015301,3.3812752,1.3146778,1.1891736,2.0890646,3.067936,0.422,2.482,9.792,0.569,0
6tmo,1,0.7370723,1.3076377,0.245413,0.41434425,0.4738865,2.0711484,0.892,0.644,2.131,0.89,0
6tmo,0,0.7562421,1.3081589,0.22255157,0.4627257,0.48684183,1.9669732,0.905,0.601,1.935,0.902,0
6tmo,2,0.708165,1.2576686,0.44497043,0.37798473,0.4509183,1.9907228,0.907,0.6,1.808,0.902,0
6tmo,3,0.6996851,1.2192794,0.44532782,0.39957824,0.4848952,1.9845446,0.904,0.614,1.578,0.89,0
6tmo,4,0.7145221,1.2332256,0.5057732,0.41495162,0.45987582,1.9654036,0.902,0.601,1.882,0.89,0
5c09,4,0.8615775,1.238076,0.8781671,0.6977473,0.96096545,1.3265387,0.837,0.822,3.006,0.854,0
5c09,2,0.8213515,1.084561,0.8700538,0.71076316,0.93276054,1.1989318,0.85,0.723,2.739,0.833,0
5c09,3,0.85075366,1.0816352,0.8504544,0.7625755,0.67344296,1.2665291,0.839,0.742,2.801,0.812,0
5c09,1,0.84200406,1.0997355,0.8754876,0.7367242,0.70842606,1.244046,0.829,0.776,2.706,0.792,0
5c09,0,0.81902325,1.0600584,0.7959258,0.7284103,0.60301983,1.1284691,0.864,0.694,2.922,0.875,0
1ao7,4,1.1021343,1.7376678,0.94226307,0.7317214,0.6275261,1.4142269,0.636,0.755,14.593,0.857,0
1ao7,1,1.113157,1.7542365,0.9524468,0.7396912,0.75055534,1.203096,0.625,0.744,16.896,0.871,0
1ao7,0,0.9773819,1.7326849,0.7452385,0.43380797,0.7452879,1.4282713,0.622,0.736,16.152,0.843,0
1ao7,2,1.1161677,1.7856717,0.9525498,0.7162972,0.74703956,1.4386207,0.63,0.751,15.425,0.857,0
1ao7,3,1.1170592,1.7787489,0.946095,0.7261438,0.75299466,1.3930981,0.625,0.771,15.137,0.843,0
7rk7,1,2.497177,5.1297646,2.212393,0.99807775,6.2687397,6.09362,0.333,2.439,14.482,0.47,0
7rk7,0,2.896679,6.037215,2.3129785,1.08954,6.3180285,6.3114305,0.278,2.956,14.659,0.379,0
7rk7,2,2.673622,5.520707,2.3153565,1.040789,7.192472,3.9397242,0.344,2.583,14.168,0.515,0
7rk7,3,2.5772278,5.3755965,2.053498,0.9641161,7.1276484,4.1428146,0.518,1.923,8.352,0.667,1
7rk7,4,2.641448,5.386542,2.2837467,1.120553,5.2877045,5.807246,0.36,2.491,13.463,0.53,0
3kxf,2,1.2113781,2.104969,0.8390327,0.5898296,0.8668913,4.2746797,0.728,1.664,2.849,0.836,0
3kxf,3,0.8413429,1.3645248,0.6291271,0.5234153,0.79888177,1.9140971,0.846,0.84,2.901,0.881,0
3kxf,1,0.82126766,1.3502066,0.55406463,0.500725,0.7504925,1.8054965,0.858,0.929,1.087,0.866,0
3kxf,0,1.1643623,2.0439131,0.745402,0.5477937,0.7505096,4.2423043,0.723,1.711,2.369,0.806,0
3kxf,4,1.1698933,2.05253,0.6596877,0.56800336,0.83602685,4.290681,0.727,1.705,2.684,0.836,0
4eup,0,0.9240119,1.622474,0.54314685,0.58659494,4.087314,0.6893415,0.755,1.109,5.715,0.93,0
4eup,1,0.9539097,1.6826073,0.5754996,0.5976302,4.207717,0.8434882,0.752,1.035,5.548,0.877,0
4eup,3,0.89947385,1.5807735,0.5537177,0.5676922,4.177002,0.800452,0.743,1.043,6.814,0.947,0
4eup,2,0.9063635,1.6180934,0.5787437,0.54741585,4.0717053,0.7305746,0.746,1.066,6.101,0.912,0
4eup,4,0.8990192,1.5682306,0.54642946,0.57815576,4.2063656,0.6240709,0.77,0.997,5.519,0.912,0
2vlj,1,0.62706506,0.89748096,0.46922353,0.54449546,1.0000196,0.65412456,0.865,0.491,4.729,0.927,0
2vlj,0,0.6172608,0.98954004,0.49435553,0.478279,1.1704217,0.74795777,0.838,0.603,4.994,0.909,0
2vlj,2,0.7036558,1.0410359,0.7581098,0.56837374,1.2508395,0.7722744,0.901,0.552,2.631,0.909,0
2vlj,3,0.82923406,1.4310675,0.77541214,0.56395704,1.3432037,0.9190149,0.828,0.691,4.677,0.891,0
2vlj,4,0.69242805,1.0003146,0.7523716,0.57045233,1.2347698,0.77828074,0.854,0.556,4.584,0.909,0
3pqy,2,1.7868373,2.8048215,1.4320601,1.2007477,3.8656132,3.1111727,0.682,1.52,3.672,0.709,0
3pqy,3,1.3843138,1.975867,1.4106197,1.0505437,2.3017375,2.4594696,0.755,1.208,3.459,0.8,1
3pqy,1,1.6740938,2.5688043,1.3708737,1.1747435,3.7175756,2.5714736,0.664,1.562,3.732,0.673,0
3pqy,0,1.4552794,2.1636386,1.3039694,1.064012,2.3387713,2.5184212,0.695,1.388,4.73,0.782,0
3pqy,4,1.5270674,2.2040298,1.9478279,1.0642526,2.5826483,2.9241295,0.7,1.189,4.306,0.691,0
3rgv,4,1.8341153,2.0716407,4.1994634,1.0699981,2.2080114,1.993119,0.709,1.205,4.313,0.723,0
3rgv,3,1.7683485,1.9835196,3.997995,1.0652418,2.1912715,1.7467823,0.737,1.232,3.887,0.787,0
3rgv,2,1.7442629,1.9918714,3.9050858,1.0549326,2.0526657,1.9476715,0.749,1.196,3.884,0.809,0
3rgv,0,1.7708834,1.8401543,4.151516,1.0502903,1.9731516,1.7058095,0.763,1.06,3.785,0.787,0
3rgv,1,1.811704,1.853519,4.222805,1.0997452,2.1790698,1.6221081,0.8,1.057,3.131,0.851,1
5hho,2,2.7437415,4.7726626,3.042679,1.7245212,4.7534113,4.6914883,0.268,3.064,11.924,0.275,1
5hho,3,1.5616792,2.6485822,2.2502666,0.9146178,2.827601,3.1680248,0.566,1.454,5.156,0.451,0
5hho,1,2.8970478,5.212501,2.6023035,1.7903509,1.4352924,5.755894,0.295,3.866,8.872,0.275,0
5hho,0,1.3320667,2.1199925,2.0912437,0.8400775,1.6483271,3.008508,0.738,0.97,2.831,0.608,0
5hho,4,2.4378464,4.163022,2.6850574,1.59538,3.3747034,4.631774,0.441,2.435,5.615,0.353,0
5nqk,2,0.79043365,1.0289211,0.62509364,0.7095662,1.2105471,0.97675496,0.881,0.595,2.938,0.885,0
5nqk,3,0.787647,1.0127814,0.68186826,0.7076107,1.1903187,0.9937024,0.891,0.603,2.079,0.869,0
5nqk,1,0.7644531,1.0386238,0.634927,0.66150993,1.2087499,0.98406905,0.835,0.629,4.22,0.852,0
5nqk,0,0.77211845,1.0308238,0.65213466,0.6764996,1.2181547,0.8196604,0.889,0.621,2.067,0.869,0
5nqk,4,0.7973347,1.0693723,0.57910025,0.7045839,1.1959642,1.0445418,0.885,0.612,2.35,0.869,0
2p5e,1,0.5171593,0.6557303,0.34592134,0.46816248,0.3578227,0.46200544,0.955,0.378,1.604,0.958,0
2p5e,0,0.504538,0.7118971,0.52943635,0.38901034,0.39049467,0.4678684,0.965,0.382,1.07,0.972,0
2p5e,2,0.563444,0.76247174,0.51523525,0.46714827,0.3026481,0.65895516,0.967,0.325,0.975,0.958,0
2p5e,3,0.54468936,0.76999176,0.42031178,0.438333,0.305491,0.66955465,0.967,0.365,1.068,0.972,0
2p5e,4,0.57941484,0.7144216,0.60447913,0.51275796,0.37614256,0.48983246,0.956,0.405,1.65,0.972,0
5wkf,4,0.6299456,0.9049016,0.5442382,0.53745055,0.88418174,0.925275,0.866,0.988,1.994,0.953,0
5wkf,0,0.5828135,0.8656848,0.5558614,0.47763216,0.9309063,0.89534456,0.822,1.04,3.29,0.922,0
5wkf,1,0.62381166,0.9349553,0.54953676,0.51205117,0.96303135,0.9488331,0.813,1.097,3.114,0.906,0
5wkf,3,0.6089514,0.9115859,0.6705242,0.48397344,0.930669,0.9405586,0.827,1.142,2.125,0.906,0
5wkf,2,0.60684603,0.9209492,0.55824083,0.48958775,0.9700313,0.9509899,0.82,1.099,3.016,0.922,0
5xov,4,1.570346,2.417161,1.5489657,1.2286083,1.5891626,3.0228984,0.603,1.737,5.804,0.698,0
5xov,2,1.6895655,2.7225688,1.621635,1.2570868,1.5358456,3.600755,0.556,2.0,6.788,0.698,0
5xov,3,1.7105836,2.7472858,1.6468023,1.2775692,1.7074004,3.7777941,0.508,2.06,6.423,0.54,0
5xov,1,1.7277607,2.742928,1.6720071,1.3084002,1.6344686,3.7937572,0.53,1.977,7.551,0.667,0
5xov,0,1.5188887,2.3085458,1.6047591,1.1875528,1.5384793,2.7894247,0.599,1.613,6.653,0.714,0
7n1e,0,1.7523493,3.0170345,1.4822401,1.053435,4.9129457,1.0583526,0.621,1.475,5.86,0.678,0
7n1e,1,1.7016971,2.9672005,1.5305835,0.9697284,5.0977645,0.9991823,0.65,1.422,5.403,0.712,0
7n1e,3,1.7453569,3.0469563,1.442149,1.0126691,5.152195,1.202743,0.615,1.559,5.069,0.627,0
7n1e,2,1.723317,3.0848782,1.2912258,0.9390246,5.311114,1.22114,0.633,1.568,4.99,0.678,1
7n1e,4,1.5878289,2.7801514,1.4273919,0.8928528,4.6498013,0.9956373,0.707,1.209,4.669,0.746,0
2vlk,2,0.6179827,0.953961,0.7322113,0.46805322,1.0411533,0.7303995,0.922,0.456,2.994,0.962,0
2vlk,3,0.6326119,0.9156754,0.7125279,0.51695067,1.0600107,0.6906205,0.917,0.42,3.119,0.943,0
2vlk,1,0.6841891,1.213228,0.71756065,0.4296591,0.9723069,0.662927,0.914,0.435,3.18,0.943,0
2vlk,0,0.5815043,0.8515812,0.717027,0.46063226,0.8848602,0.5572437,0.938,0.397,2.871,0.981,0
2vlk,4,0.61668146,0.8953306,0.45883453,0.5303482,1.0868007,0.6486766,0.925,0.461,3.138,0.981,0
7rtr,3,1.9760714,3.1538522,1.7938821,1.3400463,3.3081965,2.8338668,0.523,1.917,6.02,0.524,0
7rtr,2,2.2033339,3.4097362,2.020126,1.5783857,3.4471672,3.504282,0.451,2.24,6.303,0.397,0
7rtr,0,1.7354451,3.0036995,1.466434,0.967039,3.391064,2.474641,0.559,1.741,7.412,0.683,0
7rtr,1,1.8634276,3.0388699,1.7453378,1.1971357,3.1554897,2.8666785,0.563,1.868,6.748,0.683,0
7rtr,4,1.9072449,3.1841896,1.7435746,1.1622849,3.2560108,2.7692158,0.565,1.876,6.405,0.667,0
1oga,2,0.8738055,1.5791018,0.9070999,0.52082133,2.5307677,1.057673,0.756,1.256,4.317,0.887,0
1oga,3,0.6171693,0.88299763,0.79874486,0.49225566,1.2308189,0.79350793,0.818,0.609,6.211,0.943,0
1oga,1,0.79417485,1.2921755,0.8464412,0.57436275,2.1040452,0.8712309,0.787,1.013,4.644,0.906,0
1oga,0,0.65240926,1.120248,0.51736695,0.45703256,1.9242646,0.6666833,0.832,0.69,5.44,0.962,0
1oga,4,0.8440648,1.569726,0.7956316,0.47792178,1.7529296,0.8212417,0.827,0.689,5.393,0.943,0
4prh,1,1.3904327,1.6771504,1.8936741,1.1554582,0.9731182,1.1026256,0.632,1.069,8.868,0.753,0
4prh,0,1.4466426,1.8211799,1.9157735,1.164227,1.0314789,1.3168368,0.604,1.246,9.361,0.767,0
4prh,2,1.1025797,1.3117355,1.7781503,0.86077344,1.0573256,0.8037589,0.753,0.905,5.879,0.849,0
4prh,3,1.4186398,1.7501744,1.9042164,1.1599386,1.0634538,1.1450303,0.665,1.147,7.182,0.781,0
4prh,4,1.3756181,1.6910454,1.8912497,1.1188967,1.0206294,1.2565752,0.661,1.11,7.403,0.767,0
5xot,4,0.9197258,1.3599894,1.1176411,0.69209486,1.5422535,1.1424087,0.788,0.897,4.418,0.839,0
5xot,0,0.94159955,1.3773018,1.049819,0.73253536,1.5675681,1.1061263,0.75,0.964,5.322,0.823,0
5xot,1,0.9416321,1.3485504,1.1418395,0.7359771,1.5212927,1.1513906,0.821,0.858,3.942,0.887,0
5xot,3,0.99235415,1.4607733,1.0881823,0.7689919,1.569923,1.1779866,0.728,0.99,4.976,0.742,0
5xot,2,0.8248305,1.1586264,1.003824,0.65733665,1.3465599,1.048575,0.867,0.735,2.47,0.871,0
5w1w,1,2.0978618,3.9861822,0.9922344,1.3109183,3.8155265,4.561422,0.297,2.473,14.068,0.355,0
5w1w,0,2.0002367,3.8263059,0.86696684,1.2348719,3.5543158,4.9720736,0.362,2.338,11.631,0.447,0
5w1w,2,1.9508712,3.726939,0.8321283,1.2092983,3.6739595,4.4291162,0.394,2.231,9.378,0.421,0
5w1w,3,2.2739916,4.4253182,1.0738621,1.334126,4.2656918,5.57516,0.34,2.686,11.624,0.434,1
5w1w,4,2.6131756,5.1517315,1.2691498,1.4709984,4.449001,6.557773,0.277,3.127,12.133,0.316,0
5w1v,2,1.551854,2.871703,0.86399233,1.0175152,2.8112576,2.9327693,0.648,1.486,3.742,0.603,0
5w1v,3,2.8770883,5.911292,1.0687357,1.400662,5.2887244,6.10649,0.272,3.88,13.374,0.397,0
5w1v,1,2.924139,5.8755407,1.3236742,1.5440828,5.236924,6.6178446,0.237,4.17,14.094,0.329,0
5w1v,0,1.3898886,2.6146739,0.7930012,0.8770151,2.7273462,3.3038356,0.688,1.242,4.243,0.671,0
5w1v,4,1.8388362,3.6991076,0.9183592,0.958881,2.867548,5.4343014,0.462,2.465,7.007,0.521,1
3tf7,4,1.30146,2.3092582,1.0833001,0.85699165,1.8196173,1.0321976,0.869,0.864,1.68,0.894,0
3tf7,1,1.2715412,2.2244241,1.0353771,0.86378056,2.058871,1.0125515,0.873,0.877,1.78,0.915,0
3tf7,0,1.2500356,2.1909263,1.0166112,0.84636253,2.0672133,1.0449343,0.859,0.858,2.352,0.894,0
3tf7,2,1.2616041,2.1482375,1.1048347,0.8875937,2.0094705,0.99770045,0.881,0.859,1.886,0.936,0
3tf7,3,1.298075,2.2867963,1.0673242,0.86881596,1.9017031,1.0164676,0.879,0.886,1.732,0.936,0
4mji,4,1.1235955,1.8715348,1.607487,0.7288069,1.3245258,1.4228886,0.759,1.126,2.693,0.727,0
4mji,3,1.1215476,1.8333035,1.6110938,0.7500629,1.3177005,1.2779872,0.77,1.106,2.028,0.716,0
4mji,2,1.1304051,1.8754109,1.6213183,0.7376347,1.3230038,1.4847614,0.771,1.123,1.81,0.716,0
4mji,0,1.1464458,1.8830303,1.6160946,0.76653534,1.3269018,1.3524021,0.768,1.138,2.1,0.727,0
4mji,1,1.1067629,1.8512136,1.6094718,0.707178,1.3616079,1.4051559,0.757,1.15,2.596,0.727,0
6uln,4,1.7895716,3.7418053,0.8612068,0.98385376,4.636683,3.2254765,0.496,2.142,6.54,0.531,0
6uln,3,1.8119746,3.8008802,0.96528757,0.9785138,4.6273513,3.1414263,0.5,1.913,7.387,0.551,1
6uln,2,1.4600774,2.8972306,0.7375331,0.9214355,2.638985,2.8640912,0.619,1.599,5.921,0.714,1
6uln,0,1.7458897,3.6930332,0.8834739,0.9191058,5.1386747,2.9387891,0.563,1.745,5.664,0.571,0
6uln,1,1.4187815,2.7620466,0.86937815,0.9213881,2.32088,2.7604146,0.631,1.381,5.836,0.673,1
5hhm,0,0.7367754,1.2123667,0.69831014,0.5252408,0.89764607,0.62695956,0.872,0.487,4.914,0.961,0
5hhm,1,0.7661828,0.9018194,0.8746898,0.7090344,0.97732335,0.7706105,0.865,0.521,4.483,0.922,0
5hhm,3,0.61279815,0.85718036,0.6799137,0.5111278,0.87371874,0.753085,0.874,0.457,4.428,0.922,0
5hhm,2,0.5746897,0.7936323,0.6940758,0.47650963,0.77448994,0.6909816,0.855,0.507,4.948,0.922,0
5hhm,4,0.7849219,0.92717946,0.99713486,0.71182394,1.0133898,0.7306428,0.907,0.524,3.586,0.98,0
4pri,2,1.2407424,1.5270016,1.7415522,1.0055615,0.7068317,1.203069,0.82,0.837,2.873,0.8,0
4pri,3,1.1399281,1.359233,1.6641008,0.93653077,0.6801441,0.84307027,0.878,0.634,2.035,0.84,0
4pri,1,1.2244502,1.522364,1.731844,0.97938365,0.848431,1.0540261,0.782,0.912,3.289,0.747,0
4pri,0,1.3023388,1.6127604,1.7331799,1.069849,0.8458886,1.0411444,0.774,1.009,3.595,0.787,0
4pri,4,1.2367352,1.4176975,1.7287898,1.0663346,0.662986,1.0992568,0.788,0.951,3.921,0.827,0
7n1f,1,1.4789759,2.4539583,1.4155576,0.913007,1.6724052,2.4274375,0.58,1.61,8.204,0.758,0
7n1f,0,1.4055827,2.3357563,1.0432276,0.9131949,1.5736707,2.460124,0.625,1.536,7.004,0.79,0
7n1f,2,1.484723,2.4527066,1.3438679,0.9406592,1.8021504,2.5121746,0.625,1.574,6.837,0.79,0
7n1f,3,1.4009981,2.384326,1.2682426,0.8184795,1.4727007,2.5295804,0.597,1.466,7.379,0.71,0
7n1f,4,1.5769323,2.5774126,1.5979743,0.9936128,2.0570526,2.571511,0.614,1.583,7.005,0.774,0
9rup,3,9.068448,19.120564,4.015572,4.1800027,,14.090117,0.009,16.53,61.466,0.0,1
9rup,2,9.440408,20.07061,3.9991207,4.172759,,12.459492,0.008,17.355,62.907,0.0,2
9rup,0,8.911368,18.818901,3.9311361,4.074283,,13.208146,0.009,16.439,60.712,0.0,0
9rup,1,9.732541,19.85168,5.131517,5.109624,,15.810718,0.01,16.39,57.29,0.0,0
9rup,4,9.371844,19.922623,3.841196,4.1611257,,12.600569,0.008,17.31,63.216,0.0,0
7l1d,4,2.9553895,5.950134,1.5880626,1.3178604,4.2921147,6.324796,0.448,3.083,5.283,0.432,0
7l1d,3,2.9129999,5.843764,1.818619,1.2935017,4.3273406,6.1178155,0.437,3.021,5.985,0.446,0
7l1d,2,2.843431,5.7121854,1.9065355,1.2331179,3.9899487,6.0554485,0.456,2.957,5.346,0.446,0
7l1d,0,3.0045657,6.062064,1.9919279,1.2713746,4.023798,6.644668,0.458,3.142,4.825,0.432,0
7l1d,1,2.989658,6.01374,1.6168779,1.3388275,4.2121706,6.1299605,0.433,3.11,5.863,0.432,0
3uts,1,0.7758552,1.1783284,0.5746339,0.6269066,0.92435646,0.9226366,0.733,0.917,6.648,0.85,0
3uts,0,0.76629895,1.17501,0.5865994,0.6107801,0.82276297,0.95421016,0.821,0.672,5.16,0.9,0
3uts,2,0.71896386,1.0891632,0.5669655,0.5789511,0.73618096,0.7191477,0.813,0.828,4.616,0.9,0
3uts,3,0.7298881,1.0698601,0.5704595,0.6080672,0.7619267,0.62852156,0.791,0.841,5.089,0.875,0
3uts,4,0.85255814,1.2931888,0.6054271,0.6923513,0.94019175,1.0233761,0.739,0.846,7.557,0.9,0
9gv6,4,2.5432136,4.7261057,1.8442568,1.4759897,4.2806406,6.5435085,0.385,3.068,8.518,0.463,1
9gv6,0,2.0992348,4.1012125,1.4652421,1.017387,4.8676043,5.062995,0.371,2.39,12.322,0.507,1
9gv6,1,3.7947485,6.707041,3.0828943,2.4523768,5.476468,10.608712,0.225,3.748,13.055,0.239,0
9gv6,3,3.6158342,6.693601,2.9141967,2.0774946,5.473936,10.8180485,0.249,4.094,10.66,0.239,0
9gv6,2,1.9560874,3.4480674,1.7488844,1.2467452,3.157035,3.5039072,0.434,2.163,10.856,0.597,0
1fo0,0,0.8581428,1.6775413,0.71805197,0.56440324,4.385086,0.8443676,0.806,1.089,2.741,0.857,0
1fo0,1,0.95282304,1.9616054,0.52523893,0.59101564,5.4650054,0.71779597,0.828,0.9,3.674,0.905,0
1fo0,3,0.9502593,1.9856137,0.76376414,0.5397522,5.4146814,0.8276797,0.804,1.295,2.683,0.929,0
1fo0,2,0.94772995,2.018221,0.74638414,0.50993425,5.826755,0.63716525,0.889,0.797,1.105,0.905,0
1fo0,4,0.9083658,1.8000361,0.6703699,0.5929823,4.630436,0.7978257,0.756,1.315,3.28,0.833,0
9ru5,0,2.2180352,3.64652,2.3605,1.6470083,2.8708498,2.9362643,0.552,2.086,4.48,0.532,1
9ru5,1,2.428739,4.1106124,2.3792768,1.7678746,5.311363,2.8395855,0.503,2.385,4.639,0.456,0
9ru5,3,2.1816278,3.6761642,2.0787954,1.6062722,3.421783,2.9860895,0.574,2.099,3.555,0.532,0
9ru5,2,2.1711798,3.5436943,1.9021753,1.6855816,2.6217022,2.5390735,0.53,2.16,4.964,0.519,0
9ru5,4,2.0781608,3.3089812,2.2345958,1.5981046,2.9284117,2.8308375,0.571,2.008,4.269,0.557,1
6vrn,4,5.4007583,9.427501,3.3231564,3.1911476,8.928546,8.336732,0.089,6.463,21.07,0.075,0
6vrn,3,5.3134794,9.175272,3.3001761,3.237558,9.125299,8.388528,0.081,6.235,21.965,0.057,0
6vrn,2,5.238162,9.043343,3.365564,3.1808484,8.766027,7.6534734,0.082,6.258,23.35,0.075,1
6vrn,0,4.906135,8.872206,2.7494347,2.5859318,7.7237687,6.878002,0.099,6.299,22.113,0.113,0
6vrn,1,5.436828,9.471997,3.2677803,3.240169,8.793202,8.304743,0.074,6.752,25.476,0.075,0
7n2n,4,3.774115,7.972003,1.4321189,1.8363302,4.2724843,8.098578,0.125,6.516,16.046,0.105,0
7n2n,0,1.9246632,3.9564729,0.8761072,1.0334407,2.1417694,4.4976497,0.286,3.328,8.541,0.193,0
7n2n,1,2.1402996,4.4807014,0.7590535,1.0864861,3.2354803,4.225681,0.211,3.467,11.975,0.14,0
7n2n,3,2.3824716,4.9897366,0.9071295,1.2031376,3.1547725,4.5087776,0.18,3.951,13.797,0.14,0
7n2n,2,2.446862,5.1408253,1.1566793,1.2009898,2.6649652,5.388882,0.174,4.193,13.996,0.14,0
6rpb,4,3.6731353,6.691807,3.0089386,1.8858007,4.955877,4.773557,0.131,5.997,28.164,0.25,0
6rpb,3,3.6224937,6.576372,3.3057287,1.8213098,5.188791,4.717733,0.128,5.889,27.19,0.235,0
6rpb,2,5.1399565,9.490866,3.0886295,2.6656694,7.939254,6.996733,0.07,8.113,33.718,0.118,1
6rpb,0,3.3220947,6.1561003,2.4737911,1.6228014,5.6487,3.6739492,0.155,5.199,21.11,0.25,2
6rpb,1,3.5385408,6.5923676,2.9314826,1.6260145,4.983567,4.6783247,0.143,5.684,27.763,0.279,0
6rsy,2,0.9785444,1.4661021,0.6638168,0.77602804,1.6017723,1.2105343,0.879,0.657,2.17,0.86,0
6rsy,3,0.95485073,1.4761864,0.59991246,0.7308584,1.6127892,1.2088757,0.838,0.642,4.153,0.86,0
6rsy,1,0.8837458,1.1582073,0.83287036,0.7724647,1.5040263,1.0152316,0.842,0.66,3.72,0.849,0
6rsy,0,0.9651769,1.4392818,0.64717054,0.7705539,1.5215403,1.0178965,0.858,0.687,2.681,0.837,0
6rsy,4,0.93717617,1.3866851,0.63455015,0.75457925,1.6723405,0.95689195,0.827,0.644,4.421,0.849,0
8rro,4,1.555371,2.743529,1.0522395,1.02532,4.101466,1.463866,0.663,1.858,3.988,0.776,0
8rro,1,1.6378405,2.908056,1.0949155,1.0659165,4.442208,1.5148343,0.651,1.925,4.653,0.806,1
8rro,0,1.7008432,3.0493565,1.2495828,1.0711813,4.4112926,1.4888817,0.597,2.113,6.05,0.791,1
8rro,2,1.4037743,2.414335,1.222282,0.9424406,3.5187116,1.4283612,0.709,1.596,3.757,0.821,1
8rro,3,1.6907281,3.0177753,1.1169794,1.0889268,4.418075,1.3946987,0.602,2.12,6.022,0.806,0
6uz1,1,0.91384006,,2.2465055,0.59731543,,,0.007,22.574,64.11,0.0,0
6uz1,0,0.95829487,,2.2518256,0.66839,,,0.007,22.553,63.291,0.0,1
6uz1,2,0.96381235,,2.294624,0.6606486,,,0.007,22.475,63.109,0.0,1
6uz1,3,0.9490381,,2.2608685,0.6499612,,,0.007,22.602,64.215,0.0,0
6uz1,4,0.9658888,,2.247696,0.6820021,,,0.007,22.445,63.746,0.0,0
5ivx,0,1.353951,2.1060736,1.2089695,1.0241914,3.538184,0.50850314,0.823,0.878,1.687,0.761,0
5ivx,1,1.2689563,2.0476098,0.93638813,0.93349093,3.3016794,0.47011998,0.796,0.848,4.12,0.821,0
5ivx,3,1.1618581,1.6536568,0.9755406,0.9768808,2.4500008,0.6936728,0.785,0.857,5.288,0.881,0
5ivx,2,1.1936837,1.8062978,0.9542864,0.9477551,2.8918848,0.46222207,0.886,0.659,1.542,0.851,0
5ivx,4,1.1280668,1.5628978,0.8967968,0.9759308,2.2214057,0.5609738,0.811,0.793,4.238,0.851,1
2ypl,4,1.7878036,3.0329876,1.7912124,0.93916,4.737666,2.400988,0.627,1.548,6.056,0.735,0
2ypl,3,1.6468334,2.8138528,1.7079393,0.82499677,4.2678423,2.326735,0.698,1.285,4.462,0.735,0
2ypl,2,1.54008,2.5227437,1.7008494,0.87636626,3.3539681,2.4260988,0.717,1.243,5.265,0.837,0
2ypl,0,1.5744911,2.471102,1.9119365,0.96603185,3.3290458,2.4209013,0.689,1.317,5.231,0.776,0
2ypl,1,1.4860243,2.4241655,1.7351079,0.8329691,2.8966348,2.4363325,0.721,1.348,4.072,0.796,0
4ms8,0,2.1075275,3.5510845,0.8865166,1.5175776,4.3167644,1.6592364,0.538,2.528,5.969,0.685,0
4ms8,1,2.1162164,3.6027076,0.9191468,1.4952966,4.8262343,1.4522527,0.532,2.553,6.17,0.685,0
4ms8,3,2.0227387,3.432689,0.887842,1.4366626,3.4281225,1.4672154,0.527,2.506,6.766,0.704,0
4ms8,2,2.0931163,3.5405767,0.95557356,1.4927801,4.2467623,1.6039426,0.528,2.542,6.372,0.685,0
4ms8,4,1.9270043,3.193689,0.81278414,1.4247158,3.588813,1.3253753,0.56,2.296,5.864,0.704,0
5e6i,4,3.1316035,5.749352,2.4012222,1.9902736,4.7808924,4.4342566,0.327,3.866,9.559,0.407,1
5e6i,2,3.1006958,5.7616715,2.0156739,1.9592141,4.8640227,4.356307,0.328,3.884,9.473,0.407,1
5e6i,3,3.1710925,5.914984,2.0177357,1.9904764,5.532082,4.2588625,0.309,3.976,10.52,0.407,0
5e6i,1,3.1442235,5.8558784,1.9592283,1.9851861,5.079252,4.1829586,0.325,3.995,10.243,0.444,0
5e6i,0,3.0287313,5.6227207,1.9627893,1.9185494,4.9423695,4.180443,0.312,3.855,10.906,0.426,0
5euo,4,0.78781104,1.3911102,0.5555717,0.49636972,2.448861,0.800903,0.879,0.68,1.43,0.836,0
5euo,2,0.90843886,1.6076767,0.9927839,0.5136559,2.840091,0.82517064,0.822,0.792,3.137,0.803,0
5euo,3,0.72884893,1.3311371,0.82008916,0.36380023,2.3147388,0.8216756,0.884,0.69,1.79,0.869,0
5euo,1,0.8651319,1.5434744,0.82444346,0.49987373,2.6123836,0.8267722,0.845,0.744,2.341,0.803,0
5euo,0,0.83027357,1.4855381,0.56912225,0.5078099,2.6106648,0.77418184,0.856,0.734,2.44,0.836,0
4ftv,4,0.84365785,1.4216886,0.42244402,0.5005151,0.478625,1.5140358,0.92,0.412,1.543,0.863,0
4ftv,1,0.8344927,1.3692554,0.58290386,0.5171234,0.4513084,1.6168748,0.917,0.425,1.694,0.863,0
4ftv,0,0.879727,1.4254553,0.7727373,0.5414153,0.5613728,1.5040575,0.906,0.452,1.904,0.849,0
4ftv,2,0.7318925,1.1999273,0.54225916,0.45052093,0.581891,1.354355,0.921,0.474,0.773,0.863,0
4ftv,3,0.7893026,1.3569341,0.5635831,0.41527435,0.43243587,1.6092597,0.929,0.447,1.27,0.89,0
5brz,0,0.5740299,0.8487802,0.7179701,0.46562326,0.95825654,0.4792431,0.908,0.454,3.412,0.946,0
5brz,1,0.56111515,0.77154744,0.7110617,0.47727743,0.7218716,0.52163506,0.912,0.446,3.275,0.946,0
5brz,3,0.5636517,0.71952283,0.72672164,0.49756157,0.7216179,0.5204691,0.908,0.464,3.601,0.964,0
5brz,2,0.56373864,0.7618313,0.6638573,0.49225295,0.7499314,0.49014956,0.922,0.456,2.747,0.946,0
5brz,4,0.5467534,0.77898496,0.676229,0.4570445,0.73995167,0.49311098,0.906,0.449,3.274,0.929,0
6zkw,3,0.9950272,1.6763998,0.9691397,0.7388285,0.8012748,1.5192868,0.796,1.11,1.718,0.782,0
6zkw,2,0.9497905,1.5566459,0.8824915,0.73407125,0.79413474,1.5262563,0.809,0.968,3.091,0.836,0
6zkw,0,1.0081137,1.7304381,0.93499154,0.73627263,0.94294685,1.4402934,0.782,1.198,2.566,0.818,0
6zkw,1,1.0302817,1.5945481,0.8882023,0.8501694,1.324424,1.4314286,0.808,0.802,4.355,0.855,0
6zkw,4,0.9960491,1.5340309,0.9731704,0.8127933,0.9073283,1.4401929,0.841,0.734,3.127,0.836,0
7n2o,4,1.113035,2.025321,0.651838,0.7003031,3.088822,1.4596738,0.637,1.431,3.153,0.508,0
7n2o,3,1.0624741,1.8993828,0.67096394,0.69157994,2.9174209,1.5948102,0.599,1.383,4.694,0.492,0
7n2o,2,1.0210013,1.7698529,0.6224939,0.7086521,2.6831195,1.6174186,0.61,1.258,5.316,0.525,0
7n2o,0,1.0697966,1.9316224,0.6696094,0.6814473,2.9324985,1.5413673,0.582,1.399,5.739,0.525,0
7n2o,1,1.0221865,1.8321664,0.69002163,0.6570199,2.5817182,1.5618439,0.609,1.189,5.298,0.492,0
9gv7,4,2.6128247,4.9523225,1.8299325,1.5266889,5.8721733,4.6407423,0.357,3.055,8.51,0.378,0
9gv7,3,2.2970612,4.45268,1.1654122,1.3027271,6.254937,4.7006154,0.433,2.416,6.325,0.378,1
9gv7,2,2.354966,4.5345874,1.2391977,1.3593856,5.9102917,4.639428,0.387,2.705,8.367,0.419,0
9gv7,0,2.595391,4.7466574,1.7691151,1.6670471,2.9258962,4.071962,0.36,2.925,8.376,0.365,0
9gv7,1,2.4978726,4.7591925,1.3078152,1.4880594,5.9072433,4.6351514,0.373,2.772,7.636,0.338,0
6tro,0,0.8449199,1.1320112,1.1167554,0.71262455,0.7027759,1.0511489,0.811,0.822,4.854,0.909,0
6tro,1,0.79421544,1.2184538,1.1417328,0.5801476,0.731489,1.171323,0.844,0.824,3.501,0.909,0
6tro,3,0.8403997,1.255746,1.2589248,0.61870295,0.56177896,1.1930363,0.804,0.904,4.674,0.909,0
6tro,2,0.80707306,1.3120534,1.2027533,0.53711003,0.7516183,1.2835971,0.81,0.968,3.187,0.848,0
6tro,4,0.81689876,1.338577,1.0044143,0.58844894,1.2181393,1.202963,0.816,0.912,3.722,0.879,0
3utt,4,0.9927912,1.2734724,0.82496506,0.91491795,1.1458602,0.903343,0.8,0.976,2.509,0.778,0
3utt,2,1.0869735,1.548166,0.8312221,0.94234735,1.2680314,1.2200006,0.714,1.2,3.954,0.711,0
3utt,3,1.0457692,1.387845,0.9386063,0.93790793,1.2355083,1.0615293,0.788,1.025,2.751,0.778,0
3utt,1,1.0624866,1.4637734,0.8279884,0.94214046,1.2493863,1.2371677,0.744,1.178,3.131,0.733,0
3utt,0,1.025285,1.3852541,0.90560716,0.9105917,1.1804363,1.0352585,0.76,1.06,3.143,0.733,0
6vrm,4,1.7653445,3.243684,1.0388206,0.9551036,2.2381003,4.7249055,0.521,2.163,5.809,0.556,0
6vrm,2,1.7832348,3.195225,1.0987288,1.0448712,2.2354794,4.7892146,0.549,2.077,5.672,0.611,0
6vrm,3,1.7402011,3.1084523,1.1064636,1.0252826,2.0398276,4.789825,0.568,1.908,4.937,0.574,0
6vrm,1,1.7977293,3.232221,1.11325,1.0415713,2.1147742,4.8381295,0.559,2.092,5.695,0.648,0
6vrm,0,1.7748619,3.2337148,1.1442187,0.97800165,2.1284864,4.8395944,0.567,2.071,4.965,0.611,0
3gsn,4,2.6396532,4.147697,2.2120574,1.9426405,3.339485,4.9960394,0.35,2.954,5.1,0.111,0
3gsn,3,2.9779282,4.80423,2.563755,2.0915616,3.2177427,6.1008067,0.299,3.553,6.878,0.143,0
3gsn,2,2.9122894,4.6812277,2.3285568,2.0793374,3.513963,5.748135,0.331,3.509,6.05,0.175,0
3gsn,0,2.5348291,3.9977906,2.1156754,1.8559175,3.8903754,4.6007776,0.338,2.896,6.548,0.175,0
3gsn,1,2.478686,4.366654,1.8798016,1.4526627,4.227077,4.153535,0.261,3.261,10.048,0.19,0
3e3q,4,0.7931631,0.82278866,0.93617445,0.7644251,1.0061942,0.73795605,0.879,0.88,1.648,0.93,0
3e3q,0,0.74676806,0.7754586,0.7677184,0.73375887,1.0924878,0.40466085,0.896,0.826,1.372,0.947,0
3e3q,1,0.8020098,0.775094,1.0046257,0.7859876,1.1402031,0.39361334,0.909,0.79,1.222,0.965,0
3e3q,3,0.7565636,0.70652604,0.9250293,0.7531496,0.94228923,0.38632858,0.901,0.784,0.974,0.93,0
3e3q,2,0.80586225,0.79180396,0.81600326,0.8097366,0.9487635,0.6535901,0.885,0.796,1.225,0.895,0
8wul,2,1.3675934,2.9795892,1.5509855,0.7014231,2.4605956,2.6782002,0.545,1.901,6.084,0.59,0
8wul,3,1.341339,2.8830326,1.6432499,0.6974945,2.3902538,2.5487883,0.603,1.635,5.203,0.623,0
8wul,1,1.3534176,2.9481797,1.538662,0.69392383,2.4800756,2.5407233,0.548,1.698,6.476,0.574,0
8wul,0,1.3262084,2.8331153,1.7362119,0.6818953,2.3398914,2.6620998,0.605,1.698,4.631,0.607,1
8wul,4,1.3913825,3.0063221,1.6591302,0.7193748,2.4632685,2.7117157,0.606,1.677,4.479,0.59,1
1kj2,4,0.6654262,1.1446133,0.43777698,0.46608216,0.8072502,1.1514516,0.806,0.651,1.704,0.614,0
1kj2,3,0.77678293,1.2635432,0.4073107,0.5994535,1.0151712,0.95017904,0.829,0.531,1.043,0.614,0
1kj2,2,0.7838451,1.4037441,0.44876373,0.513505,1.306177,1.6042317,0.741,0.926,2.804,0.596,0
1kj2,0,0.64914465,1.0922846,0.44920382,0.4694035,1.3182169,0.74731714,0.796,0.661,2.529,0.632,0
1kj2,1,0.7506173,1.3907728,0.43215254,0.4527832,1.253371,1.8149412,0.804,0.783,1.755,0.667,0
6rpa,4,0.51621425,0.85160744,0.38933685,0.35725284,0.8084261,0.6667761,0.911,0.646,0.798,0.897,1
6rpa,2,0.5275602,0.8736592,0.40977487,0.36093873,0.99098104,0.7153913,0.907,0.64,0.796,0.885,1
6rpa,3,0.6054836,0.9501219,0.7359469,0.41103372,0.94526714,0.7902703,0.876,0.743,2.382,0.897,0
6rpa,1,0.58034563,0.8487177,0.6621516,0.44508094,0.8125349,0.7211836,0.881,0.648,2.102,0.859,0
6rpa,0,0.54547584,0.82428837,0.5399323,0.41436318,0.7852375,0.6844055,0.899,0.672,1.179,0.885,0
5e9d,4,0.60380924,0.85778046,0.4515916,0.53583926,1.1316168,0.45880446,0.933,0.487,2.569,0.977,0
5e9d,2,0.72083545,0.83564556,0.35612884,0.7165822,1.1636614,0.49640253,0.922,0.472,3.168,0.977,0
5e9d,3,0.6116551,0.82336456,0.45150438,0.5608542,1.0793159,0.6530035,0.934,0.452,2.698,0.977,0
5e9d,1,0.6849917,0.80414265,0.5860975,0.6610766,1.1161817,0.69766045,0.884,0.534,3.512,0.909,0
5e9d,0,0.6670195,0.85059476,0.37186414,0.6365278,1.0712667,0.44341147,0.944,0.396,2.12,0.955,0
7qpj,4,0.808506,1.0798814,1.1414971,0.6367498,1.0348315,1.4459758,0.896,0.567,1.434,0.841,0
7qpj,0,0.77501154,1.1037174,1.1012673,0.56371444,1.1189002,1.4357944,0.905,0.517,1.208,0.841,0
7qpj,1,0.8727932,1.3702831,1.0394355,0.5708096,1.8552296,1.509704,0.885,0.513,1.28,0.783,0
7qpj,3,0.68395406,0.9201015,1.1175332,0.5055241,0.7760964,1.3204385,0.863,0.471,3.125,0.797,0
7qpj,2,0.9114605,1.297674,1.1709882,0.6849115,1.3524834,1.4181602,0.865,0.626,2.047,0.797,0
2p5w,2,0.5218809,0.586115,0.78662145,0.45248422,0.42817402,0.44711834,0.966,0.227,1.397,0.947,0
2p5w,3,0.58322805,0.7978476,0.6128625,0.46740034,0.43837982,0.7861177,0.948,0.315,1.243,0.907,0
2p5w,1,0.5617385,0.7398261,0.55027574,0.47432452,0.43557483,0.90053725,0.959,0.259,1.457,0.933,0
2p5w,0,0.5816056,0.72424304,0.70213765,0.4967303,0.41719487,0.8819539,0.968,0.223,0.818,0.933,0
2p5w,4,0.5680154,0.6842052,0.5549942,0.516281,0.4614895,0.47778618,0.967,0.307,1.196,0.96,0
4n5e,2,0.8751361,1.0215455,1.1877161,0.78669715,1.0551823,0.82538265,0.875,0.658,1.679,0.824,0
4n5e,3,0.8641324,1.0455605,1.2014239,0.75784683,1.1993111,0.95077765,0.859,0.667,1.697,0.779,0
4n5e,1,1.0035071,1.5409101,1.1796587,0.7533345,1.9335545,0.7891534,0.8,0.877,1.99,0.706,0
4n5e,0,0.95099664,1.2305281,1.0994654,0.8335767,1.2601573,0.78977823,0.838,0.837,2.607,0.838,0
4n5e,4,0.83892876,0.96872133,1.0804317,0.76674825,0.9935919,0.83972746,0.881,0.634,1.797,0.838,0
7rm4,2,9.548812,18.104786,3.973442,3.9406054,7.5093813,19.909828,0.028,13.155,30.408,0.0,0
7rm4,3,2.4118538,4.5373116,1.0254766,1.0493128,3.6188548,5.7013516,0.271,2.529,11.128,0.184,0
7rm4,1,9.746893,18.822752,3.533054,3.4762082,5.8318167,20.56239,0.027,14.26,31.05,0.0,0
7rm4,0,1.7449988,3.2913668,0.9053097,0.7253635,3.4623826,4.480886,0.436,1.841,5.517,0.204,0
7rm4,4,3.0014608,5.1930933,1.8924799,1.7981435,4.7902737,3.7111976,0.186,3.403,15.524,0.163,0
8f5a,4,1.8497558,3.2991633,3.021469,0.8038606,5.190455,2.119888,0.519,1.858,6.481,0.529,0
8f5a,3,1.9162015,3.345088,3.4471104,0.7757632,5.1863236,2.1424925,0.458,2.053,8.78,0.543,1
8f5a,2,1.9796429,3.703068,2.6987278,0.85817516,5.1556816,2.8781846,0.344,2.429,11.114,0.386,0
8f5a,0,1.8075844,3.1269028,3.4524233,0.6611116,5.0595,1.2138978,0.518,1.795,8.022,0.614,0
8f5a,1,1.6324695,3.0007236,2.1484604,0.79384744,4.7153316,2.1688564,0.571,1.78,4.456,0.514,0
5jhd,4,0.7811554,0.94386655,1.9616069,0.47518906,0.47531736,1.0020007,0.899,0.662,1.759,0.9,0
5jhd,3,0.8087954,0.8187536,1.9193527,0.6068819,0.542431,0.6255279,0.887,0.679,2.055,0.886,1
5jhd,2,0.735079,0.8087395,1.9411178,0.45488745,0.6084921,0.7217671,0.881,0.633,2.697,0.886,0
5jhd,0,0.77334154,0.86709046,1.9384044,0.50887847,0.57494235,0.6559304,0.866,0.715,2.382,0.857,0
5jhd,1,0.74733454,0.88193446,1.882974,0.4644888,0.476283,0.64336264,0.889,0.721,1.512,0.886,0
8dnt,2,1.2607539,1.6679263,1.210486,1.0715141,2.4662495,1.3994055,0.576,1.085,6.476,0.438,0
8dnt,3,1.2497125,1.6365021,1.202183,1.0717399,2.251071,1.4203453,0.619,1.014,5.137,0.438,0
8dnt,1,1.2453585,1.6502255,1.1545912,1.0620828,2.3308969,1.3971337,0.56,1.097,7.267,0.452,0
8dnt,0,1.1987911,1.4536651,1.1616051,1.0903575,1.781837,1.4407129,0.62,1.126,3.934,0.397,0
8dnt,4,1.2949605,1.723413,1.2181238,1.0977184,2.5532537,1.4805144,0.658,1.019,3.746,0.452,0
7ndq,4,2.356507,4.686338,3.1050842,1.4021004,5.271384,4.772656,0.355,2.866,9.079,0.383,3
7ndq,1,2.147338,4.1456184,3.0403361,1.306086,3.65134,4.650753,0.391,2.574,8.763,0.433,1
7ndq,0,2.2117498,4.2789016,3.114828,1.3438307,3.822274,4.858291,0.386,2.735,8.046,0.4,0
7ndq,2,2.2857924,4.666322,3.0304635,1.2743267,4.083058,5.36173,0.363,2.867,9.242,0.417,0
7ndq,3,2.2417793,4.347798,3.095118,1.370228,5.2022142,3.9129424,0.41,2.906,6.674,0.4,0
6d78,0,0.9593063,1.099764,2.420338,0.5606127,0.82228196,0.95927846,0.87,0.745,1.784,0.851,0
6d78,1,0.97492135,1.0550133,2.6152766,0.5507398,0.8649685,0.9615135,0.833,0.8,3.68,0.878,0
6d78,3,0.9271704,1.0258517,2.4646242,0.5161306,0.8364238,0.9947863,0.861,0.781,2.778,0.892,0
6d78,2,0.92170864,1.0410378,2.4457433,0.49722195,0.844547,0.91042596,0.878,0.756,1.803,0.878,0
6d78,4,1.0082984,1.1679786,2.4749238,0.6080324,0.9237565,1.0666528,0.821,0.86,3.423,0.851,0
6zky,4,1.7663428,2.295317,4.6276145,0.91803646,2.5646603,1.7773676,0.715,1.271,3.675,0.72,0
6zky,3,1.8506031,2.3999016,4.800231,0.987471,2.596353,1.6038816,0.707,1.467,1.944,0.66,0
6zky,2,2.0089974,2.8431063,4.849739,1.07994,3.2335477,1.7317871,0.667,1.61,4.305,0.74,0
6zky,0,1.7383488,2.0296264,4.621277,1.0032891,2.2568777,1.583955,0.733,1.212,3.517,0.74,0
6zky,1,1.8107338,2.3124168,4.8596406,0.91005397,2.124914,1.8947582,0.717,1.407,2.512,0.7,0
6ulr,0,1.3897452,2.554943,1.0731987,0.95760345,2.7370284,3.3409724,0.722,1.217,3.423,0.702,0
6ulr,1,1.3613427,2.608965,0.8833024,0.8826649,2.830313,3.228225,0.733,1.097,3.139,0.667,0
6ulr,3,1.4905791,2.7882402,0.96479213,1.0124172,2.9181986,3.4660482,0.663,1.245,4.954,0.649,0
6ulr,2,1.4778277,2.8361785,0.90959555,0.95936424,2.7471702,3.832273,0.726,1.219,2.982,0.684,0
6ulr,4,1.4604415,2.7051342,1.0548952,1.00006,2.8136027,3.5150783,0.71,1.198,3.291,0.649,0
6l9l,2,1.250892,1.9279854,1.8103082,0.80474657,3.3226125,1.2841208,0.781,1.033,2.927,0.772,0
6l9l,3,1.2940577,2.0166948,1.8036702,0.8320248,3.347922,1.3116524,0.749,1.058,3.661,0.737,0
6l9l,1,1.2027172,1.7965535,1.7321315,0.8197719,2.9015975,1.3279564,0.803,0.892,2.837,0.772,0
6l9l,0,1.2594929,2.0188353,1.8191898,0.7449957,3.4233518,1.3945105,0.759,1.233,2.083,0.737,0
6l9l,4,1.2948623,2.0100458,1.8160166,0.8361564,3.4111226,1.3484153,0.738,1.265,2.96,0.737,0
3h9s,4,1.1420962,0.84131616,2.330278,0.99799854,0.24723206,1.0241367,0.829,0.835,3.359,0.857,0
3h9s,2,1.1577053,0.93897897,2.3418214,0.9947686,0.50717837,1.0760542,0.838,0.927,2.608,0.875,0
3h9s,3,1.158475,0.89310175,2.2838967,1.0236716,0.53162783,1.155917,0.848,0.874,2.164,0.857,0
3h9s,1,1.1584402,0.88306886,2.3318536,1.0134636,0.5235419,0.90288574,0.84,0.881,2.526,0.857,0
3h9s,0,1.1033715,0.77866375,2.2617018,0.9695009,0.24843162,0.51565164,0.828,0.83,3.41,0.857,0
2pye,0,0.58344096,0.7080422,0.28015766,0.553431,0.54724795,0.5526535,0.953,0.48,1.161,0.97,0
2pye,1,0.6541039,0.85242003,0.8479619,0.5255098,0.5707722,0.6244901,0.93,0.566,2.327,0.985,0
2pye,3,0.6294199,0.8098012,0.67140985,0.5356356,0.5595803,0.6008237,0.947,0.509,1.425,0.97,0
2pye,2,0.6992595,0.9725247,0.2891198,0.5947074,0.59314775,0.63889873,0.934,0.512,2.209,0.97,0
2pye,4,0.62935764,0.8148433,0.5243587,0.55092365,0.58274686,0.5848566,0.942,0.52,1.251,0.955,0
3tfk,4,1.2591981,1.5463753,1.2260329,1.1666011,2.222936,0.7933221,0.826,0.861,1.955,0.776,0
3tfk,0,1.2221807,1.50172,1.194606,1.131484,2.226607,0.829511,0.825,0.767,2.13,0.741,0
3tfk,1,1.1457853,1.328354,1.0881506,1.0934389,1.6930921,0.89722484,0.857,0.7,1.347,0.776,0
3tfk,3,1.3002498,1.6429282,1.1689658,1.1969974,2.2907748,1.0276368,0.794,0.96,2.867,0.776,0
3tfk,2,1.1747677,1.4433582,1.165003,1.0857481,2.026663,0.8206237,0.835,0.793,1.606,0.759,0
8wte,3,1.3858017,2.9875696,1.5849853,0.7653506,2.5143943,2.320704,0.593,1.609,5.834,0.635,0
8wte,2,1.3710865,2.9133248,1.7090123,0.76403815,2.5363226,2.182144,0.606,1.553,5.151,0.603,0
8wte,0,1.343143,2.861242,1.6827164,0.7418387,2.4273915,2.3112264,0.614,1.502,6.102,0.683,0
8wte,1,1.369521,2.8776865,1.7002131,0.7865324,2.548519,2.1288579,0.545,1.658,7.454,0.619,0
8wte,4,1.3844126,2.9357417,1.8108071,0.7604809,2.7121449,2.3872623,0.551,1.7,6.782,0.603,0
5bs0,4,0.6143775,0.80238134,0.7366519,0.5369172,0.7322996,0.81294644,0.882,0.483,3.177,0.864,0
5bs0,2,0.6783222,0.9977235,0.6944838,0.5606067,0.7290012,1.081859,0.848,0.501,4.293,0.848,0
5bs0,3,0.63615257,0.9217203,0.67454714,0.52920175,0.9663443,0.9866492,0.846,0.476,4.3,0.833,0
5bs0,1,0.68857914,0.9714875,0.70674723,0.5878437,0.99542695,0.98616266,0.82,0.546,4.591,0.803,0
5bs0,0,0.67478096,0.8496053,0.6479022,0.622695,0.73167694,0.92217714,0.873,0.462,3.672,0.864,0
5eu6,2,1.0430185,1.6343601,0.71775204,0.8092651,2.263894,0.5387746,0.81,0.993,1.886,0.783,0
5eu6,3,1.2015313,2.032882,1.0171165,0.80596864,2.9831736,0.7338298,0.761,1.287,2.694,0.797,0
5eu6,1,1.1492999,1.9170693,0.97963446,0.7911653,2.5332615,0.7410482,0.759,1.449,2.254,0.826,0
5eu6,0,1.4042642,2.3900487,0.7289396,0.9788708,3.2985992,1.1389748,0.693,1.703,3.427,0.783,0
5eu6,4,1.3839382,2.4294748,0.8229687,0.8964563,3.7638288,0.6091085,0.741,1.291,2.183,0.71,0
3tjh,4,1.3103648,2.2104678,0.71070796,0.8059997,3.7467623,0.84779686,0.658,1.643,3.743,0.683,0
3tjh,1,1.2081982,1.9192408,0.78249544,0.84284973,3.3762093,0.71498716,0.701,1.403,3.271,0.7,0
3tjh,0,1.3197889,2.1914728,0.79990786,0.8384455,4.068629,0.8759022,0.637,1.647,3.686,0.617,1
3tjh,2,1.1710409,1.8844137,0.66854876,0.80480194,3.3321915,0.72930723,0.692,1.416,2.606,0.633,0
3tjh,3,1.1695359,1.8977205,0.7498744,0.7809453,3.3628688,0.77832407,0.691,1.341,3.332,0.65,0
7pbc,3,0.888045,1.4107218,0.83528674,0.5846228,1.6731471,0.70769256,0.799,1.22,2.064,0.851,1
7pbc,2,0.7803808,1.1502287,0.7349164,0.58726114,1.5258894,0.7486663,0.819,1.095,1.871,0.851,1
7pbc,0,0.91551065,1.5115045,0.8558965,0.54757965,1.758429,1.7280871,0.807,0.988,2.013,0.776,0
7pbc,1,0.7945471,1.2329043,0.48206198,0.5767705,1.5987527,0.5199162,0.817,0.98,2.07,0.806,0
7pbc,4,0.81801856,1.320189,0.8112286,0.5129166,2.175192,0.50868016,0.801,1.03,2.006,0.776,1
6zkx,4,2.3638952,2.441407,2.2765555,2.3555784,1.3910624,1.9877497,0.542,2.507,4.12,0.554,0
6zkx,0,2.5400984,3.428134,2.419036,2.3124938,2.1924217,2.529905,0.428,3.24,6.717,0.492,0
6zkx,1,2.5408952,3.3352067,2.3882987,2.3467224,2.1049252,2.6597605,0.465,3.196,5.482,0.508,0
6zkx,3,2.246919,2.3680477,2.1825843,2.2261126,1.2036755,1.9599952,0.512,2.449,4.831,0.508,0
6zkx,2,2.6276124,3.9296217,2.118463,2.2974648,2.3177028,3.0790815,0.419,3.696,7.05,0.523,0
1mi5,0,1.1400555,1.7282149,1.1142675,0.9197791,1.8038636,1.1382284,0.71,0.979,6.851,0.822,0
1mi5,1,1.3725997,2.545697,1.098554,0.8371161,3.7868829,1.2134192,0.666,1.249,6.748,0.795,0
1mi5,3,0.9357383,1.2732394,0.9313772,0.82054603,1.4078709,1.1480823,0.782,0.874,5.643,0.904,0
1mi5,2,1.4184899,2.5995739,1.1021465,0.8947027,3.5021455,1.0729436,0.656,1.253,6.944,0.781,0
1mi5,4,0.90886366,1.2139283,0.790684,0.8185972,1.6677467,0.97834015,0.795,0.792,5.4,0.89,0
5d2n,3,1.3485553,2.6593125,0.80429536,0.7094342,2.893194,1.8355689,0.636,1.062,7.391,0.672,0
5d2n,2,1.2589396,2.4242363,0.8847656,0.70380044,2.1403177,1.836363,0.614,1.124,8.528,0.703,0
5d2n,0,1.418168,2.837281,0.79759836,0.7084558,3.6894138,2.1538866,0.563,1.207,10.555,0.688,1
5d2n,1,1.1584587,2.2384622,0.73967046,0.649018,1.9531797,1.8427416,0.779,0.97,2.866,0.734,0
5d2n,4,1.2714714,2.4799516,0.7677066,0.69506353,2.0382624,1.2644378,0.732,0.887,5.285,0.734,0
5d2l,1,1.124862,1.6804398,1.0924071,0.8630703,1.6711577,1.5032198,0.789,1.135,2.019,0.783,0
5d2l,0,1.1939926,1.8219228,1.1215749,0.89505583,1.7801279,1.5273054,0.721,1.29,4.174,0.783,0
5d2l,2,1.2956452,1.8301687,1.5112215,1.0266074,1.4386814,1.9102489,0.614,1.331,6.944,0.683,0
5d2l,3,1.2058045,1.811393,1.1290786,0.9236531,1.751596,1.6636553,0.692,1.288,5.351,0.783,0
5d2l,4,1.2275671,1.7411388,1.0984225,1.0101314,1.4553454,1.5340708,0.68,1.279,5.621,0.767,0
6zkz,4,1.9250423,2.587188,4.6949797,1.0937288,1.9953295,2.225286,0.613,1.833,3.83,0.607,0
6zkz,2,1.7650955,1.9875708,4.571317,1.1096749,1.5608029,1.4941671,0.688,1.351,4.06,0.696,0
6zkz,3,1.8714459,2.4331846,4.670822,1.0708071,1.9857183,1.8743069,0.671,1.573,3.455,0.679,0
6zkz,1,2.152449,3.1479883,4.797428,1.2286427,2.600186,2.5608811,0.532,2.145,7.347,0.696,0
6zkz,0,1.8582821,2.2472734,4.629643,1.1607871,1.8924539,1.6416177,0.716,1.455,2.199,0.696,1
6r2l,4,1.0408005,1.7280543,0.8326808,0.69821614,0.8047836,1.0494075,0.862,0.801,2.553,0.89,0
6r2l,1,0.87511086,1.3499875,0.837261,0.64750016,0.73297143,0.9341837,0.895,0.666,1.494,0.879,1
6r2l,0,1.0742148,1.7653813,0.85252374,0.7362565,0.7517185,1.0025871,0.883,0.703,1.978,0.879,0
6r2l,2,1.0021858,1.6061836,0.8554454,0.7112822,0.7585352,0.9904846,0.865,0.752,2.343,0.868,0
6r2l,3,0.86349064,1.1752435,0.88501644,0.72746235,1.0156509,1.0262287,0.874,0.624,2.435,0.846,0
5nht,4,0.73331964,0.9224214,0.6979329,0.66388,0.4084304,0.7956109,0.873,0.544,3.028,0.848,0
5nht,3,0.73847586,1.0399917,0.6318417,0.62049246,0.6814762,1.0815264,0.876,0.57,2.237,0.818,0
5nht,2,0.7146684,0.8916195,0.690708,0.6492051,0.6045137,0.82592595,0.899,0.544,1.251,0.833,0
5nht,0,0.7354374,0.9206544,0.8016842,0.6564719,0.66167897,0.89379036,0.851,0.554,3.271,0.803,0
5nht,1,0.7753956,1.0171436,0.81994706,0.6731289,0.5158927,1.0184617,0.85,0.627,2.398,0.773,0
4qok,1,0.8187106,1.385459,0.29155126,0.566827,1.924441,0.79311,0.784,0.937,3.589,0.784,0
4qok,0,0.7981554,1.3584037,0.6594587,0.5119015,1.8203716,1.1017294,0.804,0.895,2.774,0.77,0
4qok,2,0.9258061,1.6081189,0.29904997,0.60806346,2.018161,1.0193452,0.74,1.069,4.414,0.77,0
4qok,3,0.9186261,1.3455116,0.6386248,0.756388,1.9586117,1.0802848,0.745,1.001,4.792,0.784,0
4qok,4,0.9793336,1.4480863,0.6521302,0.80079985,1.8214074,1.1680468,0.728,1.046,4.663,0.743,0
6rp9,1,2.620824,4.756391,4.1671143,1.0786003,6.691161,5.045888,0.24,3.403,17.418,0.366,0
6rp9,0,2.5368261,4.774332,4.008478,0.80930316,6.6703014,5.1522727,0.228,3.481,19.268,0.366,0
6rp9,2,2.9390264,5.7481365,3.6827397,1.0421606,6.5047045,5.602609,0.146,4.125,22.32,0.195,0
6rp9,3,2.426844,4.527064,3.6539655,0.9262334,6.4193087,4.9751964,0.33,3.291,13.558,0.537,0
6rp9,4,2.3784742,4.5084586,3.5758522,0.8029564,5.738518,4.9152975,0.232,3.263,19.705,0.366,0
6vqo,1,2.7314723,4.934182,1.4660262,1.529093,5.3058085,4.692274,0.28,3.496,16.226,0.468,0
6vqo,0,2.6754384,4.8253365,1.3914729,1.5107172,5.308183,4.539481,0.29,3.369,14.421,0.447,0
6vqo,2,2.6116493,4.6748123,1.3502785,1.5132616,5.0588007,4.435436,0.275,3.302,15.637,0.426,0
6vqo,3,2.7173874,4.892759,1.5006974,1.5339756,5.4017854,4.629203,0.272,3.464,15.455,0.426,0
6vqo,4,2.7608726,5.0433636,1.4221269,1.4891877,5.559896,4.605773,0.267,3.558,16.858,0.447,1
7r80,4,2.4394896,4.475246,2.3272452,1.3273493,3.57314,2.5202072,0.34,3.125,9.092,0.365,0
7r80,2,1.8988711,3.1943593,2.450412,1.1750284,1.6375934,2.9708369,0.491,2.183,6.516,0.524,0
7r80,3,2.1610062,3.680521,3.6119912,1.0810786,3.0646346,2.6105454,0.393,2.534,8.925,0.444,0
7r80,1,1.9815754,3.3557131,3.168589,1.0551816,2.8076982,2.4683416,0.459,2.188,6.328,0.413,1
7r80,0,1.5926734,2.6316633,2.3168008,0.9667948,1.1357654,2.0534348,0.597,1.552,5.087,0.571,1
3kpr,0,2.3590791,4.196361,2.7672718,1.370303,3.3747454,6.068273,0.473,2.667,5.114,0.443,0
3kpr,1,2.3244154,4.142317,2.7410357,1.3401593,3.3221328,6.0396175,0.469,2.577,4.927,0.405,0
3kpr,3,2.2926922,4.1058154,2.769244,1.2883996,3.3739042,5.9297414,0.462,2.65,5.892,0.468,0
3kpr,2,2.377592,4.222027,2.7957277,1.3858896,3.4561405,6.0477896,0.464,2.648,5.499,0.443,0
3kpr,4,2.3007317,4.0895586,2.7682457,1.3230457,3.2538648,5.9838877,0.487,2.55,5.093,0.468,0
2vlr,0,0.6647286,0.9006863,0.5296373,0.5961784,0.97192204,0.6282841,0.887,0.609,3.683,0.962,0
2vlr,1,0.8114073,1.2232561,0.79647905,0.65256023,0.96301347,0.56904614,0.881,0.615,3.928,0.962,0
2vlr,3,0.6758449,0.89468753,0.7769932,0.5870891,0.9641095,0.53403586,0.899,0.546,3.55,0.962,0
2vlr,2,0.7032612,0.9003717,0.8371279,0.6196078,1.01966,0.65508896,0.897,0.602,3.314,0.962,0
2vlr,4,0.6591363,0.87461275,0.7699727,0.56996095,1.0082594,0.598859,0.899,0.527,3.627,0.962,0
7n2p,1,1.9765713,3.8258305,1.5539563,0.9663928,4.9850864,4.796089,0.415,1.958,10.451,0.476,0
7n2p,0,2.0483596,3.961105,1.5341642,1.0166597,4.252678,4.1927214,0.293,2.765,12.442,0.333,0
7n2p,2,1.6974734,3.0853915,1.6654121,0.9832881,4.1067815,3.2730834,0.481,1.831,8.466,0.54,1
7n2p,3,1.773796,3.3500278,1.4887251,0.94385695,3.6706195,4.2419786,0.437,2.026,9.725,0.524,1
7n2p,4,1.7639719,3.164679,1.6001035,1.077539,5.500493,2.2680936,0.423,1.859,10.797,0.492,0
9rxm,4,3.0158942,5.818497,2.1157193,1.7832557,7.31933,4.5418787,0.162,3.965,16.573,0.152,0
9rxm,1,7.8471003,17.633411,1.8240765,1.8289219,20.8564,10.6898775,0.031,16.578,30.942,0.015,0
9rxm,0,7.934998,17.778193,1.9326757,1.967496,20.93008,10.954184,0.034,16.928,32.916,0.03,0
9rxm,2,2.0787294,3.947844,1.5757447,1.264725,4.6134353,3.4589446,0.322,2.776,9.947,0.318,1
9rxm,3,2.880044,5.732636,2.0896316,1.5327575,7.2403755,4.5567493,0.226,3.954,12.646,0.242,1
3e2h,4,1.2584214,1.9176333,0.845267,0.9722682,2.8770933,0.7675368,0.856,0.802,1.199,0.81,0
3e2h,0,1.2828833,1.9687648,0.9628632,0.9710423,3.607022,0.78628474,0.844,0.788,1.038,0.762,0
3e2h,1,1.2941514,2.0258117,0.9242127,0.9557673,3.610057,0.78036976,0.837,0.824,1.204,0.762,0
3e2h,3,1.1933572,1.7475268,0.8577745,0.9636029,3.0455618,0.8823415,0.836,0.836,1.095,0.762,0
3e2h,2,1.3164597,2.0561297,0.96990216,0.9724265,4.073353,0.9270988,0.828,0.735,1.236,0.698,0
7pb2,4,2.865498,5.6521482,2.1917298,1.7319905,5.835565,7.7171974,0.227,4.178,11.119,0.197,0
7pb2,3,4.3761897,9.592897,2.5859776,1.8265249,11.213022,7.5830927,0.091,7.471,35.791,0.18,0
7pb2,2,4.862919,10.597142,2.9629517,2.093261,11.995692,8.238104,0.077,8.204,36.149,0.148,0
7pb2,0,2.9060054,6.1423664,2.174863,1.4036936,7.436524,7.0408297,0.171,4.734,18.405,0.246,0
7pb2,1,1.3628424,2.4514387,2.0306761,0.82563585,2.506945,2.2414658,0.539,1.452,7.271,0.525,1
5wkh,0,0.6351987,0.8969275,0.5006117,0.55313414,0.81457573,0.96681666,0.851,0.792,3.408,0.909,0
5wkh,1,0.63664013,0.849398,0.8439342,0.53379077,0.7930179,0.9541788,0.874,0.862,2.3,0.939,0
5wkh,3,0.6024785,0.884758,0.50922686,0.50512326,0.8389013,0.91865504,0.855,1.027,1.345,0.909,0
5wkh,2,0.6348798,0.8911051,0.513686,0.55406076,0.8174455,0.92865777,0.851,1.0,1.939,0.909,0
5wkh,4,0.70439345,0.8522367,0.48711815,0.6764739,0.82557964,0.9626674,0.795,0.979,4.191,0.879,0
1nam,1,1.4608114,3.095646,0.6710838,0.8050746,5.6688414,1.6750797,0.618,1.353,4.22,0.5,0
1nam,0,1.146296,2.154456,0.9918214,0.7801706,2.502225,1.3114825,0.734,1.143,3.002,0.68,1
1nam,2,1.4717041,3.0887833,0.71755487,0.8326894,4.6390753,1.3130288,0.605,1.608,4.109,0.54,0
1nam,3,1.1139399,2.108026,0.7281402,0.77504104,2.6635888,1.4356786,0.732,1.052,3.055,0.64,1
1nam,4,1.3318179,2.737725,0.6108693,0.80194014,5.481018,1.266177,0.699,1.193,3.66,0.64,0
8es9,0,6.101344,10.73202,4.3199286,4.2382874,11.459334,10.903151,0.132,7.613,13.632,0.08,0
8es9,1,5.7774205,10.037902,4.35238,4.0646563,11.254975,9.710175,0.125,7.113,15.489,0.1,0
8es9,3,5.4388924,9.54808,3.9909525,3.7727056,10.768811,9.208819,0.161,6.823,13.703,0.16,0
8es9,2,5.508159,9.689255,3.8263066,3.8352704,10.615106,9.43482,0.14,6.84,17.248,0.18,0
8es9,4,5.5286264,9.658367,4.364716,3.8248959,10.674029,9.31416,0.125,6.854,16.5,0.12,0
6eqb,1,0.8560108,0.74051553,2.2040136,0.6234174,0.65706486,0.9141337,0.889,0.676,2.08,0.893,0
6eqb,0,0.8252017,0.7444975,2.2327678,0.54473317,0.65534616,1.0419028,0.89,0.682,2.266,0.907,0
6eqb,2,0.85998154,0.81211895,2.2265089,0.5883775,0.64738506,0.9826124,0.885,0.684,2.288,0.893,0
6eqb,3,0.85678,0.799033,2.2361352,0.58462477,0.70161164,0.96153265,0.896,0.668,2.038,0.907,0
6eqb,4,0.8520128,0.84194374,2.2101824,0.56067413,0.6840142,0.9656112,0.892,0.692,1.784,0.893,0
3dxa,3,1.6452835,2.8277647,1.7873647,0.87764543,2.32394,4.0611215,0.762,1.25,2.367,0.767,0
3dxa,2,1.5487998,2.659572,1.9511908,0.752227,2.316385,3.637436,0.725,1.24,4.253,0.781,0
3dxa,0,1.6790924,2.492026,3.2018368,0.8329958,2.7703185,3.2757335,0.676,1.136,6.58,0.767,0
3dxa,1,1.7761256,2.9473743,2.553772,0.8799009,2.8657901,4.2962613,0.702,1.134,5.154,0.74,1
3dxa,4,1.4535929,2.1746292,2.1215165,0.94262373,2.7062368,2.4361825,0.686,1.151,6.441,0.795,0
2e7l,4,0.7999854,1.0224198,1.1278307,0.6442663,1.5367996,0.8466923,0.92,0.509,1.338,0.889,0
2e7l,1,0.8019829,0.91157806,1.1413722,0.7058153,1.16283,0.71415824,0.934,0.518,1.426,0.937,0
2e7l,0,0.85053146,1.0575385,0.9339708,0.7458053,1.3244225,0.9141685,0.931,0.557,1.686,0.952,0
2e7l,2,0.80665386,1.0670375,0.9799405,0.6559032,1.5364587,0.97841316,0.921,0.563,1.636,0.921,0
2e7l,3,0.84200114,1.0339719,1.112041,0.71619034,1.4104091,0.94719046,0.908,0.604,1.733,0.905,0
7ow6,2,0.8363051,1.3233918,0.84473914,0.6619644,0.4069437,0.9629643,0.856,0.66,2.608,0.815,0
7ow6,3,0.9155708,1.5545474,0.84207267,0.67844933,0.39161795,0.9101425,0.845,0.722,2.713,0.815,0
7ow6,1,0.8077154,1.3104018,0.8348929,0.62065506,0.38814247,0.8889581,0.884,0.653,2.546,0.892,0
7ow6,0,0.89410716,1.4866172,0.8498512,0.6768135,0.36059278,0.87254816,0.878,0.576,2.829,0.862,0
7ow6,4,0.85674953,1.3722321,0.837689,0.6731574,0.45723522,1.1628402,0.883,0.586,2.756,0.877,0
8es8,3,1.5597323,2.8524797,1.1987956,0.9377198,2.5758827,3.144204,0.606,1.827,5.013,0.674,0
8es8,2,1.4445777,2.5289702,1.215089,0.94616103,2.263625,2.2822535,0.629,1.564,4.251,0.609,0
8es8,0,1.6135085,2.861726,1.3489561,1.0284303,2.2326167,3.2229683,0.649,1.716,4.289,0.717,0
8es8,1,1.7542827,3.1722088,1.347528,1.0864748,3.0426447,3.0773373,0.56,2.162,5.546,0.652,1
8es8,4,2.0029912,3.8243468,1.3021877,1.0864666,3.0377564,4.10288,0.335,2.79,12.906,0.478,1
6uon,2,2.638512,4.6564007,3.4925165,1.5542258,5.134075,4.0964723,0.355,3.508,9.208,0.45,0
6uon,3,2.5834024,4.572362,3.4620876,1.5011871,4.96435,3.9885771,0.33,3.526,10.15,0.425,0
6uon,1,2.556855,4.5106735,3.426065,1.4980314,4.9479947,3.8775287,0.348,3.434,10.229,0.475,0
6uon,0,2.6612382,4.723751,3.417829,1.568393,5.1410093,4.0782585,0.33,3.629,10.552,0.45,0
6uon,4,2.705412,4.830349,3.574731,1.5483822,4.9825654,4.3140717,0.319,3.729,10.586,0.425,0
7pbe,4,0.8851826,1.3498319,0.9726392,0.6263144,1.3758608,1.4395056,0.787,1.177,2.887,0.844,0
7pbe,3,0.86374134,1.3349736,0.8810533,0.60959077,1.433741,1.4624822,0.804,1.135,2.498,0.857,0
7pbe,2,0.92012817,1.260887,0.75183034,0.7839911,1.0931084,1.3788995,0.829,1.106,1.489,0.87,0
7pbe,0,0.8813052,1.3593179,0.91000444,0.6222421,1.4326878,1.4126086,0.801,1.138,2.438,0.844,0
7pbe,1,0.8399633,1.270328,0.93916196,0.5993336,1.0825753,1.4849046,0.829,1.11,1.811,0.883,0
7n2q,2,2.7730381,5.1229386,1.6607224,1.7025785,6.059015,4.388288,0.305,3.266,11.993,0.407,0
7n2q,3,3.9338458,7.781148,1.9143517,1.9546267,8.02174,5.0812984,0.184,5.908,15.932,0.271,0
7n2q,1,1.9186418,3.3477762,2.0501902,1.2189735,3.636695,3.241901,0.463,1.999,7.897,0.492,0
7n2q,0,1.6609726,3.192793,1.6817622,0.79670805,3.5271597,5.041644,0.556,1.23,7.246,0.492,0
7n2q,4,1.9277159,3.4337792,2.1543424,1.1508324,3.3014321,3.274427,0.406,2.198,10.58,0.508,0
3kps,3,0.9721844,1.4801741,1.0790823,0.7638198,1.6174195,1.6637813,0.747,0.917,4.835,0.756,0
3kps,2,1.1129932,1.9802886,1.1425833,0.70929116,3.337687,1.7249613,0.72,1.078,4.806,0.744,0
3kps,0,0.9933536,1.4861174,1.2922136,0.76288813,1.5667031,1.671767,0.731,0.928,5.401,0.756,0
3kps,1,0.9947297,1.5018585,1.069092,0.79326993,1.5719643,1.6769638,0.727,0.967,5.649,0.782,0
3kps,4,1.2423323,2.1675518,1.5902466,0.7624856,3.4563727,1.881748,0.653,1.226,6.354,0.718,0
4prp,0,0.7723179,0.99834836,0.7804573,0.65591747,1.1483538,0.7056597,0.881,0.449,4.122,0.915,0
4prp,1,0.78304976,0.9148095,1.0499457,0.67541,0.7610907,0.61764,0.893,0.416,3.985,0.93,0
4prp,3,0.7757304,0.95128644,1.1179008,0.6252996,0.92837375,0.5218639,0.917,0.445,2.34,0.901,0
4prp,2,0.82885754,1.0580447,0.9597078,0.69144017,1.1573663,0.9104937,0.877,0.491,3.72,0.887,0
4prp,4,0.9048415,1.1644944,0.83907634,0.7829692,1.1539855,0.5390635,0.872,0.68,3.269,0.915,0
7ndt,0,1.7591192,1.8444997,4.7535315,1.0921091,1.6319679,2.018431,0.732,1.346,2.174,0.705,0
7ndt,1,1.8757776,2.2460382,4.9721136,1.037537,3.1954968,2.127988,0.683,1.331,2.318,0.557,0
7ndt,3,1.6993227,1.8478739,4.851849,0.9002604,2.1342402,1.9309597,0.729,1.266,2.335,0.672,0
7ndt,2,1.8421948,2.3582506,4.594771,1.0357175,3.4514132,1.905011,0.667,1.428,3.294,0.607,0
7ndt,4,8.597539,17.73162,4.962114,1.7143348,13.2945175,12.780538,0.047,16.343,44.631,0.098,0
7n2s,0,2.529959,5.09574,0.9052329,1.3362026,3.325006,5.6029162,0.221,3.747,12.594,0.212,0
7n2s,1,2.9223232,5.9105406,1.2732773,1.50232,3.7720046,6.9390635,0.208,4.443,11.45,0.167,1
7n2s,3,3.8465319,8.001882,1.24253,1.7630352,5.364935,8.018195,0.107,6.539,16.419,0.061,0
7n2s,2,3.5825717,7.4602757,1.28512,1.6241279,5.6159244,7.7548885,0.136,5.984,14.395,0.091,0
7n2s,4,3.5764122,7.3861785,1.2054992,1.6986189,5.2076077,7.531744,0.12,5.92,15.222,0.061,0
8d5q,2,1.7128398,2.6559606,1.554379,1.2613442,3.3205972,1.5936795,0.619,1.39,6.103,0.66,0
8d5q,3,1.6400448,2.5880525,1.5552704,1.1647727,3.174236,1.4946917,0.613,1.392,5.08,0.566,0
8d5q,1,1.6602017,2.6210618,1.5177921,1.1866795,3.2184641,1.5863788,0.62,1.434,5.624,0.642,0
8d5q,0,1.6947299,2.6761272,1.7128154,1.1853873,3.4218547,1.605608,0.642,1.441,4.953,0.66,0
8d5q,4,1.6509254,2.530646,1.7260716,1.201851,3.109445,1.6073213,0.686,1.345,3.911,0.679,0
8rj5,1,2.2821858,3.8789172,3.428551,1.3097341,3.3355749,4.0942087,0.265,2.64,14.15,0.286,1
8rj5,0,2.4074757,4.1449146,3.450423,1.3888489,3.5659761,4.355485,0.228,2.818,16.061,0.245,0
8rj5,2,2.414813,4.252199,3.1808882,1.3940737,3.8439715,4.632835,0.251,2.742,16.155,0.306,1
8rj5,3,2.2510276,3.8405533,3.2508106,1.3197566,3.306654,4.2512712,0.294,2.541,14.451,0.367,0
8rj5,4,2.2475007,3.9273527,3.0804324,1.2894292,3.3455553,4.362735,0.262,2.626,16.341,0.327,0
3tpu,4,1.4745811,1.682908,1.1174424,1.4321485,1.4427166,0.81193703,0.735,1.215,2.76,0.695,0
3tpu,3,1.5695772,1.749536,1.1703753,1.5438615,2.071548,0.7069467,0.712,1.188,3.558,0.671,0
3tpu,2,1.4666774,1.6266968,1.1408662,1.4413942,1.9976827,0.62974876,0.751,1.048,2.884,0.683,0
3tpu,0,1.7612268,2.3933086,1.2704144,1.5268004,2.0443678,1.1374131,0.629,1.447,4.613,0.598,0
3tpu,1,1.575861,1.8451414,1.2013966,1.509392,2.0240226,0.6605261,0.691,1.241,3.815,0.646,0
6eqa,0,1.3422298,1.8622183,2.4582691,0.9094692,1.4068232,1.8861192,0.528,1.693,9.076,0.677,0
6eqa,1,1.354678,2.0472648,2.404138,0.8133122,1.6576109,2.012525,0.449,2.107,10.835,0.631,0
6eqa,3,1.3992609,2.0363529,2.4661613,0.9065913,1.5654792,2.1196299,0.479,1.852,10.182,0.631,0
6eqa,2,1.3300192,1.9808874,2.3954945,0.8121117,1.7108903,2.010739,0.451,1.933,11.278,0.615,0
6eqa,4,1.2664956,1.7930104,2.4915547,0.7822346,1.3144948,1.8949416,0.545,1.602,7.647,0.615,0
7ow5,3,1.2655985,2.386844,1.445973,0.7340556,0.5336877,2.6012397,0.649,1.542,4.001,0.641,0
7ow5,2,1.2306197,2.3512,1.2817122,0.70914114,0.46650708,2.6613615,0.701,1.416,2.798,0.672,0
7ow5,0,1.236327,2.3741596,1.1414782,0.7237842,0.5718728,2.6841888,0.669,1.409,3.329,0.609,0
7ow5,1,1.2082571,2.3248494,1.1992298,0.69164294,0.53179824,2.5175643,0.703,1.344,3.118,0.672,0
7ow5,4,1.2783206,2.4662564,1.3233222,0.71777225,0.5182436,2.8330936,0.652,1.544,4.265,0.672,0
2ol3,0,1.5711235,3.0828993,1.8445818,0.71624583,5.200373,2.542652,0.792,1.131,1.887,0.786,0
2ol3,1,1.437187,2.8298228,1.1376038,0.76071525,4.8089757,2.6005576,0.76,1.173,2.877,0.762,0
2ol3,3,1.4658931,2.9906871,1.1436157,0.6665304,5.1723623,2.5045063,0.793,1.111,1.988,0.786,0
2ol3,2,1.5533818,3.1397123,1.1560507,0.74959356,5.1115375,2.5332067,0.737,1.242,2.767,0.714,0
2ol3,4,1.727846,3.6220171,1.105663,0.7051412,5.5697412,2.5953505,0.727,1.446,2.823,0.762,0
7n2r,3,2.3510413,4.709549,1.5558382,1.3312484,3.9091184,5.743732,0.379,2.551,8.408,0.375,1
7n2r,2,2.6877177,5.6535044,1.5035654,1.2950966,4.5322223,6.437494,0.275,3.833,9.55,0.25,0
7n2r,0,1.9260273,3.8973026,1.4576571,1.0342723,2.728948,5.707855,0.427,1.764,8.141,0.339,0
7n2r,1,2.4956005,4.9836955,1.5994447,1.4317155,4.4062686,6.5171766,0.365,2.605,9.7,0.411,0
7n2r,4,2.2567074,4.746698,1.4677957,1.0636408,4.777174,5.348254,0.345,2.973,8.304,0.321,0
7ndu,3,2.1868749,3.7924924,3.0379455,1.3992748,3.0387323,5.2242,0.642,1.801,3.504,0.662,0
7ndu,2,2.287215,4.111955,2.8687797,1.4339709,4.6361194,4.646905,0.683,1.625,2.655,0.677,0
7ndu,0,2.1515753,3.7443275,2.9943466,1.3667237,2.2586203,5.082528,0.633,1.539,4.104,0.6,0
7ndu,1,2.0777802,3.5640745,2.9058318,1.3505509,1.6508025,5.2407613,0.657,1.491,3.541,0.615,0
7ndu,4,1.9618659,3.14586,3.026686,1.3411393,2.572348,3.7492921,0.662,1.591,3.938,0.692,0
8v4z,3,1.1352844,1.9004261,0.74007446,0.84902173,2.518827,1.3395911,0.78,0.823,3.242,0.698,0
8v4z,2,1.4381112,2.5780308,1.104815,0.94051915,2.6266425,2.7848153,0.671,1.162,4.664,0.619,0
8v4z,0,1.2983243,2.2593267,1.0152293,0.89668244,2.456312,2.8095763,0.733,0.988,3.554,0.651,0
8v4z,1,1.1971796,2.0397096,0.97695667,0.8517334,2.3028657,1.7961516,0.799,0.804,2.739,0.714,0
8v4z,4,1.4100438,2.4843435,1.2020743,0.9393852,2.574056,2.1015372,0.69,1.148,4.606,0.667,0
5c0b,0,0.74350154,1.060479,0.66664183,0.6227719,0.7301058,1.1547776,0.834,0.781,3.024,0.827,0
5c0b,1,0.71348274,0.95049775,0.7768821,0.61245173,0.6391919,1.0269728,0.834,0.705,3.768,0.846,0
5c0b,3,0.87755376,1.4047512,0.6985663,0.65533376,0.79083,1.546692,0.756,1.071,4.533,0.827,0
5c0b,2,0.76100624,1.0729916,0.52353936,0.6614627,0.66185325,1.1316507,0.828,0.813,3.1,0.827,0
5c0b,4,0.72757787,1.1022091,0.6007368,0.57985276,0.70047694,1.3352278,0.833,0.837,2.994,0.846,0
6avg,4,1.2787235,1.0215931,3.8253522,0.6111595,0.7672274,1.3665209,0.594,1.685,4.453,0.557,0
6avg,1,1.6405181,2.1720004,3.5124884,0.7290446,0.7333297,4.0156813,0.544,1.97,4.775,0.505,2
6avg,0,1.2972877,2.074676,1.3039297,0.6163648,1.0357288,3.7488441,0.645,1.628,3.604,0.629,0
6avg,2,1.3341683,1.1692222,3.820829,0.6717433,0.6183515,1.7793247,0.612,1.689,3.574,0.546,1
6avg,3,1.5106176,1.6908456,3.8121693,0.7279172,1.137221,2.993647,0.582,1.806,4.22,0.536,1
7q9a,3,0.79061985,1.3515153,0.5862164,0.53363085,1.6723663,1.1869742,0.812,0.798,4.19,0.853,0
7q9a,2,0.86476487,1.5674309,0.24576224,0.5417154,1.8912073,1.2897671,0.808,0.944,2.924,0.813,0
7q9a,0,0.77771527,1.378397,0.46653423,0.49666616,1.6777067,1.3419968,0.717,1.075,5.871,0.813,0
7q9a,1,0.8977503,1.5589727,0.6177779,0.59192944,1.9626876,1.2818555,0.787,0.898,3.542,0.773,0
7q9a,4,1.0855837,2.0033844,0.68038356,0.6171048,2.0545757,1.6452637,0.608,1.436,6.804,0.693,0
4jfd,0,0.83261305,1.37648,0.6511715,0.55543673,0.78952366,1.9936281,0.86,0.861,1.748,0.869,0
4jfd,1,0.87907314,1.2118707,0.6447769,0.7552477,0.77888244,2.0907707,0.86,0.878,1.607,0.869,0
4jfd,3,0.7820514,1.3393427,0.31890377,0.50788784,0.79925483,2.0730336,0.861,0.87,1.29,0.857,0
4jfd,2,0.8428586,1.3626556,0.66299766,0.5871272,0.89290494,2.1055965,0.881,0.713,1.468,0.857,0
4jfd,4,0.86222947,1.2092215,0.6059864,0.7315469,0.8909551,2.031221,0.857,0.879,1.806,0.869,0
3vxm,4,9.038639,18.1351,3.9847336,2.5828185,13.241365,11.048922,0.021,16.149,35.007,0.0,0
3vxm,3,8.853293,17.742105,3.3022745,2.686172,10.014481,14.8859415,0.03,15.493,32.066,0.015,0
3vxm,2,8.046856,16.27958,2.171001,2.1990561,9.632412,14.084935,0.055,13.613,29.439,0.075,1
3vxm,0,8.874611,17.962288,3.2978294,2.2618995,11.764089,12.866218,0.039,16.278,37.468,0.06,1
3vxm,1,2.5882757,4.8563185,1.8675387,1.1864065,2.198816,5.7626595,0.254,3.198,13.534,0.299,0
9j4t,4,2.015821,3.2645748,2.6230764,1.1904503,3.834711,2.2774792,0.443,2.227,10.489,0.619,1
9j4t,0,2.421937,4.153746,2.6312501,1.3393677,4.385101,2.8809183,0.355,2.914,14.358,0.595,0
9j4t,1,2.1157148,3.4369624,2.5736303,1.2888298,4.008802,2.517859,0.427,2.385,10.359,0.595,0
9j4t,3,2.4349964,4.207329,2.7257235,1.2909479,4.2214904,3.5655448,0.351,2.884,13.212,0.548,0
9j4t,2,1.867091,2.5635,2.5399182,1.4255134,3.2564871,2.2704105,0.521,1.897,7.207,0.595,0
5yxu,4,0.9721243,1.4360473,0.8589287,0.72171915,1.5620035,2.415317,0.851,0.732,3.344,0.881,0
5yxu,0,0.9874893,1.4497185,0.87440056,0.7399984,1.5678247,2.3854306,0.829,0.776,3.818,0.866,0
5yxu,1,1.068018,1.6700377,0.881712,0.72154146,1.5795804,3.1547916,0.79,0.834,5.214,0.881,0
5yxu,3,0.97172034,1.4542195,0.8029387,0.7128228,1.5578338,2.499957,0.839,0.759,3.892,0.896,0
5yxu,2,0.9556252,1.420477,0.8972216,0.6958339,1.5767671,2.364503,0.872,0.727,2.423,0.881,0
2bnq,1,0.77810544,0.8619401,0.68326247,0.75400597,0.81030965,0.8541811,0.899,0.603,2.047,0.89,0
2bnq,0,0.7406933,0.8923105,0.85008675,0.658743,0.84543765,0.8643229,0.897,0.596,1.913,0.877,0
2bnq,2,0.6289546,0.7883192,0.5983085,0.55973595,0.77698195,0.57540375,0.941,0.465,1.26,0.932,0
2bnq,3,0.7194873,0.7709944,0.86185586,0.6801672,0.6530551,0.83194137,0.932,0.476,1.133,0.904,0
2bnq,4,0.76726454,0.7928104,0.8025879,0.7530691,0.76924217,0.6915587,0.903,0.537,2.281,0.89,0
9j4u,4,2.0629013,3.567908,2.1546195,1.0877092,2.2043374,2.9718313,0.485,2.452,7.048,0.589,0
9j4u,3,1.5836114,2.7189915,2.1200154,0.73705775,2.2029164,1.9967862,0.605,1.826,5.838,0.732,0
9j4u,2,1.5178195,2.4869215,2.0624938,0.8379887,2.0988078,1.8656466,0.634,1.567,5.43,0.714,0
9j4u,0,1.6780859,2.7580314,2.351722,0.8973725,2.1716185,2.3435462,0.62,1.904,4.522,0.696,0
9j4u,1,1.594175,2.6387582,2.0795786,0.87454724,2.2550566,2.2055166,0.675,1.675,3.356,0.714,0
4jfe,3,0.7994032,1.3164066,0.6553419,0.5289315,0.80086255,1.9863079,0.808,0.988,3.038,0.84,0
4jfe,2,0.81300575,1.3312032,0.6657039,0.54453665,0.8741549,1.9361371,0.813,1.206,1.821,0.877,0
4jfe,0,0.775203,1.280949,0.80610704,0.48498353,0.761417,1.9123799,0.838,0.978,1.995,0.864,0
4jfe,1,0.8169593,1.3399204,0.5421417,0.55883527,0.7736409,1.9456928,0.86,0.775,2.182,0.852,0
4jfe,4,0.78521687,1.2830493,0.6784465,0.52382135,0.7176599,1.941408,0.853,0.751,2.727,0.852,0
2oi9,4,1.0250633,1.2276776,1.0942079,0.9292364,0.43961486,0.60102224,0.876,0.822,1.453,0.889,0
2oi9,1,0.9337542,0.8095779,0.7376547,0.994844,0.5303783,0.5322995,0.935,0.537,1.112,0.937,0
2oi9,0,1.1417006,1.5924842,0.9075997,0.9466097,0.6319404,0.60033536,0.903,0.677,1.413,0.905,0
2oi9,2,0.91170704,0.8429971,0.93334985,0.9337278,0.36014992,0.87981826,0.92,0.53,1.132,0.889,0
2oi9,3,0.9159712,0.8040683,0.8965687,0.9565495,0.33094063,0.7614237,0.925,0.542,0.994,0.905,0
2f54,4,0.7153785,0.9846225,0.8867601,0.54853576,1.1010954,0.9926966,0.936,0.488,0.959,0.918,0
2f54,2,0.73780805,1.0534718,0.7702283,0.5628007,1.1210307,1.1844112,0.939,0.509,1.333,0.945,0
2f54,3,0.7577982,0.96779627,0.5851814,0.6769052,1.1076491,0.9658328,0.93,0.454,1.088,0.89,0
2f54,1,0.7041542,1.0030156,0.9152029,0.50668544,0.9808937,1.1453305,0.934,0.444,1.633,0.918,0
2f54,0,0.76182765,1.0690496,0.8958457,0.5781838,1.0632358,1.1672771,0.91,0.547,2.107,0.904,0
7pdw,4,0.905697,1.4422166,0.5884944,0.6275504,1.8206584,0.5002208,0.741,0.748,2.03,0.477,0
7pdw,2,0.86959887,1.4580922,0.56563276,0.5337171,1.6935354,1.2326577,0.726,0.742,2.071,0.431,0
7pdw,3,0.72798705,1.0499969,0.5475085,0.580997,0.97265935,0.44307455,0.738,0.611,2.936,0.462,0
7pdw,1,0.7768261,1.1694716,0.9994765,0.5283644,1.5837362,0.60223526,0.748,0.543,3.111,0.477,0
7pdw,0,0.85360277,1.4683784,0.8230023,0.44578907,2.1126938,0.6463342,0.751,0.725,1.618,0.477,0
7n5p,1,1.5488322,2.4604604,1.3357226,1.0016348,3.680147,2.8929887,0.408,1.287,27.108,0.559,0
7n5p,0,1.3193905,2.0835354,1.2288424,0.85077006,2.805255,2.8428278,0.721,1.057,3.319,0.627,0
7n5p,2,1.073773,1.846999,0.7136738,0.566911,3.0487661,2.042251,0.781,0.933,3.421,0.763,0
7n5p,3,1.1034408,1.8485005,0.8504786,0.62631714,2.7501788,2.3179886,0.753,1.009,2.663,0.661,0
7n5p,4,1.3072611,1.9786518,2.0617018,0.72600245,3.2867706,2.1689394,0.44,1.128,30.766,0.61,0
6avf,4,20.337215,30.945436,17.939999,15.828008,35.374184,34.63017,0.009,24.814,55.712,0.0,0
6avf,2,2.2599607,3.9703748,3.3339362,0.99502,5.3836975,3.0441275,0.242,2.685,14.602,0.234,0
6avf,3,2.7888443,4.3901453,5.4795184,1.2131197,4.7903895,4.1843867,0.179,3.16,18.005,0.17,0
6avf,1,2.205937,3.8537076,2.6590276,1.1888027,4.193142,3.4681447,0.225,2.847,15.885,0.234,1
6avf,0,11.168052,20.518959,8.068969,6.0864506,20.719826,8.139587,0.021,17.876,34.735,0.0,0
5c0c,3,0.79622614,0.9965173,0.8604049,0.7115067,0.62903744,1.1062816,0.85,0.757,3.065,0.868,0
5c0c,2,0.7772447,1.0647732,0.7904646,0.6575848,0.65856546,1.143589,0.858,0.767,2.904,0.887,0
5c0c,0,0.74177754,0.94991267,0.7314343,0.66306674,0.5092051,1.0009227,0.875,0.69,2.623,0.887,0
5c0c,1,0.77827317,1.1564845,0.7919855,0.60775846,0.7406717,1.1920153,0.844,0.848,3.328,0.906,0
5c0c,4,0.72974616,1.0352561,0.8668627,0.5774335,0.6361239,1.0936416,0.868,0.758,2.821,0.906,0
6vm7,2,0.7180696,1.1404849,0.58697265,0.48382837,1.3982395,0.903549,0.83,0.808,4.31,0.918,0
6vm7,3,0.7906471,1.2762748,0.6122075,0.51826715,1.5492742,0.7056473,0.819,0.888,3.828,0.885,0
6vm7,1,0.69072723,1.1007688,0.49206796,0.47096452,1.3704447,0.79671764,0.824,0.713,5.5,0.951,0
6vm7,0,0.7369174,1.2402258,0.5629882,0.43266323,1.4386175,0.82819057,0.821,0.788,4.985,0.934,0
6vm7,4,0.7852983,1.2073536,0.6271757,0.5652021,1.4327033,0.7290521,0.815,0.749,4.788,0.885,0
6vma,1,1.8228295,3.4725556,1.3632532,0.94203955,1.7149564,3.1864605,0.482,2.815,8.789,0.741,0
6vma,0,1.6801051,3.162466,0.9092505,0.95206887,1.5630733,2.9185388,0.469,2.478,9.773,0.707,0
6vma,2,1.788957,3.405396,0.97776943,0.97430027,1.7225121,3.168706,0.476,2.752,9.6,0.759,0
6vma,3,1.8052016,3.4622817,1.4148574,0.8963719,1.4781444,3.0512674,0.478,2.772,9.099,0.741,0
6vma,4,1.85683,3.4858787,1.3834482,1.0146974,1.6608219,2.9889019,0.43,2.818,11.723,0.724,0
6vmc,3,1.7899184,3.384963,1.5187554,0.94118345,1.6958398,2.9785237,0.463,2.671,11.449,0.793,0
6vmc,2,1.779715,3.4029093,1.5242915,0.89312047,1.7272049,3.0222056,0.453,2.697,9.381,0.672,0
6vmc,0,1.7587585,3.4143834,1.1272889,0.88338935,1.6308044,3.228604,0.45,2.66,9.676,0.672,0
6vmc,1,2.003457,3.8565078,1.504786,1.0116174,1.9044119,3.1068606,0.392,3.221,10.55,0.603,0
6vmc,4,1.7466425,3.3154116,1.5336434,0.89645344,1.5059808,2.8948674,0.461,2.616,9.458,0.69,0
5c0a,1,0.946614,1.4670693,0.64823055,0.7508467,0.8947564,1.2743961,0.822,0.938,3.548,0.895,0
5c0a,0,0.9250088,1.3317752,1.0358503,0.737103,0.9585377,1.1294951,0.815,0.89,4.111,0.895,0
5c0a,2,0.86522925,1.3530853,0.54953676,0.68326473,0.9955691,1.0998158,0.818,0.845,4.25,0.895,0
5c0a,3,0.7560591,1.0634604,0.5445325,0.6568425,1.0652206,0.8028741,0.9,0.575,2.706,0.921,0
5c0a,4,0.85960513,1.2444826,0.5521853,0.7350821,1.149693,1.0709906,0.846,0.713,4.561,0.947,0
5c07,2,0.6576893,0.822772,0.62293,0.599755,0.5254641,0.78222376,0.841,0.818,2.444,0.83,0
5c07,3,0.5611261,0.6673901,0.8015809,0.48301503,0.5192859,0.6213818,0.915,0.572,2.336,0.943,0
5c07,1,0.5710054,0.69915676,0.6147453,0.5173372,0.4971363,0.59351975,0.898,0.534,2.842,0.906,0
5c07,0,0.5997352,0.770003,0.81374586,0.49830052,0.5333597,0.79245347,0.873,0.605,3.529,0.906,0
5c07,4,0.6110079,0.7473999,0.7997248,0.5307583,0.49846965,0.75409395,0.866,0.764,2.564,0.887,0
1qrn,1,0.6837262,0.94337815,0.8667794,0.52049273,0.7433408,1.1561192,0.927,0.441,1.191,0.881,0
1qrn,0,0.60938114,0.8221153,0.6808632,0.49198446,0.6309749,0.8954939,0.928,0.428,1.262,0.881,0
1qrn,2,0.60960984,0.89159757,0.7583288,0.4284769,0.73055947,1.1878433,0.927,0.456,1.021,0.881,0
1qrn,3,0.63387156,0.86492354,0.7675949,0.49563956,0.6360247,0.92614806,0.912,0.463,2.116,0.881,0
1qrn,4,0.58595765,0.838133,0.6809952,0.43541533,0.59639275,1.1293069,0.962,0.323,0.838,0.94,0
5sws,4,7.590145,16.61862,3.5616026,3.5371473,13.001105,11.162201,0.025,16.214,37.241,0.017,1
5sws,1,7.439785,16.366037,3.4150758,3.3919435,12.454952,10.779907,0.025,15.992,37.463,0.017,1
5sws,0,7.6049476,16.718754,3.4940324,3.4785142,14.753408,11.286203,0.031,16.043,36.887,0.033,0
5sws,2,7.5898824,16.626764,3.5989795,3.5239503,13.196434,11.461801,0.031,16.0,36.355,0.033,0
5sws,3,7.6338043,16.687243,3.6681676,3.5774527,13.230108,10.633658,0.025,16.047,37.53,0.017,0
3pwp,3,0.65957975,0.9230374,0.83086646,0.49778304,0.51151997,0.81934077,0.928,0.426,2.685,0.948,0
3pwp,2,0.6764909,0.95588446,0.8340949,0.5075066,0.50948966,1.0195215,0.948,0.445,1.716,0.966,0
3pwp,0,0.6772887,0.95715576,1.0200682,0.46740606,0.45988965,0.95241547,0.947,0.46,1.292,0.948,0
3pwp,1,0.6582458,0.850332,0.95085377,0.5189323,0.52830696,0.9425729,0.899,0.396,4.083,0.948,0
3pwp,4,0.67129153,0.95072216,1.0288935,0.4571059,0.3599183,1.007977,0.938,0.427,2.116,0.948,0
7q9b,2,2.742416,5.263767,0.9510054,1.1270201,5.1731157,6.088583,0.203,4.11,17.47,0.3,0
7q9b,3,2.7646995,5.275867,0.96559733,1.1835207,5.3724008,6.129573,0.195,4.101,18.901,0.3,0
7q9b,1,2.783701,5.3273473,0.96775925,1.1685295,5.2728987,6.0624304,0.204,4.31,17.55,0.312,0
7q9b,0,2.7612722,5.289061,0.9575647,1.1520494,5.131473,6.0183096,0.193,4.154,18.388,0.287,0
7q9b,4,2.7613683,5.267082,1.0110806,1.1819029,5.3176646,6.0288424,0.204,4.026,17.476,0.3,0
8gvg,0,1.1787846,1.785147,1.0276592,0.98736376,1.7834252,1.4794152,0.798,1.29,1.612,0.853,0
8gvg,1,1.0752363,1.4608936,1.0311126,0.9597408,1.5957856,1.4229035,0.834,1.065,1.874,0.882,0
8gvg,3,1.1118805,1.6596518,1.0848147,0.928703,1.7021374,1.485581,0.774,1.291,2.457,0.824,0
8gvg,2,1.1115555,1.5657045,1.0030061,0.97747207,1.8088939,1.511999,0.799,1.202,1.955,0.838,0
8gvg,4,1.0711687,1.5141976,1.042814,0.93112326,1.4808213,1.5343158,0.812,1.14,1.635,0.838,0
8ye4,0,2.2929685,3.6428897,3.2530556,1.3980442,3.4447956,3.8001175,0.35,2.422,10.51,0.377,0
8ye4,1,2.3418782,3.8000376,3.0736663,1.428648,3.8729398,4.074327,0.361,2.476,10.035,0.396,0
8ye4,3,2.155312,3.332058,3.4505217,1.2697533,3.2635493,3.3303797,0.364,2.192,10.5,0.377,0
8ye4,2,2.2390096,3.6006083,3.3224688,1.2816719,3.3681111,3.603601,0.288,2.482,14.404,0.34,1
8ye4,4,2.624869,4.22157,3.2051258,1.69373,4.7100353,4.260396,0.404,2.82,5.942,0.321,0
8ryp,3,1.0287111,1.6140925,1.0240333,0.76683015,1.1066849,2.7843525,0.762,1.006,5.533,0.895,0
8ryp,2,1.7222072,3.596959,0.72501916,0.45469356,2.569923,6.6861587,0.583,1.723,7.487,0.754,0
8ryp,0,0.8928747,1.5791345,0.8776833,0.53241897,0.9629073,2.5862815,0.724,0.925,6.875,0.842,0
8ryp,1,1.0157372,1.9410353,0.83490896,0.48626268,2.49856,2.6727037,0.817,0.943,2.938,0.842,0
8ryp,4,0.9204606,1.6245974,1.0224795,0.5278643,1.3023578,2.6974308,0.767,0.963,5.138,0.86,0
3ffc,4,0.7910208,0.72440696,0.84199524,0.80408126,0.9176421,0.5924467,0.92,0.534,2.151,0.933,0
3ffc,2,0.79148096,0.7767635,0.9978268,0.7720401,0.99785393,0.7767599,0.938,0.519,1.72,0.96,0
3ffc,3,0.80001986,0.76793087,0.99648726,0.7868566,0.88798434,0.76191473,0.928,0.496,1.946,0.933,0
3ffc,1,0.81043005,0.8186463,0.9218898,0.7959525,1.1401232,0.7814039,0.93,0.547,2.011,0.96,1
3ffc,0,0.72702533,0.6353978,0.84361756,0.73910546,0.7704256,0.48339844,0.937,0.443,2.327,0.96,0
8yiv,4,1.2574838,2.1207855,0.68845654,0.8296054,1.2359546,1.7900115,0.568,1.402,6.749,0.558,0
8yiv,0,1.2085727,1.9961822,0.7852633,0.8215614,1.2770767,1.7342227,0.591,1.35,6.069,0.558,0
8yiv,1,1.2489729,2.1034527,0.688667,0.8261869,1.3052853,1.8604051,0.557,1.392,6.546,0.506,0
8yiv,3,1.2678376,2.1449118,0.6166502,0.8372868,1.3513459,1.7757065,0.567,1.429,6.504,0.545,0
8yiv,2,1.3816277,2.345326,0.9482706,0.877195,1.4507043,1.9301809,0.507,1.607,7.924,0.519,0
3qdg,3,0.81454515,1.3032006,0.71574646,0.5487328,1.1330216,1.0999444,0.878,0.578,2.572,0.847,0
3qdg,2,0.8943385,1.4689078,0.8298309,0.5617984,1.1953819,1.1103117,0.819,0.791,2.404,0.75,0
3qdg,0,0.89301133,1.4474075,0.83167076,0.5785421,1.1820279,1.298266,0.797,0.782,4.244,0.806,0
3qdg,1,0.80479574,1.2415761,0.83617157,0.562535,1.2078378,1.0403088,0.838,0.767,2.818,0.819,0
3qdg,4,0.8376561,1.3803232,0.7969623,0.5188699,1.0955595,1.1630471,0.874,0.663,1.189,0.806,0
8ryq,0,1.0429717,1.968377,0.7380791,0.5064598,1.897951,3.2548597,0.798,1.055,1.897,0.773,0
8ryq,1,1.3241628,2.3694704,1.3223783,0.7175656,2.3391318,4.018705,0.785,1.179,1.619,0.773,0
8ryq,3,1.6473721,3.1717036,1.2106358,0.70800376,2.208207,6.0403,0.749,1.396,1.907,0.758,0
8ryq,2,1.0339715,1.6900547,1.0742596,0.69692296,1.7508496,2.5453486,0.827,0.855,1.851,0.773,0
8ryq,4,0.9973814,1.5705427,1.2767624,0.669853,1.7722384,2.2700365,0.859,0.712,1.785,0.803,0
5isz,4,1.8731962,3.605659,1.2846453,0.85350764,3.3375742,5.094862,0.433,2.236,9.143,0.525,0
5isz,1,1.4046654,2.5188577,1.0074093,0.83805174,2.7364483,2.5737617,0.519,1.731,8.976,0.656,0
5isz,0,1.0073036,1.8535519,0.7280188,0.55363566,2.0256643,1.9560903,0.655,1.442,7.046,0.852,0
5isz,2,1.2935725,2.2853327,1.0940679,0.78277254,2.7650743,2.5412817,0.604,1.538,7.139,0.738,0
5isz,3,1.5849961,3.1549752,1.0222527,0.5773698,2.704522,5.1616917,0.5,1.914,8.008,0.59,0
2bnr,0,0.76633376,0.95502454,0.69620246,0.68822324,0.9786325,0.8848437,0.891,0.597,2.283,0.878,0
2bnr,1,0.75191146,0.95380074,0.7303416,0.66051465,1.0361035,0.62440825,0.869,0.638,2.924,0.865,0
2bnr,3,0.68278486,0.84130603,0.733093,0.6042312,0.92990255,0.64819014,0.918,0.562,1.45,0.905,0
2bnr,2,0.7433998,0.9806222,0.6000729,0.6455332,1.1079009,0.6362637,0.877,0.703,2.505,0.892,0
2bnr,4,0.7474381,0.9739393,0.853847,0.6239194,1.1224072,0.87517506,0.896,0.641,1.326,0.865,0
4mxq,4,0.72978175,0.8757581,0.5485895,0.6972665,1.4137262,0.24638613,0.901,0.677,1.332,0.896,0
4mxq,1,0.72846586,0.98013455,0.586475,0.649809,1.6522675,0.31769967,0.912,0.567,1.061,0.875,0
4mxq,0,0.74916196,1.0351934,0.5768903,0.65820557,1.8159969,0.3169216,0.907,0.704,1.065,0.917,0
4mxq,2,0.7958487,1.0281881,0.41054475,0.7442882,1.5657835,0.36193267,0.885,0.771,1.538,0.896,0
4mxq,3,0.7413728,1.1270906,0.55061024,0.6011975,1.7847238,0.5613217,0.892,0.757,1.072,0.896,0
6g9q,1,0.82263064,1.1313709,1.7882931,0.4971492,0.7802154,1.6805005,0.902,0.71,2.316,0.957,0
6g9q,0,0.72945046,1.2513676,0.51360357,0.52304626,0.76094306,1.9585035,0.866,0.698,3.092,0.894,0
6g9q,2,0.6508431,1.0750362,0.4873011,0.49002182,0.77175,1.5731646,0.891,0.7,2.599,0.936,0
6g9q,3,0.71337193,1.1149293,0.7159856,0.55235076,0.78076136,1.6063426,0.905,0.725,1.545,0.936,0
6g9q,4,0.6844811,1.1188314,0.47909385,0.52570283,0.76333106,1.637586,0.89,0.731,2.748,0.957,0
4jff,2,0.7883387,1.2343999,0.6521777,0.58142686,0.8419932,1.8939328,0.851,0.853,2.363,0.869,0
4jff,3,0.7943892,1.214898,0.63558114,0.608245,0.7603785,1.889032,0.857,0.802,2.211,0.857,0
4jff,1,0.8440968,1.2754983,0.636611,0.6603407,0.83881813,1.8893956,0.847,0.859,2.537,0.869,0
4jff,0,0.79774123,1.2904147,0.6300612,0.56106794,0.8799546,1.8761973,0.847,0.838,2.494,0.857,0
4jff,4,0.7837404,1.2038882,0.6369891,0.5954889,0.8399685,1.8739938,0.859,0.823,2.166,0.869,0
4g8g,1,2.8565881,5.1729074,1.7013055,1.3312553,3.7004402,7.0999684,0.237,3.892,14.759,0.333,0
4g8g,0,2.893736,5.18223,2.2152584,1.3502446,3.6960716,6.6382947,0.25,4.007,14.418,0.368,0
4g8g,2,3.1590264,5.7305255,1.7063951,1.4821321,3.702076,7.461745,0.194,4.432,17.089,0.281,0
4g8g,3,3.106863,5.584224,2.136091,1.4636005,3.6771605,7.302382,0.224,4.273,14.846,0.316,0
4g8g,4,3.2345576,5.7803936,2.3386958,1.5514551,3.9695125,6.7457504,0.2,4.6,16.759,0.298,0
5hyj,1,0.6606872,0.9031016,0.5470466,0.5819242,0.8654344,0.91103584,0.802,0.724,3.917,0.769,0
5hyj,0,0.59866345,0.81035936,0.5538094,0.5248095,0.84511536,0.88223183,0.839,0.773,2.513,0.808,0
5hyj,2,0.6134927,0.85544765,0.52334833,0.53088367,0.7845078,0.8729625,0.842,0.646,3.51,0.827,0
5hyj,3,0.6200704,0.852792,0.53688055,0.54133403,0.8453371,0.72207904,0.825,0.642,3.68,0.788,0
5hyj,4,0.6121816,0.92204106,0.5500808,0.49137157,0.8656211,0.82940114,0.826,0.739,3.352,0.808,0
1mwa,2,0.98619115,1.1443596,1.1568142,0.893349,1.0063124,0.76069856,0.899,0.565,2.834,0.922,1
1mwa,3,0.9834046,1.1450788,1.1423997,0.8904482,1.2119114,0.92027354,0.906,0.532,2.72,0.922,0
1mwa,1,0.9707121,1.1364969,1.1538312,0.87192327,0.9840182,0.7664896,0.914,0.579,1.934,0.922,1
1mwa,0,1.003094,1.211882,1.1366447,0.8894889,1.2297333,0.74963456,0.86,0.607,4.065,0.906,0
1mwa,4,0.97909456,1.1080853,1.1379758,0.9023315,1.0196095,0.9152137,0.907,0.537,2.612,0.922,0
7byd,2,0.88754475,1.4182583,1.18955,0.64220124,1.3575357,1.4938399,0.753,0.998,4.648,0.797,0
7byd,3,0.8786401,1.3305523,0.95088726,0.7002677,1.9518384,1.1908197,0.769,0.965,4.421,0.814,0
7byd,1,0.92044,1.3646914,1.2517941,0.7231572,1.5346403,1.221684,0.748,1.077,4.404,0.797,0
7byd,0,0.93528837,1.4764713,0.9956388,0.71429193,6.028437,0.9593101,0.746,1.11,4.324,0.797,0
7byd,4,0.8565919,1.2887917,0.8682988,0.6919663,1.0945501,1.2390038,0.758,1.066,4.522,0.831,0
2f53,1,0.6628717,0.8690431,0.5119103,0.5772597,0.8898855,0.7926278,0.891,0.531,3.759,0.947,0
2f53,0,0.5897497,0.8140563,0.41257006,0.49197915,0.84980506,0.65448004,0.905,0.578,3.052,0.96,0
2f53,2,0.66554004,0.8435117,0.6828896,0.5771778,0.92066157,0.60531145,0.944,0.473,1.958,0.973,0
2f53,3,0.6596927,0.87020224,0.68248993,0.5506635,0.96397144,0.9721738,0.932,0.459,2.494,0.96,0
2f53,4,0.6140186,0.82071954,0.5648384,0.5149366,0.87034136,0.7636851,0.937,0.497,1.943,0.96,0
4qrp,4,1.2507366,1.852383,0.7793603,1.0820352,1.0747205,1.3091646,0.68,1.122,6.718,0.783,0
4qrp,3,1.3223788,1.8881599,0.8785854,1.1707108,0.98683774,1.3832803,0.761,1.133,4.164,0.841,0
4qrp,2,1.2964144,1.9550554,0.7505227,1.1096535,0.919495,1.505446,0.769,1.16,3.908,0.855,0
4qrp,0,1.3229463,1.846814,0.70692223,1.2007571,0.9707781,1.3472402,0.741,1.107,4.359,0.783,1
4qrp,1,1.303735,1.7964519,0.70288736,1.1924078,0.9603689,1.330256,0.752,1.062,4.746,0.826,0
8gvb,4,1.0909841,1.5954963,1.051588,0.93306273,1.9451686,1.5617452,0.8,1.081,2.8,0.838,0
8gvb,1,1.076862,1.398938,1.0632118,0.98460287,1.2655857,1.515313,0.81,1.032,2.385,0.824,0
8gvb,0,1.0449576,1.4276702,1.0207641,0.9315734,1.1860638,1.508009,0.816,1.167,1.788,0.868,0
8gvb,2,1.0817254,1.4362255,1.0411199,0.98123294,1.5085049,1.472972,0.796,1.079,2.737,0.824,0
8gvb,3,1.0593036,1.425025,1.0831553,0.94689125,1.436962,1.5069797,0.82,1.077,2.019,0.853,0
8rlt,4,0.8624712,1.1845835,0.8148952,0.73663336,0.84548265,1.5402929,0.822,0.584,4.7,0.831,0
8rlt,2,0.80044633,1.1306869,0.74693877,0.66832566,0.5999797,1.5391366,0.846,0.537,4.596,0.877,0
8rlt,3,0.8137202,1.2042648,0.5352783,0.67079437,0.7402933,1.5601723,0.86,0.524,4.104,0.877,0
8rlt,1,0.85239154,1.213162,0.6652857,0.7202444,0.5417096,1.5324627,0.861,0.608,3.149,0.846,0
8rlt,0,0.82022315,1.2428303,0.47352788,0.66436505,0.5399238,1.5448426,0.833,0.63,3.794,0.815,0
3d39,4,0.80170095,1.243497,1.2713267,0.5377983,0.5183542,0.82551026,0.908,0.571,1.763,0.893,0
3d39,1,0.74061847,1.2268281,1.0359945,0.47183734,0.47856727,0.8561757,0.886,0.597,2.529,0.875,0
3d39,0,0.7297015,1.1602509,1.1951361,0.460745,0.5172012,0.8357292,0.9,0.609,1.972,0.893,0
3d39,2,0.75462717,1.188475,1.0515031,0.5246166,0.44076174,0.84540397,0.866,0.603,2.572,0.821,0
3d39,3,0.73499185,1.1744689,0.9457699,0.5142688,0.45156324,0.8605236,0.927,0.552,1.485,0.929,0
7dzn,0,0.79841757,0.99531484,1.2573097,0.6779452,0.87674904,0.7661224,0.789,0.489,1.673,0.5,0
7dzn,1,6.9954395,16.089027,2.4892879,2.1695087,13.588309,15.921679,0.019,11.867,40.226,0.0,0
7dzn,3,7.100562,16.200872,2.6651587,2.3988128,13.091456,15.477194,0.02,12.008,39.689,0.0,0
7dzn,2,1.0108879,1.6181601,1.2343496,0.7754133,0.87041646,0.6981297,0.613,1.081,5.518,0.476,0
7dzn,4,0.87521076,1.2469916,1.348875,0.6899622,1.1908782,0.8669474,0.717,0.622,3.638,0.452,0
3qeq,4,1.457863,2.8812013,1.1621982,0.6678531,1.7988603,1.0160478,0.8,1.072,1.543,0.769,0
3qeq,0,1.4089534,2.9194965,1.2454351,0.41528854,2.0665631,0.90241873,0.768,1.161,2.438,0.754,0
3qeq,1,1.4815745,2.936149,1.1362878,0.6757149,2.0632927,1.0936732,0.783,1.255,2.053,0.815,0
3qeq,3,1.4843978,3.0651815,1.2165424,0.4813931,2.1547136,1.14447,0.624,1.71,5.172,0.708,0
3qeq,2,1.4756563,2.9897635,1.2927145,0.55524766,1.9721359,0.9972803,0.703,1.474,3.171,0.723,0
3qfj,1,0.5223949,0.64811796,0.42174023,0.48000532,0.2533357,0.7664323,0.937,0.392,2.22,0.938,0
3qfj,0,0.545757,0.736252,0.42167044,0.47237518,0.36557162,0.7619854,0.936,0.422,2.402,0.954,0
3qfj,2,0.5557978,0.7307462,0.41682896,0.49273401,0.50228775,0.7543086,0.926,0.405,2.468,0.923,0
3qfj,3,0.5837963,0.7919847,0.41581944,0.5061783,0.5144264,1.022967,0.928,0.43,2.498,0.938,0
3qfj,4,0.5770211,0.7954561,0.23923202,0.50551075,0.3513861,0.78635675,0.923,0.422,3.016,0.954,0
1g6r,1,1.3110131,1.8110645,1.1923608,1.0820844,1.9611083,1.6389225,0.734,1.095,4.994,0.807,0
1g6r,0,1.3657249,2.3155465,0.6537255,0.85002106,1.6556075,1.4135587,0.814,0.846,3.457,0.825,0
1g6r,2,1.475649,2.451652,0.8829199,0.95154953,2.2516956,1.5252105,0.732,1.227,3.923,0.772,0
1g6r,3,1.3345021,1.8491043,1.1960202,1.1001004,2.2116446,1.6230272,0.766,1.095,3.738,0.807,0
1g6r,4,1.3941773,1.8503071,1.9894544,1.0834377,2.2537158,1.6068374,0.751,1.036,4.192,0.772,0
3mv7,4,0.8490599,0.8045745,1.7275405,0.6753562,0.8627144,0.73228425,0.888,0.439,3.634,0.897,0
3mv7,0,0.93907744,0.9692437,1.5941056,0.8012627,0.80367637,0.9935275,0.867,0.434,4.319,0.882,0
3mv7,1,0.95992726,1.0876671,1.706768,0.7447452,1.0609642,0.9165828,0.816,0.645,5.276,0.882,0
3mv7,3,0.93593436,0.9812267,1.7378803,0.74895215,1.1517463,0.93743587,0.877,0.469,4.121,0.912,0
3mv7,2,0.8739243,0.90206075,1.6712114,0.69196254,0.863661,0.84334517,0.933,0.427,1.711,0.912,0
9j4s,3,1.7158021,,4.546643,0.7483021,,,0.004,40.024,86.491,0.0,0
9j4s,2,1.731901,,4.529873,0.8021184,,,0.004,40.016,86.548,0.0,0
9j4s,0,1.3393161,,3.3694832,0.71288604,,,0.004,40.489,87.317,0.0,0
9j4s,1,1.7151486,,4.5591774,0.7362491,,,0.004,40.362,87.13,0.0,0
9j4s,4,1.4660403,,3.710966,0.76574993,,,0.004,40.26,87.127,0.0,1
9hlj,4,2.2391074,4.2115097,2.2584555,1.0208008,4.859069,4.0369487,0.222,2.81,21.634,0.312,0
9hlj,1,2.47519,4.2980843,2.3071933,1.5382783,4.3360653,4.3676157,0.376,2.951,8.609,0.429,0
9hlj,0,2.1007216,3.8585825,2.365787,1.0126514,4.2882776,3.694414,0.267,2.744,18.098,0.39,0
9hlj,2,2.0421522,3.6216555,2.1087804,1.1640911,3.1560805,5.2036185,0.466,2.41,5.886,0.442,0
9hlj,3,1.778442,2.8942459,2.278915,1.1508548,2.9080822,3.0341046,0.526,1.987,5.971,0.545,0
8rlu,4,1.539794,2.549871,1.2128174,1.0569426,3.7156057,1.5704367,0.645,1.732,4.057,0.694,0
8rlu,1,1.1753647,1.8918422,1.2072139,0.81381595,2.6602433,1.4023141,0.746,1.306,2.401,0.742,0
8rlu,0,1.8079846,3.0983074,1.3444781,1.1640267,3.66328,1.9014499,0.585,2.212,5.363,0.726,0
8rlu,2,1.3189873,2.0255864,1.1614097,1.005357,2.6369464,1.6882064,0.746,1.301,2.673,0.758,0
8rlu,3,1.6664634,2.840447,1.1953865,1.0906364,3.609449,1.8900118,0.614,1.967,4.715,0.71,0
9iky,2,1.2438817,2.1075127,2.3583572,0.79245365,1.6658168,2.7155144,0.831,1.058,1.624,0.859,0
9iky,3,1.1289569,1.9854786,2.3351307,0.6234486,1.4306227,2.6757529,0.808,1.059,2.078,0.812,0
9iky,1,1.2873335,2.3770454,2.33224,0.72860503,1.6088434,2.8097324,0.726,1.374,3.058,0.75,0
9iky,0,1.1846666,2.1122162,2.2904925,0.6814676,1.6742561,2.7317526,0.76,1.223,2.601,0.766,0
9iky,4,1.2401288,2.1948397,2.510322,0.6920973,1.5683357,2.8335202,0.813,1.08,1.935,0.828,0
7phr,3,0.74865764,0.8264319,0.8790224,0.7065023,0.73903006,1.1866969,0.783,0.923,4.639,0.854,0
7phr,2,0.75613266,0.84493697,0.904356,0.70749867,0.76318896,1.1807129,0.856,0.647,3.444,0.866,0
7phr,0,0.7645637,0.9015154,0.85712904,0.7034285,0.78224003,1.2073293,0.843,0.659,3.9,0.866,0
7phr,1,0.76052177,0.86037534,0.8812644,0.7110253,0.71290636,1.1980973,0.875,0.721,2.244,0.878,0
7phr,4,0.7592863,0.8331872,0.8817905,0.71962863,0.7499598,1.1855408,0.892,0.632,1.422,0.854,0
4g9f,0,1.367261,2.287979,0.69906926,0.8785512,1.3586638,3.5262709,0.646,1.444,6.292,0.772,0
4g9f,1,1.2048465,1.8990318,0.712582,0.8694592,1.2975905,3.136635,0.827,0.956,3.221,0.895,0
4g9f,3,1.319572,2.1534104,0.7177122,0.89514923,1.2317786,3.3144555,0.726,1.348,3.777,0.789,0
4g9f,2,1.1879267,1.9033777,0.65838933,0.8355231,1.2158104,3.2154603,0.77,1.069,4.183,0.842,0
4g9f,4,1.1815802,1.859215,0.6115773,0.8629988,1.3558095,2.9005945,0.818,0.952,3.135,0.86,0
7n5c,1,1.0713995,1.3455038,2.2070372,0.6640605,2.332574,1.1864195,0.889,0.614,1.914,0.86,0
7n5c,0,0.87848383,1.2002301,0.8892423,0.7054783,1.4657352,1.2076899,0.876,0.608,3.233,0.895,0
7n5c,2,0.74578756,1.0216426,0.74527454,0.5984594,1.5062152,1.1772026,0.898,0.531,3.188,0.93,0
7n5c,3,0.76671994,1.0637858,0.71288794,0.61338264,1.5268676,1.1803253,0.873,0.693,3.079,0.912,0
7n5c,4,0.9123776,1.2087637,0.91067636,0.7598106,1.431152,1.2652159,0.866,0.602,3.685,0.895,0
7su9,1,0.7398253,,0.8717521,0.7276059,,,0.005,33.535,72.613,0.0,0
7su9,0,0.73625064,,1.0531251,0.70302546,,,0.005,33.114,70.499,0.0,0
7su9,2,0.85112965,,0.8576298,0.8505791,,,0.005,33.199,71.711,0.0,0
7su9,3,0.80168533,,0.93618095,0.7892951,,,0.005,33.368,71.453,0.0,2
7su9,4,0.77241766,,0.8047837,0.7696257,,,0.006,33.375,69.812,0.0,0
6bj8,2,0.9231524,1.4455144,0.47832003,0.7064357,1.6382902,0.6489096,0.745,1.228,3.762,0.8,0
6bj8,3,0.9971039,1.4191923,0.7570116,0.8328634,1.4213574,0.8019045,0.741,1.184,4.76,0.846,0
6bj8,1,0.90784603,1.3391557,0.5280608,0.74389094,1.3292098,0.677568,0.748,1.224,4.672,0.877,0
6bj8,0,1.0145979,1.2947552,0.4506016,0.946436,1.1420181,0.5960227,0.782,1.146,3.104,0.831,0
6bj8,4,1.0159348,1.1998833,0.62793815,0.9797244,1.3048139,0.82502604,0.805,1.109,2.953,0.877,0
7dzm,1,0.7891486,1.0503646,0.8789046,0.70263994,0.74824893,0.85644805,0.813,0.414,1.396,0.535,0
7dzm,0,0.6790415,0.9719367,0.8787344,0.56106144,0.8214272,0.94933444,0.784,0.407,3.409,0.558,0
7dzm,2,0.6985583,0.8575215,0.869088,0.6340796,0.6968359,0.9499038,0.811,0.375,2.688,0.581,0
7dzm,3,0.7256032,0.8244941,0.9874222,0.666538,0.74607855,0.95195353,0.763,0.449,3.769,0.535,0
7dzm,4,0.732769,0.88871515,0.9680664,0.66038424,0.65460426,0.88350093,0.817,0.333,1.679,0.535,0
6p64,3,2.0252614,3.756239,0.83588856,0.8955416,1.0624238,2.092253,0.54,2.365,8.301,0.82,0
6p64,2,2.1012821,3.9549081,0.86753964,0.83358836,0.93283325,1.4864454,0.609,2.305,5.435,0.82,0
6p64,0,2.2318563,4.2019124,0.8594887,0.8908965,0.8138784,2.467473,0.593,2.527,6.378,0.88,0
6p64,1,1.9697669,3.7124033,0.7011272,0.7859944,1.0757576,1.990124,0.536,2.297,7.7,0.76,0
6p64,4,2.0589204,3.8560674,0.9540808,0.835947,0.7901446,1.9690701,0.584,2.437,6.408,0.84,0
2nx5,2,1.0627013,1.6471853,1.073392,0.80971235,1.5136938,1.3339753,0.779,1.027,2.339,0.725,0
2nx5,3,1.8684431,1.8140243,5.222355,0.8259282,1.6623658,1.6478906,0.684,1.39,2.813,0.613,0
2nx5,1,1.0488802,1.6555735,0.9124063,0.802854,1.5830858,1.3070564,0.753,1.047,3.585,0.738,0
2nx5,0,1.7547704,1.6072834,4.9216733,0.8224175,1.5840077,1.4340334,0.721,1.32,2.64,0.688,1
2nx5,4,1.0454215,1.663191,0.9378435,0.78810525,1.576219,1.2836666,0.769,1.045,2.701,0.725,0
8rlv,4,0.70995677,0.83145547,0.5926976,0.674794,0.51872057,0.84366333,0.87,0.427,3.495,0.828,0
8rlv,0,0.74805105,0.9366269,0.5732202,0.6887532,0.68638337,0.8473298,0.87,0.459,3.992,0.875,0
8rlv,1,0.72452664,0.85777044,0.5289519,0.6905777,0.49550745,0.8743557,0.84,0.44,5.455,0.891,0
8rlv,3,0.67944145,0.8453411,0.49893436,0.6296534,0.7085551,0.8754155,0.9,0.44,3.486,0.922,0
8rlv,2,0.7135625,0.88923395,0.58888847,0.6555461,0.5396666,0.8724924,0.879,0.477,3.714,0.891,0
4qrr,4,1.0491444,1.5665997,1.0100247,0.8148759,0.6603445,1.2436092,0.884,0.564,1.875,0.823,0
4qrr,1,1.016284,1.5507458,1.0628225,0.7555113,0.8093492,1.2559506,0.882,0.523,2.015,0.806,0
4qrr,0,1.0199636,1.4997921,1.0898994,0.7914448,0.76210225,1.2099456,0.892,0.517,2.089,0.839,0
4qrr,2,1.0508661,1.5456778,1.208206,0.8017731,0.7485415,1.1800255,0.871,0.544,2.72,0.823,0
4qrr,3,1.0285276,1.4985898,1.1317588,0.80167425,0.74992067,1.1096499,0.881,0.545,2.76,0.855,0
8shi,0,2.670103,4.657611,3.7423563,1.551541,5.3572607,3.595403,0.345,3.05,11.282,0.479,0
8shi,1,2.789499,4.9060445,3.7532754,1.6243529,5.8418307,3.6502311,0.325,3.39,13.298,0.521,0
8shi,3,2.4621193,3.9925861,4.016359,1.5226468,4.299176,3.2140763,0.312,2.797,13.153,0.417,0
8shi,2,2.8251526,4.8545737,3.6607304,1.7669094,6.1022267,3.3180068,0.324,3.429,10.522,0.417,0
8shi,4,2.6982756,4.676482,3.8637097,1.5730363,2.5721657,3.5395894,0.265,3.514,14.911,0.396,0
4n0c,1,1.0409124,0.9363334,0.6187823,1.1058327,1.225434,0.5873094,0.872,0.713,1.394,0.827,0
4n0c,0,1.1152685,1.1031967,0.8087016,1.146829,1.6943487,0.82835203,0.867,0.719,1.712,0.827,0
4n0c,2,1.0312029,0.93696004,0.6970337,1.0876354,1.1725563,0.6222104,0.868,0.785,1.457,0.846,0
4n0c,3,1.27897,1.3046786,0.74410033,1.3155622,2.125777,0.70795226,0.84,0.883,1.521,0.808,0
4n0c,4,1.0788457,1.0850569,0.71842897,1.1085808,1.5944654,0.99259895,0.863,0.785,1.282,0.827,0
