pdb_id,model_a,model_b,overall_rmsd,rmsd_TCRA_TCRB,rmsd_Peptide,rmsd_MHC_B2M,rmsd_CDR_TCRA,rmsd_CDR_TCRB,dockq_score,irmsd,lrmsd,fnat,clashes
1ao7,4,1,0.26439318,0.3570951819419861,0.069756545,0.237124,0.4009736180305481,0.6506043076515198,0.878,0.158,5.697,0.956,0
1ao7,4,0,0.614472,0.40774333477020264,0.56476045,0.67900366,0.4080943763256073,0.23106537759304047,0.919,0.214,4.143,0.97,0
1ao7,4,2,0.2091622,0.31594347953796387,0.06650736,0.16658942,0.39771056175231934,0.2509152293205261,0.951,0.142,3.406,1.0,0
1ao7,4,3,0.24593931,0.2881467044353485,0.072008386,0.24182878,0.39506641030311584,0.09862849116325378,0.9,0.105,5.498,1.0,0
1ao7,1,0,0.5832739,0.3835528790950775,0.56612635,0.64406925,0.12232725322246552,0.7049804329872131,0.973,0.155,2.045,0.985,0
1ao7,1,2,0.2384204,0.2691304385662079,0.06038902,0.23864833,0.06274627894163132,0.5911349058151245,0.904,0.096,4.974,0.97,0
1ao7,1,3,0.24960475,0.3636092245578766,0.06686537,0.20629838,0.08739002794027328,0.6629374623298645,0.85,0.206,6.944,0.97,0
1ao7,0,2,0.5802159,0.2945738136768341,0.5675979,0.6575889,0.13735592365264893,0.35731208324432373,0.94,0.153,3.441,0.97,0
1ao7,0,3,0.58973956,0.3666110932826996,0.5623359,0.65705657,0.14145323634147644,0.20622555911540985,0.882,0.255,5.703,0.985,0
1ao7,2,3,0.23674011,0.25418391823768616,0.07560362,0.24187003,0.09365081787109375,0.32366636395454407,0.953,0.188,3.218,1.0,0
1bd2,3,2,0.7342015,1.2162916660308838,0.27789077,0.50814795,1.2675577402114868,0.35654881596565247,0.794,0.901,3.601,0.8,0
1bd2,3,0,0.44781247,0.6065669059753418,0.6603348,0.33901787,0.8641106486320496,0.14636798202991486,0.909,0.328,1.567,0.806,0
1bd2,3,1,0.4577348,0.44175034761428833,0.6683031,0.4336258,0.5874572992324829,0.30701714754104614,0.925,0.29,1.303,0.833,0
1bd2,3,4,0.44097123,0.6293994784355164,0.6575888,0.310555,0.7341949939727783,0.3480115830898285,0.858,0.339,4.235,0.821,0
1bd2,2,0,0.6434388,0.9854750037193298,0.6656887,0.46431673,0.9968758821487427,0.3410625755786896,0.848,0.72,2.409,0.806,0
1bd2,2,1,0.6968784,1.151391625404358,0.6657095,0.44286135,0.9325640201568604,0.3631104826927185,0.821,0.835,2.556,0.783,0
1bd2,2,4,0.7758802,1.1477887630462646,0.6910607,0.6044068,1.2019394636154175,0.4386361837387085,0.803,0.9,2.999,0.786,0
1bd2,0,1,0.52838427,0.5786523818969727,0.0804883,0.5384073,0.6656840443611145,0.2234727442264557,0.952,0.219,0.726,0.883,0
1bd2,0,4,0.47558928,0.6481180787086487,0.15621999,0.42474762,0.6532593965530396,0.2643435001373291,0.92,0.437,2.954,0.946,0
1bd2,1,4,0.51022404,0.633101224899292,0.16938241,0.48652178,0.6500133872032166,0.23920686542987823,0.895,0.429,3.322,0.893,0
1fo0,0,1,0.886313,1.7660304307937622,0.6275812,0.40168402,3.831819772720337,0.5916810631752014,0.864,0.794,1.33,0.833,0
1fo0,0,3,0.8855829,1.8030002117156982,0.26563957,0.39374092,3.961613893508911,0.6814029812812805,0.907,0.579,1.055,0.864,0
1fo0,0,2,0.9887107,2.025324583053589,0.25459337,0.42590538,4.510537147521973,0.6787593364715576,0.89,0.525,2.089,0.836,0
1fo0,0,4,0.9474836,1.9187570810317993,0.43947095,0.4209858,4.078467845916748,0.7128499150276184,0.903,0.563,0.992,0.845,0
1fo0,1,3,0.58081335,1.1293244361877441,0.6020247,0.2994331,2.9258759021759033,0.18347592651844025,0.855,0.777,1.696,0.814,0
1fo0,1,2,0.5334512,0.8987427949905396,0.5949926,0.37518317,1.918472170829773,0.4386999011039734,0.863,0.595,3.021,0.836,0
1fo0,1,4,0.644571,1.284253716468811,0.4998118,0.33163556,2.89300799369812,0.3903462290763855,0.808,0.978,1.152,0.741,0
1fo0,3,2,0.96454,2.0032711029052734,0.18359822,0.37511513,4.327647686004639,0.598013699054718,0.891,0.686,1.82,0.891,0
1fo0,3,4,0.6526272,1.2262910604476929,0.38155207,0.38260975,2.120107650756836,0.4243326485157013,0.875,0.766,1.477,0.862,0
1fo0,2,4,1.014631,2.124908685684204,0.40016362,0.38249648,4.493062973022461,0.3547064960002899,0.819,0.78,2.642,0.759,0
1g6r,1,0,1.2727677,2.1855249404907227,1.2041336,0.67416924,1.6321640014648438,0.7277721762657166,0.86,0.811,1.976,0.857,0
1g6r,1,2,1.1217715,1.802104115486145,1.1056184,0.7185313,1.5919278860092163,0.8720340132713318,0.855,0.658,2.546,0.81,0
1g6r,1,3,0.30280837,0.5468111634254456,0.19077197,0.14106615,0.9871856570243835,0.14243166148662567,0.937,0.294,2.671,0.937,0
1g6r,1,4,0.51280487,0.6100758910179138,1.4414485,0.16374576,1.2343029975891113,0.14077457785606384,0.945,0.274,1.305,0.889,0
1g6r,0,2,0.92765695,1.5981731414794922,0.6018496,0.52990025,1.7247499227523804,0.8537912964820862,0.845,0.841,2.271,0.841,0
1g6r,0,3,0.94676423,1.341820478439331,1.1965091,0.70802677,1.736449956893921,0.7411674857139587,0.872,0.837,2.003,0.905,0
1g6r,0,4,1.0359298,1.3340668678283691,2.0262976,0.6965868,1.7025731801986694,0.7017229199409485,0.873,0.784,1.289,0.857,0
1g6r,2,3,1.083183,1.6952115297317505,1.0697163,0.74202645,1.2282463312149048,0.8386548161506653,0.9,0.607,1.092,0.857,0
1g6r,2,4,1.1802253,1.6958926916122437,2.01644,0.74635696,1.1086089611053467,0.8775834441184998,0.888,0.663,1.507,0.857,0
1g6r,3,4,0.47796297,0.3817117512226105,1.5341156,0.17940275,0.6780852675437927,0.14287741482257843,0.955,0.23,1.543,0.921,0
1kj2,4,3,0.6920975,1.1916314363479614,0.12156486,0.4903802,0.49833887815475464,0.4770585894584656,0.938,0.352,0.977,0.879,0
1kj2,4,2,0.6628758,1.292234182357788,0.0886885,0.33279195,0.8544804453849792,0.5025238394737244,0.863,0.778,1.583,0.833,0
1kj2,4,0,0.39557138,0.8153933882713318,0.108673625,0.13220206,0.7821917533874512,0.4322175085544586,0.942,0.436,1.319,0.927,0
1kj2,4,1,0.7428424,1.4745585918426514,0.14057802,0.33899546,1.1801203489303589,0.5162138342857361,0.845,0.749,1.799,0.776,0
1kj2,3,2,0.6023503,1.1084455251693726,0.09879934,0.3652595,0.4393760859966278,0.19782546162605286,0.869,0.803,2.144,0.889,0
1kj2,3,0,0.6285909,1.04482102394104,0.13646314,0.4684689,0.3729846477508545,0.4013482630252838,0.919,0.441,2.036,0.891,0
1kj2,3,1,0.67633545,1.2985881567001343,0.09020417,0.35613894,1.2798446416854858,0.29949918389320374,0.854,0.719,1.404,0.776,0
1kj2,2,0,0.49761778,0.9364033937454224,0.13436192,0.29467118,0.22351455688476562,0.3852200508117676,0.892,0.569,1.626,0.836,0
1kj2,2,1,0.50003415,0.9502145648002625,0.0990343,0.28878587,1.5186060667037964,0.3609699606895447,0.88,0.49,2.018,0.791,0
1kj2,0,1,0.6511309,1.2706071138381958,0.1722473,0.33934012,1.4985677003860474,0.5432736277580261,0.829,0.632,2.71,0.731,0
1lp9,2,3,0.6792063,0.7990569472312927,0.67505753,0.6405008,0.7898342609405518,0.3165552020072937,0.952,0.3,1.816,0.939,0
1lp9,2,1,0.8635139,1.729425311088562,0.116803564,0.41654846,2.7443487644195557,0.3031296133995056,0.914,0.429,1.932,0.868,0
1lp9,2,0,0.65525484,1.3182073831558228,0.36689228,0.2845626,2.077794075012207,0.4553169310092926,0.915,0.425,1.59,0.853,0
1lp9,2,4,0.77416044,1.5020744800567627,0.39042842,0.40803373,1.6736122369766235,0.3745459020137787,0.925,0.494,2.09,0.929,0
1lp9,3,1,0.98523283,1.8043619394302368,0.6703665,0.6164874,2.8710272312164307,0.4158536493778229,0.911,0.463,1.554,0.853,0
1lp9,3,0,0.9320625,1.569815754890442,0.5669985,0.69077486,2.253660202026367,0.4561620056629181,0.914,0.472,1.638,0.868,0
1lp9,3,4,0.9384772,1.596239686012268,0.5965039,0.68282235,1.716167688369751,0.4720138907432556,0.929,0.521,1.086,0.911,0
1lp9,1,0,0.63179654,1.1574524641036987,0.3624668,0.38548362,1.6518254280090332,0.30409926176071167,0.933,0.416,0.931,0.882,0
1lp9,1,4,1.0400629,2.1063077449798584,0.4111919,0.42801416,3.2171101570129395,0.4594397246837616,0.898,0.672,1.007,0.875,0
1lp9,0,4,0.9639005,1.926597237586975,0.20145504,0.49168238,2.6372129917144775,0.5830329060554504,0.872,0.686,1.55,0.821,0
1mi5,0,1,1.229897,2.5741822719573975,0.36713544,0.5230145,3.822169542312622,0.635435938835144,0.811,1.229,1.0,0.849,0
1mi5,0,3,0.81195,1.2370452880859375,0.7603387,0.6577913,1.2505714893341064,0.49158284068107605,0.907,0.537,1.574,0.868,0
1mi5,0,2,1.2793126,2.662597894668579,0.23664737,0.57153726,3.6699724197387695,0.4593644142150879,0.794,1.238,1.204,0.808,0
1mi5,0,4,0.8483113,1.356950044631958,0.8239375,0.64916253,0.71407550573349,0.9280951619148254,0.912,0.588,1.613,0.903,0
1mi5,1,3,1.1868099,2.002159357070923,0.62481314,0.9260177,1.6107484102249146,0.5015302896499634,0.798,1.134,1.849,0.803,0
1mi5,1,2,0.85975236,0.6031516194343567,0.3013607,0.94732165,0.6497480869293213,0.5514642596244812,0.943,0.404,0.724,0.904,0
1mi5,1,4,1.1285849,1.9759844541549683,0.7701768,0.8255911,1.6894623041152954,0.7001290321350098,0.824,1.057,1.802,0.847,0
1mi5,3,2,1.2861761,2.636054754257202,0.6919982,0.5681889,3.734022378921509,0.41235601902008057,0.805,1.14,2.032,0.836,0
1mi5,3,4,0.5387618,0.931922972202301,0.5115872,0.36724067,1.147966980934143,0.8229731917381287,0.955,0.454,0.873,0.958,0
1mi5,2,4,1.1395596,2.1647701263427734,0.7673837,0.7104462,2.367027997970581,0.8859603404998779,0.801,1.125,2.106,0.819,0
1mwa,2,3,0.26529217,0.48287686705589294,0.20502588,0.10071446,0.938966691493988,0.4457172155380249,0.983,0.194,1.237,0.985,1
1mwa,2,1,0.18254022,0.16596324741840363,0.10932431,0.19487906,0.29383209347724915,0.078437939286232,0.978,0.149,1.423,0.972,1
1mwa,2,0,0.26633245,0.46340423822402954,0.29382926,0.11474274,0.9218334555625916,0.16636432707309723,0.967,0.196,2.016,0.971,1
1mwa,2,4,0.20544025,0.3020171821117401,0.2263215,0.148645,0.20975613594055176,0.4689631760120392,0.99,0.168,0.384,0.985,1
1mwa,3,1,0.31526858,0.5160012245178223,0.22521672,0.19583724,1.0398136377334595,0.4345717132091522,0.976,0.208,0.938,0.958,0
1mwa,3,0,0.19355877,0.3206202983856201,0.19721353,0.10605802,0.2204914391040802,0.4600667953491211,0.974,0.218,1.427,0.971,0
1mwa,3,4,0.28054625,0.4896042048931122,0.08778128,0.15008426,1.0578351020812988,0.13148362934589386,0.987,0.139,1.087,0.985,0
1mwa,1,0,0.27347878,0.47436362504959106,0.30273494,0.11869549,0.9894317388534546,0.16507941484451294,0.974,0.178,2.205,1.0,1
1mwa,1,4,0.23255171,0.3242153823375702,0.23517904,0.18430315,0.2937195897102356,0.4756205081939697,0.983,0.202,1.192,0.985,1
1mwa,0,4,0.34310627,0.5898430943489075,0.21563707,0.1850737,1.0347802639007568,0.4572620093822479,0.96,0.217,2.034,0.956,0
1nam,1,0,1.4043474,3.112929344177246,0.80416846,0.33893403,5.442245006561279,0.9019989967346191,0.7,1.331,3.138,0.661,0
1nam,1,2,1.1590232,2.5284225940704346,0.7267213,0.35077047,5.119132995605469,1.2283560037612915,0.82,0.827,1.148,0.712,0
1nam,1,3,1.3790257,3.0317564010620117,0.6861754,0.4064162,5.1989336013793945,1.0522141456604004,0.734,1.234,1.912,0.655,0
1nam,1,4,1.1521378,2.5057990550994873,0.76584595,0.35357457,4.137324333190918,1.2036813497543335,0.784,0.954,1.398,0.667,0
1nam,0,2,1.1869746,2.659237861633301,0.8326052,0.18074037,4.236204147338867,0.8374572992324829,0.746,1.563,2.631,0.846,1
1nam,0,3,0.5424862,0.790610671043396,1.0001168,0.36994556,1.2076252698898315,0.6121218800544739,0.909,0.512,1.524,0.862,1
1nam,0,4,1.0449623,2.281503438949585,1.0178156,0.21085165,4.632094383239746,0.672968327999115,0.778,1.03,2.129,0.714,1
1nam,2,3,1.3582122,2.995560646057129,0.55912805,0.3561914,4.625705242156982,0.9887078404426575,0.723,1.509,1.633,0.707,0
1nam,2,4,1.1194704,2.4531476497650146,0.5754758,0.30785555,3.7742490768432617,0.6204574108123779,0.757,1.211,1.076,0.683,0
1nam,3,4,1.052286,2.1563847064971924,0.597509,0.51009154,4.150158882141113,0.740764319896698,0.823,0.896,1.013,0.746,1
1oga,2,3,0.66085905,1.1072431802749634,0.8738022,0.41106644,1.6180983781814575,0.5564240217208862,0.814,0.81,5.236,0.943,0
1oga,2,1,0.3796706,0.5306457281112671,0.1482601,0.34098965,0.5305030345916748,0.5124862194061279,0.933,0.367,3.255,0.982,0
1oga,2,0,0.8041323,1.519679307937622,0.6801426,0.4169795,2.9314112663269043,0.5503296256065369,0.812,0.833,3.869,0.842,0
1oga,2,4,0.91373855,1.8213822841644287,0.305038,0.4219142,2.9387834072113037,0.5420656800270081,0.788,0.9,4.676,0.862,0
1oga,3,1,0.49573496,0.7460772395133972,0.84257805,0.33222494,1.1571048498153687,0.20244035124778748,0.901,0.556,2.327,0.895,0
1oga,3,0,0.52475655,0.975371778011322,0.59273225,0.27874187,1.8617866039276123,0.3417987525463104,0.941,0.306,1.547,0.895,0
1oga,3,4,0.64538026,1.2410985231399536,0.82315356,0.27188993,1.8464339971542358,0.215408056974411,0.933,0.415,0.874,0.879,0
1oga,1,0,0.71140784,1.258622169494629,0.6343848,0.45828384,2.6127712726593018,0.3809436559677124,0.896,0.595,1.665,0.86,0
1oga,1,4,0.73919344,1.4199055433273315,0.19420528,0.42535588,2.6149308681488037,0.1416020393371582,0.891,0.674,1.676,0.879,0
1oga,0,4,0.5454576,1.0825384855270386,0.6004717,0.21008848,0.9862505793571472,0.33436301350593567,0.971,0.249,1.356,0.966,0
1qrn,1,0,0.45212504,0.5460854172706604,0.5415614,0.39911073,0.3828209936618805,0.6492674946784973,0.995,0.175,0.243,1.0,0
1qrn,1,2,0.46430397,0.4410303831100464,0.39354658,0.47975996,0.2875864803791046,0.1854322850704193,0.974,0.195,1.527,0.971,0
1qrn,1,3,0.4579918,0.5091454982757568,0.40094906,0.44320974,0.48088160157203674,0.6345791220664978,0.963,0.294,1.507,0.956,0
1qrn,1,4,0.43984097,0.5743568539619446,0.53273773,0.36342075,0.4507625997066498,0.2729359269142151,0.958,0.319,0.882,0.929,0
1qrn,0,2,0.39320457,0.40269574522972107,0.35838956,0.39322945,0.47778788208961487,0.6767836809158325,0.949,0.256,1.656,0.912,0
1qrn,0,3,0.393128,0.5117282271385193,0.36319897,0.34172165,0.29061123728752136,0.15305490791797638,0.95,0.275,1.511,0.912,0
1qrn,0,4,0.39175245,0.6819445490837097,0.068056405,0.22989827,0.248468816280365,0.6870467066764832,0.947,0.332,0.981,0.9,0
1qrn,2,3,0.42063877,0.5727604627609253,0.09460065,0.37070867,0.4047672748565674,0.6456630825996399,0.96,0.304,2.235,0.985,0
1qrn,2,4,0.41799378,0.6593233942985535,0.3547332,0.28377038,0.3964666426181793,0.22735528647899628,0.961,0.349,0.771,0.943,0
1qrn,3,4,0.36981788,0.5685420632362366,0.3551786,0.25965512,0.1363460272550583,0.6513183116912842,0.946,0.365,1.912,0.943,0
1qse,2,3,0.35932377,0.3443234860897064,0.47338167,0.3493619,0.3871658742427826,0.33226221799850464,0.974,0.22,0.91,0.955,0
1qse,2,1,0.38139924,0.44784417748451233,0.21312019,0.36904687,0.11595388501882553,0.6612117290496826,0.948,0.183,2.53,0.941,0
1qse,2,0,0.398149,0.4942634403705597,0.51881236,0.33622295,0.4043593108654022,0.6722051501274109,0.956,0.214,1.749,0.928,0
1qse,2,4,0.36396122,0.4619624614715576,0.38470262,0.31608838,0.4008747339248657,0.7145437598228455,0.957,0.303,0.747,0.917,0
1qse,3,1,0.493421,0.5418660044670105,0.41639,0.4825495,0.4018609821796417,0.7178016901016235,0.972,0.246,1.794,0.985,0
1qse,3,0,0.45422915,0.5333148837089539,0.83079636,0.34725562,0.16221190989017487,0.7408317923545837,0.966,0.267,1.031,0.942,0
1qse,3,4,0.3893254,0.3992459177970886,0.45606205,0.37690666,0.13480350375175476,0.4922862648963928,0.959,0.285,1.216,0.931,0
1qse,1,0,0.43088764,0.36197903752326965,0.6675729,0.4194253,0.4066806137561798,0.13861356675624847,0.974,0.189,1.164,0.957,0
1qse,1,4,0.45221964,0.6225181221961975,0.48329368,0.36304808,0.4389868974685669,0.9244577884674072,0.933,0.332,2.823,0.944,0
1qse,0,4,0.429848,0.5546385645866394,0.5720707,0.34722173,0.16648618876934052,0.9181016683578491,0.951,0.328,1.864,0.944,0
1qsf,3,2,0.37415743,0.36780017614364624,0.37236977,0.37640524,0.2610606253147125,0.13749930262565613,0.978,0.189,1.612,0.983,0
1qsf,3,0,0.3012191,0.4639923572540283,0.080516174,0.24197644,0.46538102626800537,0.6219143867492676,0.973,0.181,1.241,0.955,0
1qsf,3,1,0.36989772,0.3875141441822052,0.367118,0.36421797,0.2669401168823242,0.6512336730957031,0.959,0.223,2.031,0.953,0
1qsf,3,4,0.34674743,0.4777562916278839,0.36725235,0.28852135,0.3011036813259125,0.2675063908100128,0.959,0.244,2.238,0.968,0
1qsf,2,0,0.32523775,0.3750876784324646,0.3740717,0.30171925,0.39370882511138916,0.6025112271308899,0.959,0.227,0.896,0.909,0
1qsf,2,1,0.3668579,0.2789120376110077,0.06502169,0.40772328,0.06416866928339005,0.6147230863571167,0.971,0.156,1.024,0.938,0
1qsf,2,4,0.36622572,0.42256367206573486,0.0723829,0.36471385,0.180987149477005,0.214752659201622,0.968,0.209,1.462,0.952,0
1qsf,0,1,0.37958384,0.29081958532333374,0.3736739,0.40536168,0.3901310861110687,0.1676996797323227,0.987,0.161,0.915,0.984,0
1qsf,0,4,0.4576046,0.6417186856269836,0.3816702,0.3855698,0.420401006937027,0.5975058674812317,0.978,0.265,1.23,0.984,0
1qsf,1,4,0.42880657,0.6362317204475403,0.07167977,0.36143228,0.15613412857055664,0.6161105632781982,0.992,0.199,0.697,1.0,0
2ak4,4,2,0.6558875,1.1135157346725464,0.349337,0.38158068,0.3249068558216095,1.7961986064910889,0.917,0.461,3.126,0.956,0
2ak4,4,3,0.6172072,0.964160680770874,0.16495325,0.45625305,0.32211369276046753,1.7402737140655518,0.895,0.639,1.383,0.865,0
2ak4,4,1,0.6946705,1.1331106424331665,0.3804701,0.45328,0.6886069774627686,2.2419350147247314,0.903,0.617,1.531,0.886,0
2ak4,4,0,0.6716262,1.1596916913986206,0.165981,0.38533863,0.6632482409477234,2.1582536697387695,0.867,0.76,2.788,0.903,0
2ak4,2,3,0.5394357,0.7841678261756897,0.35560268,0.43035766,0.30892735719680786,1.2391589879989624,0.866,0.56,3.484,0.865,0
2ak4,2,1,0.53758126,0.9100626707077026,0.23180412,0.32800588,0.6683796048164368,1.6645082235336304,0.928,0.448,1.903,0.914,0
2ak4,2,0,0.50706226,0.8291588425636292,0.362861,0.32208863,0.6190863251686096,1.3937875032424927,0.921,0.545,1.693,0.917,0
2ak4,3,1,0.5181545,0.7747571468353271,0.42937186,0.38282505,0.6281571984291077,1.3074254989624023,0.927,0.484,2.272,0.943,0
2ak4,3,0,0.59190005,0.9407532215118408,0.16733095,0.42376947,0.5673749446868896,1.413735270500183,0.9,0.509,3.04,0.917,0
2ak4,1,0,0.4804026,0.8138223886489868,0.4255696,0.27108607,0.4340461492538452,1.0666346549987793,0.947,0.382,1.458,0.931,0
2bnq,1,0,0.40977448,0.35741472244262695,0.47211757,0.4207621,0.45164456963539124,0.18495163321495056,0.966,0.19,1.466,0.944,0
2bnq,1,2,0.44460946,0.47725364565849304,0.3631242,0.44004455,0.48759037256240845,0.6294723153114319,0.959,0.236,1.103,0.919,0
2bnq,1,3,0.34810883,0.38517093658447266,0.49052885,0.31178787,0.2555742859840393,0.14422395825386047,0.961,0.223,1.441,0.932,0
2bnq,1,4,0.39918846,0.41603386402130127,0.6123277,0.36000618,0.5121041536331177,0.5368545651435852,0.971,0.205,2.039,0.986,0
2bnq,0,2,0.4757114,0.5020999312400818,0.5790895,0.4514363,0.3375164866447449,0.6431995630264282,0.95,0.296,1.143,0.905,0
2bnq,0,3,0.35108447,0.5050420761108398,0.097479716,0.29166174,0.4997512996196747,0.17470616102218628,0.959,0.248,1.003,0.918,0
2bnq,0,4,0.3988304,0.3669968545436859,0.5600092,0.38839337,0.2726348042488098,0.5192971229553223,0.984,0.145,0.865,0.971,0
2bnq,2,3,0.46919328,0.44866999983787537,0.5907835,0.46127722,0.420136958360672,0.6103441715240479,0.972,0.156,0.634,0.932,0
2bnq,2,4,0.5403243,0.4908714294433594,0.7055184,0.5368817,0.23492878675460815,0.7941240668296814,0.981,0.241,1.527,1.0,0
2bnq,3,4,0.36158505,0.48713886737823486,0.5364636,0.2688594,0.44288119673728943,0.5049328207969666,0.98,0.189,1.456,0.986,0
2bnr,0,1,0.4485048,0.40874627232551575,0.56000304,0.4495054,0.11182744055986404,0.6137908697128296,0.98,0.133,0.862,0.957,0
2bnr,0,3,0.510486,0.4504762291908264,0.5649273,0.52625895,0.2618787884712219,0.6433801651000977,0.927,0.208,2.52,0.882,0
2bnr,0,2,0.52985823,0.5618832111358643,0.37059703,0.53196573,0.2742341160774231,0.9095296859741211,0.955,0.223,0.796,0.895,0
2bnr,0,4,0.49077132,0.560697078704834,0.5071464,0.45799664,0.6763846278190613,0.12142802774906158,0.958,0.29,1.904,0.958,0
2bnr,1,3,0.3381736,0.40155354142189026,0.11855534,0.32746705,0.3068731427192688,0.2267996370792389,0.911,0.216,3.082,0.868,0
2bnr,1,2,0.46951085,0.534666895866394,0.65141606,0.4145904,0.26164335012435913,0.6722453236579895,0.947,0.184,0.957,0.868,0
2bnr,1,4,0.37635353,0.5934759974479675,0.47690526,0.22230521,0.6726068258285522,0.6186754703521729,0.952,0.278,2.538,0.972,0
2bnr,3,2,0.42534956,0.47492513060569763,0.66486096,0.3661877,0.366713285446167,0.6925588250160217,0.951,0.28,2.399,0.961,0
2bnr,3,4,0.4492377,0.5986757278442383,0.47395566,0.37163207,0.7082175612449646,0.6339657306671143,0.969,0.292,0.999,0.958,0
2bnr,2,4,0.5672439,0.744269609451294,0.6219118,0.47218817,0.769012987613678,0.9191685318946838,0.956,0.331,1.836,0.958,0
2ckb,1,0,0.56576645,1.0095616579055786,0.27211642,0.32149726,1.4870319366455078,0.4907812476158142,0.89,0.716,2.347,0.925,0
2ckb,1,2,0.58563924,0.9732016324996948,0.46903667,0.381565,1.0853241682052612,0.3890186548233032,0.869,0.776,2.192,0.881,0
2ckb,1,3,0.63959104,1.1170095205307007,0.29232743,0.3902602,1.257800817489624,0.571498453617096,0.806,0.943,3.785,0.866,0
2ckb,1,4,0.35444993,0.5815396904945374,0.17339379,0.24915884,0.6568392515182495,0.3700786828994751,0.919,0.44,2.552,0.919,0
2ckb,0,2,0.39467403,0.6830931901931763,0.4617246,0.18949905,1.3563416004180908,0.3211565911769867,0.93,0.38,1.849,0.896,0
2ckb,0,3,0.38252577,0.69507896900177,0.19835757,0.1882885,1.3974361419677734,0.2239651381969452,0.94,0.417,1.591,0.925,0
2ckb,0,4,0.48907387,0.8278014659881592,0.28800058,0.30657822,1.3395332098007202,0.4473256766796112,0.895,0.55,1.911,0.851,0
2ckb,2,3,0.2349117,0.31900617480278015,0.44472015,0.14946224,0.3324078321456909,0.268057644367218,0.936,0.277,2.837,0.94,0
2ckb,2,4,0.40901768,0.6235402226448059,0.43998942,0.2904943,0.6467291116714478,0.237082839012146,0.906,0.484,1.352,0.838,0
2ckb,3,4,0.46219006,0.7430988550186157,0.27896407,0.3253255,0.7543060183525085,0.40982380509376526,0.86,0.633,2.7,0.824,0
2e7l,4,1,0.44442487,0.5350993871688843,0.1398457,0.4283023,0.8799409866333008,0.44619113206863403,0.968,0.164,1.006,0.931,0
2e7l,4,0,0.55777717,0.7114352583885193,0.5772993,0.48380822,1.2517253160476685,0.1774342954158783,0.966,0.304,0.656,0.943,0
2e7l,4,2,0.4786673,0.5502089262008667,0.6563989,0.4224113,0.9828644394874573,0.2696642279624939,0.954,0.268,0.698,0.9,0
2e7l,4,3,0.46632373,0.5413407683372498,0.19175722,0.45689124,0.8977664709091187,0.22890205681324005,0.958,0.26,1.384,0.928,0
2e7l,1,0,0.49663192,0.617137610912323,0.57677275,0.43198946,0.9278009533882141,0.42987820506095886,0.932,0.692,1.006,0.986,0
2e7l,1,2,0.5282898,0.5426360964775085,0.65869516,0.5061697,1.1485199928283691,0.47332999110221863,0.879,0.934,0.893,0.929,0
2e7l,1,3,0.43048126,0.4149947464466095,0.15045059,0.4563042,0.672658383846283,0.4634878635406494,0.954,0.52,1.071,0.986,0
2e7l,0,2,0.52273494,0.6834909319877625,0.3942836,0.46112084,1.1668487787246704,0.2140064537525177,0.962,0.296,0.629,0.929,0
2e7l,0,3,0.52661145,0.587695300579071,0.5727098,0.49579805,0.9010452032089233,0.11550304293632507,0.975,0.185,1.118,0.957,0
2e7l,2,3,0.5386288,0.5388635993003845,0.66755325,0.5224204,1.1063038110733032,0.2544008195400238,0.958,0.282,1.208,0.928,0
2esv,2,3,0.46932435,0.7177379727363586,0.1092371,0.38441125,1.0183849334716797,0.40042489767074585,0.925,0.434,1.95,0.903,0
2esv,2,1,0.52317655,0.6610868573188782,0.12678017,0.49758205,0.8891780972480774,0.4119318425655365,0.918,0.505,1.561,0.887,0
2esv,2,0,0.6193842,0.8474110960960388,0.110155165,0.56101805,1.0233017206192017,0.4355480670928955,0.925,0.595,1.164,0.93,0
2esv,2,4,0.73236245,0.8697689771652222,0.38546926,0.71072626,0.9246820211410522,0.6450497508049011,0.956,0.309,0.944,0.919,0
2esv,3,1,0.451527,0.471427857875824,0.11464907,0.4658851,0.6551638841629028,0.26715758442878723,0.956,0.218,1.874,0.935,0
2esv,3,0,0.5050796,0.6172575950622559,0.10386915,0.49064597,0.861967921257019,0.3289629817008972,0.954,0.407,1.599,0.965,0
2esv,3,4,0.7370889,0.9795944690704346,0.39966914,0.6737992,0.7752353549003601,0.8718228936195374,0.923,0.527,1.731,0.919,0
2esv,1,0,0.54940206,0.6155423521995544,0.12145424,0.553294,0.7081212401390076,0.3362530767917633,0.962,0.35,0.903,0.947,0
2esv,1,4,0.7401621,1.0363527536392212,0.39599448,0.6507552,0.907915472984314,0.9254777431488037,0.911,0.554,1.98,0.903,0
2esv,0,4,0.8104153,1.1480209827423096,0.40378964,0.7089834,1.0260229110717773,0.8960132598876953,0.886,0.619,1.626,0.839,0
2f53,1,0,0.32669312,0.354444682598114,0.26793823,0.32105246,0.17701850831508636,0.5373818278312683,0.986,0.154,1.212,0.988,0
2f53,1,2,0.39338562,0.45689132809638977,0.6974495,0.3085581,0.45779046416282654,0.5251603722572327,0.925,0.38,3.065,0.951,0
2f53,1,3,0.4172567,0.5188947916030884,0.4742507,0.36043683,0.2554536759853363,0.6248982548713684,0.966,0.308,1.637,0.976,0
2f53,1,4,0.2402287,0.25566741824150085,0.2383077,0.23393191,0.19788511097431183,0.1271756887435913,0.939,0.312,2.919,0.964,0
2f53,0,2,0.46395102,0.4834609031677246,0.7487622,0.41096056,0.49842289090156555,0.22688831388950348,0.932,0.526,2.089,0.963,0
2f53,0,3,0.4612095,0.5883694887161255,0.5334823,0.3892685,0.34735000133514404,0.833685576915741,0.946,0.522,1.126,0.963,0
2f53,0,4,0.35650006,0.43872469663619995,0.36025244,0.3174765,0.25184640288352966,0.540198028087616,0.944,0.456,1.924,0.964,0
2f53,2,3,0.49480268,0.5498180389404297,0.8410192,0.41147783,0.36666056513786316,0.8016105890274048,0.965,0.199,1.699,0.951,0
2f53,2,4,0.3986026,0.469682902097702,0.7379585,0.300629,0.39339664578437805,0.5172901153564453,0.977,0.235,0.808,0.964,0
2f53,3,4,0.41205028,0.47531336545944214,0.52594984,0.3678321,0.18198265135288239,0.6255033612251282,0.963,0.2,1.825,0.952,0
2f54,4,2,0.46861467,0.49505823850631714,0.44235483,0.46092084,0.23284505307674408,0.6412891149520874,0.955,0.215,0.829,0.893,0
2f54,4,3,0.46419832,0.24517478048801422,0.7419552,0.48782334,0.29955923557281494,0.1781880259513855,0.985,0.215,0.805,0.985,0
2f54,4,1,0.40669808,0.45836809277534485,0.67728496,0.339765,0.453208863735199,0.6191115975379944,0.976,0.187,1.12,0.959,0
2f54,4,0,0.44686696,0.5099011063575745,0.62894845,0.39317134,0.480381041765213,0.6327126026153564,0.969,0.295,1.753,0.985,0
2f54,2,3,0.49836305,0.4822787940502167,0.61363035,0.49006227,0.1751977503299713,0.6452614665031433,0.992,0.179,0.807,1.0,0
2f54,2,1,0.44983894,0.3746568560600281,0.5236572,0.46754587,0.44422927498817444,0.22680550813674927,0.957,0.201,1.466,0.918,0
2f54,2,0,0.45726392,0.37388482689857483,0.4536002,0.4864625,0.4233778119087219,0.1624317169189453,0.965,0.216,2.057,0.971,0
2f54,3,1,0.521444,0.4451322853565216,0.7744978,0.51369226,0.43852633237838745,0.6278278231620789,0.946,0.168,1.73,0.89,0
2f54,3,0,0.55665016,0.48563799262046814,0.65044606,0.5710651,0.44513067603111267,0.6433340907096863,0.961,0.235,1.928,0.956,0
2f54,1,0,0.33078423,0.23744267225265503,0.4617646,0.34398782,0.2103821039199829,0.1741635948419571,0.972,0.247,1.799,0.985,0
2gj6,3,2,0.367825,0.4671004116535187,0.09191181,0.34835276,0.5499004125595093,0.6232376098632812,0.976,0.198,2.061,1.0,0
2gj6,3,0,0.5152592,0.6441093683242798,0.5630758,0.45850134,0.5330845713615417,0.6303594708442688,0.975,0.262,1.874,1.0,0
2gj6,3,1,0.36614797,0.5379584431648254,0.369447,0.2865314,0.7183192372322083,0.13655610382556915,0.982,0.212,1.622,1.0,0
2gj6,3,4,0.36450356,0.5265976786613464,0.3661882,0.29095188,0.5474783778190613,0.6131259799003601,0.962,0.237,2.132,0.969,0
2gj6,2,0,0.5222697,0.560002326965332,0.546454,0.50655305,0.08756443113088608,0.2050497680902481,0.995,0.174,0.463,1.0,0
2gj6,2,1,0.35846114,0.4785698354244232,0.3622444,0.30866787,0.47139060497283936,0.6400497555732727,0.991,0.149,1.096,1.0,0
2gj6,2,4,0.3129467,0.40326404571533203,0.35880637,0.27095938,0.0783652514219284,0.11749546974897385,0.981,0.152,1.057,0.969,0
2gj6,0,1,0.45483342,0.48542457818984985,0.42129096,0.447981,0.4772651791572571,0.6458476185798645,0.991,0.167,0.994,1.0,0
2gj6,0,4,0.44785613,0.39981430768966675,0.42689312,0.46464613,0.1257300227880478,0.2388259917497635,0.973,0.177,1.236,0.954,0
2gj6,1,4,0.3785626,0.6042994856834412,0.0861794,0.29239252,0.4801315665245056,0.6449690461158752,0.97,0.167,1.131,0.938,0
2j8u,4,0,1.4708947,2.6763269901275635,0.89898115,0.9247553,2.940441131591797,1.2926274538040161,0.621,1.627,5.639,0.708,0
2j8u,4,1,1.1570294,2.186884880065918,0.63781214,0.6612439,3.4196205139160156,0.7677009701728821,0.849,0.665,3.442,0.851,0
2j8u,4,3,0.7679521,1.1390665769577026,0.5726047,0.6422015,1.2640010118484497,0.6367052793502808,0.932,0.372,2.819,0.953,0
2j8u,4,2,0.97370166,1.670737862586975,0.60319877,0.6893582,2.0329010486602783,1.223545789718628,0.747,0.969,5.359,0.819,0
2j8u,0,1,1.1994777,2.3009450435638428,0.48899692,0.67049813,2.213682174682617,1.1006195545196533,0.736,1.387,3.989,0.851,0
2j8u,0,3,1.4088597,2.7162559032440186,0.67602354,0.7642325,3.34679913520813,1.0500035285949707,0.7,1.536,3.612,0.766,0
2j8u,0,2,1.5678191,2.925950527191162,0.7781673,0.94177896,2.5681416988372803,1.6145603656768799,0.574,2.078,5.761,0.694,0
2j8u,1,3,1.1573907,2.456181049346924,0.28268212,0.43617877,4.0080132484436035,0.36288827657699585,0.903,0.63,1.545,0.891,0
2j8u,1,2,1.0059031,2.054701566696167,0.33130994,0.48001915,3.0276589393615723,0.8059974312782288,0.824,0.835,2.564,0.792,0
2j8u,3,2,0.8519115,1.6979789733886719,0.24022977,0.41470966,2.3757026195526123,0.9868767261505127,0.797,0.88,3.478,0.792,0
2jcc,4,0,0.6444937,1.3512346744537354,0.13497378,0.23494697,1.3012367486953735,0.3198722004890442,0.927,0.37,1.196,0.857,0
2jcc,4,1,0.7793648,1.2989884614944458,0.5665973,0.57413423,1.7534384727478027,0.8420127034187317,0.844,0.95,1.961,0.868,0
2jcc,4,3,0.6694066,1.3976340293884277,0.1524669,0.2526576,1.3253856897354126,0.55596923828125,0.889,0.649,1.67,0.862,0
2jcc,4,2,0.6950125,1.5037007331848145,0.08954041,0.16155003,1.5741095542907715,0.3539976477622986,0.877,0.669,2.293,0.864,0
2jcc,0,1,0.85818213,1.4880167245864868,0.57067734,0.59826,1.1952420473098755,0.8199453949928284,0.813,1.14,1.926,0.853,0
2jcc,0,3,0.38122347,0.5599205493927002,0.0913856,0.33545133,0.5328363180160522,0.43867823481559753,0.917,0.625,1.313,0.923,0
2jcc,0,2,0.36618012,0.6203129887580872,0.117751405,0.27499238,0.5731118321418762,0.5016370415687561,0.879,0.696,2.993,0.924,0
2jcc,1,3,0.88899875,1.6034855842590332,0.57631904,0.5915293,1.0672816038131714,0.9961668848991394,0.815,1.055,2.84,0.877,0
2jcc,1,2,0.8210472,1.4606380462646484,0.56786406,0.5572348,1.0515507459640503,0.8622837662696838,0.879,0.69,2.798,0.909,0
2jcc,3,2,0.4991208,0.9747138023376465,0.13931674,0.27115384,0.6867659687995911,0.7737113237380981,0.842,0.74,3.876,0.894,0
2nx5,2,3,1.6222333,0.86917644739151,5.2217298,0.4482734,0.5158817172050476,0.8436549305915833,0.842,0.948,1.081,0.826,0
2nx5,2,1,0.42062545,0.4524148404598236,0.684039,0.36657938,0.341908723115921,0.26579996943473816,0.946,0.27,2.166,0.931,0
2nx5,2,0,1.51778,0.6425038576126099,4.920172,0.45173886,0.26578742265701294,0.44613566994667053,0.843,0.841,0.81,0.776,0
2nx5,2,4,0.47711965,0.6698653697967529,0.70157874,0.3669884,0.35414648056030273,0.5886034369468689,0.961,0.266,0.988,0.928,0
2nx5,3,1,1.6235908,0.7994145154953003,5.3293524,0.42368746,0.4778326749801636,0.8088934421539307,0.838,0.922,1.526,0.819,0
2nx5,3,0,0.90312624,0.9234519004821777,2.3465152,0.49724063,0.27680280804634094,0.6265557408332825,0.891,0.487,1.217,0.789,0
2nx5,3,4,1.6678568,0.7947863936424255,5.447724,0.48712128,0.4710409343242645,0.7672846913337708,0.838,0.953,0.841,0.812,0
2nx5,1,0,1.539403,0.6006531119346619,4.9664936,0.51417255,0.13509464263916016,0.4710206985473633,0.823,0.879,2.488,0.803,0
2nx5,1,4,0.466177,0.6005639433860779,0.45014483,0.4227874,0.21505998075008392,0.6474729776382446,0.978,0.184,1.27,0.971,0
2nx5,0,4,1.5240544,0.8843027353286743,5.0091043,0.2980608,0.2509801983833313,0.6945676803588867,0.871,0.888,1.391,0.899,1
2oi9,4,1,0.46287543,0.47613799571990967,0.8292069,0.3968123,0.33522680401802063,0.2901586592197418,0.873,0.864,0.876,0.879,0
2oi9,4,0,0.80834645,1.4533460140228271,0.5909619,0.3988265,0.3617761433124542,0.22510866820812225,0.875,0.91,0.966,0.906,0
2oi9,4,2,0.4553213,0.3417438268661499,0.75062263,0.44804344,0.2161979228258133,0.599007248878479,0.888,0.92,0.955,0.951,0
2oi9,4,3,0.5025859,0.5720592141151428,0.5837731,0.4645742,0.21702811121940613,0.5640133619308472,0.888,0.832,1.152,0.917,0
2oi9,1,0,0.8586593,1.5340372323989868,0.5848386,0.4223887,0.28194761276245117,0.20523154735565186,0.957,0.375,0.78,0.938,0
2oi9,1,2,0.52512145,0.6131836175918579,0.7500425,0.45373338,0.44510364532470703,0.6211424469947815,0.978,0.265,0.406,0.967,0
2oi9,1,3,0.5760344,0.7220628261566162,0.56166524,0.51270056,0.414615660905838,0.564176082611084,0.966,0.38,0.733,0.967,0
2oi9,0,2,0.907887,1.5746923685073853,0.94220644,0.4592464,0.4433382451534271,0.5663455128669739,0.974,0.35,0.804,0.984,0
2oi9,0,3,0.8382859,1.4693669080734253,0.15656392,0.49419063,0.45715221762657166,0.5504613518714905,0.958,0.365,1.201,0.95,0
2oi9,2,3,0.5304528,0.5846864581108093,0.9009121,0.44623232,0.13045436143875122,0.7846096754074097,0.962,0.316,0.612,0.933,0
2ol3,0,1,0.84248894,1.2464876174926758,1.686413,0.4962228,1.9553990364074707,0.324602335691452,0.907,0.474,1.391,0.837,0
2ol3,0,3,0.7859191,1.1092652082443237,1.6726562,0.4633749,1.8466733694076538,0.6167051196098328,0.896,0.481,2.075,0.837,0
2ol3,0,2,0.79077715,0.9852044582366943,1.682537,0.5435209,1.6219193935394287,0.5681502223014832,0.914,0.491,1.528,0.87,0
2ol3,0,4,1.2827171,2.4597702026367188,1.6253958,0.54175526,3.399749279022217,0.6839909553527832,0.761,1.131,1.843,0.691,0
2ol3,1,3,0.6748771,1.24492609500885,0.17162211,0.4583445,2.329608917236328,0.6471208930015564,0.886,0.457,3.341,0.878,0
2ol3,1,2,0.5341607,0.9636290669441223,0.12823264,0.37818784,1.241274118423462,0.5490983724594116,0.946,0.362,2.236,0.957,0
2ol3,1,4,1.2128414,2.609490394592285,0.21299875,0.45387936,4.069998741149902,0.6658189296722412,0.803,0.969,2.49,0.782,0
2ol3,3,2,0.6248393,1.0733249187469482,0.104545385,0.47988948,1.6788899898529053,0.3380717635154724,0.951,0.374,1.872,0.957,0
2ol3,3,4,1.0818795,2.240201234817505,0.1983395,0.52694863,2.746885299682617,0.5129337310791016,0.789,1.045,1.963,0.745,0
2ol3,2,4,1.2069359,2.61869740486145,0.18481033,0.40981892,3.831852674484253,0.3496222496032715,0.807,1.039,1.151,0.764,0
2p5e,1,0,0.35887396,0.5003184080123901,0.53392875,0.24807544,0.09998026490211487,0.16337403655052185,0.978,0.138,1.078,0.959,0
2p5e,1,2,0.34175086,0.5277522802352905,0.5365641,0.1775443,0.11307746917009354,0.5447759628295898,0.978,0.16,1.002,0.959,0
2p5e,1,3,0.32575974,0.5164781808853149,0.46525237,0.16808315,0.11300928890705109,0.510473370552063,0.985,0.137,0.756,0.973,0
2p5e,1,4,0.37583813,0.5172731876373291,0.6154798,0.25050822,0.08826242387294769,0.2406388521194458,0.958,0.167,2.611,0.973,0
2p5e,0,2,0.31885237,0.4098703861236572,0.0981577,0.29183352,0.1835242360830307,0.504761815071106,0.981,0.17,0.556,0.959,0
2p5e,0,3,0.31074953,0.3889417350292206,0.5881484,0.21484919,0.15086455643177032,0.4757729768753052,0.985,0.147,0.701,0.973,0
2p5e,0,4,0.40201545,0.3760685920715332,0.7145225,0.36102128,0.12036287784576416,0.13696740567684174,0.975,0.16,1.643,0.973,0
2p5e,2,3,0.25814956,0.1280946433544159,0.5839681,0.23595345,0.12242162972688675,0.1265009045600891,0.987,0.13,0.612,0.973,0
2p5e,2,4,0.3168395,0.33738642930984497,0.71759534,0.21840635,0.11659795790910721,0.5118086338043213,0.972,0.186,1.748,0.973,0
2p5e,3,4,0.36381766,0.36925411224365234,0.6646229,0.30970255,0.15272310376167297,0.4912993013858795,0.967,0.173,2.139,0.973,0
2p5w,2,3,0.41479257,0.5462403893470764,0.7141967,0.28780162,0.16509117186069489,0.6333586573600769,0.963,0.353,1.842,0.986,0
2p5w,2,1,0.38863492,0.49631619453430176,0.5680931,0.30516598,0.09869483858346939,0.7940402626991272,0.978,0.113,0.774,0.947,0
2p5w,2,0,0.4338909,0.4671512842178345,0.63016087,0.39062133,0.12420936673879623,0.7866528034210205,0.968,0.274,1.343,0.959,0
2p5w,2,4,0.3287382,0.3911908268928528,0.55975163,0.25832656,0.15474064648151398,0.14952342212200165,0.978,0.269,1.25,0.986,0
2p5w,3,1,0.40405005,0.6135331988334656,0.42837983,0.27359343,0.1220395490527153,0.518197774887085,0.964,0.181,1.426,0.934,0
2p5w,3,0,0.5797473,0.8639772534370422,0.87677467,0.34823167,0.18178589642047882,0.5332905054092407,0.972,0.185,1.044,0.946,0
2p5w,3,4,0.5085122,0.8069717288017273,0.46590257,0.3235795,0.16686740517616272,0.622513473033905,0.971,0.23,0.777,0.945,0
2p5w,1,0,0.40345868,0.15673497319221497,0.77022016,0.4117358,0.1565202921628952,0.14572739601135254,0.962,0.396,1.236,0.973,0
2p5w,1,4,0.4137625,0.4669254422187805,0.34835434,0.39758474,0.11714287102222443,0.7996915578842163,0.963,0.381,0.774,0.959,0
2p5w,0,4,0.49477533,0.4955960810184479,0.84725404,0.436433,0.2287425696849823,0.7989364862442017,0.968,0.251,1.012,0.945,0
2pye,0,1,0.43429115,0.41590261459350586,0.80558836,0.37771073,0.2055790275335312,0.2081228792667389,0.95,0.203,2.448,0.945,0
2pye,0,3,0.40055245,0.3612385094165802,0.65367573,0.3771159,0.17985782027244568,0.16943484544754028,0.97,0.175,1.219,0.943,0
2pye,0,2,0.47446167,0.34792792797088623,0.14514668,0.5386481,0.1582072526216507,0.21327908337116241,0.931,0.173,2.187,0.868,0
2pye,0,4,0.37529016,0.25073280930519104,0.4470818,0.40684494,0.1328820437192917,0.08798673003911972,0.98,0.161,0.548,0.957,0
2pye,1,3,0.32803825,0.27970975637435913,0.49908957,0.32171705,0.20453955233097076,0.13448183238506317,0.978,0.182,1.303,0.971,0
2pye,1,2,0.41183913,0.3682171106338501,0.79100364,0.3633193,0.16649968922138214,0.09855332225561142,0.959,0.182,0.58,0.895,0
2pye,1,4,0.357297,0.31955382227897644,0.67001224,0.31906503,0.18971072137355804,0.1476648598909378,0.974,0.146,2.06,0.986,0
2pye,3,2,0.3692757,0.3336309790611267,0.6497643,0.33766204,0.13551416993141174,0.15529674291610718,0.954,0.179,1.146,0.895,0
2pye,3,4,0.26352796,0.26596763730049133,0.48459694,0.22396776,0.17658410966396332,0.12732331454753876,0.983,0.163,0.85,0.971,0
2pye,2,4,0.35980862,0.24190662801265717,0.45329672,0.3865484,0.13625884056091309,0.1650620996952057,0.976,0.177,1.808,0.986,0
2uwe,1,0,0.89396423,1.4663238525390625,0.5885877,0.68915,0.7627230286598206,0.5418774485588074,0.906,0.504,1.597,0.853,0
2uwe,1,2,0.63901585,1.1696003675460815,0.13658886,0.43093586,0.8257826566696167,0.7767035365104675,0.897,0.687,2.218,0.928,0
2uwe,1,3,0.8326189,1.631359338760376,0.18110698,0.470092,0.7218782901763916,0.5828410387039185,0.876,0.708,2.56,0.894,0
2uwe,1,4,0.7389103,1.3073713779449463,0.16095296,0.53056943,1.5171427726745605,0.41997769474983215,0.87,0.64,2.201,0.826,0
2uwe,0,2,0.8707326,1.5002330541610718,0.591,0.6101785,1.013283610343933,0.593324601650238,0.944,0.472,1.621,0.957,0
2uwe,0,3,0.79531544,1.2781662940979004,0.5860638,0.6126824,0.8600720167160034,0.4930155575275421,0.944,0.439,2.385,0.985,0
2uwe,0,4,0.90870064,1.5802171230316162,0.5984066,0.62830096,1.5882079601287842,0.32569506764411926,0.895,0.473,2.754,0.87,0
2uwe,2,3,0.7632553,1.4827022552490234,0.18565045,0.43599132,0.7014972567558289,0.5270520448684692,0.961,0.288,1.672,0.955,0
2uwe,2,4,0.6575982,1.0815625190734863,0.15110725,0.5209436,1.1945360898971558,0.5392506122589111,0.913,0.448,1.908,0.87,0
2uwe,3,4,0.7343183,1.4170485734939575,0.14187747,0.42030168,1.2152281999588013,0.4155881106853485,0.898,0.454,1.94,0.826,0
2vlj,1,0,0.3588557,0.4504472017288208,0.096881926,0.34717676,0.3174630105495453,0.30932310223579407,0.967,0.315,1.717,0.982,0
2vlj,1,2,0.31238776,0.4382566213607788,0.58325434,0.21459721,0.5380969047546387,0.361330509185791,0.952,0.27,3.041,1.0,0
2vlj,1,3,0.5793004,0.938919186592102,0.5954338,0.4260299,0.5971214175224304,0.5037886500358582,0.951,0.405,1.373,0.947,0
2vlj,1,4,0.29917407,0.43790769577026367,0.5812704,0.18763007,0.4183843433856964,0.34561750292778015,0.982,0.233,0.932,0.983,0
2vlj,0,2,0.34850112,0.42840293049812317,0.5812657,0.28546116,0.5009872317314148,0.14592976868152618,0.91,0.229,3.927,0.929,0
2vlj,0,3,0.36294344,0.5869731903076172,0.58388716,0.22434236,0.39685046672821045,0.2711600065231323,0.963,0.206,0.603,0.912,0
2vlj,0,4,0.33553693,0.24446384608745575,0.5797914,0.32253808,0.17542628943920135,0.09609836339950562,0.964,0.165,0.906,0.914,0
2vlj,2,3,0.5161713,0.840705156326294,0.120130815,0.41043538,0.567485511302948,0.27489206194877625,0.92,0.269,3.421,0.93,0
2vlj,2,4,0.27068752,0.38224709033966064,0.0741608,0.2444995,0.5345386862754822,0.12461010366678238,0.943,0.154,3.235,0.966,0
2vlj,3,4,0.31993106,0.2853984236717224,0.100865565,0.34332028,0.3901081383228302,0.23056645691394806,0.962,0.236,0.611,0.914,0
2vlk,2,3,0.25634387,0.26294249296188354,0.11255478,0.2651003,0.07850823551416397,0.4579937756061554,0.997,0.126,0.488,1.0,0
2vlk,2,1,0.21140243,0.32374343276023865,0.072803214,0.1797904,0.15121394395828247,0.4775160849094391,0.979,0.219,0.543,0.962,0
2vlk,2,0,0.40579942,0.4596721827983856,0.10817622,0.40961546,0.579439640045166,0.355613112449646,0.978,0.226,0.752,0.964,0
2vlk,2,4,0.3699288,0.34591835737228394,0.58152586,0.34736434,0.22857341170310974,0.37457481026649475,0.975,0.194,0.585,0.947,0
2vlk,3,1,0.36330324,0.570635974407196,0.08435618,0.30275357,0.1493394374847412,0.3574509024620056,0.982,0.18,0.348,0.962,0
2vlk,3,0,0.39369193,0.4786190092563629,0.093843564,0.38700745,0.56270831823349,0.3532019257545471,0.972,0.202,0.93,0.945,0
2vlk,3,4,0.32098648,0.34366574883461,0.592872,0.27037686,0.17759104073047638,0.40157923102378845,0.971,0.154,0.682,0.93,0
2vlk,1,0,0.34072128,0.3770972788333893,0.10627862,0.34619635,0.5430260300636292,0.3478836417198181,0.971,0.215,0.911,0.945,0
2vlk,1,4,0.33360922,0.28010061383247375,0.5875561,0.3098129,0.20318107306957245,0.4380790889263153,0.967,0.216,0.83,0.93,0
2vlk,0,4,0.35724384,0.3983023464679718,0.58626246,0.3110615,0.5640701055526733,0.2644488513469696,0.977,0.238,0.852,0.965,0
2vlr,0,1,0.36624488,0.38541650772094727,0.5833209,0.32994437,0.19323381781578064,0.11357944458723068,0.97,0.152,0.725,0.929,0
2vlr,0,3,0.4042846,0.4963504672050476,0.57882994,0.35090336,0.2889050245285034,0.3544008731842041,0.966,0.235,0.589,0.927,0
2vlr,0,2,0.34970012,0.42352429032325745,0.59167635,0.28840384,0.15895487368106842,0.199683278799057,0.962,0.2,1.782,0.945,0
2vlr,0,4,0.39921683,0.39747685194015503,0.6875534,0.35677183,0.22744327783584595,0.11890867352485657,0.967,0.229,0.535,0.929,0
2vlr,1,3,0.32842475,0.33026763796806335,0.083898045,0.34350246,0.20678791403770447,0.3428157866001129,0.975,0.235,0.989,0.964,0
2vlr,1,2,0.3131128,0.25513362884521484,0.13817362,0.33940923,0.1833961457014084,0.23879143595695496,0.963,0.242,2.298,0.982,0
2vlr,1,4,0.25150672,0.13921119272708893,0.37719646,0.25884074,0.11950216442346573,0.1043054610490799,0.983,0.223,0.922,0.982,0
2vlr,3,2,0.33856347,0.38879674673080444,0.145687,0.3380236,0.2887446880340576,0.3626137971878052,0.959,0.209,1.492,0.927,0
2vlr,3,4,0.21505745,0.30244213342666626,0.37456182,0.15474632,0.17527566850185394,0.32788902521133423,0.983,0.173,0.388,0.964,0
2vlr,2,4,0.3382228,0.26298972964286804,0.3820242,0.35121426,0.1869923174381256,0.24195124208927155,0.966,0.211,1.447,0.946,0
2ypl,4,3,0.48440668,0.6533759832382202,0.4744391,0.37878755,0.8298740386962891,0.3305221498012543,0.889,0.755,2.436,0.945,0
2ypl,4,2,1.0397291,1.7707082033157349,0.63914543,0.4264991,3.7618303298950195,0.39571869373321533,0.854,0.785,2.561,0.859,0
2ypl,4,0,1.1117336,1.7809494733810425,0.7396265,0.6292561,3.613281011581421,0.38651350140571594,0.891,0.608,1.248,0.835,0
2ypl,4,1,1.1857363,2.0583722591400146,0.45290336,0.45060867,4.355017185211182,0.7469460368156433,0.861,0.731,3.082,0.892,0
2ypl,3,2,0.9247153,1.5929170846939087,0.47790518,0.37099367,3.330122232437134,0.37387192249298096,0.915,0.444,1.567,0.859,0
2ypl,3,0,1.0136218,1.5551328659057617,0.78623366,0.64816797,3.230454444885254,0.34216558933258057,0.92,0.454,1.482,0.873,0
2ypl,3,1,1.1073859,1.9065132141113281,0.4424653,0.46513233,3.945805788040161,0.7520133256912231,0.899,0.548,1.679,0.851,0
2ypl,2,0,0.9751414,1.500966191291809,0.86464745,0.61098033,1.3403587341308594,0.15649834275245667,0.934,0.356,2.079,0.911,0
2ypl,2,1,0.7727925,1.290337085723877,0.48776764,0.38517275,2.421072006225586,0.6835896968841553,0.965,0.308,1.306,0.959,0
2ypl,0,1,0.98577976,1.3803828954696655,0.8315889,0.74386376,2.571272373199463,0.6760094165802002,0.878,0.728,2.501,0.905,0
3d39,4,1,0.44179612,0.4285716116428375,0.9787605,0.35373858,0.175312340259552,0.09447048604488373,0.972,0.182,1.11,0.946,0
3d39,4,0,0.48430794,0.2745570242404938,1.1763066,0.40530065,0.13630498945713043,0.10582538694143295,0.98,0.228,0.353,0.964,0
3d39,4,2,0.45806843,0.2819572687149048,0.9914557,0.41025844,0.2383197695016861,0.14239849150180817,0.968,0.252,1.947,0.981,0
3d39,4,3,0.42159605,0.32672905921936035,0.89933777,0.367511,0.37846672534942627,0.1191360354423523,0.96,0.177,0.617,0.9,0
3d39,1,0,0.30259869,0.4856339991092682,0.6437215,0.14864169,0.15001849830150604,0.12821753323078156,0.974,0.169,0.923,0.946,0
3d39,1,2,0.3573693,0.5011457204818726,0.123246945,0.3247029,0.18393708765506744,0.15313632786273956,0.973,0.162,1.496,0.962,0
3d39,1,3,0.36843994,0.6093326210975647,0.39171344,0.26648787,0.3430140018463135,0.09537011384963989,0.954,0.205,1.624,0.917,0
3d39,0,2,0.34803966,0.3009815514087677,0.63677686,0.3200233,0.25385016202926636,0.08465311676263809,0.981,0.176,1.839,1.0,0
3d39,0,3,0.37071645,0.4450162649154663,0.7351291,0.28749627,0.3715537488460541,0.12971211969852448,0.956,0.22,0.898,0.9,0
3d39,2,3,0.2956557,0.5234209299087524,0.38760036,0.1784968,0.4135778546333313,0.14425168931484222,0.913,0.24,2.31,0.833,0
3d3v,4,0,0.32102114,0.4146668016910553,0.3917685,0.2833148,0.1617005318403244,0.7329463958740234,0.948,0.224,2.292,0.932,0
3d3v,4,1,0.42176214,0.36757567524909973,0.94678444,0.3472263,0.15261545777320862,0.7359678149223328,0.946,0.194,1.834,0.9,0
3d3v,4,3,0.31308728,0.42658188939094543,0.17588271,0.28724116,0.1198045089840889,0.71367347240448,0.958,0.152,1.856,0.929,0
3d3v,4,2,0.34876287,0.5129665732383728,0.3970302,0.2850856,0.21485956013202667,0.7382910847663879,0.939,0.261,2.249,0.911,0
3d3v,0,1,0.45462605,0.3819182217121124,0.987114,0.38719508,0.100230373442173,0.10280687361955643,0.981,0.203,0.62,0.967,0
3d3v,0,3,0.4041674,0.4906522035598755,0.3911982,0.3789431,0.12757258117198944,0.17481377720832825,0.987,0.187,0.681,0.982,0
3d3v,0,2,0.3794359,0.522331714630127,0.084071286,0.34996393,0.12651754915714264,0.14083680510520935,0.982,0.154,0.699,0.964,0
3d3v,1,3,0.44462615,0.546276867389679,0.8914728,0.33925235,0.10775773227214813,0.20133577287197113,0.991,0.139,0.311,0.982,0
3d3v,1,2,0.45245126,0.544775664806366,0.9819121,0.32991213,0.1696699857711792,0.19774144887924194,0.982,0.258,0.778,0.982,0
3d3v,3,2,0.36380807,0.44817623496055603,0.3876855,0.33574313,0.1771022230386734,0.15783944725990295,0.982,0.245,0.904,0.982,0
3dxa,3,2,1.4087911,2.5563273429870605,1.8563207,0.45638725,0.3434590995311737,4.441416263580322,0.837,0.709,2.257,0.759,0
3dxa,3,0,1.6971502,2.664566993713379,3.3868794,0.61378485,2.62606143951416,4.033294200897217,0.718,0.967,4.776,0.687,0
3dxa,3,1,1.059071,1.4072480201721191,2.2903488,0.57531905,2.784806251525879,0.8755704164505005,0.837,0.672,3.334,0.812,0
3dxa,3,4,1.6079308,2.6726677417755127,2.3839924,0.7827368,2.148141860961914,4.111098289489746,0.689,1.219,4.973,0.721,0
3dxa,2,0,1.3450029,1.6294721364974976,3.553576,0.43355027,2.5233423709869385,1.6902724504470825,0.791,0.901,3.322,0.771,0
3dxa,2,1,1.5967408,2.609865188598633,3.0114498,0.4177156,2.567106008529663,4.14931583404541,0.787,0.976,2.28,0.725,0
3dxa,2,4,1.3905694,2.203261613845825,2.2946126,0.66567427,2.037997007369995,3.311431407928467,0.741,1.141,3.488,0.733,0
3dxa,0,1,1.3815794,2.418224811553955,2.1444461,0.38837042,1.4837971925735474,4.177926063537598,0.87,0.71,1.582,0.825,0
3dxa,0,4,1.3469226,2.1151082515716553,2.1193047,0.72229236,1.398404836654663,3.4880683422088623,0.796,0.995,1.98,0.744,0
3dxa,1,4,1.497712,2.456127882003784,1.7897311,0.815605,1.2326513528823853,4.208864212036133,0.777,1.085,2.316,0.744,1
3e2h,4,0,0.9020447,1.625577449798584,0.35655376,0.5195052,3.053314685821533,0.1860567182302475,0.901,0.579,0.736,0.841,0
3e2h,4,1,1.0336285,1.948811650276184,0.3453835,0.4984624,3.7459347248077393,0.2169162929058075,0.884,0.618,0.813,0.806,0
3e2h,4,3,0.7600057,1.1476178169250488,0.71117747,0.57888937,1.9020119905471802,0.42079439759254456,0.937,0.53,0.693,0.927,0
3e2h,4,2,0.9849681,1.8212015628814697,0.4782372,0.5070056,3.526916265487671,0.264962375164032,0.928,0.499,1.262,0.904,0
3e2h,0,1,0.68579435,1.1783658266067505,0.20735838,0.4397143,1.6220474243164062,0.17530325055122375,0.932,0.392,0.602,0.866,0
3e2h,0,3,0.9439384,1.7934815883636475,0.771382,0.3218487,3.747889518737793,0.44604286551475525,0.911,0.632,0.742,0.891,0
3e2h,0,2,0.80210125,1.3213744163513184,0.50269926,0.54532284,2.199695587158203,0.22115525603294373,0.938,0.56,1.372,0.962,0
3e2h,1,3,1.1485704,2.064678192138672,0.7485555,0.6197838,4.292719841003418,0.43841058015823364,0.925,0.578,0.665,0.909,0
3e2h,1,2,0.84260637,1.3609524965286255,0.48850638,0.6053452,2.1724839210510254,0.2071576565504074,0.96,0.465,1.009,0.981,0
3e2h,3,2,1.0717734,1.9563486576080322,0.8341089,0.5166258,4.000601768493652,0.47581177949905396,0.898,0.599,1.022,0.846,0
3e3q,4,0,0.50515056,0.4921356439590454,0.7665362,0.47162908,0.6858194470405579,0.5971177816390991,0.965,0.232,1.574,0.95,0
3e3q,4,1,0.48158443,0.5355086326599121,0.55590004,0.45133385,0.7151157855987549,0.6646533012390137,0.946,0.341,1.944,0.935,0
3e3q,4,3,0.48498333,0.532026469707489,0.585084,0.45399323,0.48982271552085876,0.651766836643219,0.941,0.343,2.198,0.937,0
3e3q,4,2,0.5127139,0.37088945508003235,0.8152937,0.51222646,0.3890131413936615,0.22463083267211914,0.946,0.3,1.762,0.917,0
3e3q,0,1,0.43995377,0.2753995954990387,0.74962085,0.44232032,0.45932629704475403,0.26716887950897217,0.973,0.242,0.777,0.952,0
3e3q,0,3,0.5020731,0.4531775116920471,0.56358266,0.5117004,0.6915187239646912,0.16292402148246765,0.968,0.226,0.843,0.937,0
3e3q,0,2,0.4117282,0.43798327445983887,0.23138382,0.41741982,0.6909210085868835,0.5787535905838013,0.978,0.179,0.366,0.95,0
3e3q,1,3,0.5083215,0.4290686547756195,0.5325124,0.5306275,0.6389548182487488,0.171675443649292,0.978,0.184,0.519,0.952,0
3e3q,1,2,0.47042885,0.4193364679813385,0.7467943,0.44735792,0.613619863986969,0.570156991481781,0.978,0.172,0.539,0.95,0
3e3q,3,2,0.56413376,0.43824678659439087,0.61073047,0.59851253,0.1340320110321045,0.5485104918479919,0.977,0.173,0.602,0.95,0
3ffc,4,2,0.41208395,0.37561705708503723,0.57228255,0.40288755,0.5725796818733215,0.4980662167072296,0.956,0.147,1.41,0.905,0
3ffc,4,3,0.6162424,0.41263505816459656,0.5840796,0.66582984,0.29862308502197266,0.552494466304779,0.964,0.25,0.678,0.926,0
3ffc,4,1,0.4991183,0.33492642641067505,0.71545386,0.5118905,0.33202260732650757,0.5172839760780334,0.954,0.282,1.185,0.915,0
3ffc,4,0,0.3628903,0.2277541607618332,0.10382159,0.40801433,0.3150739371776581,0.18766354024410248,0.974,0.179,0.5,0.94,0
3ffc,2,3,0.46680015,0.35855066776275635,0.10407615,0.51408935,0.5626347064971924,0.20666305720806122,0.987,0.237,1.032,1.0,0
3ffc,2,1,0.33333802,0.3578372001647949,0.40889493,0.31722647,0.7310207486152649,0.17546355724334717,0.982,0.275,0.808,0.988,0
3ffc,2,0,0.3546939,0.3811871409416199,0.5704291,0.31651908,0.5817582011222839,0.5161543488502502,0.966,0.225,1.572,0.952,0
3ffc,3,1,0.51998544,0.3513186275959015,0.39758748,0.5691576,0.5809897184371948,0.1314205378293991,0.968,0.39,0.794,0.976,0
3ffc,3,0,0.5392745,0.37615230679512024,0.5770897,0.57410926,0.3535979390144348,0.5307571887969971,0.973,0.167,0.791,0.94,0
3ffc,1,0,0.38048938,0.3892759382724762,0.7165534,0.32517907,0.6227490901947021,0.5149601697921753,0.966,0.227,1.249,0.94,1
3gsn,4,3,0.9379507,1.3954250812530518,1.1443837,0.71276754,1.2931911945343018,1.5670039653778076,0.714,1.005,5.137,0.718,0
3gsn,4,2,1.0067555,1.6507070064544678,1.1443845,0.67550206,1.4312832355499268,1.428620457649231,0.709,1.12,4.085,0.671,0
3gsn,4,0,0.8713828,1.4175364971160889,1.0663248,0.5799586,0.9410379528999329,1.4081082344055176,0.87,0.545,2.779,0.822,0
3gsn,4,1,2.710844,5.090587615966797,1.4027582,1.4656397,2.1488547325134277,4.726510524749756,0.299,3.837,11.698,0.42,0
3gsn,3,2,0.78290206,1.2207086086273193,0.80752665,0.5647325,0.8677572011947632,0.9061935544013977,0.807,0.669,3.818,0.753,0
3gsn,3,0,1.1765008,2.0605967044830322,0.92718285,0.69864273,1.3929038047790527,2.3046844005584717,0.652,1.286,7.573,0.822,0
3gsn,3,1,3.164838,5.818856239318848,1.5675911,1.6911604,2.560717821121216,5.160355091094971,0.281,4.582,11.465,0.391,0
3gsn,2,0,0.9487539,1.6620060205459595,0.57167417,0.6142626,1.341364860534668,1.978960394859314,0.724,1.261,5.597,0.889,0
3gsn,2,1,3.0589125,5.899315357208252,1.2852397,1.4833648,3.1096980571746826,5.154552936553955,0.269,4.591,13.293,0.42,0
3gsn,0,1,2.4367425,5.089850902557373,1.0021927,1.0550638,2.1749887466430664,4.783539772033691,0.257,3.806,13.81,0.362,0
3h9s,4,2,0.38232493,0.6076209545135498,0.1702568,0.27635315,0.4064216911792755,0.8014516830444336,0.942,0.306,2.38,0.938,0
3h9s,4,3,0.40642402,0.4782547652721405,0.2541449,0.39147052,0.40958088636398315,0.3530222475528717,0.96,0.225,2.29,0.968,0
3h9s,4,1,0.386986,0.48097294569015503,0.46002182,0.33440644,0.4009357988834381,0.6830859184265137,0.982,0.23,1.529,1.0,0
3h9s,4,0,0.5417764,0.6329100728034973,0.8755348,0.44423944,0.1083410382270813,0.8861156105995178,0.969,0.317,0.55,0.952,0
3h9s,2,3,0.33659416,0.41902199387550354,0.25499532,0.31005952,0.13786345720291138,0.702812135219574,0.985,0.224,0.786,0.984,0
3h9s,2,1,0.3324425,0.47975218296051025,0.51454556,0.21999675,0.11538372933864594,0.42852354049682617,0.987,0.246,0.939,1.0,0
3h9s,2,0,0.5203122,0.5775768756866455,0.8975046,0.42954797,0.4287568926811218,0.8543025255203247,0.949,0.371,2.199,0.968,0
3h9s,3,1,0.3511805,0.48346027731895447,0.48604727,0.26269075,0.10529546439647675,0.7747532725334167,0.993,0.159,0.898,1.0,0
3h9s,3,0,0.53081363,0.599712610244751,0.7842324,0.46205887,0.4321446418762207,1.0128898620605469,0.944,0.38,2.136,0.952,0
3h9s,1,0,0.54238105,0.6679748296737671,0.7266244,0.4581415,0.4199311435222626,0.6644057631492615,0.957,0.364,1.387,0.952,0
3hg1,0,1,0.36897036,0.5628279447555542,0.116271295,0.3059574,0.170700803399086,0.4744245409965515,0.962,0.166,1.614,0.932,0
3hg1,0,3,0.92359173,1.748589277267456,0.47187972,0.4977358,2.061671733856201,0.9792712330818176,0.776,1.186,3.637,0.867,0
3hg1,0,2,0.48750806,0.8058347702026367,0.14548936,0.36668894,0.2089724838733673,0.5412959456443787,0.945,0.304,1.403,0.901,0
3hg1,0,4,0.481895,0.7307578921318054,0.13351096,0.40264097,0.30291804671287537,0.8954725861549377,0.974,0.224,1.025,0.958,0
3hg1,1,3,0.9446516,1.8220428228378296,0.47630078,0.45993435,2.034745216369629,0.8526861071586609,0.774,1.127,4.045,0.867,0
3hg1,1,2,0.41352433,0.6683173775672913,0.14101356,0.31815976,0.2676982879638672,0.14918705821037292,0.969,0.211,0.416,0.93,0
3hg1,1,4,0.40781212,0.6242313385009766,0.06361798,0.33725506,0.3383964002132416,0.6841100454330444,0.973,0.242,1.415,0.972,0
3hg1,3,2,0.8462429,1.5883442163467407,0.48757485,0.47059053,1.9748057126998901,0.9106232523918152,0.793,1.043,3.81,0.873,0
3hg1,3,4,0.9327445,1.7241506576538086,0.47490585,0.5506158,1.887102723121643,0.876457154750824,0.794,1.2,3.089,0.887,0
3hg1,2,4,0.45180875,0.6188883185386658,0.1483743,0.40988073,0.33249911665916443,0.677649736404419,0.939,0.341,1.286,0.887,0
3kpr,0,1,0.4412705,0.5282167792320251,0.7987999,0.34344706,0.2521490454673767,0.5291982889175415,0.972,0.221,0.954,0.951,0
3kpr,0,3,0.42669958,0.5232856869697571,0.6914125,0.3464226,0.45296502113342285,0.6263130903244019,0.933,0.334,1.421,0.873,0
3kpr,0,2,0.37391528,0.5781645774841309,0.6048559,0.23343374,0.3692501485347748,0.43029138445854187,0.961,0.21,0.834,0.913,0
3kpr,0,4,0.4010321,0.5520260334014893,0.522984,0.3224504,0.282588392496109,0.6917517781257629,0.945,0.278,0.726,0.875,0
3kpr,1,3,0.42853084,0.5619173645973206,0.740988,0.3190483,0.2718762457370758,0.3373381197452545,0.92,0.363,1.475,0.845,0
3kpr,1,2,0.46991476,0.5136842131614685,0.92345065,0.3669825,0.2589130401611328,0.4354373812675476,0.934,0.234,1.473,0.855,0
3kpr,1,4,0.39898157,0.43501946330070496,0.8319291,0.29733506,0.26300105452537537,0.5358267426490784,0.931,0.251,0.989,0.833,0
3kpr,3,2,0.4775185,0.6419004201889038,0.71967626,0.37330276,0.3119543790817261,0.5252701044082642,0.949,0.372,1.31,0.928,0
3kpr,3,4,0.40759015,0.609533429145813,0.59637564,0.2870007,0.4607376754283905,0.5840298533439636,0.937,0.405,1.321,0.903,0
3kpr,2,4,0.41370392,0.5604068636894226,0.51039326,0.34255153,0.3743480145931244,0.6543667316436768,0.957,0.313,1.155,0.931,0
3kps,3,2,0.77440715,1.622605800628662,0.39543036,0.2810591,3.1867847442626953,0.21043959259986877,0.893,0.821,1.029,0.923,0
3kps,3,0,0.40752533,0.40300944447517395,0.7239179,0.3578512,0.4033564031124115,0.19314108788967133,0.981,0.196,0.858,0.97,0
3kps,3,1,0.3850547,0.3264792263507843,0.71960884,0.34586823,0.7124520540237427,0.11070951074361801,0.956,0.23,0.967,0.904,0
3kps,3,4,0.920029,1.7295929193496704,1.2859861,0.3975144,3.282698631286621,0.340098112821579,0.862,0.892,1.852,0.892,0
3kps,2,0,0.8472333,1.622323751449585,0.6603036,0.46427283,3.1894690990448,0.20294155180454254,0.871,0.835,1.107,0.866,0
3kps,2,1,0.88592225,1.7833938598632812,0.66495943,0.39392814,3.5264928340911865,0.20968413352966309,0.85,0.921,1.355,0.849,0
3kps,2,4,0.6326583,0.804691731929779,1.1903439,0.47086513,0.6454401612281799,0.3050514757633209,0.924,0.424,1.873,0.892,0
3kps,0,1,0.31524643,0.4413086771965027,0.7598932,0.13864216,0.5916903018951416,0.14321765303611755,0.966,0.199,0.454,0.918,0
3kps,0,4,0.9029111,1.7591203451156616,1.3983512,0.18635735,3.289111614227295,0.3503900468349457,0.868,0.919,1.527,0.908,0
3kps,1,4,0.9705127,1.8739750385284424,1.1769431,0.41701037,3.629840850830078,0.3136826455593109,0.861,0.985,1.311,0.908,0
3kxf,2,3,1.6359949,2.9780220985412598,0.5687669,0.5539269,0.3795410096645355,5.912410736083984,0.817,1.403,0.74,0.925,0
3kxf,2,1,1.852635,3.4362802505493164,0.56861746,0.4653399,0.43182796239852905,6.834889888763428,0.799,1.382,2.309,0.925,0
3kxf,2,0,1.1597372,2.141129970550537,0.48294747,0.297419,0.3720143139362335,4.173290252685547,0.87,0.836,1.185,0.865,0
3kxf,2,4,1.0517166,1.9299532175064087,0.4033452,0.31097767,0.32214832305908203,3.7392373085021973,0.928,0.541,1.64,0.934,0
3kxf,3,1,0.4196442,0.6747296452522278,0.18221983,0.2920066,0.21187707781791687,0.8008396625518799,0.942,0.422,2.364,0.97,0
3kxf,3,0,0.8015127,1.4734858274459839,0.34903803,0.32878417,0.31210997700691223,3.3880226612091064,0.767,1.471,1.183,0.811,0
3kxf,3,4,0.8890034,1.611398458480835,0.2895924,0.41456756,0.47528067231178284,3.6343400478363037,0.769,1.409,1.446,0.803,0
3kxf,1,0,0.8179557,1.4728878736495972,0.36843058,0.345362,0.24918361008167267,3.452960252761841,0.76,1.469,1.73,0.811,0
3kxf,1,4,0.8731947,1.5476723909378052,0.25153896,0.42527738,0.44083529710769653,3.453691005706787,0.763,1.347,2.273,0.803,0
3kxf,0,4,0.83480793,1.5911089181900024,0.29515225,0.20226207,0.2720535099506378,3.197918653488159,0.881,0.771,1.131,0.868,0
3mv7,4,0,0.58409727,0.6881173253059387,0.42159075,0.5543607,0.3020029664039612,0.7902031540870667,0.964,0.336,1.089,0.957,0
3mv7,4,1,0.58039945,0.7767060995101929,0.42266983,0.49609798,0.303148478269577,0.7452148795127869,0.939,0.54,2.001,0.985,0
3mv7,4,3,0.45857045,0.5539638996124268,0.47047406,0.41028225,0.5053526759147644,0.6750495433807373,0.97,0.297,0.923,0.959,0
3mv7,4,2,0.4656041,0.6342405676841736,0.21865505,0.4017344,0.4533591866493225,0.8014766573905945,0.939,0.322,2.589,0.944,0
3mv7,0,1,0.7159649,0.8263509273529053,0.49226424,0.69040394,0.6436740159988403,0.9343014359474182,0.936,0.521,1.386,0.941,0
3mv7,0,3,0.5214828,0.6738959550857544,0.5244975,0.44122535,0.7193840146064758,0.6182814240455627,0.954,0.322,0.965,0.918,0
3mv7,0,2,0.5184799,0.6364171504974365,0.4187621,0.4730456,0.4770234525203705,0.5483028888702393,0.923,0.261,3.334,0.931,0
3mv7,1,3,0.5577795,0.7406930923461914,0.49865982,0.47015473,0.5551407337188721,0.608579695224762,0.938,0.422,1.536,0.918,0
3mv7,1,2,0.78724277,1.005444884300232,0.4776119,0.7140975,0.5855129957199097,0.869662344455719,0.84,0.625,4.347,0.875,0
3mv7,3,2,0.5321132,0.6451194882392883,0.4800851,0.4844536,0.5910442471504211,0.449431449174881,0.917,0.345,3.27,0.931,0
3mv8,3,2,0.57203573,0.5522090792655945,0.5736737,0.57992697,0.39868831634521484,0.28640156984329224,0.965,0.316,1.158,0.957,0
3mv8,3,0,0.7646128,0.7969919443130493,0.9276541,0.7258368,0.4426851272583008,0.6045235395431519,0.92,0.474,2.256,0.917,0
3mv8,3,1,0.59238935,0.6596576571464539,0.38365063,0.58537877,0.4174136519432068,0.8368702530860901,0.932,0.5,2.205,0.958,0
3mv8,3,4,0.54875964,0.5443456768989563,0.7768788,0.5128699,0.5402591824531555,0.3900471329689026,0.961,0.203,0.497,0.905,0
3mv8,2,0,0.69503504,0.6485427618026733,0.9413301,0.67462593,0.5287118554115295,0.6498695611953735,0.933,0.326,1.856,0.889,0
3mv8,2,1,0.70542616,0.9473137855529785,0.5751665,0.5932062,0.6221957206726074,0.8546664118766785,0.888,0.729,2.419,0.931,0
3mv8,2,4,0.5052499,0.5052375793457031,0.71435446,0.4700707,0.6067374348640442,0.34636390209198,0.956,0.284,1.058,0.919,0
3mv8,0,1,0.87175184,1.0753744840621948,0.9239492,0.7645064,0.5371182560920715,0.944316565990448,0.883,0.802,2.411,0.944,0
3mv8,0,4,0.70535403,0.7267109751701355,0.96432513,0.65383244,0.5320583581924438,0.6754794716835022,0.924,0.416,2.44,0.919,0
3mv8,1,4,0.6433178,0.7916930317878723,0.9070585,0.5178361,0.5662768483161926,0.6999880075454712,0.918,0.527,2.288,0.932,0
3mv9,0,1,0.5373117,0.6496169567108154,0.3469182,0.5061329,0.21957330405712128,0.5092940330505371,0.948,0.423,2.29,0.984,0
3mv9,0,3,0.48000878,0.596390426158905,0.47324046,0.4238074,0.2710714042186737,0.8594879508018494,0.971,0.327,1.438,0.986,0
3mv9,0,2,0.61878455,0.8968634605407715,0.56628317,0.46625593,0.2980915307998657,0.8403325080871582,0.923,0.627,1.657,0.955,0
3mv9,0,4,0.6551796,0.8027931451797485,0.67248964,0.58090925,0.23615489900112152,0.8499933481216431,0.934,0.493,1.082,0.915,0
3mv9,1,3,0.45384708,0.543048083782196,0.35290277,0.42487264,0.1601860076189041,0.7064939737319946,0.933,0.32,2.101,0.9,0
3mv9,1,2,0.7136882,1.0172343254089355,0.4756355,0.5765226,0.3787095248699188,0.76020747423172,0.87,0.77,2.2,0.881,0
3mv9,1,4,0.66630226,0.8901168704032898,0.54365206,0.56688565,0.32402700185775757,0.8066043257713318,0.852,0.679,2.683,0.817,0
3mv9,3,2,0.70919853,0.9878532290458679,0.58642083,0.57441896,0.4308481514453888,0.6140856146812439,0.887,0.766,2.097,0.925,0
3mv9,3,4,0.68239754,0.849414587020874,0.66716623,0.60283804,0.3222672641277313,0.8648260235786438,0.896,0.62,2.031,0.887,0
3mv9,2,4,0.5412069,0.6480600237846375,0.50853276,0.49624386,0.22828683257102966,0.7330721616744995,0.939,0.352,1.203,0.887,0
3o4l,0,1,0.2754029,0.3579326570034027,0.27340463,0.2386824,0.543656587600708,0.19763995707035065,0.963,0.229,1.125,0.928,0
3o4l,0,3,0.3050576,0.361783891916275,0.11950871,0.29426748,0.47929540276527405,0.14517241716384888,0.977,0.186,0.663,0.952,0
3o4l,0,2,0.32659516,0.4444237947463989,0.30658123,0.2735818,0.3636520206928253,0.12353654205799103,0.97,0.229,1.227,0.953,0
3o4l,0,4,0.29962012,0.3447941541671753,0.09844405,0.29426286,0.5701046586036682,0.14055833220481873,0.978,0.185,0.538,0.952,0
3o4l,1,3,0.32760826,0.41714558005332947,0.35485965,0.28541142,0.32520946860313416,0.19392424821853638,0.959,0.291,1.063,0.928,0
3o4l,1,2,0.33260855,0.4856640696525574,0.10883814,0.27276427,0.5320882797241211,0.22787754237651825,0.948,0.216,2.227,0.929,0
3o4l,1,4,0.3530748,0.3691426217556,0.30598757,0.35117915,0.5053412318229675,0.21449480950832367,0.951,0.266,1.211,0.904,0
3o4l,3,2,0.40565693,0.5328212380409241,0.38696212,0.35071597,0.4093538224697113,0.1799193173646927,0.957,0.269,1.382,0.929,0
3o4l,3,4,0.31144056,0.2574652135372162,0.098105706,0.34077188,0.36783474683761597,0.18103623390197754,0.97,0.21,0.937,0.94,0
3o4l,2,4,0.34417194,0.47495612502098083,0.33355042,0.28205362,0.4454752206802368,0.11221613734960556,0.96,0.205,1.448,0.928,0
3pqy,2,3,1.0160772,1.8104866743087769,0.5048638,0.48486143,3.3348617553710938,1.190414309501648,0.844,0.658,1.718,0.731,0
3pqy,2,1,1.0357585,1.9157142639160156,0.49431223,0.37695292,3.7992424964904785,1.0666571855545044,0.875,0.698,1.656,0.839,0
3pqy,2,0,0.8171684,1.435665488243103,0.48752818,0.4083163,2.7020020484924316,1.071611762046814,0.9,0.457,1.41,0.812,0
3pqy,2,4,0.84554774,1.4115759134292603,0.9496992,0.43113974,2.432962656021118,1.2838455438613892,0.847,0.659,1.982,0.754,0
3pqy,3,1,0.64985496,1.1103795766830444,0.45663795,0.33789402,1.9840271472930908,0.3984401524066925,0.882,0.603,1.272,0.806,1
3pqy,3,0,0.594496,1.0979257822036743,0.327575,0.17921269,1.859299659729004,0.8449389338493347,0.903,0.54,1.97,0.875,1
3pqy,3,4,0.82427824,1.4047670364379883,0.9966227,0.33044642,2.3749468326568604,1.6037259101867676,0.895,0.51,1.528,0.82,1
3pqy,1,0,0.9061885,1.649729609489441,0.4579426,0.31848553,3.2139031887054443,0.7149346470832825,0.855,0.719,2.145,0.812,0
3pqy,1,4,0.941186,1.6227048635482788,1.1320008,0.3295978,2.9180519580841064,1.4599217176437378,0.852,0.695,1.284,0.754,0
3pqy,0,4,0.7738894,1.2277876138687134,1.2066816,0.349533,1.9701433181762695,1.4089387655258179,0.884,0.572,1.731,0.82,0
3pwp,3,2,0.4650799,0.5024988651275635,0.243588,0.46962157,0.07926955074071884,0.5723398923873901,0.95,0.296,1.271,0.909,0
3pwp,3,0,0.45966843,0.6215360164642334,0.5398899,0.3690438,0.5071215033531189,0.45144540071487427,0.946,0.294,2.704,0.967,0
3pwp,3,1,0.50791436,0.5348852276802063,0.3651459,0.51145285,0.16265465319156647,0.6204660534858704,0.966,0.338,1.652,0.984,0
3pwp,3,4,0.46741396,0.6000713109970093,0.58207107,0.3890857,0.4225062429904938,0.6959964036941528,0.969,0.262,1.113,0.953,0
3pwp,2,0,0.5740896,0.626283586025238,0.6378332,0.54472005,0.5195016860961914,0.2151135951280594,0.96,0.302,1.57,0.951,0
3pwp,2,1,0.4892285,0.4453795254230499,0.51042044,0.5025946,0.16274502873420715,0.25971588492393494,0.948,0.264,2.729,0.967,0
3pwp,2,4,0.5710258,0.7027024626731873,0.6426213,0.5018756,0.43572577834129333,0.927727222442627,0.96,0.374,1.046,0.953,0
3pwp,0,1,0.46181428,0.5813664793968201,0.421499,0.41175103,0.4378092586994171,0.3101332187652588,0.913,0.33,4.221,0.984,0
3pwp,0,4,0.35693043,0.5047180652618408,0.40988082,0.2717547,0.14967910945415497,0.8425459265708923,0.944,0.322,2.192,0.938,0
3pwp,1,4,0.49374297,0.7774032950401306,0.50839925,0.32368985,0.4096972644329071,0.922256588935852,0.948,0.327,2.238,0.953,0
3qdg,3,2,0.34519872,0.45321327447891235,0.37175414,0.29679465,0.21408982574939728,0.5433886051177979,0.984,0.214,0.941,0.983,0
3qdg,3,0,0.4228455,0.6887590885162354,0.38358438,0.28607804,0.18434670567512512,0.7473491430282593,0.963,0.207,1.884,0.955,0
3qdg,3,1,0.36948594,0.5033453702926636,0.3773686,0.31045455,0.5415467619895935,0.2916007936000824,0.947,0.477,1.235,0.954,0
3qdg,3,4,0.389663,0.6865144968032837,0.37389106,0.21180809,0.20968778431415558,0.808734655380249,0.921,0.517,1.73,0.91,0
3qdg,2,0,0.3870866,0.6864403486251831,0.09538643,0.22783561,0.19573020935058594,0.8701918721199036,0.943,0.156,2.049,0.894,0
3qdg,2,1,0.34278327,0.4701918959617615,0.074153274,0.30422562,0.5447793006896973,0.4729873836040497,0.942,0.238,0.85,0.862,0
3qdg,2,4,0.3903723,0.7271332740783691,0.13282683,0.18635717,0.3328187167644501,0.7378960251808167,0.92,0.345,1.722,0.851,0
3qdg,0,1,0.4963566,0.7963917255401611,0.10376697,0.36703154,0.5567573308944702,0.759248673915863,0.946,0.291,1.938,0.923,0
3qdg,0,4,0.35450143,0.533747136592865,0.15530463,0.2833959,0.2616613209247589,0.5804272294044495,0.915,0.306,3.44,0.925,0
3qdg,1,4,0.45201144,0.7915776371955872,0.14701296,0.27704886,0.5702564120292664,0.8330378532409668,0.929,0.374,2.214,0.91,0
3qdj,4,2,0.37136322,0.2771395742893219,0.64068407,0.36691922,0.23553527891635895,0.29552793502807617,0.979,0.231,0.708,0.968,0
3qdj,4,3,0.41191915,0.5152479410171509,0.6389284,0.3396014,0.3365820348262787,0.8013247847557068,0.96,0.231,1.597,0.938,0
3qdj,4,1,0.43414137,0.3387696146965027,0.63765514,0.44091907,0.15287138521671295,0.15581780672073364,0.979,0.172,0.514,0.953,0
3qdj,4,0,0.4452842,0.47703462839126587,0.64790815,0.41035378,0.5214611887931824,0.5089126825332642,0.96,0.191,1.808,0.938,0
3qdj,2,3,0.38016537,0.5122522115707397,0.060616575,0.34164625,0.1904778629541397,0.8530864715576172,0.97,0.169,1.553,0.954,0
3qdj,2,1,0.3950531,0.329193115234375,0.0641885,0.43163925,0.1435393989086151,0.31761375069618225,0.979,0.139,0.724,0.953,0
3qdj,2,0,0.39362442,0.4458845853805542,0.14541203,0.38985816,0.5207029581069946,0.44702088832855225,0.952,0.198,1.631,0.908,0
3qdj,3,1,0.3735242,0.3816792368888855,0.0610077,0.3869262,0.20849034190177917,0.7313874363899231,0.985,0.139,1.231,0.984,0
3qdj,3,0,0.30712917,0.49430397152900696,0.12772606,0.22645661,0.5843217968940735,0.8310314416885376,0.975,0.221,0.739,0.954,0
3qdj,1,0,0.39285526,0.4019351899623871,0.10382869,0.40596002,0.5214847922325134,0.512939453125,0.97,0.187,1.44,0.954,0
3qdm,1,0,0.64518774,1.0959638357162476,0.21530934,0.45492095,1.1032613515853882,1.017425537109375,0.887,0.632,2.059,0.867,0
3qdm,1,2,0.46583635,0.6852623224258423,0.44147894,0.37406027,1.0436118841171265,0.3462141752243042,0.954,0.304,1.123,0.918,0
3qdm,1,3,0.3895366,0.47800445556640625,0.38520032,0.35774273,0.5740690231323242,0.37268686294555664,0.93,0.23,2.721,0.906,0
3qdm,1,4,0.43649635,0.7620323896408081,0.09870604,0.2935418,1.1337405443191528,0.8082799911499023,0.938,0.236,2.511,0.919,0
3qdm,0,2,0.5587719,0.923281192779541,0.4337911,0.39873388,0.3513164222240448,0.9107791185379028,0.914,0.458,2.429,0.902,0
3qdm,0,3,0.5695649,0.9968754649162292,0.42478508,0.36545843,1.0170392990112305,0.8558229207992554,0.847,0.641,3.994,0.875,0
3qdm,0,4,0.61003774,1.0477324724197388,0.15973945,0.42939398,0.5552025437355042,0.5563828349113464,0.892,0.602,2.101,0.871,0
3qdm,2,3,0.3735364,0.6265101432800293,0.56483763,0.20636106,0.9236798286437988,0.36423295736312866,0.935,0.333,2.306,0.922,0
3qdm,2,4,0.45752627,0.6858218312263489,0.42273575,0.36218157,0.38179320096969604,0.7055727243423462,0.916,0.327,3.206,0.919,0
3qdm,3,4,0.49643016,0.8507607579231262,0.38651952,0.3334162,1.1861329078674316,0.7123437523841858,0.867,0.344,5.147,0.919,0
3qeq,4,0,0.7059356,0.9596077799797058,0.45291752,0.62973905,1.2154288291931152,0.7208126783370972,0.926,0.497,1.435,0.905,0
3qeq,4,1,0.4390047,0.8347743153572083,0.14143887,0.23545668,0.9687567353248596,0.6980944871902466,0.875,0.639,2.075,0.836,0
3qeq,4,3,0.87821704,1.3946272134780884,0.47049618,0.6818024,1.2934190034866333,0.5598481297492981,0.758,1.162,4.011,0.831,0
3qeq,4,2,0.7712049,0.9793536067008972,0.43486694,0.72156435,0.9747744798660278,0.5190382599830627,0.87,0.79,2.177,0.889,0
3qeq,0,1,0.7329617,0.974087119102478,0.45976436,0.6647375,1.3384901285171509,0.7983052134513855,0.857,0.652,2.257,0.795,0
3qeq,0,3,0.620887,1.1645704507827759,0.18609723,0.35081688,1.5288454294204712,0.910351574420929,0.81,0.965,3.649,0.877,0
3qeq,0,2,0.58774394,0.9106354117393494,0.17322274,0.4767438,1.2868590354919434,0.5780938863754272,0.879,0.766,1.841,0.889,0
3qeq,1,3,0.7593791,1.1091033220291138,0.45922872,0.6301103,0.8959701657295227,0.8439381122589111,0.816,0.839,4.342,0.892,0
3qeq,1,2,0.6912304,0.676879346370697,0.46390325,0.7125147,0.8587413430213928,0.5661698579788208,0.928,0.525,2.158,0.952,0
3qeq,3,2,0.5616617,0.8894477486610413,0.22399677,0.43424252,0.6954137682914734,0.7685889601707458,0.899,0.587,2.436,0.905,0
3qfj,1,0,0.30330503,0.29101598262786865,0.07380599,0.3228469,0.3456912040710449,0.1258120983839035,0.972,0.212,1.225,0.957,0
3qfj,1,2,0.40116984,0.4015567898750305,0.08247352,0.42190453,0.48096781969070435,0.0849042758345604,0.985,0.158,1.164,0.985,0
3qfj,1,3,0.4511065,0.48344576358795166,0.08748379,0.4632463,0.4766743779182434,0.6430050730705261,0.992,0.131,0.394,0.985,0
3qfj,1,4,0.43719098,0.5163922309875488,0.35487264,0.4142493,0.27500614523887634,0.09777747839689255,0.967,0.2,1.375,0.943,0
3qfj,0,2,0.3643225,0.420716255903244,0.07019475,0.36222616,0.49170687794685364,0.10601630806922913,0.995,0.127,0.711,1.0,0
3qfj,0,3,0.4203962,0.5341480374336243,0.06455648,0.39672205,0.4993687570095062,0.6857933402061462,0.982,0.211,1.209,0.985,0
3qfj,0,4,0.389723,0.5688847899436951,0.35399735,0.30657867,0.3021029233932495,0.14431151747703552,0.98,0.226,0.801,0.971,0
3qfj,2,3,0.36060375,0.5307571291923523,0.051424686,0.30043337,0.14078468084335327,0.6557144522666931,0.979,0.17,1.208,0.97,0
3qfj,2,4,0.44233182,0.6230369806289673,0.3517142,0.36775196,0.41903868317604065,0.10115168243646622,0.969,0.175,0.775,0.929,0
3qfj,3,4,0.38496912,0.4858115315437317,0.34938997,0.34670714,0.4059602618217468,0.6488152742385864,0.974,0.175,1.253,0.957,0
3rgv,4,3,0.38257664,0.7051329612731934,0.5725774,0.1441537,0.1875370442867279,1.2213892936706543,0.921,0.305,2.947,0.911,0
3rgv,4,2,0.6530432,0.41780465841293335,1.9419544,0.12949577,0.4066042900085449,0.5917813181877136,0.94,0.395,1.346,0.909,0
3rgv,4,0,0.3364578,0.5278897881507874,0.61304516,0.16885325,0.4445095658302307,0.6264491081237793,0.944,0.363,1.637,0.923,0
3rgv,4,1,0.7458133,0.8230558037757874,1.7782192,0.38346037,0.6676046848297119,1.2153743505477905,0.881,0.585,1.608,0.81,0
3rgv,3,2,0.7104099,0.6782712936401367,1.9734195,0.18294786,0.3171708881855011,1.164646029472351,0.949,0.418,1.82,0.964,0
3rgv,3,0,0.42425954,0.8084229826927185,0.55661356,0.17394891,0.370381623506546,1.2830487489700317,0.95,0.397,1.843,0.962,0
3rgv,3,1,0.66591275,0.5406641364097595,1.6588125,0.39499515,0.6125588417053223,0.38150086998939514,0.899,0.564,1.968,0.873,0
3rgv,2,0,0.5789666,0.44778430461883545,1.632016,0.19455871,0.1678183525800705,0.6704556941986084,0.947,0.573,0.996,0.981,0
3rgv,2,1,0.6376197,0.7399848699569702,1.393372,0.38574958,0.5734277367591858,1.1563445329666138,0.921,0.43,1.131,0.857,0
3rgv,0,1,0.63701594,0.7364769577980042,1.4407109,0.35774505,0.6297935247421265,1.1982711553573608,0.91,0.443,1.035,0.825,0
3sjv,2,3,1.0408013,0.7481858730316162,0.50151813,1.1436483,0.4211310148239136,1.107778549194336,0.957,0.216,1.068,0.908,0
3sjv,2,1,0.495822,0.7187978625297546,0.7422905,0.3769257,0.3295726478099823,0.6470536589622498,0.889,0.608,1.07,0.825,0
3sjv,2,0,0.49551314,0.6080852746963501,0.47190535,0.4627644,0.19599197804927826,0.2597436010837555,0.974,0.167,0.689,0.942,0
3sjv,2,4,0.7953983,0.828627347946167,0.50754225,0.8095649,0.7333095669746399,0.6669891476631165,0.92,0.273,2.158,0.853,0
3sjv,3,1,0.6192032,0.823013424873352,0.56871617,0.5580632,0.3603367805480957,0.8914791941642761,0.889,0.723,0.696,0.863,0
3sjv,3,0,0.56854814,0.8984688520431519,0.12662217,0.47518253,0.5650771856307983,1.2445049285888672,0.973,0.243,0.886,0.957,0
3sjv,3,4,0.6035878,0.9242480397224426,0.13322678,0.51891863,0.7829925417900085,1.0730907917022705,0.956,0.207,1.24,0.907,0
3sjv,1,0,1.1526729,2.3450465202331543,0.5688895,0.5402753,0.44682714343070984,0.7766262292861938,0.935,0.6,1.022,0.957,0
3sjv,1,4,1.2378458,2.103980779647827,0.56943786,0.929037,0.7212697267532349,0.9538649320602417,0.933,0.549,1.449,0.947,0
3sjv,0,4,0.6161329,0.7628892064094543,0.15993391,0.60069615,0.7607746124267578,0.6279178261756897,0.937,0.241,1.814,0.88,0
3tf7,4,1,0.2921755,0.5396378636360168,0.25186706,0.16661046,0.5586274266242981,0.16082783043384552,0.934,0.253,0.617,0.833,0
3tf7,4,0,0.23434985,0.3409215211868286,0.27188495,0.18705624,0.40758052468299866,0.13865023851394653,0.957,0.286,0.486,0.909,0
3tf7,4,2,0.29463068,0.54902184009552,0.16679403,0.17511646,0.45383384823799133,0.14723452925682068,0.956,0.28,0.707,0.907,0
3tf7,4,3,0.3418304,0.6734533905982971,0.25069463,0.15680987,0.5760424733161926,0.13332362473011017,0.957,0.344,0.579,0.925,0
3tf7,1,0,0.28923854,0.45447951555252075,0.124924846,0.23220497,0.47987404465675354,0.1749020218849182,0.972,0.221,0.826,0.945,0
3tf7,1,2,0.409154,0.7834474444389343,0.26719773,0.20717853,0.3668481111526489,0.1566854864358902,0.975,0.227,1.113,0.963,0
3tf7,1,3,0.4377555,0.9030835032463074,0.14146887,0.14733222,0.5205009579658508,0.11562974005937576,0.978,0.314,0.642,0.981,0
3tf7,0,2,0.4133144,0.7277237176895142,0.3007425,0.26226804,0.43998196721076965,0.13239093124866486,0.973,0.204,0.707,0.944,0
3tf7,0,3,0.45703205,0.8969010710716248,0.17029983,0.21106602,0.5813387036323547,0.19633391499519348,0.956,0.341,0.774,0.925,0
3tf7,2,3,0.25139007,0.4353201687335968,0.28048256,0.15370421,0.39653250575065613,0.1774737536907196,0.97,0.296,1.059,0.962,0
3tfk,4,0,0.43788013,0.6170600652694702,0.8344818,0.28477857,0.8417353630065918,0.6476727724075317,0.948,0.332,1.903,0.939,0
3tfk,4,1,0.6804543,1.2060458660125732,0.49751893,0.4159943,1.1438491344451904,0.6996907591819763,0.91,0.68,2.143,0.961,0
3tfk,4,3,0.54839706,0.9420595765113831,0.7346744,0.30326155,0.8363719582557678,0.6585132479667664,0.929,0.361,1.909,0.889,0
3tfk,4,2,0.46890146,0.585198163986206,0.47595218,0.4250173,0.751922070980072,0.5232330560684204,0.955,0.502,1.007,0.98,0
3tfk,0,1,0.5480965,0.6372917294502258,0.872586,0.46966067,0.9474590420722961,0.35410329699516296,0.921,0.608,1.119,0.922,0
3tfk,0,3,0.6003242,1.0076922178268433,0.6221106,0.39150476,0.9313200116157532,0.43475088477134705,0.917,0.418,1.447,0.852,0
3tfk,0,2,0.5129716,0.6270245909690857,0.6310854,0.45698887,0.741375744342804,0.784839928150177,0.961,0.291,1.155,0.939,0
3tfk,1,3,0.72271657,1.2815961837768555,0.64096177,0.42774677,1.2385302782058716,0.3398357629776001,0.915,0.553,2.184,0.926,0
3tfk,1,2,0.5977436,0.8384590148925781,0.6406854,0.49363762,0.8172143697738647,0.8140575289726257,0.973,0.376,1.246,1.0,0
3tfk,3,2,0.5383761,0.803822934627533,0.5431651,0.4189992,0.7870025038719177,0.8598353266716003,0.955,0.487,1.751,1.0,0
3tjh,4,1,0.6755065,1.0184705257415771,0.5186653,0.5076942,1.5366569757461548,0.45065611600875854,0.861,0.766,2.312,0.857,0
3tjh,4,0,0.6811676,1.1593379974365234,0.37665957,0.40941212,1.05060875415802,0.6294549703598022,0.872,0.668,3.001,0.891,0
3tjh,4,2,0.6313264,1.0067418813705444,0.3816531,0.4412226,1.5699222087860107,0.45841941237449646,0.919,0.664,1.255,0.943,0
3tjh,4,3,0.71012473,1.090311050415039,0.51911366,0.5214988,1.553910493850708,0.5400465130805969,0.861,0.778,2.858,0.897,0
3tjh,1,0,0.6551324,0.9281893968582153,0.58608013,0.527977,1.4597008228302002,0.3988971412181854,0.876,0.838,1.828,0.909,0
3tjh,1,2,0.46365517,0.4713734984397888,0.3638354,0.47099358,0.563166618347168,0.22292642295360565,0.956,0.359,2.098,0.981,0
3tjh,1,3,0.41522062,0.4275463819503784,0.13392366,0.43172702,0.42051711678504944,0.25884535908699036,0.962,0.414,1.398,0.983,0
3tjh,0,2,0.5933045,0.9624518752098083,0.47297952,0.40024132,1.4831334352493286,0.4276862144470215,0.865,0.676,2.881,0.868,1
3tjh,0,3,0.61331797,0.9953261017799377,0.57686794,0.40006912,1.4534964561462402,0.24639970064163208,0.883,0.756,0.906,0.862,1
3tjh,2,3,0.40410107,0.47512921690940857,0.3620993,0.3800387,0.5633550882339478,0.28948530554771423,0.901,0.467,2.638,0.879,0
3tpu,4,3,0.75070405,1.0601298809051514,0.782502,0.6154825,1.7293879985809326,0.4955672323703766,0.943,0.36,1.141,0.902,0
3tpu,4,2,0.6956818,1.052544116973877,0.2344035,0.57929,1.9328761100769043,0.525446891784668,0.915,0.63,0.835,0.905,0
3tpu,4,0,0.7617984,1.0340749025344849,0.5888065,0.67220783,1.3348908424377441,0.5770131349563599,0.86,0.654,2.791,0.836,0
3tpu,4,1,0.7533197,1.001389980316162,0.86156255,0.63854676,1.2520055770874023,0.5690944194793701,0.935,0.433,1.606,0.917,0
3tpu,3,2,0.81485546,0.8967651128768921,0.80611825,0.7883271,1.5584826469421387,0.2256443351507187,0.936,0.39,1.166,0.889,0
3tpu,3,0,0.9283247,1.3042609691619873,0.8574316,0.7823787,1.8027704954147339,0.8045684099197388,0.84,0.744,2.017,0.77,0
3tpu,3,1,0.4172513,0.7197497487068176,0.44832215,0.24997337,1.311328411102295,0.29681196808815,0.959,0.394,0.8,0.95,0
3tpu,2,0,1.0756332,1.5159306526184082,0.6225526,0.9345759,2.2356157302856445,0.8682751655578613,0.819,0.822,2.824,0.787,0
3tpu,2,1,0.8751963,1.0776535272598267,0.89851254,0.79429406,1.8358904123306274,0.21075940132141113,0.926,0.408,1.673,0.883,0
3tpu,0,1,0.9731468,1.3572787046432495,0.9589478,0.82084846,1.6065047979354858,0.8834749460220337,0.819,0.875,2.093,0.767,0
3uts,1,0,0.41242588,0.508195698261261,0.09481969,0.4006341,0.20709328353405,0.16473205387592316,0.896,0.574,2.166,0.878,0
3uts,1,2,0.34360328,0.6067897081375122,0.077799246,0.2320301,0.40200912952423096,0.5074371695518494,0.929,0.234,2.563,0.894,0
3uts,1,3,0.38460797,0.6158501505851746,0.08232023,0.3042203,0.33549439907073975,0.5444062948226929,0.962,0.256,1.71,0.953,0
3uts,1,4,0.45673168,0.6147910952568054,0.11797673,0.4217458,0.10399531573057175,0.5507371425628662,0.911,0.598,1.419,0.896,0
3uts,0,2,0.37466362,0.4256155490875244,0.092078365,0.37701625,0.3739193379878998,0.49202021956443787,0.984,0.195,0.875,0.979,0
3uts,0,3,0.33236644,0.4465569257736206,0.09335088,0.30754703,0.2676748037338257,0.5434842109680176,0.97,0.266,1.639,0.977,0
3uts,0,4,0.3866991,0.49953827261924744,0.082338534,0.367001,0.25307124853134155,0.5356650948524475,0.927,0.294,3.446,0.958,0
3uts,2,3,0.23116742,0.30426332354545593,0.087453425,0.21569866,0.4229895770549774,0.23033587634563446,0.974,0.218,1.597,0.977,0
3uts,2,4,0.37044042,0.4231385886669159,0.12766117,0.37083477,0.47114667296409607,0.3732934296131134,0.865,0.636,3.835,0.917,0
3uts,3,4,0.35036492,0.5011420845985413,0.101848796,0.30972615,0.3861296772956848,0.4687608480453491,0.861,0.703,2.69,0.854,0
3utt,4,2,0.3378945,0.5388829112052917,0.11103558,0.2667799,0.2675997316837311,0.47584331035614014,0.929,0.414,2.405,0.932,0
3utt,4,3,0.428575,0.6358626484870911,0.3875555,0.346153,0.772798478603363,0.5080471634864807,0.926,0.309,1.946,0.87,0
3utt,4,1,0.26513153,0.3580372631549835,0.05818618,0.24439488,0.19943416118621826,0.556083083152771,0.971,0.304,1.357,0.977,0
3utt,4,0,0.29279658,0.45489785075187683,0.36936924,0.20807883,0.15574908256530762,0.49982842803001404,0.962,0.227,2.288,0.976,0
3utt,2,3,0.4262501,0.6106776595115662,0.38202846,0.35829088,0.8269118666648865,0.613920271396637,0.93,0.423,1.416,0.891,0
3utt,2,1,0.30623066,0.465993195772171,0.08676296,0.25715885,0.12608455121517181,0.5505272150039673,0.968,0.186,1.63,0.953,0
3utt,2,0,0.27743208,0.4063216745853424,0.37609813,0.2091692,0.23946377635002136,0.6224140524864197,0.96,0.283,1.7,0.952,0
3utt,3,1,0.44759738,0.6727056503295898,0.3888479,0.35934266,0.8251601457595825,0.4789426326751709,0.944,0.395,1.611,0.93,0
3utt,3,0,0.4108326,0.46372759342193604,0.14458396,0.41286927,0.7245442867279053,0.38244903087615967,0.959,0.247,1.401,0.929,0
3utt,1,0,0.27399755,0.43158817291259766,0.37056544,0.18687917,0.22143889963626862,0.26604679226875305,0.985,0.23,1.282,1.0,0
3vxm,4,3,3.3848283,6.3512864112854,2.7738008,2.1240675,6.479125499725342,5.951549530029297,0.274,3.528,8.482,0.167,0
3vxm,4,2,4.6198645,9.068082809448242,3.1710148,2.6693144,10.10712718963623,6.808337211608887,0.148,5.556,13.296,0.085,0
3vxm,4,0,2.0527139,4.3611626625061035,1.3831679,0.8366856,4.420999526977539,3.64927077293396,0.279,3.438,11.008,0.304,0
3vxm,4,1,8.0311575,18.246713638305664,1.6978327,1.819953,15.633304595947266,10.339287757873535,0.039,16.028,30.909,0.038,0
3vxm,3,2,2.1967273,5.2011399269104,1.9719512,1.1571213,4.978505611419678,1.207589864730835,0.338,3.24,6.888,0.234,0
3vxm,3,0,2.8924916,7.390131950378418,1.6359942,1.2599982,7.594200134277344,6.132021903991699,0.172,4.722,15.912,0.203,0
3vxm,3,1,5.946401,16.29094696044922,1.8392745,1.4522543,9.279107093811035,12.194923400878906,0.027,16.062,30.747,0.0,0
3vxm,2,0,4.6038547,9.897637367248535,3.0676715,2.0211933,11.199666976928711,7.043974876403809,0.089,7.174,21.181,0.087,1
3vxm,2,1,7.2239385,16.769989013671875,1.7708336,1.701344,10.83547592163086,13.07593822479248,0.053,15.25,30.126,0.077,1
3vxm,0,1,7.702737,16.282676696777344,2.4309318,2.2443223,14.190751075744629,12.91873550415039,0.052,14.837,31.294,0.077,1
3vxr,1,0,0.5949811,0.7569943070411682,0.6978823,0.51201135,0.6529068946838379,0.7813734412193298,0.936,0.348,0.935,0.872,0
3vxr,1,2,0.5099183,0.6119059324264526,0.86111194,0.3981255,0.6665222644805908,0.459563285112381,0.962,0.326,1.491,0.96,0
3vxr,1,3,0.61655205,0.882246732711792,0.70654166,0.47865587,0.3233467936515808,0.7933995127677917,0.925,0.385,2.443,0.913,0
3vxr,1,4,0.48704585,0.6577666997909546,0.8519441,0.32740775,0.8122944831848145,0.7617074251174927,0.95,0.365,2.248,0.971,0
3vxr,0,2,0.67187905,0.9467700719833374,0.5529184,0.5720239,0.8845773339271545,0.7235736846923828,0.944,0.381,2.04,0.947,0
3vxr,0,3,0.6227562,0.8999980092048645,0.36700505,0.5336075,0.6503267884254456,0.5614282488822937,0.914,0.345,3.172,0.913,0
3vxr,0,4,0.63336307,0.8494285941123962,0.49401325,0.5642866,1.0092182159423828,0.6687057614326477,0.932,0.354,2.978,0.957,0
3vxr,2,3,0.6705639,0.9385976195335388,0.5710467,0.5694922,0.7182336449623108,0.6363861560821533,0.932,0.362,1.891,0.899,0
3vxr,2,4,0.4632439,0.6411129832267761,0.63189125,0.35586238,0.5749574899673462,0.5122976303100586,0.958,0.319,2.3,0.986,0
3vxr,3,4,0.6300672,0.9848342537879944,0.43365654,0.48191476,0.84351646900177,0.640285849571228,0.927,0.354,1.318,0.857,0
3vxs,2,3,0.4038106,0.6486383676528931,0.58095205,0.2377733,0.5020859241485596,0.42192718386650085,0.892,0.38,3.975,0.917,0
3vxs,2,1,0.4950462,0.5213471055030823,0.46472663,0.48975623,0.4341062009334564,0.25234881043434143,0.94,0.144,1.849,0.873,0
3vxs,2,0,0.74424326,1.354357361793518,0.6428776,0.38633668,0.5609259605407715,2.498429775238037,0.945,0.253,1.754,0.904,0
3vxs,2,4,0.3882945,0.32982078194618225,1.0577751,0.21160683,0.2986142039299011,0.285049706697464,0.955,0.315,2.241,0.972,0
3vxs,3,1,0.52505857,0.5197336673736572,0.7905539,0.4836733,0.6455001831054688,0.43008241057395935,0.908,0.396,2.347,0.861,1
3vxs,3,0,0.7315699,1.3154948949813843,0.7086258,0.39276233,0.726616382598877,2.4397497177124023,0.915,0.254,3.109,0.89,1
3vxs,3,4,0.46441546,0.6586555242538452,0.95968276,0.23977926,0.5526290535926819,0.4104956388473511,0.923,0.343,2.78,0.915,1
3vxs,1,0,0.7221721,1.2514443397521973,0.54791254,0.4344618,0.3508663773536682,2.5297536849975586,0.956,0.269,1.891,0.945,0
3vxs,1,4,0.5607764,0.5937919020652771,0.9239962,0.48373616,0.5110375881195068,0.23792046308517456,0.953,0.319,2.053,0.958,0
3vxs,0,4,0.7773732,1.3575400114059448,0.92016685,0.37883613,0.6140652298927307,2.5077178478240967,0.971,0.223,0.807,0.944,1
3vxu,4,2,0.67678916,1.098400592803955,0.5959291,0.43165624,0.6478581428527832,0.45806702971458435,0.954,0.463,0.512,0.954,0
3vxu,4,3,0.4751568,0.6568605899810791,0.32799146,0.40322518,0.7104895114898682,0.2300647646188736,0.978,0.158,1.185,0.965,0
3vxu,4,1,0.5735027,0.8382923603057861,0.615957,0.424459,0.3465382754802704,0.12012740969657898,0.939,0.573,0.885,0.954,0
3vxu,4,0,0.6168101,0.9383020401000977,0.7052374,0.41859388,0.16886836290359497,0.4812857210636139,0.953,0.492,1.221,0.976,0
3vxu,2,3,0.79464924,1.5062540769577026,0.51907504,0.24128278,0.3219084143638611,0.5120940804481506,0.986,0.196,1.374,1.0,0
3vxu,2,1,0.53537434,0.9442245960235596,0.1802881,0.3005027,0.6736857891082764,0.46501079201698303,0.976,0.314,1.138,0.989,0
3vxu,2,0,0.64732164,1.056732177734375,0.386972,0.43537426,0.6474034190177917,0.24700099229812622,0.98,0.2,1.494,0.988,0
3vxu,3,1,0.49970415,0.8396832942962646,0.5204174,0.27244037,0.7085058093070984,0.22955864667892456,0.947,0.585,0.489,0.977,0
3vxu,3,0,0.64395905,0.9989510178565979,0.63115805,0.44215396,0.6947535872459412,0.4161359369754791,0.948,0.502,1.568,0.976,0
3vxu,1,0,0.49665323,0.5032112002372742,0.40287763,0.505011,0.28506797552108765,0.4640365540981293,0.986,0.206,1.283,1.0,0
3w0w,4,3,0.30551034,0.27442747354507446,0.25072524,0.32256982,0.09979678690433502,0.20523019134998322,0.988,0.101,1.228,0.989,0
3w0w,4,2,0.16830169,0.21654723584651947,0.2790867,0.12228197,0.09144342690706253,0.08683688193559647,0.977,0.111,1.491,0.966,0
3w0w,4,0,0.17271297,0.24020883440971375,0.12137992,0.1458069,0.13341857492923737,0.15482819080352783,0.97,0.149,2.319,0.988,0
3w0w,4,1,0.30601603,0.34285932779312134,0.33468473,0.28682634,0.5686429142951965,0.0966164767742157,0.986,0.123,1.342,0.988,0
3w0w,3,2,0.30690375,0.18001507222652435,0.09473201,0.35847047,0.07797045260667801,0.18515191972255707,0.987,0.099,0.967,0.978,0
3w0w,3,0,0.2661617,0.19143237173557281,0.21925335,0.29442033,0.10644041746854782,0.2071903944015503,0.981,0.119,1.713,0.988,0
3w0w,3,1,0.2828209,0.32875192165374756,0.14150973,0.27772093,0.565798282623291,0.21502220630645752,0.993,0.1,0.555,0.988,0
3w0w,2,0,0.1864086,0.13743336498737335,0.2298249,0.19600675,0.08489903807640076,0.10350299626588821,0.988,0.137,1.104,0.988,0
3w0w,2,1,0.2954938,0.29033058881759644,0.09389165,0.31387854,0.5696109533309937,0.0706479400396347,0.996,0.126,0.573,1.0,0
3w0w,0,1,0.2540699,0.29150786995887756,0.27839386,0.23476171,0.5732231736183167,0.08746562153100967,0.986,0.121,1.307,0.988,1
4eup,0,1,0.43207538,0.5260578989982605,0.16470392,0.41319674,0.2853916883468628,0.6121942400932312,0.976,0.276,1.365,0.986,0
4eup,0,3,0.3545836,0.5431838631629944,0.11029501,0.28159466,0.22084830701351166,0.6180111765861511,0.952,0.228,1.534,0.909,0
4eup,0,2,0.32160658,0.4304717183113098,0.19469301,0.28620315,0.17819082736968994,0.4391914904117584,0.974,0.153,0.983,0.947,0
4eup,0,4,0.37778646,0.5473513007164001,0.100283936,0.3195638,0.3303261399269104,0.19398510456085205,0.953,0.413,1.436,0.958,0
4eup,1,3,0.51510406,0.6818848848342896,0.11861853,0.4711784,0.2284909188747406,0.8143618702888489,0.941,0.218,1.708,0.883,0
4eup,1,2,0.44019228,0.353881299495697,0.23993976,0.47792986,0.23201529681682587,0.4098520278930664,0.94,0.283,1.713,0.893,0
4eup,1,4,0.4443299,0.5313576459884644,0.14223835,0.43041047,0.3505394160747528,0.5745532512664795,0.942,0.444,1.302,0.931,0
4eup,3,2,0.4615261,0.7972428798675537,0.19997405,0.29572678,0.1603853702545166,0.7532757520675659,0.972,0.173,1.117,0.947,0
4eup,3,4,0.5255442,0.8966784477233887,0.09897138,0.35189044,0.2758677303791046,0.6081406474113464,0.954,0.369,1.703,0.958,0
4eup,2,4,0.30839306,0.4127141237258911,0.20818312,0.2746224,0.2349056899547577,0.46759241819381714,0.955,0.346,1.468,0.944,0
4ftv,4,1,0.35875368,0.45286762714385986,0.3691858,0.31451586,0.289456307888031,0.35106518864631653,0.982,0.183,0.908,0.971,0
4ftv,4,0,0.39799827,0.5444897413253784,0.6275169,0.28248388,0.5968213677406311,0.3267754316329956,0.96,0.186,2.423,0.969,0
4ftv,4,2,0.45215198,0.6323686838150024,0.35160202,0.37341046,0.43469732999801636,0.5570289492607117,0.978,0.213,1.103,0.97,0
4ftv,4,3,0.3221207,0.44206783175468445,0.35755646,0.25758007,0.27625882625579834,0.3598339557647705,0.965,0.17,1.911,0.957,0
4ftv,1,0,0.37389794,0.36843371391296387,0.43238986,0.3688554,0.3919666111469269,0.3021349310874939,0.949,0.137,2.807,0.954,0
4ftv,1,2,0.4420527,0.6136837005615234,0.11933153,0.3836812,0.5114439725875854,0.5518046021461487,0.967,0.179,1.386,0.94,0
4ftv,1,3,0.32652843,0.20521941781044006,0.07194658,0.37729502,0.0914166197180748,0.12440060079097748,0.956,0.116,2.289,0.942,0
4ftv,0,2,0.52536994,0.7527637481689453,0.52503955,0.4099421,0.659184992313385,0.4662776291370392,0.948,0.231,2.124,0.925,0
4ftv,0,3,0.3633605,0.47657033801078796,0.46635947,0.2953907,0.4256344139575958,0.308867484331131,0.964,0.169,0.777,0.913,0
4ftv,2,3,0.43945366,0.6878126859664917,0.09331027,0.32949007,0.4994982182979584,0.5418874621391296,0.968,0.156,1.422,0.942,0
4g8g,1,0,0.62923574,1.0874208211898804,0.97359407,0.31388703,0.2944891154766083,2.324605941772461,0.875,0.644,1.278,0.803,0
4g8g,1,2,0.676018,1.1357022523880005,0.58525616,0.47213268,0.6218294501304626,0.9856116771697998,0.815,0.768,2.942,0.759,0
4g8g,1,3,0.65560204,0.9613514542579651,0.9197718,0.48463348,0.46381324529647827,1.006705403327942,0.853,0.621,2.031,0.759,0
4g8g,1,4,0.92661244,1.6754356622695923,1.136543,0.47944978,0.52973473072052,2.8071022033691406,0.813,1.018,2.298,0.822,0
4g8g,0,2,0.7517787,1.3782013654708862,1.0827308,0.32394686,0.675495445728302,2.467472553253174,0.826,0.82,3.636,0.862,0
4g8g,0,3,0.63424975,1.2626296281814575,0.25325954,0.3070911,0.490121990442276,2.4581692218780518,0.883,0.68,2.152,0.879,0
4g8g,0,4,0.8823096,1.7780321836471558,0.4836655,0.38391283,0.6749531030654907,3.4321789741516113,0.861,0.902,2.606,0.933,0
4g8g,2,3,0.45124817,0.5929087400436401,0.96555257,0.2769208,0.2911386787891388,0.7886974811553955,0.919,0.285,2.656,0.879,0
4g8g,2,4,0.7729553,1.3466743230819702,1.182804,0.39530447,0.6819907426834106,2.7030885219573975,0.895,0.686,2.018,0.911,0
4g8g,3,4,0.7310863,1.467113733291626,0.40184,0.35468194,0.5764934420585632,2.9900944232940674,0.876,0.714,2.808,0.911,0
4g9f,0,1,0.62753266,1.018996000289917,0.31819153,0.45500633,0.8813114166259766,1.097891092300415,0.79,0.885,4.097,0.816,0
4g9f,0,3,0.40548795,0.6469987630844116,0.27961078,0.29559466,0.6846185326576233,0.47269687056541443,0.917,0.349,2.94,0.909,0
4g9f,0,2,0.46167308,0.8050627708435059,0.2277224,0.28791258,0.5822115540504456,0.8682548999786377,0.901,0.571,2.275,0.897,0
4g9f,0,4,0.6088584,1.0196540355682373,0.5466401,0.38715345,0.783735454082489,1.4542547464370728,0.832,0.75,3.436,0.836,0
4g9f,1,3,0.5731321,0.9040071368217468,0.25245857,0.4192063,0.6502407193183899,0.7455770969390869,0.878,0.753,2.675,0.924,0
4g9f,1,2,0.4788454,0.7020259499549866,0.2920473,0.3834968,0.6953945159912109,0.7432316541671753,0.941,0.489,2.005,0.971,0
4g9f,1,4,0.44427985,0.7433491945266724,0.46289125,0.24986385,0.7995874285697937,0.9489023685455322,0.945,0.373,1.344,0.918,0
4g9f,3,2,0.45326462,0.8068794012069702,0.1995404,0.26057258,0.8600873351097107,0.6780025362968445,0.932,0.515,1.403,0.926,0
4g9f,3,4,0.5330671,0.944054365158081,0.47848403,0.2774977,0.945244550704956,1.1145029067993164,0.882,0.592,1.421,0.808,0
4g9f,2,4,0.47202504,0.7258779406547546,0.48130322,0.33667627,0.5411238074302673,0.8774496912956238,0.922,0.392,1.214,0.849,0
4jfd,0,1,0.6800211,0.8853884339332581,0.4143782,0.6153387,0.12334766238927841,0.5721756815910339,0.957,0.195,1.03,0.901,0
4jfd,0,3,0.39616907,0.43565189838409424,0.5467794,0.36227474,0.11353570967912674,0.5107188820838928,0.947,0.436,1.602,0.952,0
4jfd,0,2,0.44983175,0.472933292388916,0.5839785,0.42546389,0.41048845648765564,0.6002384424209595,0.967,0.243,0.648,0.931,0
4jfd,0,4,0.67444396,0.8796623349189758,0.2931034,0.61627674,0.43354135751724243,0.40650126338005066,0.958,0.201,1.434,0.92,0
4jfd,1,3,0.63766557,0.8170077204704285,0.57630104,0.5643602,0.22798331081867218,0.42686891555786133,0.959,0.479,1.21,0.988,0
4jfd,1,2,0.65274847,0.8308451175689697,0.63070273,0.57618666,0.41687169671058655,0.4247888922691345,0.982,0.267,0.907,0.989,0
4jfd,1,4,0.24750167,0.41529959440231323,0.33545935,0.1231178,0.4035196304321289,0.5515937209129333,0.984,0.128,0.627,0.966,0
4jfd,3,2,0.4081756,0.5078107714653015,0.5642108,0.34440425,0.4140879213809967,0.15037035942077637,0.946,0.456,1.202,0.943,0
4jfd,3,4,0.6615258,0.9055116772651672,0.5331809,0.5625681,0.45686009526252747,0.5394956469535828,0.946,0.309,1.449,0.908,0
4jfd,2,4,0.7100899,0.9219251275062561,0.573911,0.6317966,0.16422727704048157,0.5888620018959045,0.933,0.48,1.436,0.92,0
4jfe,3,2,0.42624533,0.5280515551567078,0.09790146,0.40515572,0.45610693097114563,0.39129045605659485,0.849,0.918,2.034,0.874,0
4jfe,3,0,0.41122293,0.5161835551261902,0.54615235,0.349783,0.46791693568229675,0.5372426509857178,0.962,0.243,1.477,0.94,0
4jfe,3,1,0.5017118,0.6020921468734741,0.49303672,0.46212372,0.4536707401275635,0.40417778491973877,0.933,0.586,1.202,0.95,0
4jfe,3,4,0.2658607,0.45221444964408875,0.09725936,0.17180231,0.4779713749885559,0.6337348818778992,0.944,0.572,1.055,0.975,0
4jfe,2,0,0.5323241,0.9347182512283325,0.54525805,0.2611905,0.1504783183336258,0.39299213886260986,0.95,0.499,1.015,0.964,0
4jfe,2,1,0.6149001,1.0992432832717896,0.50004786,0.29968092,0.17727822065353394,0.1813173145055771,0.874,1.02,1.377,0.963,0
4jfe,2,4,0.63214284,1.161823034286499,0.09282952,0.30544692,0.2628293037414551,0.5410986542701721,0.895,0.788,2.16,0.963,0
4jfe,0,1,0.4541582,0.5747753381729126,0.72392666,0.3624827,0.13704220950603485,0.41653668880462646,0.945,0.591,0.573,0.975,0
4jfe,0,4,0.54280007,0.8887754082679749,0.5515548,0.34276852,0.17749594151973724,0.6483902335166931,0.939,0.595,1.294,0.975,0
4jfe,1,4,0.67387867,1.1504316329956055,0.49284652,0.3989849,0.16990387439727783,0.5447850227355957,0.973,0.219,0.87,0.95,0
4jff,2,3,0.3341163,0.4230620265007019,0.08609811,0.3146082,0.13605210185050964,0.34312450885772705,0.97,0.268,0.844,0.951,0
4jff,2,1,0.39256194,0.5873680114746094,0.07194749,0.32194468,0.05549559369683266,0.7052997946739197,0.979,0.143,1.086,0.963,0
4jff,2,0,0.3421385,0.46331480145454407,0.09544791,0.30729118,0.13520783185958862,0.5623779296875,0.974,0.325,0.792,0.975,0
4jff,2,4,0.36130542,0.47490185499191284,0.07343949,0.33244008,0.12350685894489288,0.6166715621948242,0.962,0.495,0.486,0.987,0
4jff,3,1,0.4701782,0.5721525549888611,0.077326916,0.45389718,0.4321962893009186,0.6235701441764832,0.971,0.271,0.544,0.95,0
4jff,3,0,0.4029578,0.5836281776428223,0.05521746,0.34227628,0.43187570571899414,0.5135518312454224,0.974,0.237,0.591,0.951,0
4jff,3,4,0.3675186,0.393697589635849,0.054671325,0.375977,0.4583838880062103,0.5663464069366455,0.963,0.418,0.95,0.975,0
4jff,1,0,0.46630913,0.8010979294776917,0.089718774,0.29958552,0.13133256137371063,0.392467737197876,0.967,0.371,0.584,0.963,0
4jff,1,4,0.3495667,0.5448838472366333,0.055014037,0.27002445,0.11808779090642929,0.17068369686603546,0.953,0.516,1.249,0.987,0
4jff,0,4,0.27155888,0.5195067524909973,0.055737175,0.11218003,0.15135614573955536,0.36204060912132263,0.969,0.412,0.906,0.987,0
4jrx,4,2,0.37388986,0.5987816452980042,0.3229037,0.23037425,0.5230396389961243,0.5665850043296814,0.981,0.202,0.907,0.973,0
4jrx,4,3,0.51087195,0.8254383206367493,0.10741058,0.345406,0.5301302075386047,0.8428687453269958,0.967,0.211,1.391,0.946,0
4jrx,4,1,0.44726533,0.6702896356582642,0.1208581,0.34815034,0.5370374321937561,0.7033345103263855,0.964,0.179,1.372,0.932,0
4jrx,4,0,0.45679596,0.6682891845703125,0.34682348,0.34811068,0.5607702136039734,0.8036233186721802,0.978,0.231,0.987,0.971,0
4jrx,2,3,0.37920856,0.5688376426696777,0.32867777,0.27299446,0.16384193301200867,0.477765291929245,0.975,0.205,1.52,0.973,0
4jrx,2,1,0.3816198,0.5415143370628357,0.34135875,0.2978618,0.16369549930095673,0.7388592958450317,0.974,0.171,1.312,0.959,0
4jrx,2,0,0.28931686,0.2860630750656128,0.45357355,0.2599447,0.20202040672302246,0.40496256947517395,0.994,0.151,0.813,1.0,0
4jrx,3,1,0.4182567,0.5594769716262817,0.09749335,0.3762968,0.12587852776050568,1.0468147993087769,0.976,0.258,0.407,0.959,0
4jrx,3,0,0.32052642,0.25763824582099915,0.32405663,0.3423531,0.2620844841003418,0.24744094908237457,0.975,0.264,1.851,1.0,0
4jrx,1,0,0.41943574,0.5810366272926331,0.34162396,0.34400782,0.23715586960315704,1.0501738786697388,0.982,0.181,1.736,1.0,1
4jry,4,1,0.5967187,0.9435068368911743,0.6230656,0.40586916,1.580583095550537,0.7492626309394836,0.904,0.449,3.204,0.919,0
4jry,4,0,0.53727025,0.7272847890853882,0.49973324,0.45826668,1.217968463897705,0.6286306977272034,0.954,0.308,1.054,0.919,0
4jry,4,2,1.2743664,2.460334539413452,0.63866526,0.49352944,5.7941179275512695,0.8907775282859802,0.898,0.652,1.344,0.878,0
4jry,4,3,1.0133648,1.7419586181640625,0.7823325,0.61828065,3.4411990642547607,1.30123770236969,0.824,0.921,2.36,0.817,0
4jry,1,0,0.693238,1.2421114444732666,0.55533206,0.38858843,1.9515063762664795,0.6350706219673157,0.857,0.512,3.946,0.851,0
4jry,1,2,1.3019994,2.6306676864624023,0.4676175,0.40230808,5.486623287200928,1.0452139377593994,0.839,0.688,3.91,0.865,0
4jry,1,3,1.2125021,2.308892011642456,0.7705806,0.5543056,4.278934001922607,1.4202712774276733,0.762,1.093,3.84,0.803,0
4jry,0,2,1.2585572,2.5722415447235107,0.5789007,0.3033554,5.791991233825684,0.9894606471061707,0.887,0.665,1.396,0.851,0
4jry,0,3,0.90567154,1.598063349723816,0.74966913,0.5313624,2.923011064529419,1.3260773420333862,0.826,0.877,2.826,0.831,0
4jry,2,3,1.0665989,2.0979366302490234,0.6150051,0.42456275,4.718384742736816,0.6471844911575317,0.859,0.867,1.524,0.859,0
4l3e,4,0,0.61607116,0.9491780996322632,0.5317454,0.4460032,0.16015620529651642,0.8572347164154053,0.96,0.359,0.939,0.946,0
4l3e,4,1,0.42114386,0.7022849917411804,0.508936,0.23271763,0.23607350885868073,0.33383697271347046,0.984,0.181,0.645,0.973,0
4l3e,4,3,0.40407804,0.4424716830253601,0.49807143,0.37827468,0.1068485900759697,0.565181314945221,0.982,0.164,0.443,0.959,0
4l3e,4,2,0.5683246,0.8399981260299683,0.5085584,0.43565342,0.14944341778755188,0.6535583138465881,0.948,0.236,2.458,0.944,0
4l3e,0,1,0.40338704,0.6031436920166016,0.09657716,0.3222653,0.25881344079971313,0.6460856199264526,0.971,0.249,1.178,0.959,0
4l3e,0,3,0.4632611,0.7005919814109802,0.1286765,0.36398774,0.11032219976186752,0.4714090824127197,0.967,0.275,1.0,0.946,0
4l3e,0,2,0.34675825,0.46870195865631104,0.12284066,0.30663103,0.12764988839626312,0.4212386906147003,0.95,0.25,2.748,0.972,0
4l3e,1,3,0.34433374,0.4943825900554657,0.1134639,0.28873733,0.2679547667503357,0.4178485870361328,0.985,0.14,0.86,0.973,0
4l3e,1,2,0.37662223,0.44592446088790894,0.13556507,0.36516064,0.3174654245376587,0.5464761853218079,0.957,0.206,2.031,0.944,0
4l3e,3,2,0.51278585,0.8034061193466187,0.16480781,0.38271064,0.09882307052612305,0.5265370607376099,0.954,0.206,2.465,0.958,0
4mji,4,3,0.29238424,0.31703805923461914,0.37407097,0.2773545,0.16388867795467377,0.6803363561630249,0.976,0.11,2.031,0.987,0
4mji,4,2,0.23920017,0.29527992010116577,0.34840187,0.20982446,0.21916259825229645,0.4192146360874176,0.959,0.206,2.09,0.951,0
4mji,4,0,0.3349555,0.49319395422935486,0.3368009,0.28105253,0.2228914052248001,0.7692964673042297,0.945,0.218,1.976,0.906,0
4mji,4,1,0.22461444,0.22159217298030853,0.36427265,0.20877853,0.19249828159809113,0.14172221720218658,0.963,0.149,1.454,0.929,0
4mji,3,2,0.27713802,0.3933616578578949,0.10129527,0.25001496,0.209279865026474,0.8039303421974182,0.981,0.165,0.744,0.963,0
4mji,3,0,0.33745912,0.4415830671787262,0.16211732,0.31719518,0.15277232229709625,0.38347068428993225,0.966,0.192,0.441,0.918,0
4mji,3,1,0.2493129,0.35113054513931274,0.06116033,0.22690958,0.15505637228488922,0.696871817111969,0.964,0.142,1.731,0.94,0
4mji,2,0,0.33624303,0.5477421879768372,0.11655088,0.27214968,0.15733304619789124,0.7343791127204895,0.97,0.224,0.863,0.941,0
4mji,2,1,0.1836333,0.2916961908340454,0.08406921,0.15148918,0.19340276718139648,0.38803020119667053,0.973,0.193,1.479,0.964,0
4mji,0,1,0.32240778,0.5104249715805054,0.14632277,0.2654308,0.1909845471382141,0.7827543020248413,0.968,0.219,1.728,0.964,0
4mnq,3,2,0.43111938,0.6017009615898132,0.24524502,0.3580852,0.2934660017490387,0.18386244773864746,0.943,0.426,1.232,0.924,0
4mnq,3,0,0.39425698,0.5476269721984863,0.7586033,0.21169883,0.29387766122817993,0.20947861671447754,0.948,0.281,1.818,0.921,0
4mnq,3,1,0.41305378,0.613943338394165,0.21509947,0.31677383,0.5601906180381775,0.20698890089988708,0.968,0.285,0.743,0.946,0
4mnq,3,4,0.42886105,0.6467165350914001,0.59316045,0.2582066,0.5841754674911499,0.17565104365348816,0.933,0.546,0.648,0.922,0
4mnq,2,0,0.512514,0.5483067035675049,0.7204315,0.46587566,0.27579665184020996,0.25231605768203735,0.957,0.386,1.718,0.974,0
4mnq,2,1,0.43751118,0.573715090751648,0.13631007,0.39568245,0.5296502113342285,0.21896055340766907,0.979,0.312,1.267,1.0,0
4mnq,2,4,0.5372868,0.726815402507782,0.59644353,0.4295122,0.5309553146362305,0.15399742126464844,0.949,0.487,1.194,0.961,0
4mnq,0,1,0.39448097,0.49663403630256653,0.7241083,0.2741269,0.5629842877388,0.17624258995056152,0.976,0.21,1.395,0.973,0
4mnq,0,4,0.45089018,0.7566511034965515,0.46576,0.22639859,0.5877017378807068,0.22965309023857117,0.927,0.465,2.032,0.922,0
4mnq,1,4,0.45124373,0.7025637626647949,0.59529597,0.25849682,0.736834704875946,0.1964247226715088,0.944,0.466,1.009,0.935,0
4ms8,0,1,0.6585924,1.1044007539749146,0.30038327,0.44593248,1.610924482345581,0.7780892848968506,0.937,0.471,0.731,0.909,0
4ms8,0,3,0.8635983,1.597310185432434,0.3174796,0.43827838,1.5782617330551147,0.9501621723175049,0.885,0.697,1.923,0.881,0
4ms8,0,2,0.89262784,1.6695054769515991,0.52229244,0.40997782,1.9857807159423828,0.29357674717903137,0.9,0.69,0.766,0.884,0
4ms8,0,4,0.6988099,1.1155732870101929,0.3681316,0.5143274,1.6282424926757812,0.969845712184906,0.952,0.404,0.865,0.934,0
4ms8,1,3,0.86223036,1.6066715717315674,0.45036212,0.40208113,2.479987144470215,0.5449991822242737,0.878,0.775,1.619,0.881,0
4ms8,1,2,0.8141699,1.464621901512146,0.58663774,0.42671913,1.9508204460144043,0.6487875580787659,0.919,0.625,0.744,0.913,0
4ms8,1,4,0.64545166,1.0168253183364868,0.5432965,0.4639525,1.6807737350463867,0.527874231338501,0.936,0.539,0.978,0.934,0
4ms8,3,2,0.67522234,1.2093664407730103,0.42662603,0.3874946,2.409085988998413,0.8315941095352173,0.92,0.496,1.769,0.899,0
4ms8,3,4,0.73641133,1.3531546592712402,0.31506142,0.3998645,2.1085364818573,0.17532844841480255,0.892,0.72,1.673,0.902,0
4ms8,2,4,0.8087364,1.4380854368209839,0.5864859,0.46776897,2.2359626293182373,0.8404333591461182,0.911,0.727,0.874,0.934,0
4mvb,2,3,0.4375157,0.4775402247905731,0.5905683,0.40559322,0.47869086265563965,0.47427481412887573,0.967,0.284,1.403,0.963,0
4mvb,2,1,0.79405993,1.1996203660964966,0.50991255,0.64130354,1.5453256368637085,0.5494537949562073,0.864,0.845,1.844,0.877,0
4mvb,2,0,0.5149277,0.7058981657028198,0.5697484,0.43094078,0.7623250484466553,0.49760469794273376,0.933,0.335,1.341,0.871,0
4mvb,2,4,0.42926908,0.5078538656234741,0.22839797,0.41700637,0.8194693326950073,0.48426857590675354,0.973,0.332,1.105,0.982,0
4mvb,3,1,0.6775225,0.9985942244529724,0.496008,0.55107236,1.3543189764022827,0.7027736902236938,0.879,0.713,2.403,0.895,0
4mvb,3,0,0.47441933,0.6366636157035828,0.56704897,0.39593107,0.6495743989944458,0.21854548156261444,0.889,0.538,2.376,0.855,0
4mvb,3,4,0.57475704,0.8421388864517212,0.57637745,0.45415482,0.8492769002914429,0.20659136772155762,0.938,0.409,2.167,0.945,0
4mvb,1,0,0.7410227,1.1790077686309814,0.46677837,0.54548776,1.3486157655715942,0.5981502532958984,0.867,0.815,1.424,0.855,0
4mvb,1,4,0.79591525,1.2823330163955688,0.47825077,0.57595885,0.9570565819740295,0.61131751537323,0.895,0.783,1.417,0.927,0
4mvb,0,4,0.5902039,0.9653906226158142,0.535619,0.4004187,0.9287577271461487,0.1316225826740265,0.976,0.334,0.75,0.982,0
4mxq,4,1,0.63144726,1.1403359174728394,0.17921337,0.3923128,1.9545483589172363,0.2563612759113312,0.934,0.521,1.454,0.939,0
4mxq,4,0,0.41991246,0.6034308671951294,0.15329762,0.36451286,0.9699695110321045,0.2256554365158081,0.933,0.463,1.455,0.915,0
4mxq,4,2,0.5221025,0.848407506942749,0.4649284,0.37256724,1.3021806478500366,0.2566736936569214,0.927,0.53,2.323,0.961,0
4mxq,4,3,0.53806865,0.7730445861816406,0.6308047,0.42759734,1.2819933891296387,0.5161609649658203,0.942,0.417,1.401,0.925,0
4mxq,1,0,0.52716273,0.9772030711174011,0.115000874,0.31955117,2.037487268447876,0.09119784086942673,0.91,0.387,0.608,0.797,0
4mxq,1,2,0.5741266,0.9431427121162415,0.474633,0.41590142,1.9312437772750854,0.19932591915130615,0.926,0.471,1.019,0.882,0
4mxq,1,3,0.6829028,1.182671070098877,0.64891714,0.43915614,2.4121146202087402,0.5170775055885315,0.926,0.463,0.515,0.868,0
4mxq,0,2,0.44461742,0.5949732065200806,0.4800204,0.38148087,0.9703245162963867,0.19519804418087006,0.962,0.374,1.116,0.961,0
4mxq,0,3,0.5686054,0.7259794473648071,0.636904,0.5014355,1.4630807638168335,0.4996132552623749,0.959,0.315,0.578,0.925,0
4mxq,2,3,0.5218648,0.7092706561088562,0.4567882,0.45806962,1.2258861064910889,0.5421044826507568,0.948,0.323,1.139,0.906,0
4n0c,1,0,0.5525588,0.7762293815612793,0.6027603,0.4577034,1.0251224040985107,0.5239818096160889,0.928,0.407,1.45,0.882,0
4n0c,1,2,0.48199615,0.5994971990585327,0.43630737,0.44519797,1.0114152431488037,0.21477153897285461,0.924,0.337,2.122,0.879,0
4n0c,1,3,0.8175596,1.1579850912094116,0.4299641,0.7174145,2.0949482917785645,0.2597096860408783,0.886,0.522,1.699,0.804,0
4n0c,1,4,0.5104713,0.7466583847999573,0.42333725,0.42326072,0.959044873714447,0.7855578064918518,0.917,0.456,2.03,0.889,0
4n0c,0,2,0.55569935,0.7641081213951111,0.43526906,0.48830956,1.5017870664596558,0.514900267124176,0.877,0.499,2.171,0.793,0
4n0c,0,3,0.76090693,1.087697148323059,0.47156578,0.65897214,1.8037868738174438,0.513960599899292,0.858,0.584,1.802,0.75,0
4n0c,0,4,0.50008917,0.6489198803901672,0.43269372,0.45296258,1.1133453845977783,0.6032015681266785,0.921,0.492,1.475,0.889,0
4n0c,2,3,0.7910631,1.1073458194732666,0.19679543,0.70550185,2.0354928970336914,0.19153156876564026,0.917,0.394,0.662,0.821,0
4n0c,2,4,0.5186336,0.7515139579772949,0.1352123,0.44938552,1.185973882675171,0.7438971400260925,0.934,0.513,1.181,0.926,0
4n0c,3,4,0.7894482,1.1883294582366943,0.14112103,0.65615577,2.206237554550171,0.7793383598327637,0.889,0.621,1.189,0.833,0
4n5e,2,3,0.38306355,0.5828273892402649,0.87696445,0.17716712,0.7941876649856567,0.5390852689743042,0.97,0.318,1.472,0.983,0
4n5e,2,1,0.60865515,1.1044814586639404,0.7982275,0.3300463,1.622406244277954,0.638986349105835,0.941,0.521,1.077,0.947,0
4n5e,2,0,0.39553532,0.5359686017036438,0.41755405,0.3442076,0.5164656043052673,0.5808311700820923,0.917,0.366,1.765,0.847,0
4n5e,2,4,0.364854,0.4666892886161804,0.7174043,0.26776284,0.3827741742134094,0.16425350308418274,0.96,0.288,0.869,0.925,0
4n5e,3,1,0.63475764,1.1751887798309326,0.36781976,0.40513265,1.74092698097229,0.5732815861701965,0.927,0.496,1.532,0.912,0
4n5e,3,0,0.5211588,0.803428053855896,0.7832097,0.3681698,1.0305811166763306,0.6306983232498169,0.865,0.476,2.917,0.792,0
4n5e,3,4,0.4320002,0.7295098900794983,0.50845903,0.29237202,1.0022878646850586,0.6136667132377625,0.911,0.423,2.141,0.866,0
4n5e,1,0,0.5215284,0.8859230279922485,0.6912987,0.33621663,1.6472848653793335,0.19859175384044647,0.863,0.554,1.77,0.75,0
4n5e,1,4,0.5011662,0.9972192645072937,0.37677044,0.24858935,1.7068052291870117,0.697600781917572,0.885,0.587,1.597,0.821,0
4n5e,0,4,0.43672058,0.6833011507987976,0.5936412,0.31258872,0.4690254032611847,0.6463175415992737,0.925,0.464,1.594,0.896,0
4nhu,4,0,2.024306,3.38808536529541,1.3862283,1.2592273,2.7085118293762207,2.60915207862854,0.523,2.37,6.223,0.631,0
4nhu,4,1,0.74337417,0.9158598184585571,1.0638865,0.6141547,1.0354441404342651,0.7491775751113892,0.927,0.533,1.317,0.917,0
4nhu,4,3,1.8218151,2.7283926010131836,2.1386285,1.2745936,2.0136470794677734,2.5269432067871094,0.53,1.821,7.371,0.614,0
4nhu,4,2,4.0567,6.582929611206055,3.456753,2.6281984,6.2574462890625,4.562289714813232,0.208,4.737,13.727,0.254,0
4nhu,0,1,1.9847652,3.1319637298583984,1.4089862,1.3789284,2.610619306564331,2.1993489265441895,0.532,2.119,5.459,0.556,0
4nhu,0,3,1.2676619,1.6020866632461548,1.9270742,0.9900859,1.4437776803970337,0.8015999794006348,0.737,1.202,2.782,0.7,0
4nhu,0,2,2.3636382,3.455655097961426,3.25909,1.5860509,3.757711172103882,2.093635082244873,0.42,2.552,7.766,0.458,0
4nhu,1,3,1.6990727,2.44250750541687,2.3610146,1.1658162,2.4063966274261475,1.9659978151321411,0.568,1.651,6.412,0.614,0
4nhu,1,2,4.0569925,6.378576755523682,3.5526285,2.721484,6.3644795417785645,4.314465522766113,0.223,4.484,13.04,0.271,0
4nhu,3,2,2.9468708,4.678511619567871,3.5731266,1.960394,4.6612162590026855,2.3383169174194336,0.36,3.409,8.04,0.39,1
4prh,1,0,0.42507243,0.39647772908210754,0.12340409,0.46088788,0.224586620926857,0.3543005585670471,0.935,0.337,1.961,0.904,0
4prh,1,2,0.8413911,0.8134902119636536,0.91336274,0.843078,0.47613853216171265,0.819182276725769,0.787,0.458,7.094,0.857,0
4prh,1,3,0.34401762,0.3704516589641571,0.13251676,0.35165712,0.4023200273513794,0.2614714205265045,0.856,0.231,5.937,0.919,0
4prh,1,4,0.41329017,0.31226035952568054,0.1895749,0.46854553,0.1478017419576645,0.35280370712280273,0.872,0.224,5.82,0.958,0
4prh,0,2,0.91142493,1.0137890577316284,0.9310103,0.8618446,0.560029149055481,1.0224785804748535,0.769,0.682,6.847,0.871,0
4prh,0,3,0.49542373,0.3585692048072815,0.11481455,0.5701879,0.38594850897789,0.28999513387680054,0.853,0.168,6.02,0.905,0
4prh,0,4,0.38557163,0.4942343235015869,0.16609614,0.35228905,0.21542638540267944,0.6094987988471985,0.857,0.35,5.871,0.944,0
4prh,2,3,0.878694,0.9671815633773804,0.9250992,0.83138674,0.6299602389335632,0.8588615655899048,0.825,0.571,4.913,0.851,0
4prh,2,4,0.85374236,1.0254106521606445,0.92486715,0.7577995,0.5537788271903992,1.068344235420227,0.826,0.573,4.999,0.861,0
4prh,3,4,0.40719992,0.4400404393672943,0.17696857,0.4143354,0.40504491329193115,0.5564433932304382,0.969,0.286,1.138,0.958,0
4pri,2,3,0.50589794,0.5903252363204956,0.22192629,0.4940075,0.31105977296829224,0.776517391204834,0.928,0.352,1.993,0.887,0
4pri,2,1,0.46256462,0.5157331228256226,0.2829987,0.4578633,0.4698135256767273,0.7083677053451538,0.968,0.248,0.756,0.939,0
4pri,2,0,0.54245186,0.6221709251403809,0.1419181,0.5396297,0.6557075381278992,0.4095727801322937,0.951,0.321,1.049,0.912,0
4pri,2,4,0.4096332,0.606303870677948,0.14195518,0.32010138,0.46365007758140564,0.7438700199127197,0.937,0.311,1.37,0.877,0
4pri,3,1,0.6047362,0.6273635029792786,0.3616335,0.6206662,0.5371814966201782,0.8372464776039124,0.924,0.418,2.497,0.924,0
4pri,3,0,0.60426533,0.7452126741409302,0.2462994,0.5701622,0.6680608987808228,0.7157183885574341,0.922,0.439,2.277,0.912,0
4pri,3,4,0.5865728,0.710575520992279,0.29017895,0.5572384,0.5296944379806519,0.9290882349014282,0.885,0.489,3.223,0.877,0
4pri,1,0,0.47713307,0.6008248329162598,0.3258782,0.43234506,0.432744562625885,0.802451491355896,0.941,0.306,1.223,0.882,0
4pri,1,4,0.41356376,0.49592798948287964,0.3163266,0.3853832,0.6081083416938782,0.366102933883667,0.938,0.29,0.937,0.863,0
4pri,0,4,0.53919613,0.682255744934082,0.14057504,0.5032503,0.5634180903434753,0.7665882706642151,0.926,0.345,1.64,0.863,0
4prp,0,1,0.49207452,0.5791864991188049,0.5984463,0.43549713,0.4767465591430664,0.21408812701702118,0.966,0.226,0.485,0.924,0
4prp,0,3,0.50029117,0.4990193545818329,0.75461894,0.45751828,0.293965220451355,0.5590950846672058,0.949,0.202,2.562,0.947,0
4prp,0,2,0.45080402,0.5930424928665161,0.43023005,0.3821886,0.3320056200027466,0.49831894040107727,0.961,0.287,1.02,0.933,0
4prp,0,4,0.6295388,0.7016956806182861,0.59157753,0.60319275,0.3140261769294739,0.6843722462654114,0.924,0.383,2.841,0.934,0
4prp,1,3,0.43225914,0.5135324597358704,0.5396928,0.3764814,0.7233074307441711,0.5304209589958191,0.958,0.212,2.527,0.974,0
4prp,1,2,0.39891845,0.4923936426639557,0.4473699,0.3459578,0.8371281027793884,0.560706615447998,0.982,0.247,1.042,0.987,0
4prp,1,4,0.6100512,0.7605155110359192,0.78209984,0.5064162,0.9191476106643677,0.6425226330757141,0.929,0.399,2.943,0.961,0
4prp,3,2,0.4599774,0.5348477363586426,0.63465846,0.39530608,0.5252082347869873,0.710739254951477,0.959,0.295,1.842,0.96,0
4prp,3,4,0.6404165,0.7007232308387756,0.87082523,0.5759354,0.6537461280822754,0.5928515791893005,0.95,0.376,1.337,0.934,0
4prp,2,4,0.6211653,0.7035422921180725,0.6725196,0.57663137,0.3957817852497101,0.9034054279327393,0.933,0.352,2.07,0.908,0
4qok,1,0,0.46608007,0.5560049414634705,0.5858773,0.41807178,0.2656521797180176,0.7687520980834961,0.947,0.257,1.246,0.892,0
4qok,1,2,0.42590988,0.6094591021537781,0.18227197,0.36717895,0.23313261568546295,0.4961940348148346,0.965,0.255,1.239,0.943,0
4qok,1,3,0.64781165,0.6928320527076721,0.544892,0.6422568,0.2461937665939331,0.7050912976264954,0.936,0.229,2.222,0.895,0
4qok,1,4,0.6674733,0.8931399583816528,0.55881995,0.587332,0.24032919108867645,0.8065206408500671,0.937,0.315,1.852,0.9,0
4qok,0,2,0.5989939,0.7527630925178528,0.605492,0.53996265,0.2934599816799164,0.6060763597488403,0.942,0.311,2.145,0.929,0
4qok,0,3,0.624019,0.7247346639633179,0.58443207,0.5922464,0.3029063642024994,0.47337061166763306,0.936,0.309,2.993,0.961,0
4qok,0,4,0.73888177,0.8759801387786865,0.59312606,0.703265,0.27924105525016785,0.5243431329727173,0.929,0.347,2.672,0.929,0
4qok,2,3,0.69011617,0.8817458748817444,0.5805875,0.6266087,0.2293807566165924,0.7289597988128662,0.943,0.261,1.294,0.882,0
4qok,2,4,0.73626614,1.0214577913284302,0.6032643,0.6305425,0.3415299952030182,0.7928791046142578,0.945,0.247,0.796,0.871,0
4qok,3,4,0.5668439,1.0375022888183594,0.1111192,0.33066672,0.3452441692352295,0.25925078988075256,0.97,0.246,0.65,0.943,0
4qrp,4,3,0.6062021,0.6136325597763062,0.5141846,0.61276126,0.6384204030036926,0.5201625227928162,0.89,0.386,2.968,0.84,0
4qrp,4,2,0.7707038,0.7206900715827942,0.35614583,0.8145742,0.6336519122123718,0.7310784459114075,0.885,0.35,2.962,0.813,0
4qrp,4,0,0.69219375,0.6228852868080139,0.4565556,0.73023057,0.6623066663742065,0.3732315003871918,0.908,0.284,2.996,0.87,0
4qrp,4,1,0.566925,0.4630115032196045,0.4773662,0.6015448,0.5202173590660095,0.3884751796722412,0.927,0.287,2.136,0.875,0
4qrp,3,2,0.5772231,0.7326115965843201,0.4826274,0.5363213,0.4683447480201721,0.7626774311065674,0.963,0.282,0.897,0.933,0
4qrp,3,0,0.5753962,0.6044432520866394,0.56874645,0.5678779,0.43354862928390503,0.4219664931297302,0.972,0.268,0.856,0.957,0
4qrp,3,1,0.42499596,0.5972203016281128,0.5609317,0.3452256,0.43879371881484985,0.5640164613723755,0.966,0.339,0.943,0.958,0
4qrp,2,0,0.6708107,0.5248549580574036,0.46057656,0.7224448,0.3558380901813507,0.6540806889533997,0.956,0.293,1.328,0.928,0
4qrp,2,1,0.5930767,0.6712514162063599,0.4137568,0.5856917,0.3992401659488678,0.5786726474761963,0.954,0.31,0.99,0.917,0
4qrp,0,1,0.48424706,0.7033839225769043,0.19933191,0.42471027,0.5555016994476318,0.45023512840270996,0.944,0.303,1.177,0.889,1
4qrr,4,1,0.3787853,0.41049984097480774,0.69450635,0.31431013,0.42517074942588806,0.6033269762992859,0.984,0.159,0.626,0.968,0
4qrr,4,0,0.44141904,0.6015332937240601,0.7001641,0.32695875,0.46775031089782715,0.8390945792198181,0.942,0.281,1.624,0.896,0
4qrr,4,2,0.30654725,0.252893328666687,0.7100594,0.24542147,0.39400699734687805,0.21667079627513885,0.954,0.229,1.735,0.924,0
4qrr,4,3,0.4728254,0.3977193236351013,0.78298104,0.45163715,0.4386381208896637,0.26186907291412354,0.944,0.282,1.487,0.896,0
4qrr,1,0,0.40471786,0.4456444978713989,0.5969272,0.36271873,0.21702301502227783,0.6025675535202026,0.947,0.22,1.921,0.91,0
4qrr,1,2,0.3646826,0.3731107711791992,0.6156478,0.3233248,0.203855499625206,0.5815660953521729,0.948,0.218,1.838,0.909,0
4qrr,1,3,0.4473517,0.49014943838119507,0.3660198,0.44029808,0.2515668272972107,0.5987952351570129,0.943,0.259,1.659,0.896,0
4qrr,0,2,0.37199378,0.4815346896648407,0.61046755,0.2873544,0.11773055791854858,0.7120429277420044,0.973,0.19,1.221,0.955,0
4qrr,0,3,0.4284816,0.44128650426864624,0.6943081,0.3848301,0.11255118995904922,0.7141438126564026,0.979,0.258,1.186,0.985,0
4qrr,2,3,0.47133923,0.2991648018360138,0.7108046,0.48760068,0.1440841406583786,0.15911254286766052,0.97,0.233,0.737,0.94,0
5brz,0,1,0.29959026,0.4064333140850067,0.087860264,0.28358057,0.675544023513794,0.13490769267082214,0.984,0.124,0.791,0.966,0
5brz,0,3,0.3672452,0.6880723834037781,0.08829566,0.259116,0.6694050431251526,0.1861620843410492,0.979,0.141,0.713,0.952,0
5brz,0,2,0.38117826,0.5846430063247681,0.5620327,0.28252572,0.6899573802947998,0.25672802329063416,0.963,0.231,1.262,0.934,0
5brz,0,4,0.29158175,0.40223628282546997,0.55518603,0.20657288,0.6798692345619202,0.09422150999307632,0.978,0.174,0.655,0.952,0
5brz,1,3,0.32979864,0.5595585703849792,0.08235572,0.26702985,0.06782007962465286,0.22035153210163116,0.966,0.179,0.745,0.921,0
5brz,1,2,0.3725506,0.42458122968673706,0.5545342,0.3335866,0.19576159119606018,0.3043259382247925,0.966,0.22,1.562,0.951,0
5brz,1,4,0.25892192,0.17021353542804718,0.55661154,0.22471705,0.18301993608474731,0.14448107779026031,0.966,0.16,0.961,0.921,0
5brz,3,2,0.3805305,0.4541758894920349,0.5574772,0.33505413,0.22140976786613464,0.22152197360992432,0.967,0.264,1.671,0.967,0
5brz,3,4,0.3557374,0.594244122505188,0.5578827,0.22877978,0.20312200486660004,0.15201658010482788,0.977,0.227,1.047,0.968,0
5brz,2,4,0.28009486,0.40102872252464294,0.12240884,0.25577003,0.15458203852176666,0.21752391755580902,0.972,0.138,0.912,0.937,0
5bs0,4,2,0.40523875,0.628689169883728,0.3824158,0.32825643,0.18534576892852783,0.4889275133609772,0.963,0.234,1.323,0.935,0
5bs0,4,3,0.37363678,0.5013085603713989,0.17394711,0.35045812,0.667646050453186,0.36238572001457214,0.968,0.201,1.787,0.966,0
5bs0,4,1,0.40538326,0.46108102798461914,0.11821368,0.40970793,0.6909642219543457,0.338593989610672,0.967,0.177,1.986,0.966,0
5bs0,4,0,0.39530873,0.26070910692214966,0.21673284,0.43587795,0.14726953208446503,0.25593841075897217,0.973,0.161,1.239,0.952,0
5bs0,2,3,0.45382017,0.7154334187507629,0.40663117,0.36750874,0.6692594885826111,0.20546609163284302,0.976,0.213,1.603,0.983,0
5bs0,2,1,0.49008268,0.6754550933837891,0.39354637,0.4427589,0.6861281991004944,0.30258333683013916,0.97,0.191,1.727,0.966,0
5bs0,2,0,0.50217843,0.5794451832771301,0.43586677,0.48802045,0.17870000004768372,0.24845080077648163,0.962,0.174,1.651,0.937,0
5bs0,3,1,0.40772358,0.35766667127609253,0.16257496,0.43648428,0.2529374063014984,0.2855921685695648,0.955,0.242,0.726,0.898,0
5bs0,3,0,0.4088141,0.4385544955730438,0.14300309,0.41976812,0.6767617464065552,0.21595968306064606,0.961,0.162,0.849,0.905,0
5bs0,1,0,0.3968595,0.4174739122390747,0.16704737,0.40831956,0.6674960255622864,0.18993476033210754,0.963,0.172,1.199,0.921,0
5c07,2,3,0.34791452,0.3157813251018524,0.5303489,0.32943243,0.15533509850502014,0.2018880397081375,0.907,0.614,0.907,0.875,0
5c07,2,1,0.3192452,0.4386945962905884,0.05845631,0.28975385,0.10892989486455917,0.23066025972366333,0.935,0.539,0.613,0.926,0
5c07,2,0,0.37037802,0.41929569840431213,0.5317176,0.3264788,0.08992094546556473,0.5126432180404663,0.92,0.558,1.444,0.909,0
5c07,2,4,0.32812086,0.4666248559951782,0.52890646,0.22394855,0.11477570235729218,0.502930223941803,0.97,0.184,0.409,0.926,0
5c07,3,1,0.27928337,0.3150046467781067,0.5273844,0.21570942,0.12692075967788696,0.09553498029708862,0.976,0.204,1.128,0.963,0
5c07,3,0,0.20222737,0.32149744033813477,0.05819289,0.15699042,0.10507261008024216,0.4725188612937927,0.963,0.199,2.088,0.964,0
5c07,3,4,0.23551928,0.36233335733413696,0.05627636,0.19123785,0.09643518179655075,0.45766934752464294,0.985,0.146,1.126,0.981,0
5c07,1,0,0.2878164,0.4180345833301544,0.52971154,0.16706292,0.09468265622854233,0.47195202112197876,0.971,0.205,1.052,0.945,0
5c07,1,4,0.21354814,0.2515895664691925,0.5272765,0.10583759,0.09963838011026382,0.4610497057437897,0.984,0.137,0.5,0.963,0
5c07,0,4,0.6600393,1.2912085056304932,0.09588787,0.2657227,0.10917925089597702,0.10927769541740417,0.976,0.167,1.288,0.963,0
5c08,4,1,0.29382297,0.39540886878967285,0.13562293,0.26763603,0.17547622323036194,0.4765826165676117,0.985,0.181,0.849,0.98,0
5c08,4,0,0.30610773,0.43994784355163574,0.35373813,0.24139234,0.3221871256828308,0.5924938917160034,0.957,0.258,1.32,0.923,0
5c08,4,2,0.28189385,0.3896118700504303,0.3542637,0.22621708,0.14289122819900513,0.5207210183143616,0.969,0.201,1.112,0.94,0
5c08,4,3,0.2892655,0.40508192777633667,0.35813454,0.23014504,0.14960893988609314,0.6388522982597351,0.949,0.264,1.344,0.902,0
5c08,1,0,0.38516727,0.43051910400390625,0.3812258,0.3698331,0.35883864760398865,0.37876707315444946,0.949,0.332,0.922,0.904,0
5c08,1,2,0.2712313,0.23515628278255463,0.37088692,0.26871604,0.2099951207637787,0.24235428869724274,0.963,0.221,0.878,0.92,0
5c08,1,3,0.38107798,0.45200738310813904,0.37195837,0.35631254,0.22480647265911102,0.4501859247684479,0.944,0.336,1.235,0.902,0
5c08,0,2,0.28970262,0.4007628262042999,0.11127585,0.259431,0.3781298100948334,0.19846995174884796,0.975,0.229,0.946,0.96,0
5c08,0,3,0.26814157,0.24016672372817993,0.12660097,0.28768796,0.31020215153694153,0.13852916657924652,0.974,0.165,0.712,0.941,0
5c08,2,3,0.285213,0.3437400758266449,0.096321926,0.27883923,0.1763010025024414,0.2490052580833435,0.969,0.21,1.034,0.941,0
5c09,4,2,0.27521437,0.48706984519958496,0.11406049,0.1790056,0.48007431626319885,0.24530965089797974,0.952,0.288,2.242,0.957,0
5c09,4,3,0.45178297,0.5205984115600586,0.4000265,0.43363318,0.7319738864898682,0.14816923439502716,0.973,0.268,1.435,0.978,0
5c09,4,1,0.33718637,0.49306586384773254,0.15538898,0.28826275,0.6466382145881653,0.22210772335529327,0.967,0.281,1.274,0.957,0
5c09,4,0,0.3824555,0.6308199167251587,0.3766283,0.2601269,0.724898636341095,0.28087782859802246,0.963,0.298,1.54,0.96,0
5c09,2,3,0.44703197,0.456519216299057,0.3834297,0.45070347,0.7179209589958191,0.15291385352611542,0.979,0.212,1.256,0.978,0
5c09,2,1,0.32285562,0.4033331573009491,0.10146525,0.3107524,0.644733190536499,0.15950758755207062,0.974,0.128,1.446,0.957,0
5c09,2,0,0.32946265,0.5560994744300842,0.36090392,0.207897,0.7274203300476074,0.1712265908718109,0.96,0.163,1.431,0.92,0
5c09,3,1,0.41231713,0.3439673185348511,0.37800404,0.43522352,0.31573987007141113,0.18726544082164764,0.961,0.249,1.427,0.936,0
5c09,3,0,0.4122938,0.44948527216911316,0.21555868,0.416719,0.19597196578979492,0.22623108327388763,0.956,0.221,1.528,0.92,0
5c09,1,0,0.36020616,0.3921408951282501,0.35774043,0.34975412,0.3164587616920471,0.18357163667678833,0.969,0.161,0.443,0.92,0
5c0a,1,0,0.3891245,0.44305315613746643,1.0952525,0.09261374,0.18967927992343903,0.21153303980827332,0.983,0.181,0.99,0.977,0
5c0a,1,2,0.3524634,0.5800206661224365,0.34711283,0.23093778,0.33327728509902954,0.24626053869724274,0.965,0.244,1.584,0.956,0
5c0a,1,3,0.52406704,0.8732146620750427,0.37136364,0.35673493,0.6882405281066895,0.5905722379684448,0.926,0.533,1.341,0.915,0
5c0a,1,4,0.4168279,0.6417924165725708,0.3769726,0.31227872,0.6305418610572815,0.5809471011161804,0.947,0.306,2.035,0.936,0
5c0a,0,2,0.45827827,0.5776640176773071,1.119032,0.2032388,0.3220273554325104,0.16520792245864868,0.96,0.233,1.453,0.933,0
5c0a,0,3,0.53071326,0.7167515754699707,1.1094627,0.29834333,0.7318643927574158,0.4436328709125519,0.911,0.549,1.784,0.894,0
5c0a,0,4,0.48323652,0.5420536398887634,1.1025053,0.3048023,0.6282370686531067,0.48982518911361694,0.947,0.291,1.708,0.915,0
5c0a,2,3,0.4422454,0.7646448016166687,0.1335752,0.29789668,0.7254720330238342,0.38785892724990845,0.924,0.45,1.738,0.894,0
5c0a,2,4,0.4763336,0.7023633718490601,0.15886547,0.40426284,0.682556688785553,0.4901585876941681,0.956,0.209,0.721,0.894,0
5c0a,3,4,0.46997395,0.5798263549804688,0.116589464,0.456008,0.31832098960876465,0.62388014793396,0.948,0.301,2.031,0.936,0
5c0b,0,1,0.275475,0.36664602160453796,0.5820839,0.15933405,0.3412902355194092,0.48875176906585693,0.942,0.201,2.811,0.942,0
5c0b,0,3,0.41230667,0.5899238586425781,0.11060282,0.3614734,0.35080191493034363,0.4438778758049011,0.951,0.341,1.763,0.942,0
5c0b,0,2,0.30125985,0.43680480122566223,0.34083638,0.23460938,0.3067503273487091,0.4759810268878937,0.988,0.167,0.5,0.98,0
5c0b,0,4,0.27582243,0.32655954360961914,0.34914476,0.24622196,0.11011815816164017,0.22613804042339325,0.978,0.192,0.918,0.962,0
5c0b,1,3,0.4601478,0.6706862449645996,0.58987,0.33783063,0.2743598222732544,0.6488693952560425,0.919,0.438,2.645,0.923,0
5c0b,1,2,0.35100642,0.4436067044734955,0.5520449,0.2757055,0.22968319058418274,0.45786920189857483,0.953,0.219,2.523,0.961,0
5c0b,1,4,0.34157357,0.48040342330932617,0.5485276,0.23530696,0.3478686809539795,0.5247144103050232,0.935,0.232,3.083,0.943,0
5c0b,3,2,0.4279621,0.5789665579795837,0.35771874,0.37453568,0.23075085878372192,0.7142406702041626,0.957,0.306,1.525,0.941,0
5c0b,3,4,0.39871788,0.5444517135620117,0.36081952,0.343074,0.39019787311553955,0.24655947089195251,0.944,0.307,1.998,0.925,0
5c0b,2,4,0.32295948,0.45379912853240967,0.2080765,0.27767974,0.31825077533721924,0.4786159098148346,0.976,0.106,0.899,0.943,0
5c0c,3,2,0.30149528,0.36206239461898804,0.20697048,0.28792202,0.15504661202430725,0.08133220672607422,0.971,0.141,1.769,0.962,0
5c0c,3,0,0.45748514,0.3221301734447479,0.5116007,0.48920235,0.36020246148109436,0.18333430588245392,0.97,0.228,0.959,0.944,0
5c0c,3,1,0.34924102,0.3457225561141968,0.41540217,0.34150618,0.3174413740634918,0.18029193580150604,0.968,0.214,0.708,0.93,0
5c0c,3,4,0.30308563,0.19451160728931427,0.089659944,0.34751835,0.08819714933633804,0.13925279676914215,0.974,0.165,1.479,0.964,0
5c0c,2,0,0.4177738,0.4281379282474518,0.34823605,0.42201123,0.3979780077934265,0.23018528521060944,0.964,0.271,1.22,0.944,0
5c0c,2,1,0.31429398,0.4172642230987549,0.40639174,0.253815,0.3315639793872833,0.17088931798934937,0.945,0.202,2.142,0.912,0
5c0c,2,4,0.2999314,0.3360922932624817,0.190976,0.29766926,0.1317243129014969,0.1609656810760498,0.972,0.153,0.485,0.929,0
5c0c,0,1,0.3625956,0.4156886041164398,0.5748321,0.3030712,0.496268093585968,0.27240538597106934,0.956,0.286,1.416,0.93,0
5c0c,0,4,0.33540437,0.3952581584453583,0.5072446,0.28078812,0.3485451936721802,0.25468847155570984,0.972,0.204,0.988,0.946,0
5c0c,1,4,0.29017165,0.386395663022995,0.4114607,0.22630553,0.32882577180862427,0.22128841280937195,0.976,0.164,1.785,0.982,0
5d2l,1,0,0.45121136,0.6493315696716309,0.39163437,0.36880293,0.7890053391456604,0.47494763135910034,0.934,0.253,2.903,0.934,0
5d2l,1,2,0.8216148,1.063289761543274,1.1151663,0.6843525,1.3358893394470215,0.7159900665283203,0.836,0.476,5.665,0.907,0
5d2l,1,3,0.39500934,0.5826208591461182,0.5924899,0.27586496,0.6653136610984802,0.6188406348228455,0.895,0.325,4.074,0.917,0
5d2l,1,4,0.7040222,0.8990307450294495,0.17384298,0.66109365,1.0910618305206299,0.2695050835609436,0.91,0.251,4.344,0.964,0
5d2l,0,2,0.737808,0.9375418424606323,1.1615952,0.5970669,1.1880561113357544,0.7476716637611389,0.905,0.461,3.459,0.944,0
5d2l,0,3,0.4748691,0.6526812314987183,0.4501362,0.4028811,0.5991164445877075,0.7256234288215637,0.963,0.247,1.635,0.95,0
5d2l,0,4,0.66804624,0.897314727306366,0.41432124,0.5966724,1.2273789644241333,0.45887675881385803,0.969,0.234,1.949,0.982,0
5d2l,2,3,0.794871,1.0028789043426514,1.2464441,0.65960956,1.2428141832351685,0.7240703701972961,0.91,0.365,1.919,0.833,0
5d2l,2,4,0.5093366,0.6757435202598572,1.0909756,0.3344828,0.4924421012401581,0.6765192151069641,0.917,0.412,1.611,0.857,0
5d2l,3,4,0.72640073,0.9551395177841187,0.59637654,0.64650255,1.1368777751922607,0.6474064588546753,0.974,0.291,0.588,0.964,0
5d2n,3,2,0.8022166,1.631264567375183,0.42227617,0.28682178,1.647658109664917,0.9427422881126404,0.855,0.638,2.184,0.779,0
5d2n,3,0,0.6625994,1.3761827945709229,0.36504233,0.17714463,1.975318431854248,0.41178780794143677,0.877,0.512,3.268,0.864,0
5d2n,3,1,0.8690753,1.4679709672927856,0.41696036,0.625442,2.1559247970581055,0.8500240445137024,0.772,0.781,5.252,0.806,0
5d2n,3,4,0.4895028,0.9232177734375,0.13593912,0.27740103,1.4496630430221558,0.6694315671920776,0.907,0.379,2.334,0.851,0
5d2n,2,0,0.9633765,2.0747311115264893,0.57203925,0.28599086,2.972404956817627,1.0638163089752197,0.838,0.692,2.564,0.773,0
5d2n,2,1,0.8668182,1.4308985471725464,0.58700997,0.6661438,1.3971383571624756,0.9484834671020508,0.729,0.922,6.157,0.806,0
5d2n,2,4,0.7897008,1.7361688613891602,0.4219154,0.16242187,0.9349074363708496,0.8096734881401062,0.832,0.649,3.377,0.791,0
5d2n,0,1,1.0988448,2.091810464859009,0.5572485,0.6404549,3.2778027057647705,0.9870343208312988,0.631,1.284,8.316,0.806,1
5d2n,0,4,0.85768396,1.8174517154693604,0.37518004,0.27681553,2.868295192718506,0.9805669188499451,0.746,0.943,5.368,0.806,1
5d2n,1,4,0.82760316,1.2435033321380615,0.44341183,0.69363654,1.0234382152557373,0.8875994086265564,0.861,0.644,3.006,0.851,0
5e6i,4,2,0.6300062,0.8578989505767822,1.3330102,0.38540453,1.0420515537261963,0.8622676134109497,0.932,0.399,1.616,0.897,1
5e6i,4,3,0.65911967,0.9405767917633057,1.2295761,0.42560697,1.1978192329406738,0.9159521460533142,0.901,0.477,2.096,0.851,1
5e6i,4,1,0.6039581,0.7926223874092102,1.1730245,0.42185408,0.8990145325660706,0.596812903881073,0.882,0.517,2.596,0.838,1
5e6i,4,0,0.6875906,0.9449412226676941,1.1977352,0.4907536,1.0250718593597412,0.9753932952880859,0.863,0.478,3.101,0.8,1
5e6i,2,3,0.48740458,0.8192586302757263,0.6289473,0.30342057,1.0714941024780273,0.4195835590362549,0.913,0.381,2.47,0.878,1
5e6i,2,1,0.5243103,0.7679622769355774,0.8601129,0.3648033,0.8978930115699768,0.5586095452308655,0.939,0.342,1.339,0.892,1
5e6i,2,0,0.5557845,0.7649067640304565,0.8728021,0.4240746,1.119447112083435,0.3784727454185486,0.89,0.391,3.15,0.853,1
5e6i,3,1,0.5310548,0.9783561825752258,0.588076,0.240389,0.859298586845398,0.5319654941558838,0.912,0.373,3.221,0.919,0
5e6i,3,0,0.719665,1.25457763671875,0.6076702,0.43919328,1.3976645469665527,0.41943949460983276,0.924,0.466,1.177,0.88,0
5e6i,1,0,0.5783883,0.9346228241920471,0.13389418,0.44474068,1.2014051675796509,0.5501258969306946,0.876,0.499,3.796,0.893,0
5e9d,4,2,0.52075195,0.9064550399780273,0.41002882,0.3680924,0.37715351581573486,0.15319286286830902,0.991,0.193,0.88,1.0,0
5e9d,4,3,0.4692104,0.8343912363052368,0.052967757,0.34005412,0.2546110451221466,0.5682064294815063,0.99,0.217,0.885,1.0,0
5e9d,4,1,0.51646984,0.6393435597419739,0.56993055,0.4725115,0.22374626994132996,0.5320205688476562,0.977,0.239,1.32,0.979,0
5e9d,4,0,0.48129886,0.7103835940361023,0.37916145,0.4099191,0.18243032693862915,0.163979172706604,0.979,0.191,0.728,0.96,0
5e9d,2,3,0.63967025,1.0087653398513794,0.40639195,0.52138656,0.48767197132110596,0.5567532181739807,0.98,0.232,1.135,0.98,0
5e9d,2,1,0.65614736,1.0321378707885742,0.4702328,0.5317656,0.4588434100151062,0.5170711874961853,0.981,0.15,0.579,0.957,0
5e9d,2,0,0.65440947,0.9012202620506287,0.26824272,0.6013448,0.4168131947517395,0.1430896818637848,0.969,0.181,1.125,0.94,0
5e9d,3,1,0.4829377,0.4802279472351074,0.57099897,0.4739892,0.18507389724254608,0.21677075326442719,0.974,0.224,1.586,0.979,0
5e9d,3,0,0.4099276,0.5380179286003113,0.3871396,0.37190157,0.18288776278495789,0.5415396690368652,0.975,0.208,1.069,0.96,0
5e9d,1,0,0.4992668,0.6551137566566467,0.45121807,0.455418,0.2713637053966522,0.5146379470825195,0.963,0.233,1.457,0.94,0
5eu6,2,3,0.583332,1.0061315298080444,0.62457955,0.3660666,1.4984426498413086,0.5625156164169312,0.859,0.736,2.156,0.831,0
5eu6,2,1,0.6522891,1.1841506958007812,0.5979338,0.3744953,1.5547884702682495,0.44010868668556213,0.833,0.908,1.73,0.808,0
5eu6,2,0,0.92154855,1.502095341682434,0.76555145,0.6749119,1.9369748830795288,0.8936694860458374,0.801,1.073,2.452,0.818,0
5eu6,2,4,0.82669896,1.4718981981277466,0.42825174,0.5399197,2.5240864753723145,0.49058860540390015,0.833,0.723,2.336,0.757,0
5eu6,3,1,0.5322629,0.9481968283653259,0.49170083,0.31985754,1.515818476676941,0.2414843589067459,0.901,0.602,1.938,0.89,0
5eu6,3,0,0.7645885,1.0016502141952515,0.88878584,0.66135955,1.142526388168335,0.7561632394790649,0.887,0.666,2.575,0.909,0
5eu6,3,4,0.77906346,1.2847530841827393,0.65187466,0.5583065,2.2563419342041016,0.4143887758255005,0.903,0.548,1.106,0.843,0
5eu6,1,0,0.77917534,1.190953254699707,0.7176925,0.61501616,1.868205189704895,0.7342398166656494,0.924,0.612,1.321,0.939,0
5eu6,1,4,0.8522282,1.5339112281799316,0.5701214,0.5383527,2.5241501331329346,0.4876402020454407,0.849,0.754,2.259,0.814,0
5eu6,0,4,1.0745103,1.739953875541687,0.89364934,0.81064755,2.7452340126037598,0.899574875831604,0.773,0.945,3.214,0.729,0
5euo,4,2,0.4579703,0.586838960647583,0.821844,0.34744844,0.8263106942176819,0.16466981172561646,0.94,0.315,2.216,0.926,0
5euo,4,3,0.5585584,0.7392486929893494,0.58836883,0.48740175,1.312408685684204,0.11898026615381241,0.942,0.37,1.032,0.899,0
5euo,4,1,0.48019254,0.622763454914093,0.58529484,0.414048,0.8581551909446716,0.1225019097328186,0.982,0.186,1.269,0.984,0
5euo,4,0,0.32658052,0.40271472930908203,0.09278503,0.3162997,0.3301636874675751,0.24513410031795502,0.966,0.2,1.456,0.943,0
5euo,2,3,0.59382474,0.8466373682022095,0.598535,0.49113455,1.4634760618209839,0.1650804728269577,0.919,0.44,2.184,0.899,0
5euo,2,1,0.5038277,0.6959046721458435,0.5856175,0.41772023,1.0067081451416016,0.15426981449127197,0.974,0.28,1.434,0.984,0
5euo,2,0,0.36423048,0.40808600187301636,0.81725013,0.25881743,0.6460953950881958,0.27775776386260986,0.971,0.186,1.015,0.943,0
5euo,3,1,0.5174201,0.832821786403656,0.1417181,0.40637034,1.2986825704574585,0.13208967447280884,0.954,0.384,1.511,0.953,0
5euo,3,0,0.54975134,0.7834831476211548,0.59405166,0.4509462,1.3308537006378174,0.26417306065559387,0.931,0.402,1.718,0.9,0
5euo,1,0,0.49435538,0.6864065527915955,0.58317757,0.40674326,1.014101505279541,0.2672465741634369,0.962,0.229,0.606,0.914,0
5hhm,0,1,0.6472371,0.6300272941589355,0.7202367,0.64423144,0.1841382384300232,0.7413075566291809,0.888,0.219,4.606,0.912,0
5hhm,0,3,0.26256838,0.2990802228450775,0.1274826,0.2617744,0.14772750437259674,0.4532942771911621,0.978,0.201,0.935,0.963,0
5hhm,0,2,0.36299318,0.5375114679336548,0.09044258,0.31716716,0.5360084772109985,0.47316837310791016,0.98,0.216,1.197,0.981,0
5hhm,0,4,0.6938845,0.5738195776939392,0.8952918,0.701182,0.26835477352142334,0.6553046107292175,0.917,0.222,2.728,0.867,0
5hhm,1,3,0.6660347,0.6113101840019226,0.69611204,0.6778001,0.2156863808631897,0.697141706943512,0.918,0.192,4.385,0.981,0
5hhm,1,2,0.6548315,0.6430355310440063,0.724762,0.6508722,0.5178351402282715,0.8326929807662964,0.925,0.137,4.47,1.0,0
5hhm,1,4,0.29760197,0.31000423431396484,0.48656914,0.26796997,0.14758901298046112,0.37598663568496704,0.921,0.119,3.522,0.917,0
5hhm,3,2,0.3093842,0.5364236235618591,0.12645908,0.2264415,0.5376086235046387,0.49529221653938293,0.987,0.207,1.251,1.0,0
5hhm,3,4,0.7095635,0.5931029915809631,0.8683653,0.72114956,0.319944828748703,0.7895259857177734,0.926,0.205,2.344,0.867,0
5hhm,2,4,0.6961245,0.6028088927268982,0.8920158,0.69841486,0.5387792587280273,0.8143194317817688,0.908,0.192,2.745,0.833,0
5hho,2,3,1.915159,3.492015838623047,1.9719234,1.2674721,3.15869140625,3.628906011581421,0.428,2.364,8.337,0.488,1
5hho,2,1,2.5276814,5.1225810050964355,1.8189478,1.4078661,4.474328994750977,3.6618847846984863,0.255,3.874,15.941,0.415,1
5hho,2,0,2.4634674,4.584728717803955,2.1923876,1.6229749,4.09460973739624,5.061496734619141,0.318,3.074,9.636,0.326,1
5hho,2,4,1.2420368,2.319885730743408,1.4714003,0.7465878,2.013343334197998,1.8283748626708984,0.523,1.744,9.954,0.721,1
5hho,3,1,2.7570095,5.538184642791748,1.3573482,1.2855182,2.890732765197754,5.105674743652344,0.252,4.199,12.243,0.317,0
5hho,3,0,1.0152943,1.7563461065292358,1.2132636,0.6295609,1.6229981184005737,2.2857682704925537,0.747,0.969,3.081,0.651,0
5hho,3,4,2.0325127,3.8384294509887695,1.3913611,1.1609132,2.666395425796509,3.8528635501861572,0.406,2.534,7.493,0.395,0
5hho,1,0,2.4776638,5.397140026092529,1.1120305,1.279107,2.359736204147339,6.488572120666504,0.266,4.313,10.698,0.302,0
5hho,1,4,1.8051889,3.7554361820220947,1.0792084,1.0538738,3.123444080352783,3.213517189025879,0.416,2.784,8.711,0.535,0
5hho,0,4,2.5578773,4.672433376312256,1.8859527,1.662847,2.8364412784576416,4.856747150421143,0.414,2.797,5.671,0.326,0
5hyj,1,0,0.35710156,0.4203537404537201,0.10361115,0.3540702,0.1650427132844925,0.580535352230072,0.952,0.277,1.883,0.936,0
5hyj,1,2,0.3065073,0.346587598323822,0.14288197,0.30661374,0.1839185506105423,0.5394741892814636,0.946,0.278,1.468,0.9,0
5hyj,1,3,0.32840127,0.3753281533718109,0.1226384,0.32853323,0.14554555714130402,0.1976146101951599,0.96,0.248,1.423,0.935,0
5hyj,1,4,0.26730844,0.3380723297595978,0.12094868,0.25452563,0.21404705941677094,0.18243180215358734,0.949,0.291,0.871,0.894,0
5hyj,0,2,0.27704316,0.3551475405693054,0.1177702,0.26229286,0.2160263955593109,0.16409525275230408,0.909,0.589,1.174,0.88,0
5hyj,0,3,0.27162176,0.39164072275161743,0.068353,0.2398219,0.1369476318359375,0.5197052359580994,0.941,0.577,1.38,0.978,0
5hyj,0,4,0.32472205,0.47864216566085815,0.09888436,0.28095597,0.26392996311187744,0.6449178457260132,0.889,0.681,1.571,0.872,0
5hyj,2,3,0.33070195,0.4472807049751282,0.07998028,0.30561224,0.18100076913833618,0.4967302680015564,0.982,0.24,0.658,0.978,0
5hyj,2,4,0.3074196,0.49062857031822205,0.08544176,0.24584427,0.21270228922367096,0.5821974277496338,0.971,0.291,1.482,0.979,0
5hyj,3,4,0.30172294,0.38699278235435486,0.064252175,0.2880836,0.13894768059253693,0.24755707383155823,0.95,0.224,1.292,0.894,0
5isz,4,1,1.5199392,3.232769250869751,0.7212464,0.50560755,0.9370269775390625,5.856344223022461,0.811,1.045,1.54,0.79,0
5isz,4,0,1.7760338,3.7376720905303955,0.8790696,0.6518003,1.985231637954712,6.024292945861816,0.528,1.596,7.509,0.554,0
5isz,4,2,1.5482701,3.335352897644043,0.46031007,0.47142014,1.0828760862350464,5.804251194000244,0.671,1.241,4.918,0.672,0
5isz,4,3,1.0879276,2.0955097675323486,0.5912699,0.6224703,1.1747303009033203,2.8488824367523193,0.751,1.018,4.09,0.758,0
5isz,1,0,1.0495676,1.8037035465240479,0.93212056,0.7102699,1.529783010482788,1.9110498428344727,0.62,1.118,8.037,0.689,0
5isz,1,2,0.77005005,1.3717750310897827,0.6323194,0.49083236,0.90521240234375,2.037576913833618,0.788,0.615,5.34,0.791,0
5isz,1,3,1.6331277,3.325240135192871,0.83973134,0.6695283,1.1713473796844482,6.150977611541748,0.674,1.253,4.696,0.667,0
5isz,0,2,0.9124208,1.6153810024261475,0.7162163,0.5671529,1.6683001518249512,2.0192959308624268,0.812,0.882,3.014,0.806,0
5isz,0,3,1.4735,3.0329554080963135,0.75213194,0.43219775,1.062808632850647,5.8473687171936035,0.755,1.009,3.771,0.742,0
5isz,2,3,1.5731639,3.189760208129883,0.6532015,0.5770661,1.0047613382339478,5.956594467163086,0.736,1.203,1.692,0.636,0
5ivx,0,1,0.7806676,1.4460477828979492,0.7184926,0.4452309,2.5322988033294678,0.19333381950855255,0.864,0.595,2.73,0.821,0
5ivx,0,3,0.98201585,1.9360817670822144,0.72451586,0.468362,3.211855888366699,0.6252522468566895,0.691,0.982,6.408,0.736,0
5ivx,0,2,0.88018817,1.6906852722167969,0.7356256,0.45515192,3.0529842376708984,0.33262133598327637,0.865,0.718,1.63,0.817,0
5ivx,0,4,0.7284631,1.3709458112716675,0.80873525,0.36669964,2.369509220123291,0.3797870874404907,0.855,0.552,3.008,0.797,0
5ivx,1,3,1.131115,2.2390217781066895,0.3485971,0.54554486,3.6709673404693604,0.650843620300293,0.629,1.137,8.927,0.778,0
5ivx,1,2,0.595146,1.1242111921310425,0.16204429,0.34629512,1.8694360256195068,0.2534851133823395,0.846,0.626,3.876,0.859,0
5ivx,1,4,0.6440729,1.2586082220077515,0.27351078,0.32396176,2.276710033416748,0.29181116819381714,0.928,0.417,1.179,0.875,0
5ivx,3,2,0.95725954,1.8170955181121826,0.36144224,0.45786688,3.1317362785339355,0.5559120774269104,0.771,0.837,5.109,0.817,0
5ivx,3,4,0.9520032,1.7278753519058228,0.42188266,0.54317683,2.1855931282043457,0.5670660734176636,0.672,1.09,9.026,0.891,0
5ivx,2,4,0.7990376,1.5464272499084473,0.33729416,0.37528813,2.6440117359161377,0.3327365815639496,0.842,0.705,4.02,0.891,0
5jhd,4,3,0.4175074,0.40099218487739563,0.37029535,0.42737383,0.14794033765792847,0.7619625926017761,0.937,0.23,2.619,0.921,0
5jhd,4,2,0.4771807,0.6325190663337708,0.6954421,0.37963894,0.25429412722587585,0.7797042727470398,0.943,0.329,2.117,0.934,0
5jhd,4,0,0.37500456,0.6168798804283142,0.09936285,0.27384204,0.308388352394104,0.8480626344680786,0.925,0.338,2.835,0.922,0
5jhd,4,1,0.39651993,0.597179114818573,0.38062298,0.30438527,0.21987368166446686,0.7550697922706604,0.968,0.278,1.294,0.961,0
5jhd,3,2,0.6260855,0.5670992732048035,0.5913107,0.6479256,0.20093996822834015,0.30379095673561096,0.936,0.322,2.319,0.921,1
5jhd,3,0,0.5170148,0.4447577893733978,0.37963817,0.5506675,0.1977330446243286,0.2295830100774765,0.959,0.223,0.828,0.909,1
5jhd,3,1,0.48592573,0.46809184551239014,0.12883328,0.5143918,0.14613208174705505,0.2176048755645752,0.96,0.162,1.765,0.934,1
5jhd,2,0,0.5161177,0.5384877920150757,0.7001625,0.4848096,0.19523552060127258,0.3541003167629242,0.941,0.327,2.024,0.922,0
5jhd,2,1,0.45003316,0.5367204546928406,0.6095242,0.39547363,0.20765185356140137,0.2065596580505371,0.956,0.283,1.557,0.934,0
5jhd,0,1,0.37919384,0.38122379779815674,0.3793237,0.37851053,0.14738829433918,0.28664714097976685,0.957,0.221,1.779,0.934,0
5jzi,1,0,0.8797327,1.6858106851577759,0.12821874,0.17435458,0.13976961374282837,0.7701272964477539,0.827,1.39,0.743,0.951,0
5jzi,1,2,0.89002484,1.6553213596343994,0.17455731,0.31095177,0.17720195651054382,0.8846416473388672,0.872,1.093,0.909,0.974,0
5jzi,1,3,0.8568616,1.6489694118499756,0.17581566,0.13476138,0.18610557913780212,0.8725528120994568,0.812,1.394,1.963,0.949,0
5jzi,1,4,0.8693311,1.6492295265197754,0.5487004,0.15029402,0.10067244619131088,0.3463619351387024,0.841,1.183,2.013,0.961,0
5jzi,0,2,0.21784413,0.20629523694515228,0.15236321,0.22769448,0.12535147368907928,0.2985488772392273,0.963,0.468,0.844,0.987,0
5jzi,0,3,0.16634497,0.16739055514335632,0.19073692,0.16324066,0.17502452433109283,0.18915371596813202,0.957,0.263,1.939,0.949,0
5jzi,0,4,0.24553628,0.2910431921482086,0.558675,0.15837663,0.15779633820056915,0.44820553064346313,0.942,0.489,1.712,0.961,0
5jzi,2,3,0.2322631,0.1947278529405594,0.095832445,0.25432497,0.13071534037590027,0.24322716891765594,0.907,0.693,1.993,0.949,0
5jzi,2,4,0.2967248,0.31969720125198364,0.49318564,0.25857955,0.16312772035598755,0.5700528621673584,0.915,0.659,2.054,0.961,0
5jzi,3,4,0.22767459,0.26676180958747864,0.5002707,0.15541671,0.16387400031089783,0.4065365791320801,0.931,0.37,2.765,0.947,0
5m00,4,0,0.34246546,0.35825490951538086,0.09801495,0.35287192,0.21114224195480347,0.49230504035949707,0.978,0.228,1.394,0.982,0
5m00,4,1,0.22966313,0.19020619988441467,0.07790418,0.24729587,0.14673671126365662,0.22858072817325592,0.97,0.163,0.951,0.935,0
5m00,4,3,0.2910756,0.2904437482357025,0.7099418,0.21448365,0.08408188819885254,0.4750310480594635,0.975,0.139,1.14,0.951,0
5m00,4,2,0.56661004,0.5713280439376831,1.5090508,0.37234908,0.20952709019184113,0.9945693016052246,0.977,0.179,0.643,0.95,0
5m00,0,1,0.3797029,0.34900519251823425,0.11729775,0.40228838,0.2628757655620575,0.47893065214157104,0.935,0.225,1.405,0.855,0
5m00,0,3,0.43370074,0.4450613558292389,0.70734274,0.3956848,0.21062135696411133,0.6814751625061035,0.943,0.25,0.922,0.869,0
5m00,0,2,0.47834438,0.5265201926231384,1.4659165,0.19525564,0.14654727280139923,0.9268673062324524,0.958,0.153,1.581,0.917,0
5m00,1,3,0.30253166,0.28673696517944336,0.7084653,0.23678966,0.1254199594259262,0.4549903869628906,0.977,0.152,0.853,0.951,0
5m00,1,2,0.5322566,0.5621495246887207,1.5358971,0.2907274,0.1732008159160614,0.997978687286377,0.966,0.194,1.15,0.933,0
5m00,3,2,0.56205666,0.6269738078117371,1.5084946,0.34102234,0.1887301206588745,1.095819115638733,0.962,0.202,1.475,0.933,0
5m01,4,3,0.33799028,0.4930672347545624,0.05493204,0.301052,0.14882676303386688,0.840889573097229,0.963,0.23,1.567,0.944,0
5m01,4,2,0.30084768,0.30291011929512024,0.4045914,0.28875288,0.15313296020030975,0.43638595938682556,0.967,0.171,1.93,0.964,0
5m01,4,0,0.3334224,0.341469943523407,0.072118826,0.34581897,0.18488579988479614,0.4290112257003784,0.926,0.207,3.266,0.925,0
5m01,4,1,0.3390276,0.36140522360801697,0.09560739,0.3473418,0.22126220166683197,0.5024280548095703,0.957,0.192,1.777,0.929,0
5m01,3,2,0.3338271,0.4142593741416931,0.40712717,0.30077118,0.16515211760997772,0.668749988079071,0.969,0.257,0.85,0.946,0
5m01,3,0,0.3831576,0.4880557060241699,0.06778679,0.3684414,0.06771015375852585,0.8363313674926758,0.957,0.218,1.994,0.943,0
5m01,3,1,0.2454552,0.43340080976486206,0.07904472,0.17727439,0.12106946110725403,0.7361782789230347,0.964,0.215,1.148,0.929,0
5m01,2,0,0.37302274,0.3436441123485565,0.40793052,0.37726727,0.19118155539035797,0.4416568875312805,0.963,0.23,1.979,0.962,0
5m01,2,1,0.29164785,0.25348761677742004,0.40447152,0.28881615,0.15157200396060944,0.31724312901496887,0.981,0.17,0.855,0.964,0
5m01,0,1,0.39902773,0.2882804870605469,0.09303825,0.43922806,0.12049299478530884,0.4216914176940918,0.948,0.18,2.627,0.946,0
5m02,4,2,0.42459366,0.26647087931632996,0.09478339,0.4742371,0.11649100482463837,0.3654034733772278,0.956,0.235,1.628,0.929,0
5m02,4,3,0.47251713,0.4814193844795227,0.5730451,0.45903528,0.3061138391494751,0.3082005977630615,0.953,0.418,1.515,0.961,0
5m02,4,1,0.24895099,0.2159261554479599,0.11048459,0.26606628,0.08640599250793457,0.35479480028152466,0.965,0.159,0.564,0.909,0
5m02,4,0,0.47344792,0.3931065797805786,0.68257743,0.4667228,0.518198549747467,0.3975595533847809,0.938,0.315,2.013,0.909,0
5m02,2,3,0.5782809,0.4311694800853729,0.5742228,0.6105463,0.3678218722343445,0.35390350222587585,0.959,0.309,2.184,0.98,0
5m02,2,1,0.45978132,0.1784471571445465,0.10797861,0.5263581,0.16584676504135132,0.14147621393203735,0.978,0.201,1.49,0.982,0
5m02,2,0,0.5253227,0.30970901250839233,0.68157744,0.5506161,0.5090968012809753,0.1460590958595276,0.965,0.274,1.683,0.964,0
5m02,3,1,0.37071708,0.490181028842926,0.578841,0.3032715,0.26729816198349,0.46159183979034424,0.929,0.432,1.46,0.891,0
5m02,3,0,0.41748664,0.5571684837341309,0.38791117,0.37781358,0.640007734298706,0.437040776014328,0.889,0.521,3.104,0.891,0
5m02,1,0,0.45146844,0.30750057101249695,0.6836613,0.45285967,0.5107927322387695,0.13312578201293945,0.958,0.268,2.097,0.964,0
5men,4,1,0.5931358,0.7091479301452637,1.0989016,0.44113585,0.14933325350284576,0.5480931997299194,0.972,0.148,0.845,0.937,0
5men,4,0,0.50454265,0.5692332983016968,0.5175047,0.47612512,0.36382395029067993,0.7051197290420532,0.948,0.273,1.938,0.924,0
5men,4,2,0.58351326,0.8729215860366821,0.36956948,0.45231667,0.7669012546539307,0.6569098830223083,0.971,0.215,1.084,0.95,0
5men,4,3,0.7120392,0.9876314401626587,1.1682,0.47887647,0.9455552101135254,0.7121639251708984,0.957,0.285,0.779,0.914,0
5men,1,0,0.55206555,0.6351684927940369,1.0134768,0.42825523,0.34436672925949097,0.327737420797348,0.963,0.307,1.532,0.962,0
5men,1,2,0.5679411,0.46551501750946045,1.0458046,0.5214536,0.7230609655380249,0.20976823568344116,0.975,0.176,0.958,0.95,0
5men,1,3,0.507889,0.6460157632827759,0.4180053,0.4561971,0.893408477306366,0.3353748023509979,0.97,0.262,1.336,0.963,0
5men,0,2,0.582978,0.8210657835006714,0.60176766,0.46080795,0.6452117562294006,0.2611798048019409,0.944,0.364,2.206,0.95,0
5men,0,3,0.6152632,0.8689512610435486,1.0724647,0.38545027,0.8260711431503296,0.15858973562717438,0.95,0.245,2.436,0.951,0
5men,2,3,0.5454027,0.5236369371414185,1.1148609,0.44100496,0.5366960763931274,0.24060870707035065,0.967,0.281,1.479,0.963,0
5nht,4,3,0.41863245,0.4095381796360016,0.45901752,0.41746843,0.493296355009079,0.576704204082489,0.97,0.169,1.216,0.943,0
5nht,4,2,0.38722324,0.4998576045036316,0.24014482,0.3545506,0.4565111994743347,0.40938428044319153,0.928,0.203,3.635,0.955,0
5nht,4,0,0.40096587,0.5044273734092712,0.41434833,0.35843655,0.4709939956665039,0.4779680073261261,0.989,0.15,0.748,0.985,0
5nht,4,1,0.50476825,0.8569470643997192,0.5009221,0.308732,0.17687249183654785,0.5059388279914856,0.975,0.197,1.378,0.968,0
5nht,3,2,0.4590743,0.6980335712432861,0.37566945,0.35240906,0.24152275919914246,1.012082815170288,0.944,0.212,2.651,0.94,0
5nht,3,0,0.41688,0.5990083813667297,0.51617193,0.31935254,0.12136141210794449,0.8870595097541809,0.987,0.155,1.477,1.0,0
5nht,3,1,0.5525195,0.881696879863739,0.56438494,0.37988377,0.49168214201927185,0.6254944205284119,0.986,0.199,0.79,0.984,0
5nht,2,0,0.24333465,0.3615308105945587,0.36886412,0.16607347,0.17867399752140045,0.5141043066978455,0.924,0.19,3.808,0.955,0
5nht,2,1,0.5142765,0.8966966271400452,0.4382615,0.30132857,0.5924264192581177,0.8115889430046082,0.94,0.311,2.673,0.952,0
5nht,0,1,0.47446623,0.8382958769798279,0.5591129,0.23678137,0.6271750330924988,0.6301778554916382,0.97,0.197,1.361,0.952,0
5nme,2,3,0.5862941,0.86204594373703,0.4413162,0.48748228,0.6371171474456787,0.4916815161705017,0.938,0.556,1.608,0.97,0
5nme,2,1,0.3227398,0.35051217675209045,0.11910383,0.32822046,0.4820059537887573,0.21918393671512604,0.988,0.177,0.816,0.986,0
5nme,2,0,0.35535145,0.4802994132041931,0.3928119,0.30273515,0.5216968059539795,0.21706098318099976,0.946,0.578,1.193,0.986,0
5nme,2,4,0.37197742,0.4837020933628082,0.55605435,0.3028791,0.531461238861084,0.0880933552980423,0.953,0.56,0.659,0.986,0
5nme,3,1,0.487122,0.7054862380027771,0.43196753,0.40947753,0.4230034351348877,0.3774119019508362,0.921,0.479,1.177,0.875,0
5nme,3,0,0.47188386,0.706192672252655,0.5582174,0.36626402,0.4270915389060974,0.3270704746246338,0.884,0.735,1.737,0.886,0
5nme,3,4,0.5508852,0.8299687504768372,0.39613163,0.4559019,0.5655364394187927,0.5500243902206421,0.85,0.912,1.786,0.863,0
5nme,1,0,0.28995532,0.43556156754493713,0.3819898,0.21550173,0.2889421284198761,0.19152840971946716,0.935,0.59,1.591,0.971,0
5nme,1,4,0.3240929,0.47342512011528015,0.56643146,0.21819617,0.2521476149559021,0.22972525656223297,0.94,0.591,1.123,0.973,0
5nme,0,4,0.40468925,0.5692899823188782,0.4222109,0.3395813,0.2890591323375702,0.2662145793437958,0.953,0.392,0.838,0.932,0
5nmf,3,2,0.41403395,0.597844660282135,0.55829126,0.31684557,0.7679108381271362,0.19406215846538544,0.939,0.58,0.966,0.961,0
5nmf,3,0,0.4133762,0.6839702725410461,0.13219722,0.31081834,0.8163841366767883,0.18342240154743195,0.952,0.492,1.233,0.973,0
5nmf,3,1,0.27010462,0.422358900308609,0.31179246,0.19601323,0.19125831127166748,0.2303355187177658,0.969,0.23,0.553,0.934,0
5nmf,3,4,0.31366256,0.1374908983707428,0.64122856,0.30014214,0.17315208911895752,0.0711463913321495,0.983,0.151,1.449,0.986,0
5nmf,2,0,0.4672757,0.6639192700386047,0.5679515,0.37234235,0.732185959815979,0.19490332901477814,0.951,0.419,1.609,0.959,0
5nmf,2,1,0.40842816,0.5655988454818726,0.42632657,0.34332597,0.7982327938079834,0.35283130407333374,0.952,0.33,1.183,0.921,0
5nmf,2,4,0.42948118,0.5973561406135559,0.37240332,0.3686001,0.8052087426185608,0.19509102404117584,0.98,0.252,1.165,0.986,0
5nmf,0,1,0.39057985,0.6902615427970886,0.3368427,0.2387285,0.7670332193374634,0.24314500391483307,0.952,0.376,1.215,0.934,0
5nmf,0,4,0.43068615,0.6745099425315857,0.6538476,0.27826795,0.8129703402519226,0.17243963479995728,0.926,0.504,2.506,0.959,0
5nmf,1,4,0.46066734,0.4991246461868286,0.5232981,0.44132924,0.2277158498764038,0.4997985363006592,0.965,0.282,1.54,0.959,0
5nmg,0,1,0.4347567,0.4668487310409546,0.5987751,0.4034993,0.3369933068752289,0.11695616692304611,0.99,0.146,0.783,0.986,0
5nmg,0,3,0.3798503,0.39748021960258484,0.6601112,0.33209917,0.44084832072257996,0.17969155311584473,0.981,0.229,0.723,0.973,0
5nmg,0,2,0.6021725,0.9438890218734741,0.7673049,0.4212815,0.6054684519767761,0.3695507347583771,0.908,0.603,1.49,0.893,0
5nmg,0,4,0.39950356,0.44070321321487427,0.7061025,0.3381367,0.5299961566925049,0.1950273960828781,0.964,0.296,2.367,1.0,0
5nmg,1,3,0.33285427,0.4908052682876587,0.42733645,0.25195867,0.49012067914009094,0.18499821424484253,0.98,0.201,1.049,0.973,0
5nmg,1,2,0.5478284,0.9054849147796631,0.57021195,0.37137064,0.640432596206665,0.38812369108200073,0.908,0.605,1.489,0.893,0
5nmg,1,4,0.3045796,0.4931350350379944,0.37285128,0.20454536,0.5598430633544922,0.1701952964067459,0.964,0.264,2.489,1.0,0
5nmg,3,2,0.49691465,0.8252593874931335,0.37914136,0.35549265,0.5010957717895508,0.28688785433769226,0.94,0.474,0.864,0.92,0
5nmg,3,4,0.33935398,0.4048117399215698,0.5567581,0.28362384,0.5104833841323853,0.24373729526996613,0.966,0.303,1.947,0.986,0
5nmg,2,4,0.6061042,1.0142033100128174,0.4401144,0.4366063,0.7480025887489319,0.4879726767539978,0.906,0.644,1.778,0.917,0
5nqk,2,3,0.33001822,0.35810667276382446,0.14179981,0.3335081,0.16229094564914703,0.6144774556159973,0.967,0.196,1.346,0.941,0
5nqk,2,1,0.36116707,0.5233181715011597,0.5257017,0.25977919,0.14765946567058563,0.7466773986816406,0.949,0.273,1.589,0.913,0
5nqk,2,0,0.37864134,0.45060402154922485,0.52495486,0.33174655,0.20853865146636963,0.7807894349098206,0.973,0.265,1.257,0.969,0
5nqk,2,4,0.3056626,0.4848969578742981,0.38214526,0.20086475,0.19401335716247559,0.6532267928123474,0.972,0.263,1.295,0.97,0
5nqk,3,1,0.3780656,0.43189436197280884,0.53265834,0.33814642,0.11571505665779114,0.48241227865219116,0.941,0.225,2.294,0.913,0
5nqk,3,0,0.4361432,0.3333316445350647,0.5221164,0.45635983,0.09884077310562134,0.5752061605453491,0.973,0.182,0.56,0.938,0
5nqk,3,4,0.37458867,0.3389124870300293,0.36883974,0.3862707,0.0913102850317955,0.13666166365146637,0.98,0.174,0.426,0.955,0
5nqk,1,0,0.50131875,0.6529887914657593,0.080819674,0.46559682,0.12705199420452118,0.5074652433395386,0.97,0.109,2.322,0.985,0
5nqk,1,4,0.45028782,0.6485217213630676,0.38991594,0.36670876,0.17250221967697144,0.48657554388046265,0.962,0.169,2.098,0.955,0
5nqk,0,4,0.36243588,0.42495283484458923,0.37644023,0.3378692,0.09970994293689728,0.628196656703949,0.981,0.111,0.706,0.955,0
5sws,4,1,0.4940361,0.8295362591743469,0.30466178,0.3746683,1.1976215839385986,0.5731021761894226,0.884,0.521,0.986,0.774,1
5sws,4,0,1.1396064,2.069157838821411,0.686219,0.76418656,3.640674591064453,0.8452719449996948,0.822,0.914,2.431,0.814,1
5sws,4,2,0.8591391,1.0319404602050781,1.0687655,0.7822589,1.2124593257904053,0.8745534420013428,0.892,0.541,2.117,0.85,1
5sws,4,3,0.73570687,1.359005093574524,0.7935065,0.42986843,2.414766788482666,0.7119901776313782,0.83,0.867,1.124,0.759,1
5sws,1,0,1.1531482,2.0015065670013428,0.6744059,0.8106467,3.4572744369506836,1.0645238161087036,0.797,0.883,2.223,0.712,1
5sws,1,2,0.9542063,1.2564342021942139,1.0240121,0.8415139,1.575879454612732,1.1700485944747925,0.837,0.635,2.331,0.733,1
5sws,1,3,0.69585776,1.3031363487243652,0.74204874,0.3665488,2.3548378944396973,0.5547608137130737,0.85,0.825,1.555,0.815,1
5sws,0,2,0.993123,1.979420781135559,0.72856134,0.45273545,3.5876877307891846,0.3340384364128113,0.849,0.858,1.724,0.833,0
5sws,0,3,1.0738952,1.7476290464401245,0.9069788,0.806263,2.4326276779174805,1.2213762998580933,0.808,0.965,3.065,0.833,0
5sws,2,3,1.0164667,1.6960211992263794,0.90925616,0.73221195,2.372321844100952,1.35322105884552,0.782,1.014,2.513,0.741,0
5swz,4,2,1.7107885,3.1225874423980713,0.9915505,1.0724047,3.7468864917755127,2.5597636699676514,0.529,1.818,8.128,0.66,1
5swz,4,3,2.1619813,3.877437114715576,1.6920681,1.3658258,4.558578968048096,3.235896110534668,0.483,2.377,5.31,0.446,1
5swz,4,1,1.054021,2.0423483848571777,0.6819038,0.54051363,2.199767589569092,1.4341742992401123,0.68,1.133,5.922,0.729,1
5swz,4,0,1.7083274,3.173459529876709,0.9756401,1.0242822,4.098259925842285,2.4104058742523193,0.637,1.732,3.678,0.642,1
5swz,2,3,0.8440104,1.5715138912200928,1.1597759,0.4647041,1.9558391571044922,1.2285914421081543,0.716,0.917,4.086,0.607,1
5swz,2,1,1.2893547,2.4798519611358643,0.72953284,0.8132377,2.8866028785705566,1.954953908920288,0.709,1.077,2.411,0.543,1
5swz,2,0,0.6997286,1.4739131927490234,0.42488134,0.3210275,1.5307852029800415,1.3930425643920898,0.607,1.002,10.157,0.717,1
5swz,3,1,1.7846247,3.3323488235473633,1.522953,1.0825701,3.88391375541687,2.5842134952545166,0.596,1.669,3.075,0.457,0
5swz,3,0,0.9124734,1.6219885349273682,1.2819859,0.5269252,1.9698940515518188,1.563676118850708,0.674,1.0,6.511,0.698,0
5swz,1,0,1.497894,2.862434148788452,0.6708609,0.8202022,3.3708269596099854,2.1453685760498047,0.614,1.235,8.322,0.736,1
5tez,4,3,0.43559578,0.6163612008094788,0.59014016,0.338041,0.6572629809379578,0.3509809970855713,0.983,0.23,0.866,0.982,0
5tez,4,2,0.45496807,0.8965218663215637,0.115128316,0.20356783,0.773871660232544,1.1797757148742676,0.941,0.424,2.027,0.95,0
5tez,4,0,0.4569423,0.63835209608078,0.121568516,0.40869284,0.7473753690719604,0.3864462971687317,0.953,0.357,1.53,0.945,0
5tez,4,1,0.58813614,0.6749557852745056,0.8322469,0.5254024,0.7215526700019836,0.3359752297401428,0.97,0.214,0.351,0.931,0
5tez,3,2,0.5691127,0.9528849720954895,0.6077143,0.36620736,0.5764508843421936,1.198604702949524,0.928,0.456,1.915,0.917,0
5tez,3,0,0.48118755,0.605545699596405,0.5886055,0.4205512,0.5500684380531311,0.19742724299430847,0.956,0.331,1.943,0.964,0
5tez,3,1,0.5876211,0.7575780749320984,0.60939085,0.5197706,0.3413669466972351,0.26973235607147217,0.958,0.26,0.857,0.914,0
5tez,2,0,0.4702313,0.7622763514518738,0.14664666,0.35133576,0.3959505259990692,1.2363349199295044,0.952,0.368,1.592,0.945,0
5tez,2,1,0.61881113,0.8867040872573853,0.82698584,0.4681053,0.5071031451225281,1.2414875030517578,0.942,0.356,1.987,0.931,0
5tez,0,1,0.5141662,0.6973453760147095,0.83146805,0.3854744,0.40479591488838196,0.27569255232810974,0.942,0.284,1.656,0.897,0
5til,2,3,0.45179394,0.2750490605831146,1.4946365,0.18730032,0.10316219180822372,0.44198694825172424,0.965,0.153,1.828,0.95,0
5til,2,1,0.46408272,0.38758182525634766,1.4761823,0.18579715,0.16589698195457458,0.6698949337005615,0.939,0.278,2.314,0.918,0
5til,2,0,0.7733827,0.7827252745628357,1.5899886,0.6303725,0.9336323738098145,0.5437601208686829,0.967,0.255,2.324,1.0,0
5til,2,4,0.7679799,0.8045360445976257,1.6359285,0.6004388,0.9337019324302673,0.5879862308502197,0.937,0.464,1.9,0.945,0
5til,3,1,0.21401379,0.353728324174881,0.14827217,0.16559477,0.14084690809249878,0.5931452512741089,0.91,0.296,4.039,0.951,0
5til,3,0,0.6552159,0.8246443271636963,0.5427291,0.6141039,0.943536102771759,0.5806062817573547,0.926,0.29,4.082,1.0,0
5til,3,4,0.6662689,0.824880063533783,0.96366143,0.57778746,0.9374205470085144,0.6193590760231018,0.906,0.484,3.597,0.964,0
5til,1,0,0.66370565,0.8420246839523315,0.54989094,0.6189467,0.9305587410926819,0.7145614624023438,0.974,0.322,1.022,0.981,0
5til,1,4,0.675604,0.8517138957977295,0.96050864,0.5815744,0.9290206432342529,0.7260710000991821,0.95,0.49,1.084,0.964,0
5til,0,4,0.35054016,0.2991548776626587,0.80073375,0.28226486,0.14228786528110504,0.13729627430438995,0.941,0.402,1.138,0.909,0
5tje,4,0,0.62544096,0.7549360394477844,0.6861324,0.5809259,0.9158912301063538,0.5932501554489136,0.877,0.443,3.744,0.875,0
5tje,4,1,0.55994403,0.8671117424964905,0.6820925,0.43154624,0.2381686419248581,1.453956127166748,0.909,0.309,3.123,0.887,0
5tje,4,3,0.3497665,0.47360238432884216,0.56614065,0.27622542,0.2674556374549866,0.6111624240875244,0.923,0.353,3.27,0.951,0
5tje,4,2,0.27117717,0.41098570823669434,0.37922648,0.20513722,0.20287109911441803,0.5616214871406555,0.932,0.291,3.1,0.951,0
5tje,0,1,0.71748555,0.8789423704147339,0.5446078,0.6859338,0.9320124983787537,1.252350926399231,0.962,0.236,1.343,0.935,0
5tje,0,3,0.61604637,0.7502610683441162,0.4097492,0.59472984,0.9476258754730225,0.2851226329803467,0.949,0.328,2.428,0.967,0
5tje,0,2,0.6167916,0.7073748111724854,0.78039795,0.5713963,0.921066403388977,0.15847809612751007,0.964,0.238,1.609,0.951,0
5tje,1,3,0.5532934,0.8497885465621948,0.4084305,0.46513292,0.34758129715919495,1.3514525890350342,0.933,0.262,2.678,0.918,0
5tje,1,2,0.5475603,0.793343186378479,0.5713135,0.46367824,0.09578829258680344,1.292181134223938,0.976,0.142,0.958,0.951,0
5tje,3,2,0.29299226,0.33983904123306274,0.678705,0.20160538,0.28513094782829285,0.26708200573921204,0.948,0.219,2.596,0.951,0
5w1v,2,3,2.5549598,5.256284236907959,0.8523398,1.112488,5.454397678375244,4.943075656890869,0.271,3.781,11.756,0.333,0
5w1v,2,1,2.5535085,5.047010898590088,1.1666489,1.3281142,5.371916770935059,4.935404300689697,0.268,3.861,11.238,0.31,0
5w1v,2,0,0.77991194,1.618128776550293,0.1787033,0.32657486,0.7784618735313416,1.3700296878814697,0.762,0.738,5.461,0.773,0
5w1v,2,4,1.3985786,2.799201250076294,0.570157,0.69526273,1.1839889287948608,4.3744940757751465,0.622,1.664,5.1,0.683,0
5w1v,3,1,1.3596059,2.538123846054077,0.40089744,0.70727,1.4474586248397827,2.4316813945770264,0.581,1.691,6.266,0.655,0
5w1v,3,0,2.9374352,5.385694980621338,1.3037084,1.6101522,5.156571388244629,4.602493762969971,0.316,3.626,10.92,0.424,0
5w1v,3,4,2.6860135,5.0689311027526855,1.3672456,1.2840433,4.905906677246094,2.8459084033966064,0.3,3.165,15.121,0.476,0
5w1v,1,0,2.9226751,5.131805896759033,1.5618562,1.7624009,5.137998104095459,4.351127624511719,0.319,3.674,12.985,0.515,0
5w1v,1,4,2.7845774,4.9566545486450195,1.6596174,1.5940392,4.850378036499023,3.7160301208496094,0.31,3.071,13.203,0.444,0
5w1v,0,4,1.3300073,2.5967884063720703,0.6005167,0.6826368,1.0620412826538086,4.5020904541015625,0.527,1.784,8.77,0.683,0
5w1w,1,0,0.70077676,1.3496335744857788,0.23149773,0.4342384,1.3052172660827637,1.0694643259048462,0.829,0.598,2.853,0.726,0
5w1w,1,2,0.6837309,1.249927043914795,0.26335126,0.47144926,0.8735546469688416,2.03057861328125,0.769,0.671,5.787,0.791,0
5w1w,1,3,0.7948721,1.5837057828903198,0.41102594,0.4359869,1.368458867073059,2.424901247024536,0.804,0.675,3.266,0.711,0
5w1w,1,4,1.1242671,2.3538756370544434,0.4589736,0.5068836,1.7542967796325684,3.6147685050964355,0.706,1.197,3.791,0.671,0
5w1w,0,2,0.69626456,1.3372857570648193,0.18120146,0.4165145,1.0643084049224854,1.6554832458496094,0.825,0.679,3.719,0.806,0
5w1w,0,3,0.71852064,1.2951874732971191,0.44280457,0.48054683,1.4933960437774658,1.6319652795791626,0.895,0.586,1.696,0.855,0
5w1w,0,4,1.2061348,2.3753714561462402,0.55947393,0.6515296,2.1112759113311768,3.167790174484253,0.729,1.228,3.218,0.714,0
5w1w,2,3,0.7812902,1.4166102409362793,0.43640912,0.50832677,1.3145349025726318,1.6561503410339355,0.826,0.764,2.735,0.776,0
5w1w,2,4,1.329628,2.603830575942993,0.5201687,0.7095305,2.129772663116455,3.6927525997161865,0.683,1.444,3.019,0.643,0
5w1w,3,4,0.99545807,1.9330555200576782,0.51502603,0.53105044,1.7429190874099731,2.242722988128662,0.815,0.928,1.647,0.757,1
5wkf,4,0,0.16430667,0.32882454991340637,0.09377673,0.08406563,0.22160127758979797,0.1956336498260498,0.93,0.265,3.996,1.0,0
5wkf,4,1,0.2302838,0.345755934715271,0.106189154,0.19846718,0.2686733305454254,0.12865403294563293,0.969,0.301,2.019,1.0,0
5wkf,4,3,0.20187417,0.315614253282547,0.3836058,0.11943113,0.2922196090221405,0.25969403982162476,0.93,0.39,3.072,0.97,0
5wkf,4,2,0.1981642,0.34478962421417236,0.09747276,0.14460243,0.28168582916259766,0.18775148689746857,0.962,0.294,1.888,0.971,0
5wkf,0,1,0.22962683,0.2571363151073456,0.082426555,0.23179778,0.16336707770824432,0.21044287085533142,0.948,0.287,3.17,1.0,0
5wkf,0,3,0.20137241,0.3279545307159424,0.37517667,0.11227656,0.2639246881008148,0.1685771495103836,0.963,0.313,1.707,0.97,0
5wkf,0,2,0.16173333,0.20880191028118134,0.06420858,0.1539112,0.1459478884935379,0.17399714887142181,0.938,0.295,3.143,0.971,0
5wkf,1,3,0.3310091,0.3395213186740875,0.3787566,0.3235789,0.2380346953868866,0.26788318157196045,0.929,0.309,2.76,0.924,0
5wkf,1,2,0.25631532,0.17643308639526367,0.06921261,0.28418761,0.12890850007534027,0.16097058355808258,0.964,0.268,0.476,0.926,0
5wkf,3,2,0.22553141,0.36521607637405396,0.3720935,0.14297082,0.286866158246994,0.17148442566394806,0.946,0.286,2.789,0.971,0
5wkh,0,1,0.30732828,0.35784056782722473,0.6571076,0.22647075,0.18796105682849884,0.11223608255386353,0.864,1.046,1.283,0.94,0
5wkh,0,3,0.3056663,0.4469999074935913,0.08352428,0.27247465,0.35553932189941406,0.26201725006103516,0.85,1.062,2.843,0.985,0
5wkh,0,2,0.15909116,0.23941680788993835,0.08768301,0.13668053,0.18113650381565094,0.1706189662218094,0.848,1.165,1.972,0.971,0
5wkh,0,4,0.34752288,0.37751254439353943,0.093837775,0.35558933,0.24247553944587708,0.29216042160987854,0.852,1.178,1.895,0.984,0
5wkh,1,3,0.35904709,0.45011386275291443,0.6589882,0.27935734,0.3335191309452057,0.24881169199943542,0.93,0.565,1.746,0.954,0
5wkh,1,2,0.40310487,0.42326870560646057,0.6616522,0.36068907,0.27794963121414185,0.19886183738708496,0.953,0.371,1.346,0.941,0
5wkh,1,4,0.53440166,0.3594622015953064,0.65771294,0.5594741,0.27497777342796326,0.22313129901885986,0.938,0.435,2.179,0.952,0
5wkh,3,2,0.25415954,0.2936324179172516,0.07362923,0.25468498,0.2510449290275574,0.17084717750549316,0.935,0.503,1.631,0.941,0
5wkh,3,4,0.4560216,0.3295794725418091,0.08818732,0.5043874,0.25224924087524414,0.28097566962242126,0.904,0.572,3.285,0.968,0
5wkh,2,4,0.4066921,0.3915935456752777,0.088169545,0.42941895,0.21131984889507294,0.3009641468524933,0.942,0.241,3.311,0.984,0
5wlg,4,3,1.5473351,3.2082905769348145,0.31032312,0.34398523,1.7714005708694458,6.140187740325928,0.755,1.184,3.149,0.769,1
5wlg,4,2,1.6201346,3.3335180282592773,0.59075356,0.39954397,2.2692785263061523,6.083312511444092,0.766,1.195,3.2,0.81,1
5wlg,4,0,1.521415,3.165943145751953,0.5185005,0.27132946,1.909677505493164,6.114580154418945,0.787,1.041,3.116,0.806,1
5wlg,4,1,1.6371919,3.350160837173462,0.42869878,0.46901834,2.896423578262329,5.886542797088623,0.719,1.292,3.375,0.719,1
5wlg,3,2,0.63376987,1.2518823146820068,0.5128875,0.25789642,2.441718339920044,0.5638197660446167,0.857,0.618,3.678,0.873,0
5wlg,3,0,0.47789425,0.8908016085624695,0.58089167,0.21916196,1.7903450727462769,0.6835752725601196,0.915,0.393,0.891,0.819,0
5wlg,3,1,0.67865336,1.3818416595458984,0.19692658,0.26303712,2.4451801776885986,1.4584442377090454,0.874,0.551,0.977,0.754,0
5wlg,2,0,0.5812387,1.0454723834991455,0.34199545,0.32958677,0.8887087106704712,0.8631036281585693,0.819,0.674,4.004,0.806,0
5wlg,2,1,0.7947126,1.5584042072296143,0.52432704,0.2624925,3.1092114448547363,1.4278111457824707,0.874,0.458,3.358,0.842,0
5wlg,0,1,0.90045583,1.6984654664993286,0.676533,0.4061434,2.968796730041504,1.607867956161499,0.86,0.737,1.593,0.807,1
5xot,4,0,0.49803224,0.6951513886451721,0.3860242,0.42797658,0.3195057511329651,0.6760014295578003,0.929,0.342,2.817,0.934,0
5xot,4,1,0.38658252,0.48386627435684204,0.5235719,0.33075374,0.11659973114728928,0.5617388486862183,0.968,0.131,1.366,0.937,0
5xot,4,3,0.44329295,0.5221244096755981,0.38721454,0.4207496,0.15980245172977448,0.7230750322341919,0.972,0.285,1.477,0.981,0
5xot,4,2,0.46602115,0.7839150428771973,0.5274083,0.28950945,0.6235854625701904,0.6949771046638489,0.907,0.436,2.462,0.877,0
5xot,0,1,0.60001993,0.5062161684036255,0.6456346,0.6234373,0.31851252913475037,0.32714101672172546,0.932,0.349,2.094,0.905,0
5xot,0,3,0.64007366,0.6579387187957764,0.19774473,0.6636169,0.2973323464393616,0.4523492455482483,0.975,0.307,1.59,1.0,0
5xot,0,2,0.47545123,0.703510582447052,0.38393098,0.38041103,0.6165532469749451,0.21627652645111084,0.893,0.367,3.247,0.862,0
5xot,1,3,0.51981956,0.6287704706192017,0.64880466,0.4624586,0.21665909886360168,0.5785245299339294,0.961,0.338,1.527,0.963,0
5xot,1,2,0.5183431,0.7459749579429626,0.52459455,0.41768005,0.6159952878952026,0.41299813985824585,0.933,0.431,1.882,0.923,0
5xot,3,2,0.5114681,0.7655351161956787,0.40933114,0.4095672,0.643959641456604,0.45441198348999023,0.87,0.42,2.876,0.785,0
5xov,4,2,0.53784055,0.7598177790641785,0.21729597,0.48392832,0.5456041693687439,1.1317129135131836,0.937,0.477,1.892,0.95,0
5xov,4,3,0.764032,1.422196626663208,0.3530877,0.46123028,1.0297503471374512,1.467088222503662,0.883,0.688,1.934,0.873,0
5xov,4,1,0.6064856,0.8741714358329773,0.34727508,0.53015083,0.4120134711265564,1.5191177129745483,0.925,0.535,2.187,0.949,0
5xov,4,0,0.5843555,0.8372603058815002,0.58073664,0.48440608,0.7407121658325195,0.9960584044456482,0.917,0.501,1.964,0.902,0
5xov,2,3,0.67859995,1.2564074993133545,0.3758712,0.3979928,1.0482829809188843,0.880189836025238,0.907,0.573,1.302,0.873,0
5xov,2,1,0.4751758,0.7788923978805542,0.39132798,0.34387076,0.6199462413787842,0.9036152362823486,0.91,0.538,2.037,0.898,0
5xov,2,0,0.5314052,0.9696620106697083,0.59939444,0.26584753,0.7738803625106812,1.1790517568588257,0.857,0.75,3.067,0.885,0
5xov,3,1,0.6971738,1.2416200637817383,0.14955857,0.46621218,1.0319788455963135,0.22391149401664734,0.884,0.509,1.749,0.797,0
5xov,3,0,0.890417,1.6665698289871216,0.62672657,0.47796127,1.317680835723877,1.3716574907302856,0.789,0.862,2.905,0.721,0
5xov,1,0,0.6126935,1.0168462991714478,0.61544687,0.40804225,0.6479236483573914,1.3733800649642944,0.852,0.814,2.312,0.852,0
5yxn,4,0,0.42446318,0.6687577366828918,0.25414753,0.2964727,0.21268191933631897,1.1408215761184692,0.954,0.327,1.712,0.945,0
5yxn,4,1,0.40281683,0.5046005845069885,0.54138505,0.33611298,0.20154674351215363,0.974678635597229,0.951,0.281,2.145,0.946,0
5yxn,4,3,0.4557121,0.647659957408905,0.6883335,0.31320438,0.18564316630363464,1.398203730583191,0.949,0.32,0.759,0.897,0
5yxn,4,2,0.34846243,0.5336169600486755,0.44921646,0.22277734,0.1675395369529724,1.0411280393600464,0.948,0.296,2.013,0.935,0
5yxn,0,1,0.44782624,0.4880707561969757,0.52042073,0.42269447,0.1412784904241562,0.4799244999885559,0.96,0.241,1.017,0.919,0
5yxn,0,3,0.3968006,0.5585272908210754,0.6798598,0.25697243,0.11608848720788956,0.9491940140724182,0.943,0.303,1.457,0.897,0
5yxn,0,2,0.39613596,0.5857976675033569,0.5000436,0.27319112,0.2840367257595062,0.866572380065918,0.91,0.393,3.066,0.909,0
5yxn,1,3,0.4263192,0.5230814814567566,0.5379015,0.36699334,0.11563456803560257,1.0248711109161377,0.936,0.304,1.963,0.897,0
5yxn,1,2,0.4243948,0.48374348878860474,0.42770433,0.39827818,0.23672343790531158,0.7275276184082031,0.932,0.312,2.809,0.935,0
5yxn,3,2,0.38667637,0.4834226071834564,0.6141307,0.3066819,0.2295965701341629,0.850727915763855,0.949,0.273,2.294,0.948,0
5yxu,4,0,0.3148582,0.34842345118522644,0.51691014,0.27153978,0.06942541897296906,0.12099403887987137,0.981,0.142,0.655,0.957,0
5yxu,4,1,0.47028714,0.7894057035446167,0.2635236,0.29203472,0.08614282310009003,1.0547116994857788,0.951,0.255,1.971,0.932,0
5yxu,4,3,0.3101289,0.24144499003887177,0.3816808,0.32468444,0.057089466601610184,0.18919184803962708,0.978,0.136,0.641,0.947,0
5yxu,4,2,0.29904106,0.23640784621238708,0.5671268,0.2802165,0.15412528812885284,0.19262653589248657,0.966,0.175,1.527,0.944,0
5yxu,0,1,0.45926356,0.6260549426078796,0.60095996,0.35714245,0.0937153697013855,1.0844929218292236,0.949,0.239,1.584,0.904,0
5yxu,0,3,0.34672868,0.33947065472602844,0.45158452,0.3371457,0.07142713665962219,0.21093739569187164,0.961,0.139,0.336,0.893,0
5yxu,0,2,0.3672639,0.4165906310081482,0.5349096,0.32415056,0.1846727430820465,0.23156386613845825,0.954,0.211,1.896,0.93,0
5yxu,1,3,0.3509886,0.5011954307556152,0.44622156,0.26107654,0.07355369627475739,0.937658965587616,0.967,0.202,1.424,0.947,0
5yxu,1,2,0.4061701,0.6040540337562561,0.6237032,0.2616631,0.1911155730485916,1.175389289855957,0.923,0.275,3.264,0.93,0
5yxu,3,2,0.35953724,0.4301491975784302,0.60458076,0.28946212,0.3122839033603668,0.3480701148509979,0.968,0.188,1.997,0.972,0
6am5,4,0,0.40727097,0.5724579095840454,0.8123889,0.24719077,0.17158743739128113,0.7165061831474304,0.965,0.285,1.743,0.97,0
6am5,4,1,0.380327,0.5472310185432434,0.47702944,0.2891981,0.15689988434314728,0.42731282114982605,0.969,0.27,0.975,0.952,0
6am5,4,3,0.37075967,0.6224324703216553,0.47990435,0.20755209,0.09072957932949066,0.7621443271636963,0.951,0.216,1.802,0.917,0
6am5,4,2,0.35823527,0.5956963896751404,0.48710117,0.2007575,0.1467524617910385,0.35717156529426575,0.966,0.188,0.997,0.928,0
6am5,0,1,0.39440197,0.5630497336387634,0.6554868,0.272687,0.24163702130317688,0.5950140357017517,0.966,0.296,1.547,0.968,0
6am5,0,3,0.37320575,0.6272878050804138,0.653388,0.16070369,0.12973137199878693,0.9552127122879028,0.914,0.273,3.453,0.917,0
6am5,0,2,0.34880847,0.5691488981246948,0.66152084,0.15066008,0.16403819620609283,0.5996090769767761,0.968,0.265,0.799,0.942,0
6am5,1,3,0.35349238,0.6625128388404846,0.07005383,0.1805939,0.15794041752815247,0.7778629660606384,0.923,0.175,2.229,0.847,0
6am5,1,2,0.4341401,0.8259268403053284,0.13123307,0.20378432,0.2533493936061859,0.24876412749290466,0.94,0.283,1.062,0.87,0
6am5,3,2,0.36428267,0.6585301756858826,0.10884408,0.21131513,0.12739306688308716,0.7992380857467651,0.955,0.178,2.712,0.971,0
6amu,2,3,0.40353057,0.6296324133872986,0.55356634,0.2608401,0.4367496371269226,0.44547516107559204,0.972,0.189,1.036,0.947,0
6amu,2,1,0.39470243,0.5830523371696472,0.3341764,0.31447935,0.4608742296695709,0.3456414043903351,0.983,0.201,0.698,0.973,0
6amu,2,0,0.43472514,0.6845905184745789,0.3397629,0.32144612,0.47270074486732483,0.3767072558403015,0.971,0.29,0.973,0.961,0
6amu,2,4,0.46864024,0.6245025396347046,0.56275946,0.38903636,0.11282723397016525,0.7642861604690552,0.978,0.24,0.38,0.96,0
6amu,3,1,0.39919448,0.5492477416992188,0.57128984,0.30379534,0.19821712374687195,0.31951904296875,0.97,0.286,0.99,0.96,0
6amu,3,0,0.4172132,0.6313549280166626,0.56720984,0.28532878,0.22645187377929688,0.3835565745830536,0.949,0.367,1.51,0.935,0
6amu,3,4,0.42588043,0.477110356092453,0.4148907,0.40839928,0.45769816637039185,0.7169632315635681,0.982,0.189,0.969,0.973,0
6amu,1,0,0.4352244,0.7028002142906189,0.101361625,0.33084267,0.11714711785316467,0.18473374843597412,0.98,0.175,0.77,0.961,0
6amu,1,4,0.46790057,0.6517502665519714,0.45600072,0.39018944,0.456883043050766,0.6863183379173279,0.978,0.274,0.676,0.973,0
6amu,0,4,0.44655702,0.6213859915733337,0.45444548,0.3709182,0.45185765624046326,0.7133510112762451,0.979,0.294,0.956,0.987,0
6avf,4,2,1.2815123,,3.7604647,0.420885,,,0.007,27.474,62.985,0.0,0
6avf,4,3,2.3134356,,6.850783,0.6912101,,,0.007,28.024,65.172,0.0,0
6avf,4,1,0.7746126,,2.145861,0.3613706,,,0.007,27.499,63.667,0.0,0
6avf,4,0,1.0611099,,2.7361999,0.61670727,,,0.011,26.309,49.241,0.0,0
6avf,2,3,2.490718,4.044256687164307,5.22584,0.85062766,6.933001518249512,3.940626859664917,0.455,2.825,4.35,0.352,0
6avf,2,1,1.8925307,3.339538812637329,3.4483478,0.59456706,6.198681831359863,2.3013482093811035,0.608,2.338,2.202,0.596,0
6avf,2,0,10.105443,20.121524810791016,5.9935503,4.367132,20.33577537536621,8.4373197555542,0.034,16.412,41.322,0.052,0
6avf,3,1,2.4321887,3.2840919494628906,6.527795,0.764181,2.705441474914551,4.767950534820557,0.527,2.664,3.244,0.468,0
6avf,3,0,7.62455,17.224544525146484,7.514236,2.2724824,20.091150283813477,10.528392791748047,0.032,15.934,44.043,0.052,0
6avf,1,0,10.796493,22.321224212646484,6.917897,5.4924126,18.569293975830078,8.3714599609375,0.027,16.536,42.546,0.034,1
6avg,4,1,1.1473622,1.925864338874817,1.6117537,0.43475667,0.5878469347953796,3.877697229385376,0.771,1.102,0.976,0.676,0
6avg,4,0,1.5162573,2.082451581954956,3.6736262,0.37240344,0.6657095551490784,4.307252407073975,0.678,1.488,1.401,0.557,0
6avg,4,2,0.5164486,0.7717483043670654,0.5460055,0.35907033,0.3751281201839447,1.193129062652588,0.944,0.358,1.023,0.901,0
6avg,4,3,0.92806625,1.4931820631027222,0.80114365,0.57413137,0.7529549598693848,2.7833967208862305,0.796,0.86,1.906,0.684,0
6avg,1,0,1.9973502,3.4589741230010986,3.3474832,0.60256356,1.1072568893432617,6.8565239906311035,0.63,1.943,2.033,0.57,2
6avg,1,2,1.2408589,2.2293622493743896,1.7366523,0.41387656,0.9198358654975891,4.319222927093506,0.786,1.085,1.53,0.732,2
6avg,1,3,0.93214566,1.332999348640442,1.6538519,0.57723916,1.155085563659668,2.152317523956299,0.887,0.63,1.497,0.842,2
6avg,0,2,1.4664229,1.822413444519043,3.6812348,0.45877162,0.6381794214248657,3.7378945350646973,0.7,1.558,1.021,0.634,0
6avg,0,3,1.5953037,2.0273818969726562,3.7597837,0.62471706,0.7253103256225586,4.059034824371338,0.626,1.858,2.549,0.566,0
6avg,2,3,0.9105598,1.4607850313186646,0.8352761,0.5582578,0.8927049040794373,2.7270474433898926,0.792,0.89,1.88,0.684,1
6bj2,0,1,1.1715844,2.1607565879821777,1.0981889,0.7732154,2.4998741149902344,2.613295316696167,0.67,1.42,3.06,0.596,0
6bj2,0,3,0.85018176,1.5879433155059814,0.8205415,0.5438563,1.0348012447357178,1.8131413459777832,0.774,1.015,3.707,0.796,0
6bj2,0,2,1.5065364,2.246828317642212,3.4286702,0.7921187,2.0609261989593506,3.4378764629364014,0.699,1.354,3.64,0.7,0
6bj2,0,4,1.524533,2.675636053085327,2.8729072,0.7439617,2.2319302558898926,3.9706270694732666,0.632,1.571,3.835,0.587,0
6bj2,1,3,1.0960753,2.193215847015381,0.8170444,0.56814915,2.5831522941589355,2.9596030712127686,0.723,1.163,3.293,0.673,0
6bj2,1,2,1.749161,2.928621292114258,3.5340137,0.811796,3.760324478149414,4.602774143218994,0.682,1.371,2.794,0.6,0
6bj2,1,4,1.5684614,2.845944881439209,3.0651174,0.53422415,3.2067136764526367,4.723299980163574,0.633,1.291,3.357,0.46,0
6bj2,3,2,1.4762805,2.08699369430542,3.5903997,0.72633237,2.369426965713501,3.4261295795440674,0.739,1.181,2.176,0.66,0
6bj2,3,4,1.4797165,2.503328323364258,3.051968,0.6576131,1.8023240566253662,3.5292608737945557,0.564,1.594,5.997,0.556,0
6bj2,2,4,1.3104217,2.1284797191619873,1.812632,0.89608824,0.5675562620162964,2.255080223083496,0.658,1.188,4.821,0.603,0
6bj3,3,2,0.41559672,0.47864148020744324,0.3928515,0.39382786,0.24175384640693665,0.5424753427505493,0.968,0.224,0.889,0.935,0
6bj3,3,0,0.4517863,0.671138346195221,0.5337224,0.33216193,0.11788029968738556,0.7354047894477844,0.965,0.192,1.03,0.924,0
6bj3,3,1,0.4833151,0.8428153991699219,0.40550652,0.27493352,0.3615611493587494,1.163188099861145,0.942,0.373,1.375,0.909,0
6bj3,3,4,0.47150522,0.7368353009223938,0.41375792,0.34137997,0.2616023123264313,0.7060559988021851,0.934,0.424,2.199,0.938,0
6bj3,2,0,0.50679374,0.6052553653717041,0.6504557,0.44859204,0.2227606177330017,0.7353656888008118,0.946,0.226,1.164,0.879,0
6bj3,2,1,0.48675328,0.6083016991615295,0.5218472,0.43222418,0.2149677872657776,0.8121697902679443,0.942,0.296,1.49,0.894,0
6bj3,2,4,0.49380976,0.5968801975250244,0.534913,0.44746503,0.2597615420818329,0.7139899134635925,0.936,0.345,1.543,0.891,0
6bj3,0,1,0.5631305,0.850182831287384,0.40881982,0.44100702,0.35968470573425293,0.8863170742988586,0.946,0.413,1.096,0.924,1
6bj3,0,4,0.51267385,0.7508307099342346,0.39668456,0.4138589,0.22979916632175446,0.84357750415802,0.95,0.378,1.804,0.953,1
6bj3,1,4,0.5165016,0.8072868585586548,0.17022268,0.3990058,0.35688766837120056,1.0610626935958862,0.931,0.45,2.471,0.953,0
6bj8,2,3,0.48859295,0.5612697005271912,0.59441787,0.44771102,0.6694082021713257,0.5320720672607422,0.92,0.315,2.112,0.859,0
6bj8,2,1,0.40179336,0.37546825408935547,0.5577893,0.39175922,0.5232905149459839,0.14762082695960999,0.941,0.247,1.196,0.87,0
6bj8,2,0,0.6792812,0.6213411092758179,0.54007924,0.71059155,0.9163023829460144,0.3557191491127014,0.944,0.368,1.181,0.909,0
6bj8,2,4,0.6497533,0.668066143989563,0.42676753,0.6618048,0.6143679618835449,0.38212090730667114,0.928,0.44,1.025,0.878,0
6bj8,3,1,0.55052143,0.6100409626960754,0.60626376,0.5213913,0.30463775992393494,0.5738498568534851,0.948,0.284,2.101,0.935,0
6bj8,3,0,0.4719916,0.49747174978256226,0.5930075,0.44799048,0.5689549446105957,0.5182927250862122,0.937,0.323,3.047,0.97,0
6bj8,3,4,0.4888073,0.7277674078941345,0.42497426,0.3761996,0.32145261764526367,0.6299989223480225,0.945,0.344,2.402,0.959,0
6bj8,1,0,0.6161149,0.5982699394226074,0.22481813,0.6485615,0.6522608399391174,0.4166296422481537,0.951,0.398,1.97,0.97,0
6bj8,1,4,0.61217463,0.59739750623703,0.44446564,0.6316889,0.43907955288887024,0.4538347125053406,0.955,0.395,1.821,0.973,0
6bj8,0,4,0.5255226,0.7285208702087402,0.42928717,0.44279373,0.5252596735954285,0.5809339880943298,0.918,0.421,0.929,0.838,0
6d78,0,1,0.36804846,0.46772804856300354,0.9333231,0.19701709,0.21499696373939514,0.5055335164070129,0.934,0.291,2.6,0.924,0
6d78,0,3,0.3065374,0.36394205689430237,0.65061325,0.22419639,0.12078267335891724,0.26962485909461975,0.947,0.258,1.713,0.91,0
6d78,0,2,0.3495514,0.400391548871994,0.42272606,0.32122248,0.08396412432193756,0.5380361080169678,0.979,0.2,0.507,0.959,0
6d78,0,4,0.47916353,0.7166024446487427,0.4927185,0.35327095,0.34008586406707764,0.6827219724655151,0.932,0.362,2.553,0.933,0
6d78,1,3,0.39238027,0.45449644327163696,0.70490104,0.32266635,0.16373738646507263,0.4600493311882019,0.978,0.151,1.13,0.962,0
6d78,1,2,0.4860202,0.46870607137680054,1.0416625,0.40794042,0.21245579421520233,0.36070510745048523,0.948,0.326,2.34,0.959,0
6d78,1,4,0.48903438,0.5052191615104675,1.1004906,0.3826805,0.20627334713935852,0.33342981338500977,0.95,0.38,0.846,0.92,0
6d78,3,2,0.35185272,0.3992565870285034,0.7941584,0.2540191,0.1477159857749939,0.48143866658210754,0.968,0.301,1.505,0.973,0
6d78,3,4,0.50559956,0.7285242676734924,0.833497,0.33430946,0.26916080713272095,0.5166971683502197,0.962,0.328,1.08,0.947,0
6d78,2,4,0.49874604,0.7458099126815796,0.2099357,0.39242366,0.3428686559200287,0.49205148220062256,0.936,0.378,2.268,0.933,0
6dkp,3,2,0.6810123,0.8866618275642395,0.39015526,0.61441565,0.44338148832321167,0.7865021824836731,0.9,0.496,2.085,0.855,0
6dkp,3,0,0.4183884,0.6615393757820129,0.37726375,0.28808543,0.5529313683509827,0.3069398105144501,0.963,0.25,1.115,0.932,0
6dkp,3,1,0.40787083,0.7283599376678467,0.101151355,0.22274214,0.18408313393592834,0.40177038311958313,0.974,0.209,1.134,0.959,0
6dkp,3,4,0.3679818,0.5277836322784424,0.07101116,0.31035468,0.2687986195087433,0.3675639033317566,0.974,0.201,1.126,0.957,0
6dkp,2,0,0.6895689,0.7959417700767517,0.5374461,0.660771,0.6101624965667725,0.7220206260681152,0.922,0.495,2.952,0.973,0
6dkp,2,1,0.7216057,0.9294300079345703,0.39494118,0.6574975,0.4240994155406952,0.8298548460006714,0.977,0.241,1.106,0.973,0
6dkp,2,4,0.70796055,0.8703799843788147,0.38836443,0.6654153,0.5134788751602173,0.7615030407905579,0.946,0.246,2.96,0.971,0
6dkp,0,1,0.3808742,0.5969616770744324,0.38932803,0.26044852,0.5660569667816162,0.38211965560913086,0.939,0.341,2.012,0.918,0
6dkp,0,4,0.34156787,0.5397729873657227,0.38501662,0.22412138,0.5828486084938049,0.29091745615005493,0.953,0.332,1.291,0.929,0
6dkp,1,4,0.3041795,0.44894492626190186,0.06046382,0.25026184,0.23539108037948608,0.1909758597612381,0.976,0.131,1.943,0.986,0
6eqa,0,1,0.66053283,0.7027660608291626,0.54271495,0.65645146,0.4259885549545288,0.5715139508247375,0.96,0.415,1.902,1.0,0
6eqa,0,3,0.5764497,0.6152597069740295,0.47467628,0.57215464,0.3645540475845337,0.7451928853988647,0.961,0.292,1.541,0.952,0
6eqa,0,2,0.62875795,0.7469972372055054,0.6921661,0.58047557,0.4782436192035675,0.5452075600624084,0.952,0.364,2.668,1.0,0
6eqa,0,4,0.62417734,0.6201892495155334,0.45944828,0.63802326,0.4235868752002716,0.642288327217102,0.936,0.432,2.222,0.95,0
6eqa,1,3,0.50511366,0.7125245928764343,0.191514,0.44135094,0.22017376124858856,0.6175165772438049,0.93,0.4,1.078,0.871,0
6eqa,1,2,0.41673416,0.6153164505958557,0.32334393,0.33918288,0.1482885181903839,0.5134327411651611,0.959,0.347,1.251,0.948,0
6eqa,1,4,0.50578845,0.8161729574203491,0.48012024,0.3582886,0.5478222966194153,0.53566974401474,0.845,0.707,3.583,0.867,0
6eqa,3,2,0.5021616,0.7234618067741394,0.43173623,0.41328737,0.2532304525375366,0.5540165305137634,0.934,0.571,1.227,0.948,0
6eqa,3,4,0.52756745,0.6003245711326599,0.50661445,0.50385606,0.39089852571487427,0.6978246569633484,0.898,0.619,2.723,0.933,0
6eqa,2,4,0.5179733,0.8531344532966614,0.62257385,0.34338838,0.5551009178161621,0.6260865926742554,0.87,0.565,3.773,0.9,0
6eqb,1,0,0.49172556,0.8168631792068481,0.43985122,0.31882447,0.10238469392061234,1.1225471496582031,0.949,0.196,2.373,0.935,0
6eqb,1,2,0.46548784,0.725172758102417,0.6191563,0.31062588,0.09741906821727753,1.178768277168274,0.964,0.286,1.547,0.958,0
6eqb,1,3,0.38581407,0.6282374858856201,0.4704357,0.24239208,0.1367228478193283,1.1365578174591064,0.924,0.563,2.242,0.961,0
6eqb,1,4,0.47864646,0.830388069152832,0.4115846,0.27948475,0.23104189336299896,1.142501950263977,0.966,0.167,1.921,0.959,0
6eqb,0,2,0.3262725,0.5795896649360657,0.48677638,0.127555,0.12248960137367249,0.4397876262664795,0.97,0.313,1.246,0.972,0
6eqb,0,3,0.40265247,0.6395646929740906,0.64129436,0.23496208,0.1493205577135086,0.42352330684661865,0.936,0.622,0.636,0.961,0
6eqb,0,4,0.39963502,0.6629242300987244,0.1358977,0.27760354,0.22478064894676208,0.4261471927165985,0.99,0.206,0.864,1.0,0
6eqb,2,3,0.301137,0.41197794675827026,0.4102166,0.23962724,0.15523794293403625,0.1588333696126938,0.923,0.547,1.324,0.909,0
6eqb,2,4,0.43385488,0.7016035318374634,0.4698792,0.29030186,0.19409704208374023,0.20247699320316315,0.966,0.256,1.155,0.945,0
6eqb,3,4,0.34729335,0.5602661967277527,0.6211417,0.17769605,0.18932032585144043,0.08545195311307907,0.954,0.539,0.898,0.986,0
6g9q,1,0,0.59457874,0.6285139322280884,1.6958531,0.28443804,0.15682049095630646,1.143999457359314,0.924,0.441,1.504,0.881,0
6g9q,1,2,0.52299035,0.19836127758026123,1.7021261,0.24960035,0.16061866283416748,0.23758123815059662,0.964,0.173,0.659,0.91,0
6g9q,1,3,0.60199004,0.4329886734485626,1.8359612,0.30950487,0.15573203563690186,0.3059523105621338,0.946,0.179,2.126,0.91,0
6g9q,1,4,0.5453461,0.4300818145275116,1.7556114,0.19419116,0.11218952387571335,0.6146090626716614,0.947,0.256,0.88,0.881,0
6g9q,0,2,0.35402012,0.6602380871772766,0.11665845,0.21648538,0.18282966315746307,1.2115610837936401,0.941,0.44,1.29,0.925,0
6g9q,0,3,0.4683605,0.6876489520072937,0.61374646,0.3599484,0.1449510157108307,1.1527481079101562,0.927,0.426,2.355,0.925,0
6g9q,0,4,0.47407487,0.5811461806297302,0.24757834,0.45709017,0.11047849804162979,0.9802922606468201,0.944,0.306,1.274,0.896,0
6g9q,2,3,0.40783218,0.4316789507865906,0.60690314,0.37330014,0.09897953271865845,0.3950549364089966,0.968,0.155,2.354,0.985,0
6g9q,2,4,0.40547732,0.49639153480529785,0.23580699,0.38870963,0.14972534775733948,0.7381075024604797,0.971,0.267,0.893,0.955,0
6g9q,3,4,0.41093805,0.42969319224357605,0.5695518,0.38472527,0.1302558034658432,0.6753900051116943,0.955,0.221,2.302,0.955,0
6l9l,2,3,0.30316198,0.44408684968948364,0.6161285,0.15639147,0.47477707266807556,0.2639177143573761,0.958,0.442,1.418,0.98,0
6l9l,2,1,0.58438534,1.0530002117156982,0.655413,0.27285808,2.10730242729187,0.2754439115524292,0.933,0.476,0.646,0.897,0
6l9l,2,0,0.57071996,0.5947040319442749,0.88854617,0.51432216,0.29688334465026855,0.5225459337234497,0.94,0.447,2.148,0.962,0
6l9l,2,4,0.29678112,0.3513350188732147,0.63096607,0.20391877,0.37154728174209595,0.32971620559692383,0.97,0.254,0.623,0.944,0
6l9l,3,1,0.5425643,1.0101990699768066,0.31912932,0.28151184,2.001065254211426,0.4230828881263733,0.914,0.488,1.8,0.879,0
6l9l,3,0,0.54671293,0.6612922549247742,0.6066494,0.49608067,0.5815651416778564,0.5895004868507385,0.912,0.476,3.372,0.962,0
6l9l,3,4,0.23473652,0.3800166845321655,0.15931848,0.17121333,0.5504817962646484,0.3718777000904083,0.961,0.279,1.412,0.944,0
6l9l,1,0,0.77759516,1.2130231857299805,0.67040366,0.5750344,2.234173059463501,0.540331244468689,0.922,0.659,2.015,0.981,0
6l9l,1,4,0.5929963,1.0909408330917358,0.2944269,0.3153628,2.236393451690674,0.37034374475479126,0.944,0.553,0.896,0.963,0
6l9l,0,4,0.4736501,0.41068801283836365,0.59887195,0.4756176,0.24942737817764282,0.29151564836502075,0.964,0.276,2.101,0.981,0
6mtm,4,1,1.0877894,2.357365846633911,0.7713987,0.29222983,4.282623767852783,0.6551815867424011,0.888,0.746,1.411,0.889,0
6mtm,4,0,0.41062406,0.5874730348587036,0.689036,0.29723674,0.8988401293754578,0.14027953147888184,0.969,0.305,1.67,0.984,0
6mtm,4,2,0.4105475,0.5666233897209167,0.92425805,0.23085777,0.8612311482429504,0.2747679054737091,0.96,0.359,1.265,0.955,0
6mtm,4,3,1.0026665,2.1345980167388916,1.0235592,0.2393653,3.8909695148468018,0.6323474049568176,0.916,0.552,0.678,0.873,0
6mtm,1,0,1.0912665,2.3110620975494385,1.1666389,0.33287492,4.1844353675842285,0.6559698581695557,0.877,0.832,0.675,0.873,0
6mtm,1,2,1.1167139,2.380014657974243,1.2214609,0.3008223,4.334282875061035,0.5861635804176331,0.854,0.852,1.463,0.836,0
6mtm,1,3,0.44306856,0.7900932431221008,0.64758956,0.25014406,1.2590795755386353,0.23115991055965424,0.897,0.798,1.325,0.937,0
6mtm,0,2,0.43318948,0.624802827835083,0.74504054,0.3014837,0.9521675705909729,0.25572827458381653,0.95,0.312,1.226,0.91,0
6mtm,0,3,1.022168,2.068998098373413,1.1829237,0.32665676,3.6259729862213135,0.6380842328071594,0.9,0.561,1.607,0.857,0
6mtm,2,3,1.0612831,2.1360831260681152,1.3296157,0.3567273,3.958083391189575,0.5645488500595093,0.89,0.648,1.49,0.857,0
6p64,3,2,0.8415966,1.2398576736450195,0.5885339,0.66904414,0.7711725831031799,0.7750347256660461,0.845,0.695,4.49,0.929,0
6p64,3,0,0.55838716,0.7900842428207397,0.14355314,0.48248446,0.6879473328590393,0.7739916443824768,0.878,0.655,2.307,0.864,0
6p64,3,1,0.49161828,0.6199834942817688,0.22557071,0.4612958,0.20432931184768677,0.43763041496276855,0.919,0.377,3.04,0.931,0
6p64,3,4,0.65663975,0.946809709072113,0.53120995,0.5273922,0.8203089833259583,0.4418114125728607,0.894,0.676,2.269,0.918,0
6p64,2,0,0.8976231,1.2849042415618896,0.59764254,0.7430138,0.3764623999595642,1.2081429958343506,0.796,0.867,3.793,0.803,0
6p64,2,1,0.833169,1.2046620845794678,0.54175127,0.6832664,0.7885836958885193,0.6761031746864319,0.797,0.584,5.846,0.845,0
6p64,2,4,0.75456345,0.8620355725288391,0.25586125,0.75378305,0.43085941672325134,0.5510250329971313,0.837,0.801,3.139,0.852,0
6p64,0,1,0.5757217,1.0064606666564941,0.25494587,0.32902405,0.686606764793396,0.9313663244247437,0.904,0.51,2.799,0.914,0
6p64,0,4,0.5889838,0.9539690613746643,0.51996434,0.3800435,0.4253346920013428,0.9591500759124756,0.904,0.701,1.825,0.934,0
6p64,1,4,0.5840686,0.9049514532089233,0.5463501,0.40997288,0.8424110412597656,0.20493511855602264,0.85,0.758,3.049,0.869,0
6q3s,2,3,0.4672589,0.4148007333278656,0.55863166,0.47516152,0.2869243621826172,0.579490602016449,0.957,0.254,1.069,0.915,0
6q3s,2,1,0.543582,0.4599470794200897,0.47324356,0.5801694,0.24207140505313873,0.6449601650238037,0.948,0.212,1.515,0.893,0
6q3s,2,0,0.29029822,0.4090101718902588,0.3097497,0.2244032,0.2378017157316208,0.5240126252174377,0.975,0.115,0.975,0.944,0
6q3s,2,4,0.46971422,0.5439286828041077,0.5590563,0.42497298,0.5848768949508667,0.6338104009628296,0.969,0.207,1.533,0.958,0
6q3s,3,1,0.47576213,0.47781917452812195,0.6423913,0.45213965,0.27276358008384705,0.8091015219688416,0.97,0.199,1.169,0.947,0
6q3s,3,0,0.4695507,0.3939753770828247,0.46548656,0.49596363,0.3339710533618927,0.2407866269350052,0.958,0.272,1.367,0.93,0
6q3s,3,4,0.54293585,0.5614170432090759,0.78683996,0.50009334,0.5967357754707336,0.816835880279541,0.959,0.231,1.483,0.931,0
6q3s,1,0,0.598014,0.6053639650344849,0.55921066,0.59940356,0.3285312056541443,0.8069949746131897,0.961,0.233,2.232,0.972,0
6q3s,1,4,0.44930518,0.41708987951278687,0.7115682,0.4220615,0.5703614354133606,0.1608787328004837,0.953,0.204,2.261,0.944,0
6q3s,0,4,0.5209988,0.6167508363723755,0.6302954,0.46301952,0.6061400175094604,0.8106246590614319,0.962,0.231,1.294,0.931,0
6r2l,4,1,0.24355233,0.19711580872535706,0.075636886,0.2675796,0.20568090677261353,0.23497094213962555,0.973,0.281,1.393,0.978,0
6r2l,4,0,0.25984544,0.27275902032852173,0.17607412,0.2626178,0.33149224519729614,0.16869671642780304,0.989,0.147,0.893,0.989,0
6r2l,4,2,0.191557,0.2631813883781433,0.1601761,0.16431259,0.19087207317352295,0.16270771622657776,0.99,0.189,0.556,0.989,0
6r2l,4,3,0.29572555,0.4281608462333679,0.32351536,0.2320216,0.621660590171814,0.12724249064922333,0.971,0.439,0.758,1.0,0
6r2l,1,0,0.31015578,0.2468988448381424,0.18990059,0.33764446,0.24724633991718292,0.12074118852615356,0.988,0.113,0.724,0.978,1
6r2l,1,2,0.29437497,0.26351815462112427,0.16830339,0.3135691,0.12722106277942657,0.19116352498531342,0.985,0.194,1.104,0.989,1
6r2l,1,3,0.34598628,0.44660013914108276,0.33372483,0.3069531,0.6353822946548462,0.17992745339870453,0.968,0.396,1.129,0.988,1
6r2l,0,2,0.16086663,0.2543599605560303,0.102508314,0.120303094,0.3233132064342499,0.14168448746204376,0.994,0.183,0.529,1.0,0
6r2l,0,3,0.23212746,0.4143945276737213,0.2656163,0.11303949,0.6733778715133667,0.10626935958862305,0.98,0.367,0.555,1.0,0
6r2l,2,3,0.29311717,0.43561357259750366,0.2821038,0.22950846,0.629939079284668,0.15512342751026154,0.973,0.396,0.428,0.988,0
6rp9,1,0,0.8855069,1.376954436302185,1.211803,0.5255545,1.1579312086105347,1.502471685409546,0.768,0.914,4.307,0.778,0
6rp9,1,2,2.0431108,3.5468714237213135,1.8226649,1.0114663,2.53867506980896,5.217963218688965,0.541,2.297,5.935,0.651,0
6rp9,1,3,1.0642233,1.7421988248825073,1.4996102,0.5193026,1.8073636293411255,1.566053032875061,0.639,1.329,6.418,0.718,0
6rp9,1,4,1.1176757,1.5946153402328491,1.6284915,0.76742965,2.189133405685425,1.363249659538269,0.806,0.971,3.619,0.868,0
6rp9,0,2,1.831943,3.1845521926879883,1.6608173,0.73367524,1.9283612966537476,5.403290748596191,0.607,2.038,4.31,0.674,0
6rp9,0,3,0.9737558,1.5283327102661133,1.5292385,0.4490741,1.6153464317321777,1.6982462406158447,0.607,1.04,9.572,0.704,0
6rp9,0,4,1.03827,1.625587821006775,1.4517324,0.54486036,1.558745265007019,1.747087001800537,0.786,1.101,2.225,0.774,0
6rp9,2,3,1.6491617,3.175588607788086,0.8295097,0.6776047,2.283870220184326,5.214644908905029,0.393,2.082,11.041,0.465,0
6rp9,2,4,1.7826349,3.4468226432800293,0.868833,0.7133828,1.4995256662368774,5.473542213439941,0.582,2.064,3.536,0.547,0
6rp9,3,4,1.0837169,1.790453553199768,1.00352,0.6353813,1.6863577365875244,1.2119958400726318,0.626,1.365,9.487,0.887,0
6rpa,4,2,0.2985265,0.5653025507926941,0.1433386,0.13207231,0.5841522216796875,0.16270354390144348,0.984,0.16,0.925,0.976,1
6rpa,4,3,0.4555901,0.6402614712715149,0.76323545,0.30863515,0.8043323159217834,0.1697300672531128,0.954,0.227,2.512,0.964,1
6rpa,4,1,0.39702386,0.5703622698783875,0.5634026,0.28581136,0.8092771768569946,0.10988412797451019,0.97,0.19,2.206,0.988,1
6rpa,4,0,0.4060137,0.6020585298538208,0.38821,0.31355047,0.8034108281135559,0.19911764562129974,0.988,0.122,1.118,0.988,1
6rpa,2,3,0.3789691,0.45405060052871704,0.7385181,0.2753474,0.6060032844543457,0.177837073802948,0.964,0.25,1.843,0.964,1
6rpa,2,1,0.34755403,0.4765503704547882,0.5395603,0.25255427,0.6010217666625977,0.15639372169971466,0.978,0.206,1.657,0.988,1
6rpa,2,0,0.3412132,0.46714773774147034,0.36461952,0.2801532,0.593024492263794,0.18532884120941162,0.986,0.145,0.827,0.976,1
6rpa,3,1,0.3682166,0.37021875381469727,0.61203027,0.32858816,0.3972436487674713,0.08184721320867538,0.973,0.297,0.631,0.963,0
6rpa,3,0,0.29607084,0.39415931701660156,0.6597271,0.15871772,0.43145543336868286,0.20275166630744934,0.973,0.227,1.603,0.976,0
6rpa,1,0,0.3254848,0.19722987711429596,0.6438683,0.30751166,0.10235694795846939,0.18730485439300537,0.981,0.135,1.372,0.976,0
6rpb,4,3,0.54210675,0.9200491309165955,0.6594987,0.3754512,1.2862416505813599,0.669683575630188,0.911,0.472,2.642,0.912,0
6rpb,4,2,2.0586264,3.9792215824127197,1.9744384,1.1846316,3.8670284748077393,3.4835352897644043,0.473,2.374,7.111,0.545,0
6rpb,4,0,1.9410818,3.876981735229492,1.561338,1.0621135,4.560112953186035,3.142634391784668,0.185,3.519,28.465,0.319,0
6rpb,4,1,0.9251833,1.6936770677566528,0.7778458,0.6211184,2.002187967300415,1.1296780109405518,0.627,1.074,8.486,0.718,0
6rpb,3,2,2.057522,3.9146533012390137,2.1683698,1.094349,3.9530997276306152,3.550421714782715,0.476,2.289,8.155,0.606,0
6rpb,3,0,1.924476,3.753552198410034,1.7393622,0.9935076,4.237276554107666,3.399707555770874,0.174,3.352,29.011,0.277,0
6rpb,3,1,1.0325602,1.869890809059143,0.92878735,0.6599584,2.0438709259033203,1.3413580656051636,0.567,1.185,10.567,0.692,0
6rpb,2,0,2.6982393,5.151707172393799,1.617724,1.182879,5.200881481170654,4.79665994644165,0.112,4.098,31.537,0.149,1
6rpb,2,1,2.2322624,3.795732021331787,2.0747914,1.3867545,3.8072731494903564,3.5494327545166016,0.344,2.599,11.08,0.41,1
6rpb,0,1,1.8738246,3.1997225284576416,1.4823856,1.1821344,3.4393887519836426,2.499110221862793,0.275,3.092,22.75,0.513,2
6rsy,2,3,0.54819834,0.7167813181877136,0.43628615,0.48500594,0.41365885734558105,0.18668559193611145,0.94,0.269,2.236,0.917,0
6rsy,2,1,0.5165424,0.8189769983291626,0.564735,0.33765706,0.7669559717178345,0.7055171132087708,0.948,0.316,1.752,0.926,0
6rsy,2,0,0.55560684,0.8282357454299927,0.15477571,0.45080933,0.8066362142562866,0.7047022581100464,0.966,0.199,1.307,0.938,0
6rsy,2,4,0.5778816,0.8663811087608337,0.17026533,0.46518904,0.9784135222434998,0.7232910394668579,0.934,0.38,2.423,0.937,0
6rsy,3,1,0.5561608,0.7474809885025024,0.6846905,0.44554272,0.662383496761322,0.696001410484314,0.983,0.262,0.811,0.988,0
6rsy,3,0,0.49693805,0.7851408123970032,0.44622934,0.33816788,0.8353694677352905,0.7044082880020142,0.965,0.259,2.213,0.988,0
6rsy,3,4,0.50141525,0.8150115609169006,0.43195605,0.3233353,0.8704608678817749,0.6988587975502014,0.976,0.316,0.625,0.975,0
6rsy,1,0,0.6351324,1.0312860012054443,0.5738391,0.4018107,0.616106390953064,0.11942832916975021,0.963,0.311,1.562,0.963,0
6rsy,1,4,0.577745,0.946989119052887,0.56215537,0.3497545,0.7099262475967407,0.13749828934669495,0.975,0.347,0.934,0.987,0
6rsy,0,4,0.39584476,0.5663455128669739,0.11218732,0.33831158,0.7752657532691956,0.1986594945192337,0.949,0.347,2.461,0.975,0
6tmo,1,0,0.3506174,0.5728392601013184,0.07286356,0.24387062,0.0640970841050148,0.7078304290771484,0.967,0.124,0.734,0.916,0
6tmo,1,2,0.39385074,0.5181480050086975,0.3831829,0.33818474,0.11183049529790878,0.6761760115623474,0.946,0.525,0.555,0.952,0
6tmo,1,3,0.3671473,0.538275957107544,0.38886055,0.27624592,0.11773189157247543,0.39067405462265015,0.987,0.168,1.044,0.987,0
6tmo,1,4,0.39909753,0.5215393900871277,0.45073864,0.3369281,0.10837403684854507,0.524774432182312,0.984,0.186,0.779,0.975,0
6tmo,0,2,0.42123565,0.6157903075218201,0.37882584,0.32608798,0.13112996518611908,0.14620964229106903,0.947,0.511,0.735,0.952,0
6tmo,0,3,0.48168445,0.7819443941116333,0.38550127,0.31664962,0.09335397183895111,0.5776848196983337,0.981,0.172,0.649,0.962,0
6tmo,0,4,0.423637,0.6993919610977173,0.44560054,0.25137216,0.1199924498796463,0.5464458465576172,0.986,0.164,0.604,0.975,0
6tmo,2,3,0.35752076,0.470822274684906,0.5375148,0.27747115,0.11624663323163986,0.571151852607727,0.956,0.525,0.833,0.987,0
6tmo,2,4,0.35218012,0.5904867053031921,0.5801739,0.14061469,0.09824719280004501,0.49077388644218445,0.96,0.533,0.8,1.0,0
6tmo,3,4,0.3887247,0.5040363073348999,0.58505636,0.3067379,0.10618557780981064,0.4077535569667816,0.977,0.2,0.995,0.962,0
6tro,0,1,0.47811392,0.550057590007782,0.17209558,0.4830944,0.131864994764328,0.27743294835090637,0.971,0.179,1.801,0.971,0
6tro,0,3,0.524276,0.5805842280387878,0.46410125,0.5154178,0.534176230430603,0.446199506521225,0.968,0.218,0.59,0.931,0
6tro,0,2,0.5264394,0.5019950270652771,0.6073621,0.5220645,0.15840034186840057,0.4112611413002014,0.954,0.23,2.301,0.955,0
6tro,0,4,0.5814521,0.7256720066070557,0.5596039,0.53956056,1.1066091060638428,0.2963815927505493,0.979,0.184,1.574,0.985,0
6tro,1,3,0.4065176,0.37893229722976685,0.47151524,0.4050048,0.544396162033081,0.41468721628189087,0.957,0.25,1.544,0.931,0
6tro,1,2,0.39659452,0.3847431540489197,0.62649673,0.36157322,0.16958291828632355,0.4863525629043579,0.98,0.226,0.731,0.97,0
6tro,1,4,0.4380635,0.7406228184700012,0.5457583,0.2882001,1.1359766721725464,0.1810866892337799,0.987,0.19,0.748,0.985,0
6tro,3,2,0.35018215,0.4995954930782318,0.6065954,0.2403307,0.5357597470283508,0.6103953719139099,0.968,0.258,1.965,0.985,0
6tro,3,4,0.55496967,0.817761242389679,0.6951425,0.43359774,1.1484568119049072,0.4323534667491913,0.977,0.209,1.261,0.971,0
6tro,2,4,0.5921941,0.8321142196655273,0.802482,0.47145298,1.1441407203674316,0.4117206335067749,0.961,0.207,0.884,0.912,0
6uln,4,3,0.66428375,1.0808230638504028,0.37146842,0.52491444,1.10587477684021,1.5621012449264526,0.804,1.007,1.772,0.765,0
6uln,4,2,1.1600425,2.4126007556915283,0.31184056,0.5245777,4.35662317276001,1.7537453174591064,0.683,1.357,3.143,0.62,0
6uln,4,0,0.7163419,1.366569995880127,0.4319023,0.43010277,1.8113462924957275,1.5735805034637451,0.805,1.003,2.071,0.781,0
6uln,4,1,1.1483744,2.2942347526550293,0.791597,0.5847524,4.201938629150391,1.7519625425338745,0.731,1.24,2.463,0.676,0
6uln,3,2,1.1384857,2.2582170963287354,0.40340126,0.59152704,4.409056663513184,0.876514732837677,0.734,1.022,3.95,0.696,1
6uln,3,0,0.7358687,1.2844669818878174,0.2900581,0.52537924,1.8711515665054321,1.0047639608383179,0.837,0.764,3.469,0.859,1
6uln,3,1,1.2337728,2.290724277496338,0.8457823,0.7555768,4.093245983123779,1.2718095779418945,0.762,1.128,2.349,0.718,1
6uln,2,0,1.2472303,2.511911630630493,0.39589146,0.62799335,4.874998092651367,1.4199382066726685,0.806,1.174,2.159,0.859,1
6uln,2,1,1.0367639,1.7540044784545898,0.7250709,0.76342326,1.8922110795974731,1.6956852674484253,0.742,1.183,4.363,0.817,1
6uln,0,1,0.99808985,1.97694993019104,0.715788,0.5463914,3.3775391578674316,1.5108977556228638,0.735,1.071,3.712,0.704,0
6ulr,0,1,0.4750918,0.680626630783081,0.3929151,0.4165364,0.6869651675224304,0.34563732147216797,0.889,0.61,3.456,0.952,0
6ulr,0,3,0.4739938,0.6765980124473572,0.41062263,0.41508824,0.7392148971557617,0.5818498730659485,0.935,0.453,2.216,0.951,0
6ulr,0,2,0.6267857,1.0394113063812256,0.6930228,0.4667168,0.7240408062934875,1.2816517353057861,0.883,0.717,2.603,0.921,0
6ulr,0,4,0.49286953,0.7807475328445435,0.14150387,0.4141468,0.6920210719108582,1.2227795124053955,0.926,0.42,2.355,0.922,0
6ulr,1,3,0.5141089,0.6758625507354736,0.3681427,0.4729557,0.7185640335083008,0.5387616157531738,0.894,0.457,3.817,0.934,0
6ulr,1,2,0.70536864,1.1294649839401245,0.6334464,0.5464144,0.8389881253242493,1.3824564218521118,0.883,0.714,2.035,0.889,0
6ulr,1,4,0.5608561,0.8842524886131287,0.33292255,0.45498163,0.6525321006774902,1.3418879508972168,0.925,0.492,1.601,0.906,0
6ulr,3,2,0.59835005,0.9717156887054443,0.51902294,0.46257406,0.7493337988853455,1.2757930755615234,0.894,0.588,2.682,0.905,0
6ulr,3,4,0.48569137,0.7855510711669922,0.36198795,0.38222268,0.693567156791687,1.348594307899475,0.929,0.381,2.395,0.922,0
6ulr,2,4,0.5357689,0.7576917409896851,0.64469,0.44803983,0.4434979259967804,0.6929097771644592,0.933,0.455,1.268,0.906,0
6uon,2,3,0.5050656,0.6748460531234741,0.7166351,0.43077004,0.8287399411201477,0.49894964694976807,0.932,0.321,2.133,0.898,0
6uon,2,1,0.5386696,0.7877439856529236,0.39432147,0.4750496,0.8234263062477112,0.38740548491477966,0.901,0.342,3.337,0.885,0
6uon,2,0,0.43247336,0.4601334035396576,0.6276147,0.403498,0.51847243309021,0.389812171459198,0.933,0.346,2.292,0.917,0
6uon,2,4,0.63841105,0.9558312892913818,0.8543303,0.51137453,1.0257707834243774,0.6860547065734863,0.925,0.461,1.949,0.912,0
6uon,3,1,0.53599626,0.6985701322555542,0.7538431,0.46196887,0.3028431534767151,0.44263285398483276,0.945,0.281,1.535,0.902,0
6uon,3,0,0.56018376,0.5707743167877197,0.43966562,0.56714803,0.6167678236961365,0.36752554774284363,0.959,0.291,1.174,0.933,0
6uon,3,4,0.47428593,0.7235615849494934,0.6248217,0.37094215,0.4975738823413849,0.5681495070457458,0.971,0.328,1.289,0.982,0
6uon,1,0,0.5998534,0.7254804372787476,0.6500059,0.5607158,0.6162775754928589,0.41851338744163513,0.937,0.328,2.462,0.933,0
6uon,1,4,0.58297086,0.7609788775444031,0.9385736,0.4844182,0.5402131676673889,0.7025992274284363,0.92,0.439,2.664,0.93,0
6uon,0,4,0.60321957,0.7774736881256104,0.7445548,0.5395654,0.7630066275596619,0.393216609954834,0.976,0.256,0.817,0.965,0
6uz1,1,0,0.5832218,0.7466786503791809,0.22015537,0.5444783,0.7146795988082886,0.35921770334243774,0.935,0.486,1.904,0.946,0
6uz1,1,2,0.5544587,0.7646572589874268,0.38534087,0.47740278,0.9707228541374207,0.40364497900009155,0.955,0.403,1.481,0.963,0
6uz1,1,3,0.45998037,0.5628098249435425,0.12293829,0.4434185,0.6865609884262085,0.37119847536087036,0.987,0.262,0.882,1.0,0
6uz1,1,4,0.4713435,0.5015552043914795,0.65076584,0.4351876,0.436800092458725,0.2929636240005493,0.965,0.311,0.816,0.946,0
6uz1,0,2,0.53029805,0.8172847628593445,0.38105166,0.40094376,1.0171328783035278,0.39941099286079407,0.965,0.357,1.041,0.963,1
6uz1,0,3,0.4795907,0.6539371013641357,0.2716359,0.42205247,0.5355142951011658,0.30187782645225525,0.945,0.436,2.288,0.981,1
6uz1,0,4,0.5317179,0.7086350321769714,0.67130053,0.43246064,0.6046466827392578,0.4667174220085144,0.937,0.386,2.047,0.929,1
6uz1,2,3,0.46549353,0.6790663599967957,0.38786426,0.37066874,0.820110559463501,0.31555306911468506,0.954,0.375,1.796,0.963,1
6uz1,2,4,0.4915334,0.6092051863670349,0.5657398,0.4323631,0.7882296442985535,0.3334065079689026,0.959,0.291,1.554,0.946,1
6uz1,3,4,0.45768008,0.6065329909324646,0.65514725,0.36050326,0.647675096988678,0.3722478449344635,0.962,0.34,0.865,0.946,0
6vm7,2,3,0.38406992,0.5659390091896057,0.12709361,0.3106505,0.45334771275520325,0.64033442735672,0.898,0.545,3.0,0.921,0
6vm7,2,1,0.37238592,0.5598196983337402,0.39267343,0.2668819,0.2065335512161255,0.7809418439865112,0.922,0.567,2.162,0.953,0
6vm7,2,0,0.42044508,0.6114718914031982,0.55728257,0.2970689,0.3740749955177307,0.7867467999458313,0.925,0.535,1.961,0.938,0
6vm7,2,4,0.37182847,0.570536732673645,0.14468272,0.28337014,0.17533518373966217,0.7972887754440308,0.932,0.533,1.449,0.935,0
6vm7,3,1,0.4575066,0.6570988893508911,0.37642175,0.36714146,0.44428226351737976,0.5068018436431885,0.902,0.354,3.534,0.906,0
6vm7,3,0,0.40941235,0.5334838628768921,0.5544699,0.3311782,0.19262798130512238,0.4998965263366699,0.939,0.191,2.432,0.908,0
6vm7,3,4,0.41988754,0.6282692551612854,0.10654548,0.33716786,0.3664311468601227,0.7313949465751648,0.936,0.268,2.535,0.919,0
6vm7,1,0,0.65992075,1.0173759460449219,0.4280021,0.4853194,0.42976924777030945,0.1815369874238968,0.959,0.237,1.308,0.923,0
6vm7,1,4,0.6229998,0.9766349196434021,0.3773763,0.44751564,0.23666757345199585,0.8769088983535767,0.958,0.312,1.175,0.935,0
6vm7,0,4,0.44410452,0.6152507662773132,0.5518236,0.3458906,0.5114034414291382,0.875076174736023,0.967,0.256,0.738,0.935,0
6vm8,4,1,0.40480283,0.5425137877464294,0.3096051,0.35258183,0.5855057835578918,0.3175007402896881,0.899,0.434,2.266,0.841,0
6vm8,4,0,0.35855684,0.5286363363265991,0.06854587,0.29596323,0.5874181985855103,0.309313029050827,0.932,0.281,1.881,0.877,0
6vm8,4,2,0.38057286,0.5974492430686951,0.36937732,0.26405525,0.35598447918891907,0.4954628646373749,0.955,0.253,1.111,0.911,0
6vm8,4,3,0.38832378,0.6154060959815979,0.3687329,0.26588923,0.7727445960044861,0.5151535272598267,0.936,0.327,1.282,0.875,0
6vm8,1,0,0.36641598,0.47134891152381897,0.30349565,0.32621637,0.2408260554075241,0.20871427655220032,0.971,0.274,0.848,0.954,0
6vm8,1,2,0.45523655,0.7697898745536804,0.47713625,0.2515425,0.4158870279788971,0.3619711399078369,0.958,0.424,1.581,0.982,0
6vm8,1,3,0.4947731,0.6685371398925781,0.47816736,0.41490722,0.6354663372039795,0.4920051097869873,0.948,0.428,1.601,0.953,0
6vm8,0,2,0.47489578,0.8150351643562317,0.36443266,0.2713639,0.8908228278160095,0.24293021857738495,0.976,0.317,1.459,1.0,1
6vm8,0,3,0.48579752,0.60307377576828,0.37356877,0.44621137,0.739725649356842,0.4826672077178955,0.961,0.346,1.181,0.953,1
6vm8,2,3,0.53599745,0.83625328540802,0.12574211,0.40802044,0.7072373032569885,0.5419197082519531,0.931,0.291,0.982,0.844,0
6vm9,4,2,0.69336087,1.2184211015701294,0.49803364,0.3886687,0.5523163676261902,2.107722520828247,0.877,0.592,2.82,0.864,0
6vm9,4,3,0.8617105,1.4003777503967285,1.4588581,0.40896198,0.5949148535728455,2.1939878463745117,0.777,0.923,3.066,0.721,0
6vm9,4,1,0.7689953,1.2140908241271973,1.376107,0.37853798,0.6741913557052612,2.1769089698791504,0.88,0.542,2.048,0.81,0
6vm9,4,0,0.8276935,1.4508638381958008,0.671191,0.45693475,0.7607833743095398,2.397582769393921,0.862,0.714,1.643,0.805,0
6vm9,2,3,0.8021394,1.1406521797180176,1.347184,0.5495479,0.42968276143074036,1.5205365419387817,0.793,0.911,2.145,0.709,0
6vm9,2,1,0.7232567,1.0260727405548096,1.243063,0.48982063,0.7552157044410706,1.2839395999908447,0.774,0.791,4.327,0.747,0
6vm9,2,0,0.73735666,1.1616185903549194,0.92330337,0.49256852,0.7697196006774902,1.56351637840271,0.84,0.697,2.295,0.766,0
6vm9,3,1,0.5154166,0.8032680749893188,0.44075546,0.3579471,0.3926340639591217,0.9250546097755432,0.858,0.671,4.024,0.924,0
6vm9,3,0,0.6038662,0.6478241682052612,1.5785993,0.3455027,0.38129132986068726,0.7519529461860657,0.934,0.41,1.651,0.909,0
6vm9,1,0,0.5943421,0.7597629427909851,1.4901111,0.26124173,0.3158566653728485,1.1144647598266602,0.902,0.425,2.881,0.883,0
6vma,1,0,0.77858317,1.1578272581100464,1.2711447,0.4500559,0.37967029213905334,1.2081122398376465,0.903,0.581,2.739,0.932,0
6vma,1,2,0.73205626,1.0426452159881592,1.3677686,0.41414148,0.7760879993438721,0.9890151619911194,0.931,0.315,2.424,0.91,0
6vma,1,3,0.55056393,0.9017256498336792,0.4592702,0.32750058,0.7099354267120361,0.9777885675430298,0.923,0.497,1.197,0.888,0
6vma,1,4,0.5991202,0.9314689040184021,0.4052989,0.4177488,0.12142007052898407,0.8049436807632446,0.898,0.274,4.583,0.951,0
6vma,0,2,0.6450694,0.949855387210846,0.39024508,0.5128313,0.8383145332336426,1.3182927370071411,0.878,0.547,2.961,0.859,0
6vma,0,3,0.76086277,1.115687370300293,1.2492684,0.47516006,0.7783060073852539,1.3142133951187134,0.829,0.754,2.428,0.764,0
6vma,0,4,0.70291543,0.9423667192459106,1.1736617,0.50284284,0.3651137053966522,1.1677461862564087,0.862,0.564,3.65,0.866,0
6vma,2,3,0.6306709,0.8394344449043274,1.3566858,0.35590115,0.7118461728096008,0.8038582801818848,0.86,0.729,1.675,0.809,0
6vma,2,4,0.549954,0.731965184211731,1.2730227,0.2700355,0.756428599357605,1.0609700679779053,0.93,0.184,2.577,0.89,0
6vma,3,4,0.64722717,1.0963038206100464,0.25924537,0.3739119,0.6866670250892639,0.8621507883071899,0.911,0.37,3.737,0.951,0
6vmc,3,2,0.4842111,0.6699743866920471,0.62593615,0.36507893,0.416535884141922,0.8524889349937439,0.853,0.545,4.388,0.885,0
6vmc,3,0,0.7981065,1.2699975967407227,1.2629957,0.388441,0.7545883655548096,1.4050548076629639,0.623,1.096,11.186,0.851,0
6vmc,3,1,0.5938464,0.953449010848999,0.52696735,0.37563655,0.6746622920036316,0.7398780584335327,0.786,0.787,5.28,0.853,0
6vmc,3,4,0.43258607,0.6419841647148132,0.4814057,0.30605322,0.45866382122039795,0.8439323306083679,0.88,0.528,3.518,0.896,0
6vmc,2,0,0.701908,1.1369564533233643,1.1614863,0.29745337,0.965765118598938,1.212411642074585,0.759,0.763,7.056,0.892,0
6vmc,2,1,0.6104632,0.9659596085548401,0.43695152,0.41492003,0.6735792756080627,1.0105249881744385,0.907,0.655,1.729,0.92,0
6vmc,2,4,0.45501786,0.7459096312522888,0.39267427,0.27506873,0.7514041066169739,0.5656320452690125,0.955,0.303,1.13,0.922,0
6vmc,0,1,0.8030374,1.3371890783309937,1.1710398,0.40434092,0.9887310266494751,1.427215337753296,0.695,1.077,6.943,0.827,0
6vmc,0,4,0.60993403,1.0204695463180542,1.1874005,0.1594123,0.7147959470748901,1.4516297578811646,0.738,0.697,7.749,0.844,0
6vmc,1,4,0.6379205,1.085139274597168,0.21985377,0.3743294,1.1129404306411743,0.9621427059173584,0.867,0.779,2.547,0.896,0
6vmx,3,2,0.3973225,0.5658625960350037,0.13938357,0.35404333,0.4647984802722931,0.2752436697483063,0.961,0.261,0.896,0.925,0
6vmx,3,0,0.4689267,0.687288761138916,0.13892093,0.40932587,0.5297799706459045,0.772779107093811,0.85,1.108,1.245,0.925,0
6vmx,3,1,0.35440305,0.5437662601470947,0.46993685,0.25025618,0.445925235748291,0.8002505898475647,0.979,0.2,0.744,0.962,0
6vmx,3,4,0.39003244,0.3348037302494049,0.113157675,0.42545238,0.3779348134994507,0.2790874242782593,0.855,1.011,1.012,0.891,0
6vmx,2,0,0.3371978,0.3930211663246155,0.10307342,0.3375388,0.21070963144302368,0.664298415184021,0.867,1.113,0.735,0.962,0
6vmx,2,1,0.474515,0.644500732421875,0.5100158,0.4049611,0.10402461886405945,0.9400660991668701,0.973,0.163,0.99,0.943,0
6vmx,2,4,0.3902438,0.5155228972434998,0.1033847,0.3679631,0.3344181776046753,0.325920045375824,0.873,1.038,0.539,0.945,0
6vmx,0,1,0.5241949,0.7362066507339478,0.49935502,0.44298667,0.229778453707695,1.0955092906951904,0.971,0.176,1.158,0.943,0
6vmx,0,4,0.4567791,0.5714037418365479,0.11497042,0.44286972,0.33530393242836,0.6404213905334473,0.979,0.239,0.415,0.964,0
6vmx,1,4,0.4428714,0.4814343750476837,0.5048246,0.42255923,0.2995227873325348,0.7895063161849976,0.926,0.547,1.041,0.909,0
6vqo,1,0,0.54830796,0.8165453672409058,0.58196986,0.42476642,0.5195457339286804,0.686336874961853,0.83,0.747,5.469,0.981,0
6vqo,1,2,0.75540894,0.9252292513847351,0.70499957,0.698774,0.7764715552330017,0.4916608929634094,0.927,0.426,2.945,0.962,0
6vqo,1,3,0.57048714,0.694843053817749,0.76085424,0.49770558,0.4352080523967743,0.6895463466644287,0.952,0.392,2.185,0.981,0
6vqo,1,4,0.5676807,0.8102456331253052,0.19172598,0.49772698,0.5012715458869934,0.6789435148239136,0.859,0.735,3.424,0.911,0
6vqo,0,2,1.0012848,1.7377671003341675,0.42430562,0.638755,0.8413820266723633,0.679324209690094,0.924,0.34,2.85,0.923,0
6vqo,0,3,0.8608339,1.6434979438781738,0.66247725,0.3285483,0.24157549440860748,0.4863186776638031,0.938,0.258,3.403,0.981,0
6vqo,0,4,0.5550406,0.7559512257575989,0.56763476,0.46571928,0.4721839427947998,0.392626017332077,0.897,0.453,3.364,0.911,0
6vqo,2,3,0.7629023,0.9759230017662048,0.77824503,0.67324793,0.8017618060112,0.6694847941398621,0.946,0.327,1.263,0.904,0
6vqo,2,4,0.76675236,1.0000650882720947,0.67568696,0.6796936,0.8835126161575317,0.6377283930778503,0.888,0.679,1.347,0.857,0
6vqo,3,4,0.5093322,0.5053587555885315,0.73191273,0.47964737,0.2807033061981201,0.4242973327636719,0.913,0.592,2.06,0.929,0
6vrm,4,2,0.43700206,0.6652501225471497,0.59179133,0.2996369,0.7586780786514282,0.8467535376548767,0.934,0.42,0.903,0.886,0
6vrm,4,3,0.42453936,0.6727824807167053,0.33818346,0.31168813,0.5232006907463074,0.7169182896614075,0.885,0.511,2.7,0.85,0
6vrm,4,1,0.4338677,0.6256816983222961,0.52577764,0.33315575,0.3197759687900543,0.8502438068389893,0.895,0.436,2.404,0.837,0
6vrm,4,0,0.3574554,0.5437774062156677,0.64860946,0.19874622,0.3659822344779968,0.7926080226898193,0.931,0.391,1.941,0.905,0
6vrm,2,3,0.44310084,0.6277413964271545,0.59136504,0.33889928,0.7947342395782471,0.4649757742881775,0.936,0.46,2.081,0.95,0
6vrm,2,1,0.36130553,0.5718242526054382,0.19506179,0.2767564,0.7085276246070862,0.2915114164352417,0.939,0.412,1.792,0.93,0
6vrm,2,0,0.35399142,0.6014461517333984,0.45687896,0.1972297,0.8039367198944092,0.3590327203273773,0.958,0.425,1.453,0.976,0
6vrm,3,1,0.37695217,0.445317804813385,0.55670613,0.3238775,0.38772910833358765,0.514498233795166,0.944,0.312,0.916,0.884,0
6vrm,3,0,0.35495842,0.46966445446014404,0.6921454,0.23582202,0.2994973659515381,0.6009658575057983,0.94,0.326,1.053,0.881,0
6vrm,1,0,0.29800987,0.38873744010925293,0.44598135,0.23672521,0.2543239891529083,0.43241196870803833,0.97,0.25,1.089,0.952,0
6vrn,4,3,0.69311476,1.085023045539856,0.84479946,0.50552577,1.3415330648422241,0.6363039612770081,0.841,0.634,3.205,0.8,0
6vrn,4,2,1.0191813,2.0191452503204346,0.7655353,0.47266275,1.08738112449646,3.1410250663757324,0.811,0.645,3.64,0.745,0
6vrn,4,0,1.3382691,2.4964799880981445,1.0722417,0.7725148,2.232120990753174,3.2742831707000732,0.723,1.278,3.006,0.702,0
6vrn,4,1,0.93344694,1.5836994647979736,1.1634619,0.5920831,1.5862338542938232,1.455124855041504,0.768,0.893,5.012,0.825,0
6vrn,3,2,1.1029389,1.8718072175979614,1.1718215,0.7203889,0.9199466109275818,2.9795594215393066,0.86,0.516,1.746,0.727,0
6vrn,3,0,1.5596497,2.840188980102539,1.3043457,0.9154496,2.973435163497925,3.303238868713379,0.572,1.691,5.617,0.579,0
6vrn,3,1,0.9364899,1.7408438920974731,0.8970263,0.49459383,1.5951039791107178,1.4662835597991943,0.758,1.145,4.34,0.85,0
6vrn,2,0,1.3821299,2.5819718837738037,0.90905464,0.78485876,2.2224295139312744,2.566061019897461,0.66,1.54,5.304,0.772,1
6vrn,2,1,1.2844323,2.4552602767944336,1.4586394,0.54049164,1.3039120435714722,3.399775266647339,0.771,1.131,2.823,0.775,1
6vrn,0,1,1.4705485,2.6283018589019775,1.5863149,0.86574125,2.418302536010742,3.0985639095306396,0.645,1.448,5.328,0.7,0
6zkw,3,2,0.5770939,0.8998027443885803,0.25961664,0.49368933,0.5886761546134949,1.1668049097061157,0.916,0.444,2.34,0.898,0
6zkw,3,0,0.5598291,0.9155521392822266,0.6474401,0.4194253,0.3938291668891907,1.1962769031524658,0.937,0.294,1.456,0.875,0
6zkw,3,1,0.6642347,1.0664323568344116,0.5195858,0.5380288,0.974189817905426,1.292953610420227,0.852,0.577,3.526,0.833,0
6zkw,3,4,0.7219779,0.9194531440734863,0.548157,0.68151045,0.5277448892593384,1.2758256196975708,0.858,0.62,2.47,0.797,0
6zkw,2,0,0.6966495,0.9765637516975403,0.48388436,0.63057977,0.7695784568786621,1.154233455657959,0.932,0.354,1.855,0.893,0
6zkw,2,1,0.7552478,0.8863986730575562,0.34681568,0.7502281,1.1995759010314941,1.2258353233337402,0.943,0.298,1.6,0.9,0
6zkw,2,4,0.76092356,0.691545307636261,0.617266,0.7890109,0.6034108996391296,0.3173487186431885,0.938,0.305,0.596,0.859,0
6zkw,0,1,0.6314945,0.997981071472168,0.5094118,0.51862216,0.8148214817047119,0.47481417655944824,0.883,0.533,2.94,0.867,0
6zkw,0,4,0.7948788,1.1322789192199707,0.86762035,0.6811163,0.6467198729515076,1.2846620082855225,0.858,0.579,2.21,0.766,0
6zkw,1,4,0.8089854,1.0144765377044678,0.81076825,0.74830866,1.0711193084716797,1.2583953142166138,0.92,0.304,1.469,0.828,0
6zkx,4,0,0.9671365,1.518280029296875,0.7518206,0.76620203,1.1790846586227417,1.113116979598999,0.758,1.125,3.862,0.806,0
6zkx,4,1,0.7666463,1.3254214525222778,0.6272225,0.52588135,1.0475411415100098,0.8374876379966736,0.812,0.991,3.2,0.864,0
6zkx,4,3,0.6476279,0.7153810858726501,0.9301561,0.58466107,0.6549210548400879,1.006443738937378,0.961,0.372,1.254,0.964,0
6zkx,4,2,1.2100884,2.1145637035369873,1.2041775,0.7797321,1.186952829360962,1.711676001548767,0.667,1.611,4.756,0.776,0
6zkx,0,1,0.8472916,1.0425523519515991,0.83539987,0.777769,1.1215423345565796,0.6276280283927917,0.907,0.544,2.341,0.909,0
6zkx,0,3,1.0580177,1.6311668157577515,1.0556084,0.7991165,1.224094271659851,1.2976922988891602,0.793,1.119,3.624,0.891,0
6zkx,0,2,0.9407676,0.9901531338691711,1.350135,0.8652349,0.7324914336204529,0.6202802062034607,0.887,0.693,1.816,0.881,0
6zkx,1,3,1.0284675,1.5948622226715088,0.87603325,0.79083735,1.3514323234558105,1.2936404943466187,0.822,1.035,3.649,0.945,0
6zkx,1,2,0.87782764,1.237094759941101,0.9526404,0.71878225,0.663384735584259,1.1303337812423706,0.86,0.815,2.111,0.866,0
6zkx,3,2,1.1579372,2.181210517883301,0.93715805,0.67669255,1.444049596786499,1.8435050249099731,0.631,1.644,4.899,0.687,0
6zky,4,3,0.630248,1.0584933757781982,1.2208378,0.4111591,0.7633999586105347,1.216636300086975,0.819,0.795,4.1,0.864,0
6zky,4,2,0.87308294,1.625450611114502,1.5589329,0.52132565,1.8658992052078247,1.5343341827392578,0.675,1.121,6.742,0.769,0
6zky,4,0,0.63981414,0.9463185667991638,1.1571555,0.48884147,0.4576171934604645,1.1493257284164429,0.912,0.476,2.58,0.911,0
6zky,4,1,0.7184215,1.2946672439575195,1.512568,0.3854416,1.6659590005874634,0.9786313772201538,0.799,0.698,4.508,0.794,0
6zky,3,2,0.63879967,1.2374978065490723,0.5780216,0.42281377,1.4033416509628296,1.0041823387145996,0.856,0.605,3.196,0.831,0
6zky,3,0,0.60852754,1.0024505853652954,0.40814626,0.5053565,0.7108677625656128,1.2313871383666992,0.871,0.531,3.588,0.875,0
6zky,3,1,0.516337,0.9365821480751038,0.46772256,0.37770677,1.4171662330627441,0.7985934019088745,0.909,0.39,1.156,0.81,0
6zky,2,0,0.8987193,1.7702221870422363,0.6927449,0.549687,1.7807124853134155,1.3329871892929077,0.74,0.924,6.676,0.875,0
6zky,2,1,0.6746482,1.2804025411605835,0.32781556,0.46285844,1.6290278434753418,1.2941311597824097,0.861,0.615,3.297,0.857,0
6zky,0,1,0.6897934,1.1441253423690796,0.6706348,0.5637999,1.5627710819244385,0.9512649774551392,0.84,0.511,3.621,0.778,0
6zkz,4,2,0.81735206,1.3310980796813965,0.50878364,0.7093266,0.815733790397644,1.6181095838546753,0.838,0.801,1.92,0.783,0
6zkz,4,3,0.62691844,1.1642946004867554,0.47167182,0.48295262,0.8193665146827698,1.1446431875228882,0.855,0.704,2.152,0.806,0
6zkz,4,1,0.57759297,1.0543912649154663,0.4726464,0.4495283,0.8224776983261108,1.107311725616455,0.772,0.64,4.151,0.662,0
6zkz,4,0,0.81713206,1.1974432468414307,1.0053213,0.70675874,0.6144685745239258,1.5439244508743286,0.843,0.746,2.297,0.797,0
6zkz,2,3,0.7043009,1.0269771814346313,0.67195636,0.6320377,1.091774821281433,0.9417067170143127,0.908,0.521,1.708,0.871,0
6zkz,2,1,0.92975414,1.7676491737365723,0.7249166,0.69834864,1.4238324165344238,1.8996433019638062,0.715,1.176,3.91,0.701,0
6zkz,2,0,0.49700844,0.7094188928604126,0.7336077,0.41877514,0.8846344351768494,0.6169666647911072,0.891,0.421,2.854,0.847,0
6zkz,3,1,0.7215693,1.422513484954834,0.29574445,0.5294672,0.9928823113441467,1.4502599239349365,0.727,0.999,5.093,0.753,0
6zkz,3,0,0.7589478,0.9565815925598145,0.99408966,0.6910402,1.0591679811477661,0.9522497057914734,0.913,0.307,1.945,0.831,0
6zkz,1,0,0.9764577,1.5524239540100098,1.0264072,0.80448115,1.0918527841567993,1.8630164861679077,0.729,1.031,5.851,0.831,0
7byd,2,3,0.559236,0.8981566429138184,0.46920186,0.42762083,1.719643473625183,1.211644172668457,0.938,0.476,1.24,0.928,0
7byd,2,1,0.41315567,0.738129198551178,0.22950348,0.2743477,0.6796406507492065,1.0198423862457275,0.945,0.299,1.338,0.899,0
7byd,2,0,0.7348772,1.3314621448516846,0.40349695,0.4742261,5.551509380340576,1.2399665117263794,0.854,0.74,3.317,0.889,0
7byd,2,4,0.45628682,0.6445540189743042,1.2184323,0.2695338,0.9969398379325867,0.863772988319397,0.949,0.396,1.03,0.925,0
7byd,3,1,0.6049962,0.8287137150764465,0.6010673,0.5169866,1.9137425422668457,0.9367333650588989,0.94,0.383,0.459,0.884,0
7byd,3,0,0.891759,1.7890220880508423,0.21737827,0.3148287,6.233485698699951,0.7531023621559143,0.892,0.735,2.291,0.937,0
7byd,3,4,0.5161731,0.7265157699584961,0.99880826,0.3743696,1.5296565294265747,0.8474904894828796,0.959,0.379,1.91,0.985,0
7byd,1,0,0.6964903,1.2638754844665527,0.46992877,0.40990844,5.044472694396973,0.8046209812164307,0.873,0.742,2.081,0.873,0
7byd,1,4,0.450187,0.6266921162605286,1.2783539,0.23593357,1.4401845932006836,0.721530020236969,0.929,0.415,2.01,0.91,0
7byd,0,4,0.66330254,1.1868785619735718,1.0482239,0.33700427,5.401427745819092,1.0179954767227173,0.833,0.789,3.769,0.881,0
7dzm,1,0,0.51721776,0.35054469108581543,0.12456384,0.57309616,0.3064627945423126,0.3041236996650696,0.957,0.303,2.283,0.977,0
7dzm,1,2,0.3922847,0.4598220884799957,0.124445826,0.3930089,0.5351558923721313,0.21640139818191528,0.954,0.316,1.936,0.955,0
7dzm,1,3,0.43212783,0.3284541070461273,0.41962317,0.4547257,0.5230203866958618,0.21050654351711273,0.968,0.213,2.454,1.0,0
7dzm,1,4,0.4748667,0.43741288781166077,0.43196973,0.48759252,0.5469008088111877,0.13898704946041107,0.982,0.319,0.828,1.0,0
7dzm,0,2,0.51467264,0.38511136174201965,0.12336596,0.56446844,0.5406280755996704,0.23996584117412567,0.974,0.211,0.966,0.955,0
7dzm,0,3,0.47152865,0.4540766179561615,0.42761198,0.47988406,0.573409914970398,0.31306707859039307,0.964,0.227,2.17,0.976,0
7dzm,0,4,0.49262485,0.5352200269699097,0.40972823,0.48973805,0.5986276865005493,0.24388335645198822,0.962,0.272,2.112,0.976,0
7dzm,2,3,0.37879276,0.3875916302204132,0.42711848,0.37123182,0.2050948143005371,0.19244273006916046,0.969,0.229,2.346,1.0,0
7dzm,2,4,0.40813744,0.3236173093318939,0.39238968,0.42763397,0.17055772244930267,0.10724642872810364,0.982,0.178,1.709,1.0,0
7dzm,3,4,0.34522697,0.37536534667015076,0.5721757,0.30435905,0.24880929291248322,0.17854030430316925,0.967,0.29,2.216,1.0,0
7dzn,0,1,6.9912553,16.043777465820312,1.9351803,1.7765224,12.90208625793457,16.258525848388672,0.048,16.224,39.775,0.091,0
7dzn,0,3,7.0596,16.07902717590332,2.1864192,2.016677,12.43626880645752,15.794227600097656,0.046,15.759,39.032,0.083,0
7dzn,0,2,0.6510608,1.104093074798584,0.65151834,0.48134008,0.7392855286598206,0.8283385038375854,0.77,0.862,5.339,0.842,0
7dzn,0,4,0.5788519,0.7104200720787048,0.5938606,0.540614,0.9739119410514832,0.312394380569458,0.918,0.433,3.039,0.943,0
7dzn,1,3,0.89194244,1.244124412536621,1.082873,0.7283093,1.261783242225647,1.1871002912521362,0.854,0.729,2.212,0.817,0
7dzn,1,2,7.9712315,17.06743621826172,1.5253403,1.1015555,10.888937950134277,16.033981323242188,0.045,15.952,38.629,0.079,0
7dzn,1,4,7.9443493,16.988168716430664,1.42954,1.2061926,10.743901252746582,16.031312942504883,0.057,15.371,38.691,0.114,0
7dzn,3,2,7.8309255,17.16884422302246,1.804573,1.1032859,10.118194580078125,15.474833488464355,0.045,15.91,37.924,0.079,0
7dzn,3,4,7.820607,17.13300323486328,1.7207476,1.1714816,10.004941940307617,15.45044994354248,0.057,15.31,37.958,0.114,0
7dzn,2,4,0.53260493,0.8984115719795227,0.7307287,0.3570757,0.8862157464027405,0.6830115914344788,0.893,0.576,2.922,0.914,1
7jwi,4,0,1.128087,2.2914721965789795,0.7992085,0.5706188,3.49932599067688,1.5823512077331543,0.772,1.195,1.864,0.75,1
7jwi,4,1,1.2566019,2.5530707836151123,0.84672946,0.6408263,3.9506547451019287,1.9289085865020752,0.783,1.234,1.696,0.791,1
7jwi,4,3,1.2996768,2.7250239849090576,0.71632147,0.5908492,3.755721092224121,1.7804557085037231,0.629,1.64,6.126,0.774,1
7jwi,4,2,1.1073614,1.9968373775482178,0.78359574,0.7653416,3.1582469940185547,1.2911391258239746,0.869,0.866,0.768,0.867,1
7jwi,0,1,0.98104364,1.982277274131775,0.8730997,0.5259649,2.39115047454834,1.9540119171142578,0.731,1.112,2.244,0.612,0
7jwi,0,3,1.094119,2.3473362922668457,0.7645267,0.4810411,3.1023948192596436,2.1878247261047363,0.657,1.262,4.988,0.642,0
7jwi,0,2,0.8885522,1.438923954963684,1.0313163,0.6770863,1.597838282585144,1.227143406867981,0.796,0.815,1.954,0.667,0
7jwi,1,3,1.3380992,2.6457607746124268,0.97590894,0.6317482,3.6656854152679443,1.840771198272705,0.628,1.586,6.395,0.774,0
7jwi,1,2,0.9275576,1.3928431272506714,0.9944651,0.7366585,1.543710708618164,1.3808282613754272,0.889,0.682,1.436,0.867,0
7jwi,3,2,1.1899307,2.368797779083252,0.96725583,0.652018,3.176734209060669,1.8395214080810547,0.618,1.393,6.004,0.65,0
7jwj,4,1,0.5707803,0.8247034549713135,1.1523302,0.36373982,1.0899829864501953,0.5511249899864197,0.939,0.529,1.304,0.951,1
7jwj,4,0,0.5430778,0.889328122138977,0.662183,0.38545913,0.8183550238609314,1.0455267429351807,0.904,0.519,1.623,0.854,1
7jwj,4,2,0.7540861,1.4713220596313477,0.67489624,0.3930637,1.9750458002090454,0.8517209887504578,0.678,1.285,7.191,0.875,1
7jwj,4,3,0.5752709,0.6491796374320984,0.76710016,0.5304391,0.5179271697998047,0.8104511499404907,0.929,0.398,1.216,0.872,1
7jwj,1,0,0.6282742,0.900759756565094,1.2672884,0.4198822,0.6805678009986877,1.0455695390701294,0.9,0.331,1.848,0.792,0
7jwj,1,2,0.67627835,1.262487769126892,0.93093044,0.3805944,1.1612632274627686,0.971486508846283,0.674,1.028,7.361,0.771,0
7jwj,1,3,0.65829444,0.9211594462394714,0.8910378,0.5463815,0.7883889079093933,1.0313324928283691,0.897,0.452,2.043,0.83,0
7jwj,0,2,0.64816487,1.229279637336731,0.7020216,0.36198375,1.4299907684326172,1.2574530839920044,0.725,0.983,6.358,0.833,0
7jwj,0,3,0.55765605,0.7728806138038635,0.6861283,0.47052044,0.6322221755981445,0.7933359146118164,0.918,0.478,1.415,0.872,0
7jwj,2,3,0.9211175,1.6608489751815796,0.45434573,0.6172202,1.7493772506713867,1.3393369913101196,0.664,1.305,7.06,0.83,1
7l1d,4,3,0.4018241,0.5932685732841492,0.46570045,0.32089576,0.6574402451515198,1.1021426916122437,0.929,0.4,1.89,0.901,0
7l1d,4,2,0.41302332,0.6447104215621948,0.6137891,0.28625274,0.522988498210907,1.15788996219635,0.953,0.398,0.79,0.933,0
7l1d,4,0,0.39073086,0.454334020614624,0.95276225,0.25029936,0.5091434121131897,0.8947322368621826,0.963,0.324,0.652,0.938,0
7l1d,4,1,0.36688507,0.49578508734703064,0.49739435,0.30408224,0.25716903805732727,1.1665409803390503,0.955,0.293,1.305,0.924,0
7l1d,3,2,0.40933618,0.5656635761260986,0.46446973,0.34685838,0.7936747670173645,0.6539282202720642,0.956,0.309,1.382,0.933,0
7l1d,3,0,0.39271918,0.5519970059394836,0.7848613,0.25757304,0.8314564228057861,0.8567827343940735,0.928,0.391,2.044,0.901,0
7l1d,3,1,0.30415422,0.5234346389770508,0.57970273,0.13311759,0.6527138948440552,0.7802831530570984,0.971,0.347,0.893,0.975,0
7l1d,2,0,0.37416577,0.586290180683136,0.54633075,0.26109797,0.22457630932331085,1.0284364223480225,0.931,0.401,1.125,0.877,0
7l1d,2,1,0.4855201,0.7117908596992493,0.64047605,0.37923843,0.39178183674812317,0.8784342408180237,0.921,0.399,1.133,0.848,0
7l1d,0,1,0.41894007,0.581007182598114,0.7139576,0.31304088,0.43916088342666626,0.9443379044532776,0.948,0.303,1.446,0.911,0
7n1e,0,1,0.6395753,0.8592381477355957,0.47718295,0.5673657,0.6640490889549255,0.24182027578353882,0.939,0.342,1.361,0.89,0
7n1e,0,3,0.6225794,0.8157943487167358,0.48511034,0.56030923,0.8006830811500549,0.31988438963890076,0.945,0.361,2.167,0.951,0
7n1e,0,2,0.7237229,0.8119248151779175,0.75790346,0.68843555,0.9258212447166443,0.46103620529174805,0.929,0.402,2.011,0.908,0
7n1e,0,4,0.6941873,1.0429608821868896,0.47394094,0.5594472,0.9426615834236145,0.2704484462738037,0.899,0.588,1.683,0.868,0
7n1e,1,3,0.659333,0.9737404584884644,0.5729683,0.5196811,1.097919225692749,0.2868993580341339,0.907,0.52,2.674,0.918,0
7n1e,1,2,0.77934134,0.9056430459022522,0.8508991,0.72191566,1.0032979249954224,0.38244011998176575,0.916,0.451,2.197,0.892,0
7n1e,1,4,0.73666054,0.8881857991218567,0.6203451,0.6896754,0.7477527260780334,0.14905807375907898,0.925,0.506,1.181,0.897,0
7n1e,3,2,0.6426614,0.6121517419815063,0.62457365,0.65431184,0.5810863375663757,0.284952849149704,0.94,0.285,0.729,0.862,0
7n1e,3,4,0.7843874,1.186732292175293,0.5974405,0.6200126,1.3532521724700928,0.2948618233203888,0.852,0.767,2.431,0.838,0
7n1e,2,4,0.8660843,1.2277965545654297,0.9081359,0.69087636,1.4606393575668335,0.41980108618736267,0.859,0.759,2.104,0.838,1
7n1f,1,0,0.541753,0.7032701373100281,1.0216023,0.3563633,0.5874872207641602,0.8147780299186707,0.932,0.351,2.524,0.928,0
7n1f,1,2,0.57850575,0.7888833284378052,0.6371229,0.46171576,0.4421713054180145,0.5715645551681519,0.903,0.469,2.793,0.896,0
7n1f,1,3,0.54907995,0.8414255976676941,0.5922276,0.36851838,0.5613310933113098,1.2408427000045776,0.958,0.455,0.981,0.972,0
7n1f,1,4,0.6371916,0.9342883825302124,0.74874836,0.4519984,1.0252922773361206,0.33230340480804443,0.878,0.811,1.64,0.896,0
7n1f,0,2,0.53366756,0.8096078038215637,0.8379793,0.32348576,0.5235306024551392,0.7630166411399841,0.914,0.433,0.967,0.831,0
7n1f,0,3,0.56182146,0.8948928117752075,0.8483666,0.31093797,0.5773802995681763,1.2292609214782715,0.918,0.434,1.782,0.873,0
7n1f,0,4,0.713219,1.074784278869629,1.2446076,0.39680165,1.1975688934326172,0.8690003752708435,0.868,0.723,1.698,0.831,0
7n1f,2,3,0.68321294,1.0595366954803467,0.56186455,0.47903937,0.782024621963501,1.1934401988983154,0.909,0.538,2.15,0.901,0
7n1f,2,4,0.7159647,1.1215370893478394,0.9037555,0.4321244,1.0241596698760986,0.6293303966522217,0.876,0.709,1.855,0.857,0
7n1f,3,4,0.6897071,1.017555832862854,0.93209463,0.4594638,1.1983458995819092,0.6177389025688171,0.875,0.729,1.036,0.831,0
7n2n,4,0,1.9092299,4.124955654144287,1.039742,0.78947556,3.767136812210083,4.5987548828125,0.373,3.425,8.169,0.439,0
7n2n,4,1,2.3429036,4.893970489501953,1.1810317,1.1700103,3.754838228225708,5.494926929473877,0.396,3.661,9.402,0.595,0
7n2n,4,3,2.1241388,4.425313472747803,1.0543944,1.0741528,3.073634147644043,5.0407819747924805,0.396,3.18,10.094,0.59,0
7n2n,4,2,1.4964128,3.1105217933654785,1.196125,0.7071828,2.9936227798461914,3.398806571960449,0.484,2.545,5.513,0.49,0
7n2n,0,1,1.2540063,2.5115067958831787,0.78473365,0.72202986,2.132991075515747,2.2462072372436523,0.656,1.418,6.846,0.833,0
7n2n,0,3,1.2234826,2.5205698013305664,0.68077123,0.6508997,2.556062698364258,2.027834892272949,0.604,1.462,8.442,0.795,0
7n2n,0,2,1.0043238,2.191826105117798,0.8143684,0.35599363,2.3077001571655273,1.9845569133758545,0.579,1.532,7.621,0.694,0
7n2n,1,3,0.63962376,1.3772151470184326,0.34312657,0.3811209,1.8810713291168213,0.9879491925239563,0.824,0.886,3.048,0.846,0
7n2n,1,2,1.133403,2.595578670501709,0.8070086,0.52572614,2.231163740158081,2.729320526123047,0.549,1.872,7.495,0.694,0
7n2n,3,2,0.9090854,1.981105923652649,0.77643096,0.5072135,0.7060495615005493,2.4298503398895264,0.546,1.467,9.34,0.673,0
7n2o,4,3,0.6483373,0.8223469853401184,0.21453793,0.6134229,0.7319293022155762,0.6248135566711426,0.877,0.59,2.735,0.859,0
7n2o,4,2,0.5385152,0.7971859574317932,0.16863035,0.45431605,0.7062143087387085,0.506170928478241,0.919,0.46,2.413,0.917,0
7n2o,4,0,0.42632195,0.570042610168457,0.35444102,0.3767373,0.6491321325302124,0.2787642776966095,0.898,0.366,2.821,0.851,0
7n2o,4,1,0.81725734,1.4559340476989746,0.19495863,0.5198265,1.1762851476669312,0.4568469524383545,0.83,0.873,3.04,0.857,0
7n2o,3,2,0.58331776,0.8268091678619385,0.21460253,0.5134042,0.3742082118988037,0.8380879163742065,0.894,0.588,2.284,0.883,0
7n2o,3,0,0.4892143,0.6328458786010742,0.3445284,0.44900808,0.5254220366477966,0.6506025791168213,0.895,0.452,2.285,0.836,0
7n2o,3,1,0.7007369,1.2352714538574219,0.14266594,0.46761268,0.5308418869972229,0.42974501848220825,0.899,0.751,0.978,0.911,0
7n2o,2,0,0.36067128,0.5611088275909424,0.3738469,0.27106202,0.43920227885246277,0.5529208779335022,0.923,0.369,0.885,0.836,0
7n2o,2,1,0.6285499,1.1010438203811646,0.19388746,0.42934465,0.6341622471809387,0.5766633152961731,0.87,0.697,1.98,0.839,0
7n2o,0,1,0.7007568,1.3792468309402466,0.3462661,0.3090201,0.8613005876541138,0.4062284529209137,0.868,0.781,1.706,0.857,0
7n2p,1,0,1.3568369,2.603250503540039,0.42468023,0.6184793,3.2330474853515625,3.813251256942749,0.737,1.19,3.362,0.732,0
7n2p,1,2,1.4590703,2.664334774017334,0.73968625,0.8074586,4.282785415649414,4.192744731903076,0.737,0.915,3.502,0.627,0
7n2p,1,3,0.88888025,1.5870662927627563,0.44272918,0.5295966,3.801421642303467,1.3828133344650269,0.89,0.508,2.418,0.848,0
7n2p,1,4,1.5055902,3.002908945083618,0.4679212,0.5013141,3.427401542663574,4.992763996124268,0.751,1.227,2.52,0.733,0
7n2p,0,2,1.4137111,2.692457914352417,0.6290217,0.73812085,2.6227428913116455,4.155314922332764,0.586,1.473,5.82,0.567,0
7n2p,0,3,1.1629301,2.160710573196411,0.5006091,0.6652415,2.1591150760650635,3.2548089027404785,0.738,1.024,2.924,0.636,0
7n2p,0,4,1.7221627,3.4404780864715576,0.55456734,0.710724,4.489012718200684,4.554691791534424,0.604,1.679,4.659,0.6,0
7n2p,2,3,1.241961,2.3267786502838135,0.7300228,0.7185193,2.581983804702759,4.002472877502441,0.738,1.012,4.052,0.712,1
7n2p,2,4,1.2564476,2.2965662479400635,0.6695679,0.7838661,3.5452494621276855,2.8177669048309326,0.735,1.101,5.122,0.822,1
7n2p,3,4,1.5225949,3.000023365020752,0.5898581,0.5547666,4.2875261306762695,4.548649787902832,0.71,1.32,3.79,0.733,1
7n2q,2,3,3.0995917,6.063717842102051,1.8546079,1.5636332,4.029590129852295,6.5052409172058105,0.26,4.403,11.645,0.328,0
7n2q,2,1,4.0236835,7.334589958190918,2.560497,2.5262535,7.891641139984131,6.531314849853516,0.145,4.914,14.105,0.082,0
7n2q,2,0,2.9723544,5.553910732269287,2.0970924,1.7247225,5.710821151733398,6.931606769561768,0.316,3.357,10.221,0.373,0
7n2q,2,4,4.0002894,7.319404125213623,2.6546338,2.4772384,7.337047100067139,6.630832672119141,0.142,5.249,16.038,0.13,0
7n2q,3,1,4.4264193,8.929973602294922,2.307047,2.1634529,11.139644622802734,4.329411029815674,0.136,6.644,16.533,0.151,0
7n2q,3,0,3.468585,7.230016708374023,1.1462287,1.4731067,7.118501663208008,5.353011131286621,0.211,5.529,13.339,0.275,0
7n2q,3,4,4.5052524,9.109439849853516,2.5059292,2.161498,9.66833782196045,4.618795871734619,0.12,6.922,17.839,0.13,0
7n2q,1,0,2.1116996,4.098301410675049,2.1184406,0.95035374,5.869024753570557,5.118917465209961,0.571,1.947,4.372,0.549,0
7n2q,1,4,0.8385847,1.567090392112732,0.45349556,0.49800465,2.1117467880249023,0.8645927309989929,0.838,0.722,2.979,0.812,0
7n2q,0,4,2.1229315,4.173336029052734,2.3008153,0.97333676,5.375160217285156,5.122293472290039,0.428,2.195,6.261,0.319,0
7n2r,3,2,2.776907,6.027076721191406,0.7868385,1.1079953,4.998398303985596,4.375179290771484,0.251,4.676,12.331,0.339,1
7n2r,3,0,1.4585745,3.0158581733703613,0.5700974,0.74541074,3.4643898010253906,3.3713362216949463,0.646,1.64,3.049,0.596,1
7n2r,3,1,1.1794058,2.512932777404785,0.3105082,0.53127164,4.191944122314453,2.7050702571868896,0.758,0.884,4.1,0.719,1
7n2r,3,4,2.7995806,5.859394550323486,1.1362848,1.3536878,6.129718780517578,4.688722133636475,0.281,4.375,10.302,0.333,1
7n2r,2,0,2.3158126,4.916415691375732,0.8292744,0.96946746,5.328372001647949,3.5984442234039307,0.342,3.603,10.625,0.489,0
7n2r,2,1,3.031607,6.38186502456665,0.9678019,1.3460939,7.77787446975708,3.7689661979675293,0.257,4.736,13.184,0.386,0
7n2r,2,4,1.4266574,2.670649766921997,0.913357,0.91139424,1.9719429016113281,3.197249412536621,0.646,1.592,3.704,0.627,0
7n2r,0,1,1.346117,2.76719069480896,0.4592301,0.76010615,2.9868383407592773,3.0187697410583496,0.548,1.673,5.925,0.526,0
7n2r,0,4,1.786023,3.8974740505218506,0.654514,0.7792135,5.406759262084961,2.5601446628570557,0.388,2.957,8.686,0.471,0
7n2r,1,4,2.7265599,5.660879135131836,1.0078182,1.3341571,7.993768692016602,3.8484227657318115,0.3,4.292,10.433,0.392,0
7n2s,0,1,1.0870084,2.3176050186157227,0.56782484,0.4867433,1.0229231119155884,3.1462857723236084,0.622,1.343,5.472,0.603,0
7n2s,0,3,1.7436523,3.8572299480438232,0.45745566,0.639386,3.1501142978668213,3.0252978801727295,0.374,3.535,9.177,0.509,0
7n2s,0,2,1.9469713,4.0895538330078125,0.6807993,0.96819973,4.5319366455078125,3.1376094818115234,0.336,3.216,10.791,0.446,0
7n2s,0,4,1.6133983,3.5181097984313965,0.40755698,0.663027,3.284695863723755,2.9536924362182617,0.377,3.009,9.746,0.5,0
7n2s,1,3,1.3899492,3.0481693744659424,0.5355569,0.55429935,2.7065510749816895,2.8513360023498535,0.485,2.593,6.101,0.545,1
7n2s,1,2,1.5968544,3.214736223220825,0.67262745,0.9296426,3.9693703651428223,2.79140043258667,0.464,2.323,7.3,0.523,1
7n2s,1,4,1.2929443,2.75260853767395,0.5556732,0.60990596,2.848996639251709,2.8232109546661377,0.483,2.138,7.471,0.556,1
7n2s,3,2,1.0194485,1.8794556856155396,0.50291985,0.72784305,2.2119641304016113,1.2088181972503662,0.666,1.035,5.711,0.631,0
7n2s,3,4,0.59461546,1.2221226692199707,0.20469293,0.34075078,1.1246862411499023,0.9598382115364075,0.757,0.793,5.393,0.778,0
7n2s,2,4,0.8695007,1.3125267028808594,0.5162856,0.7504237,2.023314952850342,0.6461620330810547,0.87,0.695,2.595,0.87,0
7n4k,3,2,1.0462886,1.4598793983459473,2.2707374,0.51301324,2.7803890705108643,1.1366955041885376,0.867,0.598,2.745,0.833,0
7n4k,3,0,1.0495983,1.736722469329834,1.8633325,0.43434393,3.761213779449463,0.953157901763916,0.872,0.755,1.982,0.87,0
7n4k,3,1,0.8541846,1.2967485189437866,1.7575909,0.36377198,2.765876293182373,0.8460637331008911,0.612,0.549,22.802,0.833,0
7n4k,3,4,0.5070482,0.8942564725875854,0.3924339,0.30398276,1.2343701124191284,1.1133930683135986,0.678,0.346,23.083,0.966,0
7n4k,2,0,1.1081905,1.9160081148147583,0.9136501,0.5416186,3.922654867172241,0.7544665932655334,0.862,0.782,2.355,0.87,0
7n4k,2,1,0.74810094,1.0465034246444702,1.1606936,0.49775997,1.7784792184829712,0.8356494903564453,0.603,0.512,22.01,0.783,0
7n4k,2,4,1.004311,1.2726832628250122,2.3082101,0.48363325,2.3252768516540527,0.7070385217666626,0.607,0.63,22.267,0.845,0
7n4k,0,1,1.0875145,1.8906054496765137,1.1692766,0.44432968,3.70439076423645,0.6287186741828918,0.563,0.662,23.162,0.733,0
7n4k,0,4,1.101257,1.7116540670394897,1.8404683,0.50786495,3.177767038345337,0.6729480624198914,0.572,0.729,23.552,0.793,0
7n4k,1,4,0.87827045,1.2976876497268677,1.745663,0.37242225,2.4810128211975098,0.7188862562179565,0.835,0.642,3.563,0.81,0
7n5c,1,0,1.1137756,1.4783823490142822,2.2910206,0.66575885,2.997498035430908,0.5253711342811584,0.898,0.436,1.777,0.812,0
7n5c,1,2,0.98045707,1.4384000301361084,2.168111,0.3740126,2.9599177837371826,0.3813307285308838,0.919,0.365,1.878,0.859,0
7n5c,1,3,0.9771446,1.4283257722854614,2.1267912,0.40156505,3.0686419010162354,0.4683012068271637,0.91,0.49,1.595,0.859,0
7n5c,1,4,1.1143358,1.5491633415222168,2.2129447,0.6425774,3.014132499694824,0.970273494720459,0.889,0.425,2.48,0.821,0
7n5c,0,2,0.69517225,0.728905200958252,0.7139989,0.67827296,0.6093481779098511,0.5094472169876099,0.96,0.282,0.691,0.922,0
7n5c,0,3,0.6626497,0.6755852103233337,0.67459846,0.6557415,0.21126629412174225,0.5056746006011963,0.943,0.277,0.994,0.875,0
7n5c,0,4,0.35363778,0.41171565651893616,0.3890917,0.32152152,0.3094225227832794,0.6483117341995239,0.94,0.379,1.089,0.896,0
7n5c,2,3,0.37477347,0.5530149936676025,0.45356295,0.25406197,0.619817316532135,0.26194700598716736,0.955,0.402,1.281,0.953,0
7n5c,2,4,0.7154169,0.8198580741882324,0.7005425,0.66948324,0.6872775554656982,0.8526902794837952,0.937,0.31,1.051,0.866,0
7n5c,3,4,0.6865673,0.7658932209014893,0.5842106,0.66332185,0.4238525629043579,0.8427543044090271,0.925,0.435,1.463,0.881,0
7n5p,1,0,0.71431607,1.0773500204086304,0.4655211,0.5241637,1.4478293657302856,0.7651299834251404,0.578,0.705,27.283,0.825,0
7n5p,1,2,1.4782238,2.3766210079193115,1.3760767,0.88551474,4.274704933166504,1.5071266889572144,0.477,1.047,25.795,0.662,0
7n5p,1,3,1.0255903,1.432085633277893,0.95390373,0.8089316,1.9248018264770508,1.216774344444275,0.579,0.746,26.406,0.842,0
7n5p,1,4,0.9399032,1.1369718313217163,1.6564977,0.7060897,1.1883524656295776,1.2651379108428955,0.745,0.608,7.457,0.81,0
7n5p,0,2,1.2322035,2.0047836303710938,1.2442197,0.6984652,3.6092865467071533,1.378387689590454,0.821,0.702,2.509,0.723,0
7n5p,0,3,0.9255647,1.3474944829940796,0.92464715,0.6804506,1.6559675931930542,1.2331864833831787,0.85,0.636,3.166,0.825,0
7n5p,0,4,1.0309703,1.298546552658081,1.7787482,0.7494672,1.5338623523712158,1.4401357173919678,0.531,0.79,30.963,0.741,0
7n5p,2,3,1.1660002,2.0717933177948,1.1271551,0.43600476,4.03114128112793,1.252571940422058,0.825,0.818,2.581,0.789,0
7n5p,2,4,1.2915992,2.0246400833129883,2.2344408,0.5481981,4.098287582397461,0.8941320180892944,0.531,0.888,29.593,0.776,0
7n5p,3,4,0.84151995,1.1398451328277588,1.6678053,0.46403158,1.7055222988128662,1.0749300718307495,0.563,0.57,29.919,0.741,0
7n6e,0,1,9.229948,19.036540985107422,2.6143668,2.331112,11.924823760986328,12.032754898071289,0.047,16.514,40.998,0.092,0
7n6e,0,3,9.295656,19.105195999145508,2.7724624,2.4989123,11.145801544189453,12.210850715637207,0.052,16.969,41.231,0.107,0
7n6e,0,2,1.0353658,1.889865756034851,0.75340474,0.5733897,2.7149529457092285,0.7328129410743713,0.67,1.252,4.312,0.625,0
7n6e,0,4,9.1644,18.75231170654297,2.8675184,2.6427233,10.546298027038574,12.717320442199707,0.046,16.631,41.26,0.088,0
7n6e,1,3,0.7801904,1.1372568607330322,0.5519637,0.62403834,1.2765965461730957,0.6458573937416077,0.844,0.695,3.779,0.875,1
7n6e,1,2,9.53421,18.840255737304688,1.8382998,1.6806463,10.358747482299805,13.056571960449219,0.053,16.372,39.775,0.107,1
7n6e,1,4,0.9883166,1.598130464553833,0.8668726,0.6446479,2.0017833709716797,1.2380317449569702,0.835,0.923,2.482,0.86,1
7n6e,3,2,8.906211,18.194936752319336,1.6355534,1.3911526,10.017433166503906,12.95157527923584,0.053,16.257,40.238,0.107,0
7n6e,3,4,0.73348457,1.174059510231018,0.7514283,0.49620464,1.2536656856536865,1.0209499597549438,0.892,0.626,2.015,0.877,0
7n6e,2,4,9.022787,17.956266403198242,2.85114,2.7809346,10.666109085083008,13.139299392700195,0.052,15.824,40.103,0.105,0
7na5,2,3,1.1734293,1.9751800298690796,1.3874636,0.7757934,2.086106538772583,1.7303203344345093,0.703,1.354,2.973,0.667,0
7na5,2,1,2.1054611,3.5911037921905518,1.9291925,1.4561999,3.8539071083068848,3.2373788356781006,0.484,2.55,4.694,0.429,0
7na5,2,0,1.1499234,1.9761196374893188,1.304172,0.7414752,2.809765100479126,1.6087232828140259,0.719,1.199,2.785,0.643,0
7na5,2,4,2.8492134,4.915436744689941,2.5551274,1.9394183,5.267817974090576,4.284396171569824,0.354,3.406,6.561,0.274,0
7na5,3,1,1.0770706,1.8478550910949707,0.71478885,0.7799948,1.9497407674789429,1.7338829040527344,0.731,1.283,2.474,0.694,0
7na5,3,0,0.39608014,0.8230400085449219,0.19982369,0.1607218,1.4960319995880127,0.514370858669281,0.928,0.281,1.718,0.857,0
7na5,3,4,1.7876482,3.1735873222351074,1.3109312,1.2070594,3.315232515335083,2.860616683959961,0.502,2.193,5.303,0.468,0
7na5,1,0,1.140828,2.0613601207733154,0.7533356,0.7656035,2.490368366241455,1.8349398374557495,0.759,1.355,2.165,0.786,0
7na5,1,4,0.8370156,1.4982962608337402,0.7504941,0.54605263,1.597794771194458,1.1963635683059692,0.756,1.017,3.22,0.71,0
7na5,0,4,1.8839564,3.2713241577148438,1.4340402,1.2961735,3.5082268714904785,2.846221923828125,0.519,2.279,4.415,0.468,0
7ndq,4,1,1.3795798,3.3022942543029785,0.6123474,0.4438572,2.961333990097046,4.611672401428223,0.867,0.77,1.045,0.825,3
7ndq,4,0,0.8730062,2.0490267276763916,0.2778671,0.34853843,3.395928144454956,0.911902904510498,0.908,0.574,1.37,0.877,3
7ndq,4,2,1.4942777,3.3979949951171875,0.78642714,0.6863433,3.7134463787078857,4.277914524078369,0.85,0.911,0.953,0.831,3
7ndq,4,3,1.404495,3.415720224380493,0.61156744,0.3607273,4.059291839599609,4.0850300788879395,0.801,0.832,3.078,0.754,3
7ndq,1,0,1.4039471,3.403359889984131,0.5367324,0.36405304,3.2506752014160156,4.646037578582764,0.829,0.824,1.168,0.738,1
7ndq,1,2,1.2637948,2.842755079269409,0.79056925,0.5829307,2.6605074405670166,3.8407788276672363,0.83,0.883,1.672,0.785,1
7ndq,1,3,1.8147471,4.413850784301758,0.40048927,0.47749904,4.576089382171631,5.869119644165039,0.726,1.148,3.12,0.667,1
7ndq,0,2,1.4804475,3.4633800983428955,0.7927332,0.6116129,3.5260965824127197,4.429388523101807,0.838,0.925,1.775,0.831,0
7ndq,0,3,1.1882685,2.960404634475708,0.47270986,0.22471622,2.864604949951172,3.999211072921753,0.862,0.691,2.257,0.826,0
7ndq,2,3,1.7361511,4.030071258544922,0.8641539,0.6847836,4.683319568634033,4.978145122528076,0.758,1.182,3.418,0.797,0
7ndt,0,1,0.81535286,1.6511948108673096,0.66400135,0.3639426,3.0754683017730713,0.9337627291679382,0.852,0.758,2.524,0.839,0
7ndt,0,3,0.76617044,1.0329915285110474,0.7557637,0.6781259,1.45100736618042,0.9201774597167969,0.884,0.523,2.353,0.831,0
7ndt,0,2,1.2991695,1.6608672142028809,3.9448006,0.41930217,3.2553343772888184,0.7133957147598267,0.832,0.693,2.998,0.781,0
7ndt,0,4,8.320684,18.07069206237793,4.161469,2.215416,13.938922882080078,12.348481178283691,0.04,18.401,43.986,0.076,0
7ndt,1,3,0.9855824,1.755755066871643,0.73646015,0.6740452,3.260542631149292,0.8176817893981934,0.849,0.568,1.17,0.692,0
7ndt,1,2,1.1347532,0.8284648656845093,4.019633,0.36895075,0.8910937309265137,0.8082584738731384,0.85,0.603,2.143,0.75,0
7ndt,1,4,8.545305,18.897607803344727,4.078671,1.8253319,14.284172058105469,12.141134262084961,0.031,18.188,45.085,0.051,0
7ndt,3,2,1.3995333,1.791434645652771,3.966249,0.6546822,3.4610633850097656,0.5529114603996277,0.86,0.623,1.255,0.75,0
7ndt,3,4,8.350248,18.566816329956055,4.087412,1.9697613,14.241886138916016,12.265789031982422,0.039,18.337,45.43,0.076,0
7ndt,2,4,8.74114,17.51207160949707,2.719946,2.693382,13.649216651916504,13.218864440917969,0.034,18.418,45.764,0.063,0
7ndu,3,2,1.6473485,3.713493585586548,0.50729275,0.6283761,5.438189506530762,3.7451677322387695,0.767,1.171,1.533,0.711,0
7ndu,3,0,1.3553002,3.0981624126434326,0.3492626,0.45959175,2.3734493255615234,4.53000545501709,0.811,1.005,1.915,0.79,0
7ndu,3,1,1.4288744,3.2462167739868164,0.5885478,0.4945633,3.9044902324676514,4.476536273956299,0.829,0.897,1.316,0.773,0
7ndu,3,4,0.9545087,1.9854137897491455,0.46538955,0.5279585,1.666835904121399,2.0223941802978516,0.826,0.786,1.762,0.736,0
7ndu,2,0,1.238284,2.9322869777679443,0.2920569,0.4514591,4.63995885848999,2.6426942348480225,0.87,0.737,1.934,0.855,0
7ndu,2,1,1.5410542,3.7215793132781982,0.20393929,0.46211395,5.942514896392822,2.6333916187286377,0.834,0.921,1.454,0.803,0
7ndu,2,4,1.44093,3.4388763904571533,0.3254973,0.48872474,4.538146018981934,4.099974632263184,0.866,0.781,1.619,0.847,0
7ndu,0,1,0.8728885,2.0467710494995117,0.3660668,0.3129058,3.747933864593506,0.558548092842102,0.89,0.594,0.972,0.818,0
7ndu,0,4,1.2765231,3.10538649559021,0.2645017,0.29266372,1.7355531454086304,4.8523478507995605,0.847,0.727,0.686,0.736,0
7ndu,1,4,1.352052,3.3808302879333496,0.3122628,0.27296963,1.7099212408065796,4.866990089416504,0.847,0.705,1.06,0.736,0
7nme,4,1,0.5845989,0.8052653074264526,0.9176378,0.40164447,0.704091489315033,0.6386929154396057,0.917,0.41,2.921,0.928,0
7nme,4,0,0.68837404,1.012697696685791,0.5450528,0.5219452,0.843231201171875,0.6896090507507324,0.899,0.496,1.669,0.833,0
7nme,4,2,0.6254676,0.9251863956451416,0.86351526,0.40490693,0.6383373737335205,0.6843995451927185,0.932,0.291,1.263,0.853,0
7nme,4,3,0.81069314,1.2666505575180054,1.0069736,0.48567605,0.7415850162506104,0.5871143341064453,0.886,0.494,2.434,0.831,0
7nme,1,0,0.7280102,1.1092932224273682,1.0151399,0.43032402,0.8042128682136536,0.8576431274414062,0.835,0.667,3.549,0.819,0
7nme,1,2,0.5465019,0.7023143172264099,0.7179319,0.4403899,0.2882032096385956,0.8220612406730652,0.927,0.372,2.034,0.893,0
7nme,1,3,0.9415837,1.6293615102767944,0.54917455,0.4783814,0.8729903697967529,0.8111615777015686,0.803,0.757,4.868,0.859,0
7nme,0,2,0.6332233,0.7485625743865967,0.7899385,0.55875915,0.7869083881378174,0.6004257798194885,0.888,0.54,1.918,0.827,0
7nme,0,3,0.70885944,0.902538537979126,1.0693642,0.5524469,0.7365275025367737,0.5856598019599915,0.904,0.488,1.689,0.845,0
7nme,2,3,0.9049311,1.464144229888916,0.7826168,0.538561,0.7703710198402405,0.4703297019004822,0.893,0.571,2.976,0.915,0
7nmf,4,0,0.36858425,0.5234677195549011,0.32145593,0.29350924,0.4508274495601654,0.23359014093875885,0.945,0.41,0.915,0.917,0
7nmf,4,1,0.8307783,1.1012433767318726,1.3500662,0.59848803,0.7390915751457214,0.7364175915718079,0.876,0.679,2.393,0.873,0
7nmf,4,3,0.7549507,1.0733317136764526,0.58581656,0.6089584,0.9039273858070374,0.5301917195320129,0.889,0.65,0.815,0.833,0
7nmf,4,2,0.3145965,0.47043120861053467,0.36577842,0.21831603,0.6313551068305969,0.3595219552516937,0.946,0.298,0.654,0.881,0
7nmf,0,1,0.8835657,1.2527254819869995,1.3205932,0.6028315,0.9165726900100708,0.7995766997337341,0.825,0.893,3.108,0.855,0
7nmf,0,3,0.8176733,1.1362859010696411,0.65077096,0.6743069,0.966606855392456,0.544799268245697,0.866,0.745,1.32,0.818,0
7nmf,0,2,0.39351445,0.6068618893623352,0.22931336,0.28917056,0.6865986585617065,0.308151513338089,0.923,0.438,1.078,0.864,0
7nmf,1,3,0.6284449,0.7203246355056763,1.1657652,0.4873632,0.611992359161377,0.5451391339302063,0.864,0.53,2.056,0.758,0
7nmf,1,2,0.791671,0.9754564762115479,1.3384559,0.6086032,0.7008928656578064,0.5257910490036011,0.884,0.413,2.426,0.797,0
7nmf,3,2,0.8951949,1.3426891565322876,0.6967255,0.6678103,1.0256119966506958,0.475739061832428,0.931,0.46,1.231,0.898,0
7nmg,4,3,0.77299607,1.1746941804885864,1.2220523,0.47944355,0.8576323986053467,0.834391176700592,0.895,0.696,0.735,0.869,0
7nmg,4,2,0.80992204,1.222488284111023,0.55572903,0.63906556,0.37398821115493774,0.9175220727920532,0.908,0.692,0.626,0.906,0
7nmg,4,0,0.6601148,0.9098888635635376,0.831622,0.5226079,0.9070759415626526,0.6815537810325623,0.903,0.534,2.934,0.929,0
7nmg,4,1,0.8582957,1.2712541818618774,0.58326226,0.6932916,0.6846837401390076,0.8519505858421326,0.933,0.414,1.145,0.887,0
7nmg,3,2,0.76059794,0.9752354621887207,1.0777011,0.615033,0.7714583873748779,0.39113345742225647,0.914,0.402,0.557,0.812,0
7nmg,3,0,0.79450786,1.2391531467437744,1.3923079,0.39651155,1.0437119007110596,0.5654276013374329,0.88,0.599,2.795,0.875,0
7nmg,3,1,0.7907053,0.9998743534088135,1.1588972,0.6397109,0.9042227864265442,0.4588523805141449,0.909,0.377,1.254,0.806,0
7nmg,2,0,0.8569307,1.3440163135528564,0.76808006,0.61144644,0.6927139759063721,0.6753179430961609,0.864,0.723,2.736,0.875,0
7nmg,2,1,0.29101056,0.41213518381118774,0.20824443,0.24373884,0.5727012157440186,0.34336939454078674,0.951,0.258,1.219,0.903,0
7nmg,0,1,0.8169193,1.2894883155822754,0.70398223,0.597952,0.7178055047988892,0.8644530177116394,0.874,0.418,2.219,0.758,0
7ow5,3,2,0.32157102,0.5670056343078613,0.5669956,0.17704567,0.1835690289735794,1.023026466369629,0.911,0.504,2.565,0.918,0
7ow5,3,0,0.38703954,0.5722136497497559,0.77210623,0.26101223,0.17986275255680084,1.0433589220046997,0.964,0.417,1.212,0.983,0
7ow5,3,1,0.42000923,0.6995893716812134,0.7605127,0.25567466,0.4166633188724518,0.9832304120063782,0.883,0.594,2.821,0.885,0
7ow5,3,4,0.34876013,0.5237402319908142,0.6203765,0.24845944,0.25707143545150757,0.9726863503456116,0.948,0.368,1.275,0.923,0
7ow5,2,0,0.2745617,0.37581098079681396,0.5124982,0.20794891,0.22706249356269836,0.1711599975824356,0.927,0.449,1.674,0.9,0
7ow5,2,1,0.30113715,0.4879043996334076,0.5101184,0.20023148,0.27428242564201355,0.4258606731891632,0.949,0.293,1.17,0.902,0
7ow5,2,4,0.24959621,0.36663493514060974,0.39259556,0.1917837,0.18878546357154846,0.39146506786346436,0.888,0.459,2.791,0.846,0
7ow5,0,1,0.27812898,0.38860344886779785,0.23782347,0.24794005,0.42794308066368103,0.4118896424770355,0.916,0.446,1.736,0.869,0
7ow5,0,4,0.26700857,0.3621959388256073,0.59494895,0.18080164,0.32417893409729004,0.3550708293914795,0.937,0.33,1.248,0.877,0
7ow5,1,4,0.34441763,0.519874632358551,0.5314779,0.2614389,0.21549074351787567,0.504241943359375,0.891,0.477,2.519,0.846,0
7ow6,2,3,0.3566683,0.7738147377967834,0.10374763,0.1436782,0.1461208611726761,0.3506524860858917,0.93,0.399,0.702,0.862,0
7ow6,2,1,0.2244877,0.25561514496803284,0.12295407,0.22349104,0.2865157723426819,0.3224846422672272,0.95,0.199,1.036,0.881,0
7ow6,2,0,0.38878554,0.8221122026443481,0.095310465,0.1836763,0.12615948915481567,0.3562076687812805,0.941,0.223,1.279,0.866,0
7ow6,2,4,0.2681203,0.5346217751502991,0.077732414,0.15732525,0.3252968490123749,0.8494589328765869,0.925,0.372,1.354,0.859,0
7ow6,3,1,0.39345407,0.7722883224487305,0.09543741,0.24919946,0.26463037729263306,0.24089111387729645,0.948,0.373,0.727,0.91,0
7ow6,3,0,0.19316646,0.33176693320274353,0.104716316,0.14918213,0.12717658281326294,0.20323817431926727,0.954,0.373,0.691,0.925,0
7ow6,3,4,0.3644402,0.8014519214630127,0.0664703,0.14906448,0.28631144762039185,0.8099847435951233,0.914,0.467,0.989,0.845,0
7ow6,1,0,0.4137557,0.8276292085647583,0.09855453,0.25084096,0.24491146206855774,0.294477641582489,0.978,0.186,0.719,0.955,0
7ow6,1,4,0.31285337,0.5293052792549133,0.08946772,0.24988265,0.16826201975345612,0.8368797302246094,0.953,0.349,0.538,0.915,0
7ow6,0,4,0.39308265,0.8242916464805603,0.08863081,0.19685058,0.29457682371139526,0.7439836263656616,0.952,0.297,0.688,0.901,0
7pb2,4,3,3.5083885,7.621390342712402,1.7874498,1.8305609,7.387075424194336,2.7794830799102783,0.075,5.993,29.206,0.089,0
7pb2,4,2,4.0180407,8.672188758850098,2.1374772,2.137792,8.210248947143555,3.0024609565734863,0.087,6.495,29.334,0.132,0
7pb2,4,0,1.5728464,3.5449624061584473,0.72097224,0.70263726,4.086757659912109,2.2376670837402344,0.37,2.343,10.324,0.415,0
7pb2,4,1,2.0645022,4.316320896148682,1.285544,1.1946883,4.903293609619141,6.308827877044678,0.318,3.222,9.007,0.306,0
7pb2,3,2,0.9181028,1.6511318683624268,0.63172466,0.60963994,2.7584588527679443,1.601488471031189,0.73,1.167,3.008,0.679,0
7pb2,3,0,2.8350737,5.47582483291626,1.5832968,1.6059295,3.9421133995056152,2.4563403129577637,0.225,3.602,19.319,0.366,0
7pb2,3,1,4.0416064,8.475407600402832,1.527787,1.591398,8.113006591796875,7.458146572113037,0.143,6.663,30.088,0.306,0
7pb2,2,0,3.3246155,6.314666271209717,1.8489022,1.9872782,3.7883243560791016,3.4806392192840576,0.203,4.314,19.504,0.341,0
7pb2,2,1,4.4330025,9.208442687988281,1.7045021,1.8838559,8.804649353027344,8.738143920898438,0.126,7.398,30.179,0.265,0
7pb2,0,1,1.8666146,4.21806526184082,0.808375,0.71568686,3.9949002265930176,5.763296604156494,0.336,3.738,13.008,0.571,0
7pbc,3,2,0.56089824,0.8029049634933472,0.8874664,0.3712282,0.7879348993301392,0.8630685210227966,0.926,0.509,1.115,0.897,1
7pbc,3,0,0.6971346,1.1344183683395386,0.5783453,0.44153553,1.0093815326690674,1.8318337202072144,0.895,0.824,0.732,0.924,1
7pbc,3,1,0.4992153,0.8007773160934448,0.731852,0.26166254,0.4966709315776825,0.6529069542884827,0.966,0.333,1.705,0.984,1
7pbc,3,4,0.67367643,1.1569545269012451,0.20606911,0.3978175,1.4795310497283936,0.5433763265609741,0.925,0.581,1.475,0.933,1
7pbc,2,0,0.62512964,1.0116918087005615,0.6908773,0.36743188,0.5973192453384399,1.8903906345367432,0.893,0.736,1.271,0.894,1
7pbc,2,1,0.54399234,0.746124267578125,0.5304156,0.44261762,0.7072202563285828,0.7445780038833618,0.949,0.236,2.249,0.938,1
7pbc,2,4,0.58263874,0.9266971945762634,0.91264963,0.29007724,1.146902322769165,0.727245569229126,0.947,0.393,1.847,0.95,1
7pbc,0,1,0.6812877,0.9377927780151367,0.68584067,0.5514851,0.8348992466926575,1.0714404582977295,0.958,0.264,1.176,0.922,0
7pbc,0,4,0.60333866,1.0148478746414185,0.6258255,0.32490218,0.7953298687934875,1.1782236099243164,0.942,0.464,1.204,0.933,0
7pbc,1,4,0.5255114,0.8255366086959839,0.75267005,0.29709613,1.4324511289596558,0.3014531135559082,0.893,0.855,1.356,0.95,0
7pbe,4,3,0.33222976,0.4540327489376068,0.50745314,0.23795335,0.3774019777774811,0.12068381905555725,0.962,0.279,1.449,0.949,0
7pbe,4,2,0.6534027,0.6924812197685242,0.6731822,0.6355076,0.5127401351928711,0.5038407444953918,0.938,0.257,1.926,0.89,0
7pbe,4,0,0.416179,0.6367360949516296,0.4438584,0.2868021,0.6105917096138,0.4811737835407257,0.962,0.307,0.829,0.936,0
7pbe,4,1,0.31849498,0.39628446102142334,0.31962243,0.28328845,0.5298289656639099,0.3299381732940674,0.958,0.222,1.52,0.927,0
7pbe,3,2,0.6285946,0.6886623501777649,0.6531949,0.6010198,0.7571150064468384,0.5354695320129395,0.953,0.292,1.51,0.927,0
7pbe,3,0,0.3444424,0.5660675168037415,0.4202355,0.18672301,0.7018046975135803,0.4414246678352356,0.969,0.257,0.949,0.949,0
7pbe,3,1,0.34202284,0.5555654168128967,0.59934056,0.12220047,0.6962082982063293,0.32884180545806885,0.965,0.264,1.036,0.939,0
7pbe,2,0,0.6628354,0.7632712125778198,0.61855173,0.62497914,0.7939251661300659,0.5969500541687012,0.958,0.315,1.555,0.949,0
7pbe,2,1,0.6259703,0.6426538825035095,0.7168876,0.6075418,0.29865342378616333,0.6022274494171143,0.982,0.165,0.632,0.963,0
7pbe,0,1,0.38427725,0.6327713131904602,0.5482889,0.18782483,0.7502729892730713,0.5182121992111206,0.956,0.261,1.108,0.915,0
7pdw,4,2,0.50488937,0.7636433243751526,0.15571181,0.39255083,0.33261486887931824,1.3745496273040771,0.956,0.374,2.129,0.984,0
7pdw,4,3,0.63989645,0.9293180704116821,0.5412689,0.49825507,1.1424388885498047,0.3759068548679352,0.917,0.391,3.407,0.953,0
7pdw,4,1,0.59230363,0.7373044490814209,0.89607364,0.47817293,0.43246036767959595,0.6599227786064148,0.93,0.442,3.031,0.984,0
7pdw,4,0,0.5750527,0.7926540374755859,0.6627388,0.4530306,1.0896294116973877,0.7281950116157532,0.932,0.43,1.725,0.912,0
7pdw,2,3,0.6587082,1.0134046077728271,0.53592753,0.4709399,1.0698401927947998,1.2558282613754272,0.946,0.31,1.792,0.922,0
7pdw,2,1,0.630823,0.9557885527610779,0.91726226,0.39126566,0.6719949841499329,1.4036861658096313,0.926,0.448,2.428,0.935,0
7pdw,2,0,0.62057406,0.9671387672424316,0.6318991,0.4152266,1.1929482221603394,1.3934543132781982,0.923,0.42,0.908,0.853,0
7pdw,3,1,0.56378204,0.8236804604530334,1.0148339,0.31944776,1.0440900325775146,0.600134015083313,0.968,0.253,1.624,0.968,0
7pdw,3,0,0.71399957,1.1533539295196533,0.82404107,0.41881776,1.7692350149154663,0.7858297228813171,0.901,0.442,2.059,0.838,0
7pdw,1,0,0.6259534,0.9601255655288696,1.06948,0.32735193,1.2595988512039185,0.9213247299194336,0.889,0.501,2.325,0.838,0
7phr,3,2,0.21200158,0.2536862790584564,0.46669164,0.1445157,0.4658897817134857,0.10755538940429688,0.975,0.133,1.406,0.959,0
7phr,3,0,0.17852172,0.2962729036808014,0.08476813,0.12801635,0.4632456600666046,0.14530014991760254,0.967,0.18,2.124,0.973,0
7phr,3,1,0.20378754,0.10896401107311249,0.44899717,0.18602532,0.1005726158618927,0.07795422524213791,0.943,0.1,3.214,0.96,0
7phr,3,4,0.1664653,0.12800845503807068,0.08347797,0.18302381,0.14447231590747833,0.05957240238785744,0.939,0.104,3.582,0.973,0
7phr,2,0,0.24767704,0.337100625038147,0.44851655,0.17478429,0.4988618791103363,0.14600099623203278,0.975,0.234,1.359,0.973,0
7phr,2,1,0.2225471,0.26588574051856995,0.08406893,0.21722762,0.4683166444301605,0.08828072994947433,0.965,0.149,2.293,0.973,0
7phr,2,4,0.24173476,0.21534188091754913,0.49570942,0.20759813,0.43844079971313477,0.07824990898370743,0.971,0.083,2.32,0.986,0
7phr,0,1,0.21271963,0.24104204773902893,0.42817083,0.16376142,0.4144050180912018,0.12594160437583923,0.947,0.123,3.042,0.96,0
7phr,0,4,0.20996523,0.3258621394634247,0.120359436,0.16332696,0.4509870111942291,0.13052818179130554,0.956,0.21,2.833,0.986,0
7phr,1,4,0.16515827,0.1682562232017517,0.47292483,0.08269784,0.13925912976264954,0.0779833048582077,0.984,0.139,1.385,0.986,0
7q99,4,0,0.6612153,1.1499935388565063,0.26505154,0.45603192,0.3795950412750244,1.5227277278900146,0.831,0.6,5.446,0.923,0
7q99,4,1,0.52069765,0.9431330561637878,0.0943846,0.3340918,0.22947272658348083,0.9811959266662598,0.92,0.456,1.703,0.884,0
7q99,4,3,0.4323416,0.5723806619644165,0.12315453,0.4029342,0.1545887440443039,0.7063053250312805,0.9,0.415,3.512,0.918,0
7q99,4,2,0.6011946,0.9553072452545166,0.21254364,0.47738564,0.2604559361934662,1.2626478672027588,0.912,0.534,2.399,0.922,0
7q99,0,1,0.65283173,1.1435507535934448,0.17149954,0.47895187,0.5252973437309265,1.397627830505371,0.755,0.662,5.321,0.71,0
7q99,0,3,0.7699111,1.3709062337875366,0.2975043,0.5456169,0.45737940073013306,1.61788809299469,0.75,0.855,5.22,0.77,0
7q99,0,2,0.5791989,0.9045566320419312,0.080255166,0.48927858,0.20203199982643127,0.720716655254364,0.896,0.385,4.66,0.98,0
7q99,1,3,0.77369833,1.2343367338180542,0.20462184,0.60839254,0.25145038962364197,0.926662266254425,0.888,0.594,3.352,0.934,0
7q99,1,2,0.7677225,1.2562261819839478,0.16747147,0.5845457,0.38612091541290283,1.123513102531433,0.894,0.644,3.191,0.961,0
7q99,3,2,0.65879345,1.1806026697158813,0.30248135,0.41801676,0.33584344387054443,1.3193198442459106,0.808,0.808,5.221,0.922,0
7q9a,3,2,0.47358432,0.7335584163665771,0.5246052,0.35277146,0.7088693976402283,0.6019539833068848,0.898,0.421,3.974,0.945,0
7q9a,3,0,0.4255981,0.5873280167579651,0.64988095,0.32702175,0.1775483340024948,0.4927889406681061,0.909,0.521,3.162,0.957,0
7q9a,3,1,0.435624,0.6383715867996216,0.49882737,0.34359506,0.661988377571106,0.3656693398952484,0.923,0.386,2.791,0.929,0
7q9a,3,4,0.72764677,1.3197038173675537,0.54685694,0.43335176,0.9150580167770386,1.179388403892517,0.777,0.947,5.644,0.922,0
7q9a,2,0,0.4860641,0.7219525575637817,0.37710038,0.4013317,0.6889392137527466,0.4676550030708313,0.892,0.359,4.049,0.914,0
7q9a,2,1,0.4460265,0.49594974517822266,0.5445836,0.41824076,0.30310577154159546,0.4576483368873596,0.97,0.243,1.617,0.971,0
7q9a,2,4,0.59850353,0.9608079195022583,0.5805876,0.43838024,0.5033348798751831,1.0224498510360718,0.843,0.726,4.292,0.922,0
7q9a,0,1,0.45892283,0.6765831708908081,0.41491267,0.37472576,0.6107040643692017,0.22252488136291504,0.93,0.362,2.559,0.929,0
7q9a,0,4,0.5928318,1.0071913003921509,0.43634075,0.41124216,0.8278801441192627,0.8870915174484253,0.901,0.57,2.971,0.938,0
7q9a,1,4,0.6185385,1.081240177154541,0.1773956,0.42456412,0.5835584402084351,0.9654272198677063,0.863,0.704,3.621,0.922,0
7q9b,2,3,0.46533972,0.7043250799179077,0.13362929,0.37766823,1.0783041715621948,0.8356576561927795,0.944,0.325,2.079,0.932,0
7q9b,2,1,0.44793674,0.700157642364502,0.15833694,0.34797633,0.6515823602676392,0.7026064395904541,0.941,0.451,0.846,0.915,0
7q9b,2,0,0.41213426,0.6505924463272095,0.24284823,0.309823,0.5599461793899536,0.9514275193214417,0.941,0.403,1.405,0.917,0
7q9b,2,4,0.5024222,0.7446662783622742,0.5429261,0.3835084,1.0095040798187256,0.964320182800293,0.946,0.402,0.945,0.917,0
7q9b,3,1,0.4700523,0.8294106125831604,0.099157505,0.2937597,1.0932955741882324,0.3212454915046692,0.915,0.589,2.341,0.949,0
7q9b,3,0,0.4377286,0.7992956042289734,0.21200629,0.23884195,1.1861820220947266,0.7007129192352295,0.924,0.594,1.774,0.95,0
7q9b,3,4,0.34333152,0.5129836201667786,0.5369803,0.228531,0.260239839553833,0.6119085550308228,0.952,0.458,1.774,0.983,0
7q9b,1,0,0.39424974,0.670181155204773,0.258253,0.2527293,0.33954328298568726,0.6495417356491089,0.95,0.375,1.345,0.933,0
7q9b,1,4,0.50114685,0.7908254265785217,0.5452285,0.34435722,0.9854494333267212,0.8112550377845764,0.94,0.476,1.261,0.933,0
7q9b,0,4,0.5208641,0.8618994951248169,0.5766244,0.31653303,1.0328489542007446,1.050767421722412,0.946,0.454,1.432,0.95,0
7qpj,4,0,0.3736088,0.5674048066139221,0.09100676,0.28559458,0.47383469343185425,0.1949324607849121,0.968,0.235,1.477,0.957,0
7qpj,4,1,0.5373921,0.9160546064376831,0.19176407,0.31335384,1.5190423727035522,0.15495899319648743,0.935,0.549,1.002,0.938,0
7qpj,4,3,0.48479304,0.7543905973434448,0.4027041,0.33274162,0.5836598873138428,0.34000876545906067,0.912,0.47,3.273,0.954,0
7qpj,4,2,0.48272264,0.8513786196708679,0.28801987,0.23370923,1.3859062194824219,0.25341710448265076,0.936,0.607,0.729,0.957,0
7qpj,0,1,0.5015663,0.9113165140151978,0.15923803,0.22506645,1.5540822744369507,0.19834205508232117,0.921,0.566,1.593,0.922,0
7qpj,0,3,0.42663473,0.6785860657691956,0.3836284,0.27828482,0.4278121888637543,0.30166709423065186,0.915,0.4,3.252,0.938,0
7qpj,0,2,0.4724827,0.760872483253479,0.30642992,0.31427085,1.3508623838424683,0.3524627685546875,0.901,0.653,1.981,0.913,0
7qpj,1,3,0.5846359,1.0143126249313354,0.40016884,0.3039412,1.6570076942443848,0.3082878589630127,0.916,0.343,3.201,0.923,0
7qpj,1,2,0.66696185,1.174546718597412,0.33161005,0.3389637,2.0441787242889404,0.2990691661834717,0.928,0.324,1.415,0.855,0
7qpj,3,2,0.66015685,1.0229579210281372,0.51067996,0.47143692,1.3500375747680664,0.3784860372543335,0.825,0.83,3.71,0.87,0
7r80,4,2,1.5547574,2.9282784461975098,1.1123824,0.9434796,3.732996940612793,1.7451891899108887,0.56,2.027,4.307,0.531,0
7r80,4,3,1.2087659,1.5553557872772217,3.0525715,0.6352004,1.5211225748062134,0.9307056069374084,0.697,1.21,3.228,0.61,0
7r80,4,1,1.2399716,1.9632669687271118,2.4784045,0.66932976,1.8188323974609375,1.2874810695648193,0.693,1.454,3.083,0.68,0
7r80,4,0,1.5547636,3.087790012359619,1.245879,0.77545,3.8170557022094727,2.0816376209259033,0.526,2.09,6.059,0.574,0
7r80,2,3,1.3989667,1.824015498161316,3.3228316,0.76438713,2.633793830871582,0.8086507320404053,0.683,1.203,3.836,0.61,0
7r80,2,1,1.0644062,1.4906433820724487,2.566995,0.4710203,2.3660683631896973,0.7052949070930481,0.828,0.893,2.007,0.8,0
7r80,2,0,0.85613805,1.3621935844421387,1.0971438,0.5657983,1.3518176078796387,1.7700142860412598,0.748,0.861,5.492,0.787,0
7r80,3,1,0.9159759,1.024369239807129,2.4258628,0.5170112,0.9634937047958374,0.5671709179878235,0.801,0.77,3.551,0.76,0
7r80,3,0,1.4964771,2.3056933879852295,3.4667354,0.63774425,3.249249219894409,1.71881902217865,0.604,1.37,6.109,0.607,0
7r80,1,0,1.170176,1.8871543407440186,2.7009337,0.3907379,2.8833017349243164,1.5432252883911133,0.725,0.968,4.303,0.672,1
7rk7,1,0,1.7108475,3.7652857303619385,0.5872334,0.42811495,5.414432048797607,1.8408548831939697,0.685,1.378,2.883,0.615,0
7rk7,1,2,1.4829062,3.0909810066223145,0.7901337,0.62768567,5.4782633781433105,3.013843297958374,0.654,1.274,4.55,0.602,0
7rk7,1,3,2.1046848,4.498517036437988,1.0157617,0.7428954,5.834904670715332,2.7483017444610596,0.483,1.863,7.345,0.483,0
7rk7,1,4,2.1470995,4.7539496421813965,0.69198656,0.47211334,5.759307861328125,2.220731019973755,0.582,1.953,3.554,0.523,0
7rk7,0,2,1.4169723,2.8357224464416504,0.52748644,0.558327,2.5879838466644287,2.939392566680908,0.656,1.089,5.419,0.602,0
7rk7,0,3,2.301806,4.510882377624512,1.1938596,1.0116165,7.019082546234131,3.311211347579956,0.409,2.265,7.642,0.368,0
7rk7,0,4,2.4614048,5.085793495178223,0.8409524,0.6766354,7.490516662597656,2.914245367050171,0.53,2.369,3.257,0.432,0
7rk7,2,3,2.325853,4.574836730957031,1.124774,0.8807517,6.609952926635742,2.8465826511383057,0.459,1.992,7.793,0.471,0
7rk7,2,4,2.7569046,5.494332313537598,1.1436625,0.93936825,7.1475396156311035,3.1642942428588867,0.474,2.494,5.845,0.477,0
7rk7,3,4,1.6844476,3.379535675048828,0.94404,0.7246956,4.356594085693359,2.8278043270111084,0.599,1.71,5.844,0.682,1
7rm4,2,3,7.885181,17.28762435913086,3.182342,2.9905612,10.205464363098145,23.015357971191406,0.049,15.921,34.737,0.082,0
7rm4,2,1,1.6323664,3.5835886001586914,0.5848897,0.6204616,5.379308223724365,3.020918607711792,0.544,1.937,5.255,0.533,0
7rm4,2,0,8.065097,17.321718215942383,3.6220114,3.495833,10.099652290344238,23.766626358032227,0.049,13.74,32.082,0.068,0
7rm4,2,4,6.6911845,14.602065086364746,2.818126,2.619722,7.535105228424072,20.370582580566406,0.041,12.956,31.064,0.04,0
7rm4,3,1,9.075449,18.62301254272461,3.2756214,3.230115,7.912116050720215,21.75933074951172,0.06,17.002,34.632,0.117,0
7rm4,3,0,1.9562647,4.028467178344727,0.8881334,0.64637345,3.6780076026916504,4.276219367980957,0.296,2.964,14.675,0.432,0
7rm4,3,4,3.7897484,7.356396198272705,1.7541726,1.8992257,5.656778812408447,8.875659942626953,0.098,6.156,24.707,0.133,0
7rm4,1,0,8.746147,17.993349075317383,3.3830616,3.325888,8.10206127166748,24.742162704467773,0.071,14.77,32.214,0.136,0
7rm4,1,4,7.5960584,15.925443649291992,2.4753928,2.420227,6.9884796142578125,21.55779266357422,0.075,14.032,31.484,0.147,0
7rm4,0,4,3.166864,5.676360130310059,1.8564487,1.8312094,5.946969985961914,7.047293663024902,0.242,3.747,11.325,0.227,0
7rrg,4,1,1.0698127,1.924181342124939,0.695313,0.73530924,2.69745135307312,1.6075177192687988,0.669,1.436,3.779,0.65,0
7rrg,4,0,7.69844,17.336563110351562,1.5876465,1.3210244,18.7691593170166,13.181389808654785,0.04,16.814,40.2,0.069,0
7rrg,4,2,7.4182544,16.743146896362305,1.3339144,1.1608816,17.19700813293457,13.036115646362305,0.046,16.086,35.609,0.075,0
7rrg,4,3,7.6704526,17.21391487121582,1.6392856,1.5008665,17.840408325195312,13.32201862335205,0.048,16.096,37.252,0.087,0
7rrg,1,0,7.71616,17.38673210144043,1.2647653,1.342734,18.118242263793945,12.754426956176758,0.028,16.07,41.122,0.034,0
7rrg,1,2,7.413232,16.737464904785156,1.2181797,1.1713495,15.966547966003418,12.735861778259277,0.033,15.381,36.276,0.038,0
7rrg,1,3,7.6205673,17.107847213745117,1.3535062,1.5168133,16.93589973449707,12.982266426086426,0.033,15.399,38.072,0.043,0
7rrg,0,2,1.7450999,3.636199474334717,0.73549676,0.5087439,5.62790060043335,3.6727969646453857,0.466,1.701,9.729,0.528,0
7rrg,0,3,1.2745329,2.6615777015686035,0.45869753,0.36961076,3.3302032947540283,3.8943612575531006,0.762,0.894,5.555,0.848,0
7rrg,2,3,1.4864081,3.1229782104492188,0.7488909,0.65287954,4.437252044677734,2.9056591987609863,0.583,1.698,5.522,0.609,0
7rtr,3,2,0.93198234,1.459991693496704,0.7574161,0.63960606,1.6683454513549805,1.1086078882217407,0.838,0.928,2.607,0.877,0
7rtr,3,0,1.1726803,1.8725427389144897,1.1888274,0.73251903,1.9277666807174683,2.7919178009033203,0.751,0.987,2.806,0.653,0
7rtr,3,1,0.67998016,1.0921562910079956,0.80254453,0.39378652,0.983336865901947,0.8664001226425171,0.875,0.658,1.236,0.808,0
7rtr,3,4,0.97858936,1.6267013549804688,1.1718323,0.49777174,1.2610814571380615,2.792909622192383,0.819,0.75,2.718,0.75,0
7rtr,2,0,1.6597458,2.6433165073394775,1.3866779,1.1121786,2.1857240200042725,3.4589755535125732,0.608,1.695,4.27,0.587,0
7rtr,2,1,1.2469984,2.053898572921753,1.0077698,0.77569187,1.7170531749725342,1.648641586303711,0.72,1.435,2.735,0.731,0
7rtr,2,4,1.405474,2.352864980697632,1.3575659,0.79460424,1.5936920642852783,3.315314531326294,0.66,1.507,4.277,0.684,0
7rtr,0,1,0.96370995,1.5508208274841309,1.2633128,0.5280741,1.3613557815551758,2.5460102558135986,0.848,0.65,2.014,0.756,0
7rtr,0,4,0.79587275,1.171987533569336,1.0228348,0.5462057,1.2538186311721802,1.0451810359954834,0.897,0.563,1.761,0.855,0
7rtr,1,4,0.91386086,1.5180450677871704,1.2984633,0.41609758,1.0176315307617188,2.7332534790039062,0.896,0.531,2.536,0.882,0
7su9,1,0,1.015111,1.8067418336868286,0.7754337,0.6790749,3.298192262649536,0.9767202138900757,0.767,1.198,4.224,0.887,0
7su9,1,2,0.5901086,0.8284447193145752,0.77194536,0.4856504,0.6640784740447998,0.4692728519439697,0.901,0.481,3.761,0.959,0
7su9,1,3,1.5240235,3.040170431137085,0.9386112,0.7539752,5.353781223297119,1.6494181156158447,0.713,1.439,2.742,0.713,0
7su9,1,4,1.1836048,2.5111935138702393,0.3782706,0.42103574,5.04340934753418,0.8369817733764648,0.732,0.975,5.531,0.79,0
7su9,0,2,1.0635483,1.7744191884994507,0.6106278,0.7956133,2.5494208335876465,1.0150843858718872,0.787,1.143,2.766,0.824,0
7su9,0,3,1.4653405,2.969740867614746,0.7313551,0.65134466,5.138672828674316,1.7089017629623413,0.696,1.384,3.06,0.662,0
7su9,0,4,1.2807436,2.485011100769043,0.6964067,0.68864495,5.226187229156494,1.3034861087799072,0.747,1.185,2.289,0.691,0
7su9,2,3,1.5902015,3.1396868228912354,0.6068906,0.8477099,5.434927940368652,1.735745906829834,0.669,1.428,4.169,0.675,0
7su9,2,4,1.28521,2.6025795936584473,0.7295943,0.5949552,5.037761688232422,0.7597112655639648,0.734,1.034,4.295,0.728,0
7su9,3,4,1.2193185,2.4406824111938477,0.81965166,0.60323614,4.207256317138672,1.4183268547058105,0.744,1.062,4.581,0.79,2
8cx4,0,1,1.91596,3.3730874061584473,2.9425132,0.8723898,3.6619060039520264,3.3173015117645264,0.459,2.32,8.967,0.609,1
8cx4,0,3,2.8061588,5.305807113647461,1.8368663,1.4108284,3.9540390968322754,6.086368083953857,0.207,3.865,15.6,0.261,1
8cx4,0,2,1.8566344,3.5714430809020996,0.9878341,0.88700414,1.99587082862854,3.2896676063537598,0.537,2.494,5.591,0.648,1
8cx4,0,4,2.7168791,5.229702949523926,1.9881421,1.2190394,4.474923610687256,5.506519317626953,0.306,3.818,9.502,0.34,1
8cx4,1,3,1.8804934,3.509361743927002,2.7262213,0.9301363,1.7369438409805298,5.339338302612305,0.426,1.998,8.777,0.435,0
8cx4,1,2,2.3563313,4.687150955200195,3.0201478,0.9641494,3.769118070602417,3.7856204509735107,0.332,3.754,9.372,0.407,0
8cx4,1,4,1.8627241,3.6022255420684814,2.6122847,0.81487715,1.882279396057129,4.477827548980713,0.386,2.492,8.289,0.38,0
8cx4,3,2,3.1848023,6.979499340057373,1.908672,1.350873,4.686916828155518,6.861165523529053,0.178,5.262,14.512,0.204,1
8cx4,3,4,1.4764603,3.1087582111358643,0.95703644,0.7524028,2.640681505203247,3.168583393096924,0.352,2.099,13.667,0.44,1
8cx4,2,4,3.4387336,7.246729850769043,2.1010327,1.3059971,5.151412487030029,6.682164192199707,0.169,5.825,13.44,0.16,0
8d5q,2,3,0.54481614,0.6258144974708557,0.8533041,0.46299326,0.4804407060146332,0.7534298896789551,0.939,0.218,2.031,0.891,0
8d5q,2,1,0.48188752,0.5353251695632935,0.75602853,0.41782978,0.5121262073516846,0.3865797221660614,0.929,0.461,1.595,0.906,0
8d5q,2,0,0.63424814,0.6734781265258789,0.594947,0.62396914,0.5662248134613037,0.7857390642166138,0.93,0.393,2.529,0.937,0
8d5q,2,4,0.5444675,0.7070265412330627,0.6608343,0.4558855,0.4531054198741913,0.884682834148407,0.91,0.365,3.589,0.938,0
8d5q,3,1,0.523883,0.6305537819862366,0.42662087,0.49222323,0.530365526676178,0.7273604273796082,0.928,0.468,1.567,0.906,0
8d5q,3,0,0.62044173,0.6932624578475952,0.91728103,0.5482108,0.7102279663085938,0.718703031539917,0.928,0.384,1.433,0.873,0
8d5q,3,4,0.5952873,0.6515865921974182,0.9223471,0.5237076,0.5840012431144714,0.812797486782074,0.922,0.408,1.72,0.875,0
8d5q,1,0,0.7433081,1.1357929706573486,0.82920176,0.51719725,0.6322910785675049,0.8884981274604797,0.883,0.616,2.763,0.889,0
8d5q,1,4,0.7125847,1.1122102737426758,0.83740395,0.46814403,0.7312145829200745,0.920202374458313,0.899,0.598,2.893,0.938,0
8d5q,0,4,0.66070765,0.7139711380004883,0.25711742,0.67288816,0.9284474849700928,0.5720773935317993,0.924,0.444,2.036,0.906,0
8dnt,2,3,0.39169604,0.6625126600265503,0.11229566,0.23876736,0.7183436751365662,0.23112711310386658,0.96,0.234,1.377,0.93,0
8dnt,2,1,0.32715762,0.3866439163684845,0.37611654,0.29413068,0.46937331557273865,0.12414389848709106,0.972,0.183,0.998,0.944,0
8dnt,2,0,0.7034958,1.2783249616622925,0.63523847,0.24015695,2.48472261428833,0.295992374420166,0.854,0.478,3.716,0.814,0
8dnt,2,4,0.42489883,0.6594749689102173,0.40325227,0.28746387,0.7550588250160217,0.35094761848449707,0.919,0.314,3.085,0.914,0
8dnt,3,1,0.39568725,0.4791078269481659,0.37699327,0.36113542,0.5968044400215149,0.19068269431591034,0.946,0.253,2.214,0.93,0
8dnt,3,0,0.7370424,1.2167840003967285,0.6294022,0.45067316,2.28853178024292,0.2554886043071747,0.895,0.482,2.716,0.871,0
8dnt,3,4,0.40616977,0.3727648854255676,0.41784742,0.4168979,0.6843438148498535,0.16087907552719116,0.965,0.202,1.801,0.957,0
8dnt,1,0,0.7160282,1.2269361019134521,0.5217428,0.3803217,2.31436824798584,0.3058870732784271,0.834,0.562,4.659,0.857,0
8dnt,1,4,0.45380548,0.6288005709648132,0.545237,0.34683266,0.8541424870491028,0.30902227759361267,0.906,0.365,3.85,0.943,0
8dnt,0,4,0.7511257,1.3346391916275024,0.5680199,0.34876075,2.5592544078826904,0.3198612332344055,0.912,0.445,2.317,0.886,0
8en8,4,1,0.76500195,1.451744556427002,0.34802464,0.35445175,0.6004410982131958,2.4296510219573975,0.784,0.812,2.768,0.675,0
8en8,4,0,0.81649375,1.5140680074691772,0.2671258,0.43142685,0.5617254376411438,2.650446891784668,0.825,0.719,2.152,0.722,0
8en8,4,2,0.6910396,1.3696680068969727,0.2787752,0.22936569,0.439266175031662,2.4442453384399414,0.863,0.676,1.234,0.779,0
8en8,4,3,1.0158134,1.769285798072815,0.76799333,0.61478335,0.8410271406173706,2.7234699726104736,0.792,0.902,1.727,0.68,0
8en8,1,0,0.45272592,0.6143028140068054,0.26214212,0.3955931,0.2709867060184479,0.9554370045661926,0.961,0.307,0.774,0.931,0
8en8,1,2,0.46103436,0.7831100821495056,0.27378497,0.2854292,0.3943573236465454,1.1802473068237305,0.923,0.481,1.967,0.912,0
8en8,1,3,0.81964064,1.1794263124465942,0.71111834,0.6543732,0.4414162039756775,1.2456806898117065,0.835,0.749,3.383,0.84,0
8en8,0,2,0.48370576,0.6438614726066589,0.13213673,0.4392695,0.27124497294425964,1.0882771015167236,0.928,0.405,1.534,0.882,0
8en8,0,3,0.694913,0.894018828868866,0.7146788,0.60765857,0.40207675099372864,0.5564374327659607,0.872,0.611,2.739,0.853,0
8en8,2,3,0.7029325,0.8854286074638367,0.7211294,0.6266169,0.5396996736526489,1.0645015239715576,0.858,0.724,1.954,0.813,0
8enh,2,3,0.690405,0.5875076651573181,0.69531107,0.7218106,0.23098257184028625,0.5438669919967651,0.92,0.609,0.861,0.912,0
8enh,2,1,0.73282325,0.7132189869880676,0.7920133,0.73310363,0.5101562738418579,0.60017991065979,0.927,0.448,1.304,0.887,0
8enh,2,0,0.7319997,0.7368890047073364,0.87303287,0.714166,0.4663197100162506,0.8893826007843018,0.926,0.56,2.267,0.967,0
8enh,2,4,0.69574976,0.9623502492904663,0.8233143,0.55914354,0.48560529947280884,1.0389102697372437,0.887,0.583,1.296,0.814,0
8enh,3,1,0.85762,1.555906057357788,0.40698528,0.46109968,0.5869772434234619,0.6679603457450867,0.914,0.499,1.883,0.887,0
8enh,3,0,0.57123417,0.9074358344078064,0.7016247,0.37040332,0.5542565584182739,1.0169888734817505,0.91,0.502,2.893,0.933,0
8enh,3,4,1.0855775,1.8978337049484253,0.96975935,0.60492784,0.531873881816864,1.2635174989700317,0.886,0.599,1.125,0.814,0
8enh,1,0,0.50717604,0.6677448749542236,0.62650967,0.42300716,0.5395209193229675,0.8785127997398376,0.886,0.762,1.693,0.9,0
8enh,1,4,0.86885893,1.1825580596923828,1.0739522,0.703143,0.780276358127594,1.0772740840911865,0.832,0.751,2.398,0.771,0
8enh,0,4,0.7992108,1.10648775100708,1.1044852,0.6143982,0.543771505355835,1.3086488246917725,0.845,0.581,3.162,0.786,0
8eo8,4,3,0.57597107,0.6235243082046509,0.113033384,0.5862626,1.0032328367233276,0.32473990321159363,0.772,1.558,2.288,0.901,0
8eo8,4,2,0.58965933,0.9923563599586487,0.18489468,0.38601026,1.8343853950500488,0.6394668817520142,0.819,0.688,5.076,0.893,0
8eo8,4,0,0.6435602,0.8391753435134888,0.5808039,0.5630001,1.4595513343811035,0.6352289915084839,0.817,1.197,2.074,0.897,0
8eo8,4,1,0.79003,0.9993562698364258,0.6855637,0.7100981,1.4445363283157349,0.7879627346992493,0.771,1.526,2.167,0.883,0
8eo8,3,2,0.80363715,1.072796106338501,0.1553519,0.72587776,2.05798602104187,0.6867585778236389,0.892,0.553,2.812,0.893,0
8eo8,3,0,0.77582,0.7442430257797241,0.5825598,0.80348295,1.3678462505340576,0.6226866245269775,0.915,0.638,1.374,0.923,0
8eo8,3,1,0.80948746,0.9650697112083435,0.68300205,0.7583155,1.5051634311676025,0.7266146540641785,0.885,0.897,1.059,0.935,0
8eo8,2,0,0.6279378,0.9252605438232422,0.58925754,0.47945938,1.7240890264511108,0.5473251938819885,0.822,0.891,3.688,0.885,0
8eo8,2,1,0.70523244,0.7820136547088623,0.69210714,0.6762986,0.9630536437034607,0.6422220468521118,0.799,1.073,3.336,0.87,0
8eo8,0,1,0.5632936,0.6974719166755676,0.37413728,0.5228716,1.0028940439224243,0.4848482012748718,0.956,0.388,0.553,0.935,0
8es8,3,2,0.7718425,1.5109390020370483,0.21257585,0.39930585,1.4097037315368652,2.2189040184020996,0.859,0.719,1.208,0.784,0
8es8,3,0,0.8461104,1.6047003269195557,0.43867683,0.47434977,1.7987843751907349,1.7409253120422363,0.679,1.105,6.507,0.758,0
8es8,3,1,1.0556479,1.985742211341858,0.47694537,0.61521584,2.3766424655914307,1.6581419706344604,0.679,1.29,3.855,0.632,0
8es8,3,4,1.1609179,2.2686119079589844,0.4087329,0.59849334,1.9046262502670288,2.5281057357788086,0.491,1.715,8.717,0.552,0
8es8,2,0,0.98575276,1.9738439321517944,0.32595143,0.4042188,0.8971036076545715,2.157318353652954,0.709,0.874,5.729,0.694,0
8es8,2,1,1.2549899,2.5540552139282227,0.38393366,0.450316,2.2000772953033447,2.3717041015625,0.619,1.449,4.289,0.544,0
8es8,2,4,1.4074525,2.823509693145752,0.40021932,0.5750551,2.2448997497558594,3.3669495582580566,0.436,2.022,9.327,0.5,0
8es8,0,1,1.106047,2.254852771759033,0.29332525,0.4907764,2.110183000564575,1.3823866844177246,0.642,1.441,6.171,0.75,0
8es8,0,4,1.4957145,3.066793918609619,0.41007423,0.6387589,2.3588860034942627,2.8266448974609375,0.355,2.621,14.797,0.569,0
8es8,1,4,1.3356484,2.802818775177002,0.26427782,0.4568019,1.6241447925567627,2.5198605060577393,0.458,2.186,11.687,0.707,1
8es9,0,1,1.188802,2.4151241779327393,0.85797447,0.48253557,1.7323437929153442,4.043091773986816,0.454,1.755,13.25,0.649,0
8es9,0,3,1.1394536,2.2271475791931152,0.9640364,0.54495823,1.4541949033737183,3.8352808952331543,0.475,1.482,11.125,0.55,0
8es9,0,2,1.3179706,2.6231460571289062,0.97336626,0.60280704,1.3461977243423462,4.5843048095703125,0.306,2.23,15.06,0.364,0
8es9,0,4,1.3569975,2.710813522338867,1.212297,0.5596384,1.7287546396255493,4.484457492828369,0.338,2.145,14.897,0.44,0
8es9,1,3,0.75798047,1.0737837553024292,0.9784019,0.58688974,1.1215029954910278,0.6868868470191956,0.807,0.685,3.315,0.725,0
8es9,1,2,0.75284785,1.142506718635559,1.5101136,0.35160303,1.3385016918182373,1.0986988544464111,0.713,0.811,4.226,0.564,0
8es9,1,4,0.63599265,0.9331084489822388,0.658869,0.50304395,1.044384479522705,1.039900779724121,0.813,0.575,2.725,0.66,0
8es9,3,2,0.7652217,1.0165438652038574,1.3304914,0.5483841,0.7482559084892273,1.0734062194824219,0.623,1.058,6.936,0.6,0
8es9,3,4,0.64991164,0.9994471073150635,1.1535099,0.36197487,0.6053732633590698,0.9355958700180054,0.707,0.854,5.766,0.68,0
8es9,2,4,0.73876196,0.7101231813430786,1.7369252,0.50893676,0.8456169366836548,0.5420175790786743,0.912,0.484,1.952,0.88,0
8f5a,4,3,0.81688994,1.1117205619812012,1.8867235,0.42914367,0.5766363739967346,1.2596800327301025,0.828,0.662,2.484,0.726,0
8f5a,4,2,0.8952609,1.597495198249817,1.1931884,0.4673627,0.6944889426231384,1.4754101037979126,0.719,0.967,5.135,0.717,0
8f5a,4,0,0.97943544,1.2148820161819458,2.4349747,0.51440895,0.6951767802238464,1.7949587106704712,0.815,0.75,2.026,0.699,0
8f5a,4,1,0.9486101,1.4832243919372559,1.6918831,0.5504402,1.2199857234954834,1.3919448852539062,0.775,0.867,3.872,0.746,0
8f5a,3,2,0.7973383,1.0539841651916504,1.8475935,0.42209384,0.8907158374786377,1.1233935356140137,0.853,0.731,2.835,0.85,1
8f5a,3,0,0.6713142,0.8762352466583252,1.2391177,0.4792699,0.6085203289985657,1.292664885520935,0.885,0.59,2.149,0.849,1
8f5a,3,1,1.0430398,1.1727930307388306,2.6927624,0.56482524,1.1769202947616577,0.8800691366195679,0.75,0.833,5.694,0.797,1
8f5a,2,0,1.0808421,1.58921217918396,2.3845263,0.5681175,0.8932016491889954,2.4730865955352783,0.675,1.123,4.842,0.63,0
8f5a,2,1,0.9939283,1.6056294441223145,1.3915019,0.69196653,1.1775078773498535,1.646080732345581,0.616,1.203,8.022,0.712,0
8f5a,0,1,1.1577764,1.3018338680267334,3.025424,0.6037013,0.9455947875976562,1.4853893518447876,0.747,0.963,5.07,0.797,0
8gom,1,0,9.3749485,19.340499877929688,2.7029574,1.962738,13.824532508850098,13.623700141906738,0.038,15.259,41.19,0.062,0
8gom,1,2,9.3331375,19.340593338012695,1.9778681,1.7617815,14.130718231201172,13.409538269042969,0.047,14.709,41.026,0.09,0
8gom,1,3,9.363995,19.389585494995117,2.1005983,1.8056356,13.586406707763672,13.56103515625,0.034,14.88,40.297,0.05,0
8gom,1,4,0.8462607,1.4340178966522217,1.0699352,0.48310852,1.4314453601837158,2.0995852947235107,0.811,0.769,2.807,0.74,0
8gom,0,2,1.1356388,1.7366859912872314,2.260867,0.513708,1.258693814277649,2.9577364921569824,0.842,0.795,1.071,0.761,0
8gom,0,3,0.95715994,1.2260340452194214,2.2524803,0.5024999,1.22920560836792,1.4922418594360352,0.874,0.622,1.544,0.8,0
8gom,0,4,9.556056,19.36549949645996,2.4468415,1.1586392,10.815719604492188,13.965487480163574,0.043,16.009,41.885,0.08,0
8gom,2,3,0.9543098,1.6209121942520142,0.33875233,0.5828603,0.9647318720817566,3.0353803634643555,0.909,0.507,1.188,0.85,0
8gom,2,4,9.849348,19.31955909729004,1.1235981,1.2230184,10.532870292663574,13.587688446044922,0.056,16.181,41.681,0.12,0
8gom,3,4,9.8011265,19.281089782714844,1.2033427,1.2165799,10.39813232421875,13.810935974121094,0.037,16.115,40.964,0.06,0
8gon,0,1,2.6060565,5.347799301147461,1.4653422,1.268355,,2.945293664932251,0.158,3.795,26.558,0.246,0
8gon,0,3,4.3362164,9.049361228942871,1.9477769,1.9969728,,6.092833995819092,0.055,6.531,38.679,0.068,0
8gon,0,2,3.9240422,8.213106155395508,1.7437825,1.7806087,,5.427350044250488,0.078,5.759,37.565,0.123,0
8gon,0,4,4.063676,8.73317813873291,1.3663704,1.5906798,,6.391050338745117,0.058,6.317,37.942,0.072,0
8gon,1,3,2.2058067,4.080989360809326,1.1322026,1.1550505,1.7582038640975952,4.271022796630859,0.289,3.015,13.902,0.397,1
8gon,1,2,1.6356013,3.1100549697875977,0.8756807,0.74485993,1.536874771118164,3.2278170585632324,0.39,2.198,12.176,0.523,1
8gon,1,4,2.3217194,4.417093276977539,1.235447,1.0549605,2.651705265045166,5.346607208251953,0.311,2.774,12.94,0.406,1
8gon,3,2,0.891424,1.33444344997406,0.8686321,0.65326786,0.34221234917640686,1.6865620613098145,0.82,0.921,2.273,0.8,1
8gon,3,4,1.5387185,2.5028531551361084,1.2808744,0.9894272,2.1101267337799072,3.9398000240325928,0.764,1.248,1.978,0.754,1
8gon,2,4,1.5109483,2.572160243988037,1.1454369,0.921528,2.1708664894104004,4.006196975708008,0.745,1.204,1.761,0.667,1
8gvb,4,1,0.5552484,0.8325832486152649,0.28850663,0.48777008,1.3380447626113892,0.2098410725593567,0.962,0.367,0.617,0.947,0
8gvb,4,0,0.6553654,1.4749853610992432,0.12069268,0.22273454,1.6668403148651123,0.2637767493724823,0.889,0.567,1.839,0.835,0
8gvb,4,2,0.45731014,0.9179237484931946,0.094316654,0.2761943,1.6249778270721436,0.408191978931427,0.957,0.34,0.688,0.926,0
8gvb,4,3,0.46615633,0.6451218724250793,0.35620317,0.42231184,1.0938301086425781,0.3491325378417969,0.959,0.35,0.906,0.939,0
8gvb,1,0,0.6239429,0.9941731691360474,0.23255199,0.5341353,0.9441736936569214,0.1793721616268158,0.903,0.467,1.721,0.835,0
8gvb,1,2,0.5810192,0.9121639132499695,0.26607385,0.50074965,1.4623631238937378,0.35232165455818176,0.935,0.394,0.782,0.877,0
8gvb,1,3,0.4553695,0.7524234652519226,0.15331228,0.37865767,1.1056783199310303,0.3486689031124115,0.939,0.363,0.558,0.878,0
8gvb,0,2,0.73333377,1.4965051412582397,0.13873659,0.3891115,1.3312474489212036,0.4561684727668762,0.897,0.511,2.057,0.852,0
8gvb,0,3,0.7526869,1.4474003314971924,0.30837905,0.46914145,1.1464613676071167,0.41280174255371094,0.911,0.559,1.279,0.878,0
8gvb,2,3,0.52442044,0.5532323122024536,0.34027433,0.5323581,0.9633533358573914,0.20137478411197662,0.954,0.332,1.17,0.927,0
8gvg,0,1,0.701163,1.1888697147369385,0.43312904,0.5289501,0.4118528962135315,0.5033141374588013,0.929,0.493,1.05,0.899,0
8gvg,0,3,1.0072168,2.085996389389038,0.71911436,0.4337848,0.9708505868911743,0.9352402687072754,0.942,0.433,1.199,0.921,0
8gvg,0,2,0.7335724,1.3279378414154053,0.20606126,0.5153203,0.948752760887146,0.7480195164680481,0.944,0.466,0.942,0.933,0
8gvg,0,4,1.0173951,2.092423439025879,0.75008625,0.45242062,0.4081091582775116,0.9315772652626038,0.929,0.556,0.957,0.921,0
8gvg,1,3,0.869225,1.8032487630844116,0.5878997,0.42248216,0.9357009530067444,0.7692422866821289,0.928,0.55,1.163,0.921,0
8gvg,1,2,0.62876004,1.117583990097046,0.3916227,0.45607784,0.6269926428794861,0.5388638377189636,0.972,0.298,0.617,0.96,0
8gvg,1,4,0.8223559,1.68965482711792,0.594351,0.41131943,0.2707817554473877,0.5196042060852051,0.952,0.431,0.431,0.934,0
8gvg,3,2,0.74733865,1.477676272392273,0.66441756,0.39385664,1.3642438650131226,0.7198771238327026,0.934,0.521,0.885,0.92,0
8gvg,3,4,0.57268107,1.0988374948501587,0.17971268,0.36384222,0.8833014965057373,0.7432129979133606,0.954,0.433,1.301,0.961,0
8gvg,2,4,0.76242626,1.544698715209961,0.68110883,0.37315524,1.7314300537109375,0.47290685772895813,0.948,0.419,0.623,0.921,0
8gvi,4,0,0.52029395,0.8424735069274902,0.5382601,0.4072903,0.14681939780712128,0.1576009839773178,0.967,0.227,1.712,0.962,0
8gvi,4,1,0.4546707,0.27569833397865295,0.17770387,0.50474626,0.23144017159938812,0.17903302609920502,0.927,0.205,3.583,0.95,0
8gvi,4,3,0.47057956,0.5346510410308838,0.66954494,0.42873225,0.16207410395145416,0.20397958159446716,0.959,0.264,2.272,0.974,0
8gvi,4,2,0.57409924,0.8270404934883118,0.58417284,0.49532315,0.15343621373176575,0.16853514313697815,0.973,0.219,1.301,0.962,0
8gvi,0,1,0.52123827,0.6349620819091797,0.53075296,0.48972166,0.16668395698070526,0.15142135322093964,0.955,0.255,2.298,0.963,0
8gvi,0,3,0.44414884,0.45214033126831055,0.6865849,0.4102672,0.12662111222743988,0.18829812109470367,0.979,0.164,0.96,0.961,0
8gvi,0,2,0.52440614,0.5283840298652649,0.76753896,0.4927208,0.18553867936134338,0.19734054803848267,0.974,0.23,1.066,0.962,0
8gvi,1,3,0.51550496,0.5770806670188904,0.65781295,0.48255154,0.16964849829673767,0.4732041358947754,0.972,0.31,1.498,0.987,0
8gvi,1,2,0.61587083,0.8118296265602112,0.572312,0.5630608,0.24655741453170776,0.43861129879951477,0.96,0.23,2.361,0.975,0
8gvi,3,2,0.48034078,0.6939442157745361,0.38138285,0.4233921,0.18778075277805328,0.27281826734542847,0.963,0.305,1.239,0.949,0
8i5c,3,2,0.36242822,0.4801580607891083,0.22582778,0.3366296,0.21398217976093292,0.16185876727104187,0.942,0.227,1.676,0.886,0
8i5c,3,0,0.56930375,0.7361301183700562,0.6137391,0.5157177,0.3900170624256134,0.6074579358100891,0.859,0.622,3.391,0.862,0
8i5c,3,1,0.5264427,0.8067929148674011,0.19455032,0.45171344,0.6773372888565063,0.7721302509307861,0.899,0.539,3.252,0.938,0
8i5c,3,4,0.46245334,0.5822082757949829,0.28946635,0.43982467,0.31463393568992615,0.5066976547241211,0.897,0.455,2.498,0.855,0
8i5c,2,0,0.62255883,0.9252312779426575,0.59197897,0.5207993,0.47452211380004883,0.6031910181045532,0.858,0.648,3.043,0.846,0
8i5c,2,1,0.49081388,0.7862884998321533,0.18396567,0.40201336,0.6200959086418152,0.7511603832244873,0.956,0.384,1.712,0.969,0
8i5c,2,4,0.5216532,0.8040160536766052,0.23171148,0.4410646,0.419219434261322,0.4892084300518036,0.878,0.51,3.313,0.87,0
8i5c,0,1,0.7116042,1.3381223678588867,0.640561,0.43890902,0.7582773566246033,1.0745015144348145,0.781,0.947,4.095,0.815,0
8i5c,0,4,0.46464372,0.5767152309417725,0.55741584,0.4230764,0.29474836587905884,0.37382322549819946,0.917,0.393,2.328,0.884,0
8i5c,1,4,0.65739846,1.2191426753997803,0.35761878,0.43099904,0.6127099990844727,1.027429461479187,0.776,0.867,4.886,0.826,0
8i5d,4,0,0.78623295,1.7670183181762695,0.19424301,0.3026246,0.5563275814056396,2.8296749591827393,0.929,0.579,0.931,0.928,0
8i5d,4,1,0.5431768,1.0747650861740112,0.45949912,0.32392538,0.5942256450653076,1.4870351552963257,0.958,0.345,0.686,0.932,0
8i5d,4,3,2.074923,4.863988399505615,0.40278715,0.45636827,6.252163410186768,6.2424235343933105,0.731,1.431,1.51,0.701,0
8i5d,4,2,0.55301684,1.0830484628677368,0.13747393,0.36106777,1.7420437335968018,0.8163115978240967,0.944,0.405,0.686,0.907,0
8i5d,0,1,0.8425695,1.8827886581420898,0.44981658,0.39627317,0.5718735456466675,3.1938059329986572,0.901,0.677,0.626,0.877,0
8i5d,0,3,2.128889,5.1277947425842285,0.4565616,0.56738174,6.321865081787109,6.767435073852539,0.711,1.689,0.827,0.701,0
8i5d,0,2,0.892367,1.9819529056549072,0.24135047,0.44677642,1.803218126296997,2.798802375793457,0.874,0.637,0.88,0.787,0
8i5d,1,3,1.9453009,4.584374904632568,0.5726996,0.4823981,6.406259059906006,5.466804504394531,0.734,1.4,1.187,0.687,0
8i5d,1,2,0.6238178,1.3850854635238647,0.46324062,0.25166908,1.7078922986984253,1.4084683656692505,0.92,0.455,0.846,0.853,0
8i5d,3,2,1.864784,4.4669623374938965,0.25224635,0.37241143,4.88092565536499,6.0936479568481445,0.704,1.407,1.552,0.613,0
8qfy,2,3,0.80708796,0.9364278316497803,0.7498782,0.7779655,1.37186861038208,0.5542995929718018,0.971,0.297,1.913,1.0,0
8qfy,2,1,0.7043849,0.779354989528656,0.863447,0.667055,1.0339163541793823,0.5146775245666504,0.966,0.255,1.715,0.965,0
8qfy,2,0,0.38660964,0.7438910603523254,0.40166998,0.22400054,1.1121299266815186,0.08865102380514145,0.939,0.499,1.111,0.933,0
8qfy,2,4,0.7827132,0.9224167466163635,0.9377634,0.72726053,1.319884181022644,0.5325911641120911,0.946,0.36,2.33,0.964,0
8qfy,3,1,0.6046675,0.6035222411155701,1.0675936,0.5395516,0.9870021939277649,0.25106027722358704,0.961,0.206,1.438,0.93,0
8qfy,3,0,0.8224337,1.019496202468872,0.8986314,0.76413995,1.5358606576919556,0.5560726523399353,0.905,0.53,1.751,0.867,0
8qfy,3,4,0.6592555,0.6241318583488464,1.112212,0.60579467,0.7210062742233276,0.18772685527801514,0.959,0.316,1.406,0.945,0
8qfy,1,0,0.70675653,0.9545760154724121,0.69614166,0.6376991,1.477451205253601,0.5119867324829102,0.926,0.5,1.296,0.9,0
8qfy,1,4,0.47528744,0.7167583107948303,0.34415585,0.4130796,1.0011558532714844,0.14388851821422577,0.973,0.261,1.971,1.0,0
8qfy,0,4,0.99981165,1.7123448848724365,0.87240076,0.72959393,1.6885218620300293,0.5395616888999939,0.964,0.341,1.782,0.982,0
8rj5,1,0,0.43295437,0.7013839483261108,0.17408887,0.324355,0.4853507876396179,0.7026853561401367,0.866,1.052,2.013,0.981,1
8rj5,1,2,0.650117,0.9645565152168274,0.7736421,0.48191658,1.3142571449279785,0.8034846782684326,0.8,1.186,2.44,0.862,1
8rj5,1,3,0.5894323,0.9298652410507202,0.5824384,0.41982344,1.0081088542938232,0.42516404390335083,0.853,0.883,1.958,0.867,1
8rj5,1,4,0.42744142,0.48571786284446716,0.8964444,0.2990874,0.48193880915641785,0.3751735985279083,0.926,0.354,2.38,0.903,1
8rj5,0,2,0.5440131,0.8144893050193787,0.80101013,0.36816385,1.067508339881897,0.43290871381759644,0.856,0.725,1.618,0.793,0
8rj5,0,3,0.64717454,1.125845193862915,0.63600487,0.38525432,0.874707043170929,0.819669246673584,0.795,0.922,2.701,0.75,0
8rj5,0,4,0.52782077,0.6705018877983093,0.94584394,0.38458356,0.41125378012657166,0.6596466302871704,0.908,0.455,1.067,0.823,0
8rj5,2,3,0.42054543,0.6903239488601685,0.3474632,0.29247645,0.7916550636291504,0.7673500776290894,0.913,0.473,2.033,0.883,1
8rj5,2,4,0.44996405,0.7727923393249512,0.28936768,0.29620284,1.3237920999526978,0.6576409935951233,0.902,0.562,0.787,0.839,1
8rj5,3,4,0.50685245,0.7928488850593567,0.46851245,0.37095466,0.8641927242279053,0.45057791471481323,0.864,0.635,2.472,0.823,0
8rlt,4,2,0.4831667,0.4493529200553894,0.41223946,0.5007839,0.6403688788414001,0.40669360756874084,0.952,0.291,0.902,0.904,0
8rlt,4,3,0.5067488,0.45913583040237427,0.62803644,0.50845504,0.3033430874347687,0.4495028257369995,0.955,0.242,1.069,0.905,0
8rlt,4,1,0.5569377,0.5938014984130859,0.6672419,0.5308364,0.658077597618103,0.46688923239707947,0.938,0.296,2.148,0.912,0
8rlt,4,0,0.5249915,0.5869545936584473,0.672577,0.4835864,0.6370007991790771,0.5011410117149353,0.949,0.285,1.427,0.91,0
8rlt,2,3,0.45345482,0.6324727535247803,0.5149547,0.37084267,0.6451797485351562,0.5984688997268677,0.946,0.372,1.321,0.919,0
8rlt,2,1,0.572696,0.6678900122642517,0.56947815,0.53911805,0.5089944005012512,0.653806746006012,0.937,0.416,2.139,0.941,0
8rlt,2,0,0.51713103,0.5911272764205933,0.56353956,0.48596677,0.3894895017147064,0.3262232542037964,0.949,0.422,1.622,0.955,0
8rlt,3,1,0.48731706,0.564003050327301,0.3551081,0.47073218,0.6970134973526001,0.25381606817245483,0.953,0.296,2.155,0.956,0
8rlt,3,0,0.46730304,0.49553024768829346,0.22934516,0.47545338,0.6364293694496155,0.6152746081352234,0.953,0.265,1.616,0.925,0
8rlt,1,0,0.4456446,0.5954527258872986,0.46718657,0.3780367,0.20175544917583466,0.6566510796546936,0.957,0.249,0.955,0.91,0
8rlu,4,1,0.8908365,1.4769161939620972,0.46801373,0.629606,2.4027090072631836,1.5479363203048706,0.813,0.95,2.077,0.781,0
8rlu,4,0,0.8604244,1.179406762123108,0.77564394,0.7352208,0.7794681191444397,1.0005912780761719,0.848,0.866,2.196,0.857,0
8rlu,4,2,0.8124123,1.175746202468872,0.42704928,0.68685085,2.2561228275299072,1.0726985931396484,0.831,0.711,3.311,0.809,0
8rlu,4,3,0.6173068,0.78171306848526,0.3888069,0.5737524,0.9634948372840881,0.6510584354400635,0.886,0.587,2.352,0.863,0
8rlu,1,0,1.1798984,2.0573482513427734,0.7850913,0.75285983,1.7469968795776367,1.9682557582855225,0.695,1.496,3.494,0.729,0
8rlu,1,2,0.77386874,1.30594003200531,0.19490118,0.5512166,2.629852056503296,1.491829752922058,0.857,0.635,1.756,0.765,0
8rlu,1,3,0.92907155,1.6392717361450195,0.3233601,0.59988445,1.5703104734420776,1.6562185287475586,0.74,1.155,2.939,0.699,0
8rlu,0,2,1.1148057,1.881296992301941,0.7568725,0.7415831,2.6998772621154785,1.5872094631195068,0.747,1.176,4.064,0.809,0
8rlu,0,3,0.6175379,0.852340042591095,0.68136364,0.50813466,1.0027589797973633,0.9784196019172668,0.931,0.47,1.271,0.904,0
8rlu,2,3,0.87108284,1.5024057626724243,0.24108812,0.604938,2.769880771636963,1.3235535621643066,0.803,0.906,3.127,0.795,0
8rlv,4,0,0.44125268,0.5733487606048584,0.16102754,0.4088856,0.5671224594116211,0.48894408345222473,0.95,0.312,1.073,0.908,0
8rlv,4,1,0.3953599,0.5112220048904419,0.21689273,0.36385155,0.2485387772321701,0.4472680687904358,0.899,0.578,2.236,0.892,0
8rlv,4,3,0.40544564,0.5541335344314575,0.2525615,0.35636315,0.5667809247970581,0.5679445266723633,0.945,0.174,1.162,0.868,0
8rlv,4,2,0.22179738,0.2723524570465088,0.11187361,0.21118632,0.09506403654813766,0.43210166692733765,0.956,0.183,0.962,0.894,0
8rlv,0,1,0.42317662,0.5573721528053284,0.16928717,0.38535085,0.5821886658668518,0.5612133741378784,0.92,0.559,1.787,0.923,0
8rlv,0,3,0.4339388,0.674167811870575,0.20273659,0.3320749,0.1956837773323059,0.7478994131088257,0.927,0.361,1.561,0.868,0
8rlv,0,2,0.39363652,0.5466161370277405,0.122336544,0.34496993,0.5633277893066406,0.5959876179695129,0.946,0.239,1.076,0.879,0
8rlv,1,3,0.37130284,0.5206276774406433,0.12288499,0.32550678,0.5742783546447754,0.6526384949684143,0.916,0.246,2.963,0.882,0
8rlv,1,2,0.3732674,0.4384637475013733,0.15721832,0.365162,0.20537316799163818,0.23840688169002533,0.939,0.182,2.447,0.909,0
8rlv,3,2,0.48253554,0.5462372899055481,0.18184347,0.4811411,0.5708228945732117,0.49312126636505127,0.967,0.189,0.738,0.924,0
8rro,4,1,0.601199,1.0548439025878906,0.39354843,0.3765307,1.0524007081985474,0.6422104835510254,0.847,0.465,3.013,0.742,0
8rro,4,0,0.61664253,1.1112295389175415,0.6763898,0.31902432,1.2276917695999146,0.8729286193847656,0.771,0.695,4.852,0.736,0
8rro,4,2,0.69519055,1.056113600730896,0.675135,0.5339198,1.736255168914795,0.5134077072143555,0.881,0.558,0.87,0.775,0
8rro,4,3,0.59272087,1.0381087064743042,0.27205253,0.3821528,0.9277157187461853,0.7583851218223572,0.793,0.584,5.014,0.767,0
8rro,1,0,0.5849669,0.9344046115875244,0.5878297,0.41114601,1.0784671306610107,0.6982438564300537,0.861,0.618,3.166,0.851,1
8rro,1,2,0.7352147,1.2254047393798828,0.6144129,0.49236292,1.7934470176696777,0.5797056555747986,0.881,0.563,2.571,0.85,1
8rro,1,3,0.6400696,1.0465517044067383,0.33739075,0.46182054,0.839269757270813,0.7041389346122742,0.882,0.527,2.315,0.826,1
8rro,0,2,0.73697346,1.2781336307525635,0.249241,0.48273343,1.346640944480896,0.7517116665840149,0.816,0.718,4.288,0.838,1
8rro,0,3,0.5501853,0.939488410949707,0.60272396,0.33013207,1.2495633363723755,0.44763821363449097,0.891,0.522,2.053,0.837,1
8rro,2,3,0.8304103,1.4292329549789429,0.6486937,0.53538907,1.924086093902588,0.805796205997467,0.767,0.784,4.487,0.733,1
8rym,4,3,0.98378444,1.4224762916564941,2.0731168,0.4828099,1.223628282546997,1.3065218925476074,0.849,0.637,2.612,0.786,0
8rym,4,2,0.7861174,1.2927136421203613,1.1059208,0.44702825,1.9748480319976807,0.9832229018211365,0.888,0.579,2.601,0.88,0
8rym,4,0,1.4779955,2.4749279022216797,0.9383054,1.0164943,2.276520013809204,1.620654582977295,0.577,1.739,6.626,0.683,0
8rym,4,1,1.3499522,2.316497564315796,2.0226517,0.62317276,2.4532227516174316,2.8663227558135986,0.76,1.195,2.119,0.725,0
8rym,3,2,0.9673374,1.3779633045196533,1.9594585,0.5107596,2.24957013130188,1.4133272171020508,0.831,0.775,3.091,0.82,0
8rym,3,0,1.6525487,2.622953176498413,2.2631235,1.0048052,2.603451728820801,1.5582294464111328,0.539,1.773,5.769,0.517,0
8rym,3,1,1.1533402,1.979668140411377,0.9279263,0.6971422,2.490387439727783,2.590386390686035,0.768,1.231,1.718,0.745,0
8rym,2,0,1.4671273,2.3668575286865234,1.4117582,0.9924057,2.678330421447754,1.250287652015686,0.598,1.603,5.002,0.583,0
8rym,2,1,1.2718246,2.143805742263794,1.7124895,0.6639639,3.3356637954711914,2.6168527603149414,0.744,1.206,2.859,0.725,0
8rym,0,1,2.0825925,3.679093360900879,2.2056267,1.1862836,3.6669976711273193,2.7261996269226074,0.488,2.52,6.726,0.588,0
8ryn,4,2,2.4150677,4.660534858703613,1.231345,1.1637523,2.0815882682800293,7.151751518249512,0.397,2.519,8.708,0.443,0
8ryn,4,3,1.3422527,2.5913186073303223,0.7722463,0.6339655,1.024560570716858,4.448948860168457,0.71,1.131,3.504,0.639,0
8ryn,4,1,4.1227612,7.143272876739502,2.7629762,2.7238214,7.343995571136475,7.071042537689209,0.204,4.942,10.503,0.132,0
8ryn,4,0,2.5290709,4.95869779586792,1.0113766,1.1479857,2.9595024585723877,6.340100288391113,0.439,2.989,6.716,0.5,0
8ryn,2,3,2.2579217,4.588751316070557,1.355377,0.90329474,2.22870135307312,7.015952110290527,0.415,2.373,8.95,0.486,1
8ryn,2,1,4.6144013,7.662916660308838,3.5437036,3.3725448,8.569096565246582,7.339597702026367,0.127,5.463,15.491,0.079,1
8ryn,2,0,2.3759503,4.037862300872803,1.7645295,1.680893,4.290905952453613,3.2151241302490234,0.328,2.972,10.272,0.375,1
8ryn,3,1,4.31927,6.788679122924805,3.1686044,3.124989,7.395777702331543,5.531578063964844,0.175,5.353,13.2,0.158,1
8ryn,3,0,2.6889536,4.939459800720215,1.3380316,1.292915,3.4190545082092285,6.190794944763184,0.475,3.114,6.47,0.604,1
8ryn,1,0,2.5797775,5.130908966064453,1.8203892,1.6076186,6.464612007141113,4.465534687042236,0.264,3.191,10.806,0.229,0
8ryo,4,1,7.3587747,16.887311935424805,2.0583847,1.9689153,19.03829574584961,10.271522521972656,0.047,15.511,36.321,0.08,0
8ryo,4,0,7.51525,17.309480667114258,2.0325673,1.8834236,21.541732788085938,10.784417152404785,0.04,15.936,33.907,0.053,0
8ryo,4,2,7.578802,17.385812759399414,2.2693925,2.022107,18.806249618530273,10.525412559509277,0.036,18.124,38.247,0.056,0
8ryo,4,3,7.5073524,17.316829681396484,2.021232,1.8246564,20.22722816467285,11.08560848236084,0.044,17.53,34.229,0.067,0
8ryo,1,0,1.1253178,2.208207368850708,0.8497731,0.40336445,3.9363415241241455,2.105334758758545,0.701,1.025,4.855,0.667,2
8ryo,1,2,1.7000998,3.16650128364563,1.0674218,0.88718176,2.859217405319214,2.076373338699341,0.579,1.79,4.413,0.537,2
8ryo,1,3,1.5008311,2.8137104511260986,0.77505654,0.7832886,1.4834723472595215,2.040684938430786,0.563,1.701,5.756,0.567,2
8ryo,0,2,1.6796857,2.9897077083587646,1.2749212,0.99194086,3.51454758644104,2.506071090698242,0.458,2.015,8.828,0.537,0
8ryo,0,3,1.3187157,2.4238717555999756,0.9603278,0.7053739,2.685258626937866,1.555898666381836,0.647,1.513,4.327,0.65,0
8ryo,2,3,1.4285328,2.73675274848938,0.7175364,0.7883265,2.3435707092285156,2.423898935317993,0.526,1.383,8.169,0.517,0
8ryp,3,2,1.6746871,3.2112393379211426,1.0655222,0.6681507,2.0450851917266846,6.474470138549805,0.702,1.52,3.406,0.75,0
8ryp,3,0,0.79588056,0.9839919209480286,0.9320578,0.7015025,1.0031375885009766,1.060804009437561,0.901,0.619,2.777,0.946,0
8ryp,3,1,0.756452,1.082316517829895,0.7485614,0.6081501,1.916358470916748,0.47455498576164246,0.92,0.391,2.711,0.917,0
8ryp,3,4,0.61786044,0.7220794558525085,0.7637013,0.5574465,0.9300695061683655,0.46317893266677856,0.955,0.352,1.468,0.947,0
8ryp,2,0,1.4304227,2.8650765419006348,0.6209139,0.47140744,2.0870537757873535,5.807760238647461,0.763,1.459,0.862,0.786,0
8ryp,2,1,1.378595,2.762712240219116,0.88993585,0.3919148,0.8421221971511841,5.879683017730713,0.671,1.502,5.366,0.8,0
8ryp,2,4,1.4902979,2.9590399265289307,0.8117749,0.5136922,1.974802851676941,6.020878314971924,0.731,1.548,2.814,0.807,0
8ryp,0,1,0.7148725,1.2543119192123413,0.71391326,0.40585062,2.075557231903076,0.9959251284599304,0.822,0.587,4.704,0.833,0
8ryp,0,4,0.54076976,0.8126452565193176,0.5418643,0.415058,0.9711907505989075,0.917201578617096,0.915,0.559,2.217,0.93,0
8ryp,1,4,0.60535973,1.0119690895080566,0.73662686,0.35517982,1.8125534057617188,0.4552726447582245,0.911,0.402,2.741,0.895,0
8ryq,0,1,0.9585548,1.4207299947738647,1.121952,0.72238564,1.5003637075424194,2.1917884349823,0.87,0.641,2.241,0.829,0
8ryq,0,3,1.3270516,2.402594804763794,1.0280926,0.73080957,1.3805551528930664,4.905837535858154,0.862,0.698,1.312,0.787,0
8ryq,0,2,0.92380124,1.3278911113739014,1.0234804,0.73133254,0.9678014516830444,2.434438943862915,0.866,0.811,1.59,0.859,0
8ryq,0,4,0.8964394,1.2652844190597534,1.1168929,0.7023545,0.6734620928764343,2.4885854721069336,0.873,0.741,2.143,0.875,0
8ryq,1,3,1.0559655,2.0782225131988525,0.52309746,0.28617054,0.42512911558151245,4.333689212799072,0.855,0.762,1.803,0.813,0
8ryq,1,2,0.91416925,1.7745503187179565,0.72974026,0.23348604,1.5491561889648438,3.3822145462036133,0.864,0.873,1.024,0.859,0
8ryq,1,4,0.935081,1.828198790550232,0.29358628,0.30781877,1.4318842887878418,3.525270938873291,0.86,0.933,1.09,0.875,0
8ryq,3,2,1.3137938,2.626356363296509,0.5092655,0.27498928,1.4516493082046509,5.681554317474365,0.803,1.155,1.522,0.812,0
8ryq,3,4,1.3016832,2.6143555641174316,0.5123523,0.22563098,1.350429654121399,5.68938684463501,0.823,1.14,1.369,0.859,0
8ryq,2,4,0.39643088,0.5581371188163757,0.6512335,0.2740595,0.5734193325042725,0.8576357960700989,0.938,0.381,1.501,0.906,0
8shi,0,1,0.93006754,1.4507536888122559,0.61185825,0.7042286,3.004903554916382,1.465119481086731,0.81,0.812,2.64,0.746,0
8shi,0,3,1.205734,1.8340030908584595,1.9433577,0.74845856,3.7632265090942383,1.547300934791565,0.768,0.959,2.747,0.688,0
8shi,0,2,0.91134834,1.3912758827209473,1.1777036,0.629779,3.066103219985962,1.3163517713546753,0.812,0.915,1.981,0.759,0
8shi,0,4,0.926103,1.3210890293121338,1.8382554,0.5386374,2.821911334991455,1.2674309015274048,0.732,1.447,3.833,0.848,0
8shi,1,3,1.2550067,2.016078233718872,2.0257235,0.6635712,4.44656229019165,1.0882134437561035,0.781,1.062,2.012,0.729,0
8shi,1,2,0.8463999,0.9335303902626038,1.1923497,0.7671575,1.2546240091323853,0.998842716217041,0.788,0.711,4.151,0.741,0
8shi,1,4,0.98994553,1.471137285232544,1.8910236,0.5429601,3.16213321685791,1.0650428533554077,0.789,1.102,2.986,0.826,0
8shi,3,2,1.105273,2.1372663974761963,1.2342318,0.60947585,4.67290735244751,1.4252218008041382,0.673,1.178,4.638,0.63,0
8shi,3,4,0.7996385,1.5538324117660522,0.78805286,0.45478472,2.9705069065093994,0.9857277870178223,0.758,1.189,2.489,0.739,0
8shi,2,4,1.1472385,2.019564628601074,1.113095,0.65300053,4.737897872924805,1.0201846361160278,0.695,1.198,5.368,0.761,0
8v4z,3,2,0.89405483,1.7133375406265259,0.5919315,0.48561049,2.125424385070801,2.29052472114563,0.813,0.851,2.46,0.759,0
8v4z,3,0,0.8653006,1.605276346206665,0.35788754,0.5397899,1.8462061882019043,2.347555637359619,0.835,0.717,1.665,0.729,0
8v4z,3,1,0.47591615,0.8870677351951599,0.36421734,0.27594948,1.3151659965515137,1.0701830387115479,0.903,0.395,1.618,0.81,0
8v4z,3,4,0.68635565,1.1598119735717773,0.7303326,0.4632617,1.3889856338500977,1.4384177923202515,0.863,0.559,2.338,0.781,0
8v4z,2,0,0.46755254,0.6985209584236145,0.4887486,0.3669542,0.9429990649223328,0.6160916686058044,0.926,0.447,1.275,0.881,0
8v4z,2,1,0.8024819,1.4703128337860107,0.515462,0.47230744,1.4203647375106812,2.211693525314331,0.827,0.819,2.267,0.778,0
8v4z,2,4,0.78175896,1.2670226097106934,0.5672863,0.5829737,1.1833351850509644,2.0239675045013428,0.872,0.618,0.633,0.766,0
8v4z,0,1,0.88092524,1.5039191246032715,0.16843033,0.62980556,0.9915218353271484,2.137181043624878,0.885,0.63,1.196,0.825,0
8v4z,0,4,0.9205859,1.5980353355407715,0.5958388,0.6109941,0.8208029866218567,1.9253135919570923,0.895,0.526,1.127,0.812,0
8v4z,1,4,0.5209133,0.7674879431724548,0.6005603,0.40742525,0.6727216839790344,0.6589476466178894,0.921,0.491,2.168,0.922,0
8v50,4,1,0.46262038,0.7686589360237122,0.22693908,0.34347174,0.9593641757965088,0.6876024007797241,0.933,0.389,1.992,0.915,0
8v50,4,0,0.8021005,1.4047508239746094,0.43880147,0.54024076,1.077294945716858,2.4224185943603516,0.856,0.644,3.121,0.843,0
8v50,4,2,0.60889673,0.8476814031600952,0.4250261,0.5349714,0.7157722115516663,0.8028435111045837,0.899,0.49,3.05,0.906,0
8v50,4,3,0.8682616,1.7786872386932373,0.6518309,0.25924057,1.0901901721954346,1.1500557661056519,0.946,0.434,1.362,0.941,0
8v50,1,0,0.7820296,1.2108757495880127,0.46042863,0.6290335,0.3463357985019684,2.2036232948303223,0.874,0.604,2.741,0.857,0
8v50,1,2,0.609962,0.7781693339347839,0.44615906,0.5653154,1.0903575420379639,0.6463621258735657,0.943,0.425,1.599,0.938,0
8v50,1,3,0.8768639,1.692698359489441,0.6430926,0.41908446,0.4731297194957733,0.9665712118148804,0.944,0.404,1.402,0.926,0
8v50,0,2,0.75721866,1.3056427240371704,0.22595574,0.5306199,1.0445547103881836,2.149980068206787,0.912,0.572,1.79,0.906,0
8v50,0,3,0.98111,1.7646591663360596,0.7383447,0.5897317,0.3595421314239502,1.6448702812194824,0.914,0.406,2.09,0.868,0
8v50,2,3,0.76312214,1.2605701684951782,0.75858253,0.5326062,1.038381814956665,0.989987850189209,0.9,0.467,1.931,0.838,0
8v51,4,2,0.63175017,1.0393612384796143,0.40493593,0.4765135,1.1745940446853638,1.4776434898376465,0.907,0.474,1.425,0.839,0
8v51,4,3,0.70912373,1.2703206539154053,0.47778556,0.45926994,1.3465940952301025,1.8890091180801392,0.88,0.515,1.473,0.774,0
8v51,4,1,0.6273099,1.11459219455719,0.42086515,0.41369712,0.7006683945655823,1.9103161096572876,0.915,0.525,1.525,0.885,0
8v51,4,0,0.6833369,1.226619005203247,0.5703423,0.42695153,0.8285777568817139,2.008287191390991,0.89,0.594,1.728,0.845,0
8v51,2,3,0.62028456,0.8557734489440918,0.62102324,0.53318393,1.2348096370697021,0.8943722248077393,0.924,0.393,1.151,0.855,0
8v51,2,1,0.54044205,0.8549508452415466,0.30027372,0.43164465,1.2545299530029297,0.9298990368843079,0.946,0.425,0.719,0.918,0
8v51,2,0,0.53981483,0.7935048341751099,0.43349308,0.45218575,0.8824598789215088,1.0154863595962524,0.938,0.393,1.172,0.897,0
8v51,3,1,0.667455,0.8253647685050964,0.65306985,0.6166482,1.2106205224990845,0.7668371796607971,0.937,0.381,1.037,0.885,0
8v51,3,0,0.7045889,0.9204486012458801,0.4910003,0.65029055,1.4453330039978027,0.918982982635498,0.937,0.426,0.899,0.897,0
8v51,1,0,0.53209233,0.7848899960517883,0.44400966,0.44287547,0.830051600933075,0.8259887099266052,0.951,0.408,0.807,0.931,0
8wte,3,2,0.51239526,0.5883554220199585,0.8594526,0.45282468,0.4481922388076782,0.30574339628219604,0.922,0.436,2.746,0.938,0
8wte,3,0,0.6389262,0.724465548992157,1.2541857,0.5359401,0.5080628395080566,0.8486754894256592,0.936,0.436,1.051,0.9,0
8wte,3,1,0.5210994,0.7778086066246033,0.7023479,0.4229468,0.709124743938446,0.613442599773407,0.888,0.507,2.91,0.871,0
8wte,3,4,0.5953272,0.9007507562637329,0.7633809,0.48331237,0.7299840450286865,0.9929434061050415,0.907,0.472,1.764,0.853,0
8wte,2,0,0.64137346,0.6953516006469727,0.8356147,0.6097577,0.4269767999649048,0.8325614929199219,0.898,0.45,2.239,0.843,0
8wte,2,1,0.5400606,0.8098558783531189,0.61304235,0.4501687,0.6994006037712097,0.5691842436790466,0.786,0.717,5.545,0.843,0
8wte,2,4,0.5888134,0.8101804852485657,0.7691555,0.50690097,0.7695082426071167,0.9833350777626038,0.823,0.649,4.211,0.824,0
8wte,0,1,0.6813477,0.8021606206893921,1.0800205,0.6044415,0.5988636612892151,1.0267993211746216,0.87,0.622,3.661,0.914,0
8wte,0,4,0.63918906,0.6002703905105591,0.9292727,0.6193112,0.503254771232605,0.3502262830734253,0.902,0.505,2.398,0.882,0
8wte,1,4,0.5366741,0.889206051826477,0.7861235,0.38692155,0.5105782151222229,1.0965242385864258,0.927,0.45,1.58,0.897,0
8wul,2,3,0.45832306,0.7375320792198181,0.6684909,0.34521025,0.551697313785553,0.6108676195144653,0.927,0.481,1.226,0.894,0
8wul,2,1,0.44675556,0.7802903056144714,0.44428122,0.3340656,0.43301159143447876,0.5725682973861694,0.929,0.484,2.598,0.966,0
8wul,2,0,0.49465418,0.629838228225708,0.89042723,0.40993702,0.8413582444190979,0.2841717600822449,0.898,0.498,2.745,0.889,0
8wul,2,4,0.5149567,0.8006406426429749,0.47343105,0.43301067,0.5214154720306396,0.6674155592918396,0.917,0.557,1.873,0.918,0
8wul,3,1,0.3736264,0.6559336185455322,0.5295798,0.260433,0.4381866455078125,0.4680939018726349,0.949,0.353,2.27,0.966,0
8wul,3,0,0.495442,0.6973546743392944,1.1211923,0.33753288,0.7807052135467529,0.5643489956855774,0.911,0.448,2.082,0.873,0
8wul,3,4,0.43267167,0.4524296224117279,0.80191076,0.38322353,0.5767917037010193,0.4595387578010559,0.961,0.252,1.333,0.934,0
8wul,1,0,0.5530402,0.9020994901657104,1.0066361,0.37793118,0.8897430896759033,0.5305538773536682,0.877,0.558,2.385,0.825,0
8wul,1,4,0.456573,0.7200359106063843,0.62268937,0.35978845,0.5431585907936096,0.5562416911125183,0.898,0.41,3.402,0.902,0
8wul,0,4,0.48620862,0.7397804856300354,0.7458677,0.37371305,0.7392259836196899,0.5715007185935974,0.901,0.475,2.408,0.869,1
8ye4,0,1,0.8190456,1.121329665184021,1.5299162,0.5338975,1.4292501211166382,1.0949727296829224,0.826,0.679,2.326,0.719,0
8ye4,0,3,0.73082095,1.0236395597457886,0.9383509,0.57761353,0.9952300190925598,1.086422324180603,0.853,0.743,1.294,0.78,0
8ye4,0,2,0.86774474,1.5708255767822266,0.7397039,0.5016728,1.5787349939346313,1.2701653242111206,0.692,1.175,5.048,0.717,0
8ye4,0,4,1.1717633,2.0135326385498047,1.6103997,0.63177514,3.373945474624634,1.3505104780197144,0.606,1.33,7.235,0.679,0
8ye4,1,3,1.0124784,1.4426699876785278,1.954268,0.6024281,1.7237073183059692,1.4957807064056396,0.805,1.032,2.225,0.8,0
8ye4,1,2,0.90611416,1.340999722480774,1.5020206,0.5892046,1.5047228336334229,1.2602193355560303,0.752,0.977,5.507,0.85,0
8ye4,1,4,0.98178446,1.8382463455200195,0.7795541,0.5135528,3.7204549312591553,1.2885856628417969,0.698,1.017,5.879,0.732,0
8ye4,3,2,1.0696553,1.6606204509735107,1.0777572,0.78711003,1.7742410898208618,1.2620881795883179,0.649,1.308,4.763,0.617,0
8ye4,3,4,1.4221678,2.3585429191589355,2.0595949,0.7755283,3.7280337810516357,1.5799734592437744,0.554,1.589,7.199,0.607,0
8ye4,2,4,1.3481464,2.1839611530303955,1.7429343,0.8526656,3.529995918273926,1.959977388381958,0.5,1.537,11.071,0.643,1
8yiv,4,0,0.40125796,0.6933712363243103,0.37899068,0.24605013,0.1562671959400177,0.6378464102745056,0.972,0.266,0.91,0.958,0
8yiv,4,1,0.29500547,0.48879700899124146,0.17479998,0.21141958,0.13048259913921356,0.6454059481620789,0.97,0.254,1.561,0.972,0
8yiv,4,3,0.38790306,0.6441064476966858,0.24351639,0.27565596,0.24181096255779266,0.23324792087078094,0.966,0.239,0.78,0.932,0
8yiv,4,2,0.45669705,0.7088272571563721,0.60925,0.31025645,0.34409499168395996,0.31306588649749756,0.929,0.359,2.429,0.917,0
8yiv,0,1,0.42725605,0.7577655911445618,0.3748776,0.2567293,0.17954939603805542,0.24702996015548706,0.965,0.244,1.268,0.944,0
8yiv,0,3,0.38430354,0.5459059476852417,0.4036627,0.31533405,0.2694151699542999,0.6851035356521606,0.951,0.322,0.714,0.904,0
8yiv,0,2,0.41038617,0.6369718313217163,0.49050933,0.29477865,0.36165112257003784,0.6629102826118469,0.924,0.358,2.467,0.903,0
8yiv,1,3,0.496382,0.8892051577568054,0.18979575,0.32159042,0.24115243554115295,0.6665146946907043,0.946,0.308,0.943,0.89,0
8yiv,1,2,0.50902665,0.9019349813461304,0.586187,0.28302032,0.30045148730278015,0.6809211373329163,0.927,0.341,1.54,0.861,0
8yiv,3,2,0.48737824,0.6635016798973083,0.6304633,0.39169112,0.13621476292610168,0.3363806903362274,0.933,0.344,2.02,0.903,0
8yj2,1,0,0.48640782,0.7523518204689026,0.5423623,0.33635005,0.306948184967041,0.1466888189315796,0.952,0.396,0.896,0.932,0
8yj2,1,2,0.47397792,0.597069263458252,0.6450635,0.3949179,0.20518478751182556,0.14428210258483887,0.952,0.242,2.008,0.934,0
8yj2,1,3,0.36971116,0.47084248065948486,0.62737334,0.27768278,0.2768460512161255,0.16900524497032166,0.969,0.266,1.244,0.959,0
8yj2,1,4,0.5735938,0.900961697101593,0.5289855,0.40422475,0.24044926464557648,0.10150926560163498,0.934,0.283,2.296,0.904,0
8yj2,0,2,0.52309614,0.6875050663948059,0.37354025,0.46548054,0.2524717450141907,0.12174975126981735,0.956,0.325,1.605,0.947,0
8yj2,0,3,0.4192523,0.5169600248336792,0.3691049,0.38347134,0.19841203093528748,0.2216518223285675,0.969,0.279,1.149,0.959,0
8yj2,0,4,0.50817645,0.8606075644493103,0.15134208,0.3314608,0.17323239147663116,0.12147070467472076,0.932,0.346,2.582,0.932,0
8yj2,2,3,0.48450014,0.5355759263038635,0.52562827,0.45950267,0.3184283971786499,0.26723432540893555,0.973,0.29,1.123,0.973,0
8yj2,2,4,0.6333922,1.0282257795333862,0.41300833,0.4365844,0.26593390107154846,0.1619843691587448,0.896,0.328,4.024,0.918,0
8yj2,3,4,0.5403805,0.9582526087760925,0.35836154,0.28818145,0.14441964030265808,0.17171354591846466,0.917,0.254,3.434,0.918,1
9c3e,4,1,0.31046918,0.3754441440105438,0.55435956,0.22892073,0.27355071902275085,0.49076610803604126,0.97,0.237,1.973,0.986,0
9c3e,4,0,0.18804541,0.25976043939590454,0.10529342,0.15704128,0.24232129752635956,0.16865959763526917,0.965,0.177,1.992,0.961,0
9c3e,4,2,0.36829922,0.4399649500846863,0.52179104,0.30798692,0.35642141103744507,0.5157200694084167,0.922,0.269,3.425,0.936,0
9c3e,4,3,0.3422988,0.19743943214416504,0.55862767,0.35642686,0.25620555877685547,0.1206870898604393,0.968,0.153,0.813,0.923,0
9c3e,1,0,0.2956888,0.3416600525379181,0.5513391,0.22142997,0.28950437903404236,0.49794480204582214,0.936,0.201,2.562,0.909,0
9c3e,1,2,0.30139658,0.30693838000297546,0.44897687,0.27580437,0.3247992992401123,0.194659024477005,0.907,0.231,3.609,0.897,0
9c3e,1,3,0.29480702,0.3343683183193207,0.30268058,0.2755234,0.26542484760284424,0.4993618428707123,0.94,0.186,2.199,0.897,0
9c3e,0,2,0.31284782,0.3184397220611572,0.4892034,0.28199968,0.19778771698474884,0.5193663239479065,0.969,0.163,1.511,0.949,0
9c3e,0,3,0.33604655,0.22290994226932526,0.5565805,0.34036434,0.12813876569271088,0.13832926750183105,0.953,0.152,2.252,0.936,0
9c3e,2,3,0.3918601,0.4031025171279907,0.49099785,0.37349448,0.28424662351608276,0.5422950983047485,0.913,0.25,3.682,0.923,0
9d95,2,3,1.1682253,1.7726234197616577,1.8616564,0.7390192,2.5104942321777344,1.7532365322113037,0.827,0.8,2.046,0.757,2
9d95,2,1,1.1393753,2.039381980895996,1.1882397,0.5870872,1.289557933807373,3.1341967582702637,0.821,0.837,2.126,0.76,2
9d95,2,0,1.1620678,2.068565845489502,1.188668,0.6167255,1.5333640575408936,3.171884059906006,0.839,0.777,1.156,0.748,2
9d95,2,4,1.1637105,2.0380849838256836,1.3632742,0.614309,1.8353619575500488,2.8687994480133057,0.803,0.799,3.451,0.772,2
9d95,3,1,1.3490027,2.199465274810791,2.3946068,0.6047739,2.4251229763031006,2.782505989074707,0.818,0.859,3.458,0.844,0
9d95,3,0,1.3419997,2.188082218170166,2.3507264,0.6154218,2.282870292663574,2.8538103103637695,0.833,0.779,2.593,0.796,0
9d95,3,4,1.29699,2.0723819732666016,2.4045644,0.5856448,2.5228443145751953,2.437924385070801,0.869,0.73,1.784,0.842,0
9d95,1,0,0.9792338,1.695299506187439,0.9608911,0.56279266,1.471373200416565,2.3828847408294678,0.861,0.712,1.232,0.786,1
9d95,1,4,0.82558286,1.3196797370910645,1.4711088,0.3965051,1.4968746900558472,1.427068829536438,0.832,0.613,4.141,0.832,1
9d95,0,4,0.92377305,1.6201876401901245,1.0340084,0.43510467,1.314770221710205,2.276414394378662,0.833,0.75,3.622,0.851,1
9gv6,4,0,2.2061841,3.6243536472320557,1.225479,1.3128095,4.73345947265625,2.395810604095459,0.51,2.392,7.115,0.661,1
9gv6,4,1,2.5764134,4.217983722686768,1.8139415,1.5026978,4.491175651550293,7.4997968673706055,0.422,2.332,8.277,0.46,1
9gv6,4,3,2.109229,3.4874112606048584,1.9789348,1.1008353,4.346342086791992,6.213083267211914,0.605,1.953,2.974,0.553,1
9gv6,4,2,1.8266758,2.9848837852478027,1.0889925,1.0973828,3.3815717697143555,3.4105968475341797,0.568,1.988,6.321,0.698,1
9gv6,0,1,3.4358199,5.499989986419678,2.5320628,2.2903748,6.646162509918213,7.7539262771606445,0.361,3.265,7.09,0.32,1
9gv6,0,3,3.2348897,5.389654636383057,2.4610953,1.9322785,6.755466938018799,6.8016862869262695,0.385,3.536,6.963,0.404,1
9gv6,0,2,1.6670102,2.7697017192840576,1.2539412,1.006234,4.043359279632568,3.217665195465088,0.618,1.713,4.436,0.635,1
9gv6,1,3,1.8981357,3.7572484016418457,0.9726971,0.7394573,2.0456271171569824,5.863045692443848,0.506,2.25,7.051,0.617,0
9gv6,1,2,2.5283637,4.524705410003662,2.10786,1.452517,4.260016918182373,8.823762893676758,0.52,2.155,3.976,0.413,0
9gv6,3,2,2.499482,4.415127277374268,2.3371341,1.3613837,4.055159091949463,7.590648651123047,0.424,2.799,5.782,0.365,0
9gv7,4,3,0.93567294,1.7875434160232544,0.9956803,0.55636287,2.7789039611816406,1.2342677116394043,0.785,0.971,3.894,0.823,0
9gv7,4,2,1.2375394,2.660214900970459,1.103724,0.49375343,4.658118724822998,1.3871636390686035,0.808,0.905,2.057,0.746,0
9gv7,4,0,1.1434025,2.529635190963745,0.60435545,0.44402322,4.504019260406494,1.6582978963851929,0.804,0.908,2.163,0.741,0
9gv7,4,1,0.7930264,1.4361155033111572,1.1877836,0.44813973,2.1604807376861572,1.0584425926208496,0.908,0.654,1.534,0.915,0
9gv7,3,2,0.95408076,2.153559446334839,0.5655681,0.31087393,3.794949531555176,1.0892332792282104,0.751,0.854,4.874,0.746,1
9gv7,3,0,1.0627072,2.2422170639038086,0.8469961,0.505438,3.5745112895965576,1.7991182804107666,0.782,0.972,3.328,0.776,1
9gv7,3,1,0.8088179,1.669106364250183,0.8082383,0.38883212,2.6816554069519043,0.8034653663635254,0.825,0.803,3.79,0.864,1
9gv7,2,0,1.050983,2.3085901737213135,0.9193252,0.32093698,4.622328758239746,1.7846659421920776,0.779,0.956,2.541,0.707,0
9gv7,2,1,0.76825196,1.711758017539978,0.6449038,0.19738294,3.655662775039673,1.1057509183883667,0.873,0.688,1.229,0.814,0
9gv7,0,1,1.1634554,2.662036895751953,1.0051023,0.27688104,4.975447177886963,1.6579039096832275,0.828,0.736,1.956,0.729,0
9hlj,4,1,2.374643,5.021650791168213,1.4896203,1.2542044,4.757439136505127,4.586644172668457,0.19,3.914,16.723,0.238,0
9hlj,4,0,0.8368108,1.6723480224609375,0.7331209,0.49370545,1.7738183736801147,1.7629797458648682,0.727,1.022,4.485,0.717,0
9hlj,4,2,2.6061873,5.921345233917236,1.1441929,0.98878855,5.020788669586182,7.636357307434082,0.108,4.203,25.911,0.113,0
9hlj,4,3,1.8904703,4.08035945892334,1.1904278,0.9193469,4.358536243438721,3.5826849937438965,0.224,3.178,16.971,0.289,0
9hlj,1,0,3.0236971,5.587141990661621,1.3863028,1.6294495,4.621215343475342,4.955245018005371,0.254,4.28,14.472,0.396,0
9hlj,1,2,1.7740062,3.4434096813201904,0.8196245,0.74088335,3.0556817054748535,6.170804500579834,0.425,1.991,11.929,0.577,0
9hlj,1,3,0.92395484,1.538858413696289,0.8164829,0.61406606,1.720089077949524,1.6066287755966187,0.781,1.079,3.306,0.816,0
9hlj,0,2,2.635563,5.807196617126465,1.2071906,0.9626531,4.526469707489014,7.79221773147583,0.129,4.338,22.532,0.155,0
9hlj,0,3,1.9932939,4.207840919494629,1.1716299,0.9294171,3.883242130279541,4.040984153747559,0.248,3.459,14.03,0.316,0
9hlj,2,3,1.0268474,2.0843851566314697,0.48887926,0.34990716,1.948021650314331,4.094017028808594,0.492,1.644,9.814,0.592,0
9iky,2,3,0.59824187,0.6990454792976379,0.65072405,0.5635523,0.38422781229019165,0.7483634352684021,0.963,0.326,1.723,0.973,0
9iky,2,1,0.85504574,1.0442419052124023,1.7554543,0.6669425,0.401407390832901,1.0812526941299438,0.831,0.819,2.445,0.8,0
9iky,2,0,0.7390935,0.5758855938911438,1.7412959,0.6345382,0.13763180375099182,0.7822830080986023,0.933,0.403,1.477,0.895,0
9iky,2,4,0.64289355,0.7174234390258789,0.730086,0.61359125,0.16954322159290314,0.9572509527206421,0.955,0.344,1.503,0.946,0
9iky,3,1,0.75839627,0.9249873757362366,1.7707269,0.54659575,0.3156331479549408,0.869067370891571,0.806,1.024,1.494,0.765,0
9iky,3,0,0.6377457,0.5538513660430908,1.7496682,0.4677844,0.41531428694725037,0.5770326256752014,0.895,0.479,2.23,0.842,0
9iky,3,4,0.53384703,0.6653432250022888,0.8799601,0.45373753,0.3219485580921173,0.7320100665092468,0.921,0.634,0.634,0.919,0
9iky,1,0,0.52349585,0.7945022583007812,0.20512451,0.44914553,0.367023766040802,0.5226581692695618,0.902,0.623,2.517,0.934,0
9iky,1,4,0.7625074,0.9376323819160461,1.8399566,0.5289299,0.36409035325050354,1.068986415863037,0.87,0.812,1.749,0.878,0
9iky,0,4,0.6721011,0.6820685863494873,1.8656229,0.4512781,0.22812823951244354,1.0201818943023682,0.856,0.874,2.336,0.892,0
9j4s,3,2,0.71046203,1.006430745124817,1.1046244,0.4782895,1.6605219841003418,1.0701111555099487,0.926,0.442,1.771,0.9,0
9j4s,3,0,1.1694292,1.0441484451293945,3.3832371,0.37659138,1.2869951725006104,0.6348918080329895,0.918,0.456,1.296,0.862,0
9j4s,3,1,0.5952945,1.1191686391830444,0.22205274,0.27000445,1.277644395828247,0.9015466570854187,0.932,0.482,1.342,0.914,0
9j4s,3,4,1.1604028,0.7439185380935669,3.488186,0.45595706,1.183866024017334,0.5822346210479736,0.912,0.466,1.595,0.859,0
9j4s,2,0,1.2680458,1.1696662902832031,3.4216123,0.5992695,1.6084201335906982,1.1554982662200928,0.876,0.472,2.53,0.8,0
9j4s,2,1,0.6856458,0.8872786164283752,1.0882211,0.5138344,0.6229713559150696,1.0054010152816772,0.942,0.32,1.481,0.9,0
9j4s,2,4,1.2264131,1.000056266784668,3.5479667,0.4673547,1.4978657960891724,1.195101022720337,0.86,0.541,3.108,0.812,0
9j4s,0,1,1.1477088,0.9214687347412109,3.3690023,0.3736585,1.169685959815979,0.9267716407775879,0.897,0.438,1.498,0.8,0
9j4s,0,4,0.6944766,0.9984304308891296,0.7713113,0.55493814,1.0312951803207397,0.6731979250907898,0.947,0.272,1.103,0.891,0
9j4s,1,4,1.1941439,0.9792576432228088,3.4634347,0.44184136,1.0757497549057007,0.835347056388855,0.882,0.528,2.352,0.828,0
9j4t,4,0,0.7753833,1.3002293109893799,0.48342693,0.5200288,0.7477774620056152,1.0994420051574707,0.778,0.946,4.052,0.804,1
9j4t,4,1,0.43528718,0.5545515418052673,0.4354071,0.3851417,0.5084494948387146,0.4428653419017792,0.915,0.378,1.78,0.847,1
9j4t,4,3,0.8358069,1.5277706384658813,0.3779859,0.44996968,0.8941258192062378,2.087440252304077,0.802,0.944,3.394,0.828,1
9j4t,4,2,1.3097886,2.273975372314453,0.7201617,0.8188057,2.420908212661743,1.7141274213790894,0.582,1.623,6.108,0.625,1
9j4t,0,1,0.8077195,1.3549151420593262,0.34114707,0.57595694,0.7453317046165466,1.0198298692703247,0.781,0.91,4.275,0.814,0
9j4t,0,3,0.5657072,1.0455832481384277,0.54083407,0.25902176,0.7578880190849304,1.5919532775878906,0.925,0.268,1.715,0.845,0
9j4t,0,2,1.8472035,3.374054193496704,0.8509524,1.0619265,3.0535953044891357,2.573323965072632,0.405,2.464,9.882,0.518,0
9j4t,1,3,0.8992099,1.5113780498504639,0.6567953,0.5976209,0.8513233065605164,1.932779312133789,0.805,0.939,3.027,0.81,0
9j4t,1,2,1.299149,2.3334484100341797,0.6955645,0.7555523,2.464040756225586,1.7339379787445068,0.554,1.664,7.093,0.625,0
9j4t,3,2,1.9116105,3.5000646114349365,1.0052803,1.0901891,2.760174512863159,3.38710880279541,0.411,2.475,9.447,0.518,0
9j4u,4,3,1.1251738,1.9501032829284668,0.8629076,0.6754269,1.2541718482971191,2.5345914363861084,0.717,1.23,4.495,0.773,0
9j4u,4,2,1.0320551,1.7516846656799316,0.43073097,0.69096154,0.7178816795349121,1.867447853088379,0.773,1.19,2.734,0.8,0
9j4u,4,0,1.0554084,1.8856439590454102,1.0465176,0.5300778,0.9613170623779297,2.609633445739746,0.794,1.049,2.76,0.806,0
9j4u,4,1,0.9058375,1.5170074701309204,0.8661553,0.5674205,1.632773995399475,1.546799898147583,0.783,1.011,3.959,0.839,0
9j4u,3,2,0.7296591,1.1699672937393188,0.769272,0.45891526,1.136932611465454,1.2327351570129395,0.845,0.781,3.581,0.9,0
9j4u,3,0,0.713349,0.9456678032875061,0.9269375,0.5696834,0.9665963649749756,0.7524533867835999,0.871,0.604,3.35,0.887,0
9j4u,3,1,0.9231299,1.4086066484451294,0.7986031,0.6704794,1.4841244220733643,1.5149482488632202,0.82,0.869,3.717,0.871,0
9j4u,2,0,0.73659,1.0446947813034058,0.98965925,0.54699636,0.8527846932411194,1.4141227006912231,0.894,0.604,1.58,0.855,0
9j4u,2,1,0.9071808,1.429150938987732,0.8160146,0.63838685,1.845396876335144,1.0168652534484863,0.846,0.755,3.046,0.855,0
9j4u,0,1,0.7939385,1.4142173528671265,0.9502273,0.387314,1.5615404844284058,1.7327922582626343,0.865,0.769,1.63,0.839,0
9ru5,0,1,1.2889336,2.4747917652130127,0.7369771,0.63898796,4.552701950073242,1.1719592809677124,0.634,1.427,6.776,0.766,1
9ru5,0,3,0.8281818,1.0945723056793213,1.1844329,0.6635268,1.3325170278549194,1.063216209411621,0.877,0.661,2.858,0.895,1
9ru5,0,2,0.94893575,1.4413663148880005,1.7645864,0.51760656,1.842085361480713,1.3304773569107056,0.78,0.855,4.0,0.767,1
9ru5,0,4,0.8459719,1.213283658027649,0.9241867,0.68103755,1.0043889284133911,0.711275577545166,0.88,0.607,2.317,0.851,1
9ru5,1,3,1.583611,2.8531107902526855,1.2187855,0.94280344,5.581030368804932,1.2705999612808228,0.644,1.64,5.279,0.754,0
9ru5,1,2,1.056398,1.8033983707427979,1.8178993,0.44306707,2.9835402965545654,1.4598357677459717,0.804,0.979,3.4,0.85,0
9ru5,1,4,1.5977983,2.969304084777832,0.94895524,0.9020382,5.271376609802246,1.0287213325500488,0.625,1.623,5.189,0.687,0
9ru5,3,2,1.2272291,1.9426519870758057,1.6243942,0.8746276,3.3894495964050293,1.4165470600128174,0.736,1.099,3.488,0.7,0
9ru5,3,4,0.8315225,1.498335838317871,0.7379119,0.54188275,1.1460356712341309,0.9526637196540833,0.808,0.767,2.848,0.731,0
9ru5,2,4,1.1543062,1.8548762798309326,1.617889,0.7834241,3.0373432636260986,1.2573970556259155,0.777,0.98,2.352,0.701,0
9rup,3,2,1.707461,3.1250743865966797,1.2773662,1.0246365,4.036977291107178,3.245401620864868,0.504,2.202,6.449,0.561,1
9rup,3,0,0.94426394,1.8538968563079834,0.467297,0.47101897,1.863799810409546,1.9592374563217163,0.782,0.988,2.011,0.702,1
9rup,3,1,1.5774957,2.8707656860351562,1.066531,0.97692597,2.729956865310669,3.242826223373413,0.512,2.001,6.569,0.551,1
9rup,3,4,1.554546,2.9055233001708984,1.2353234,0.86453193,3.5387847423553467,3.284538745880127,0.583,2.075,4.058,0.591,1
9rup,2,0,1.3112183,2.434941530227661,0.9142834,0.8025103,3.9450416564941406,2.1800060272216797,0.518,1.809,5.95,0.476,2
9rup,2,1,2.9145842,5.43875789642334,1.9919299,1.766656,6.263952255249023,6.08812952041626,0.261,3.947,9.881,0.231,2
9rup,2,4,0.6610056,1.1265126466751099,0.7192839,0.44074264,2.089886426925659,0.845237672328949,0.832,0.603,3.377,0.773,2
9rup,0,1,2.1564085,3.8487370014190674,1.448594,1.3323103,3.050100326538086,4.583365440368652,0.46,2.63,5.94,0.462,0
9rup,0,4,1.1363338,1.9587032794952393,1.1057458,0.7091944,2.8974602222442627,1.7737812995910645,0.688,1.489,3.808,0.727,0
9rup,1,4,2.7206736,4.869625568389893,1.9961742,1.6382291,5.229555130004883,5.99170446395874,0.326,3.681,8.972,0.364,0
9rxm,4,1,7.8113337,18.245851516723633,2.114919,1.9670649,23.738426208496094,12.163702011108398,0.046,18.408,38.053,0.083,1
9rxm,4,0,8.023517,18.673845291137695,2.269071,2.1506944,24.73963165283203,12.68747615814209,0.042,19.252,41.627,0.081,1
9rxm,4,2,1.4738388,3.12302303314209,0.7598226,0.76218003,4.567222595214844,2.0637543201446533,0.383,1.833,16.099,0.529,1
9rxm,4,3,1.4075302,2.991593599319458,1.5309972,0.55256426,4.512428283691406,1.9679814577102661,0.522,1.205,13.731,0.68,1
9rxm,1,0,1.427506,2.8868088722229004,0.4300869,0.63317806,5.047159671783447,1.0713902711868286,0.538,1.21,10.875,0.629,0
9rxm,1,2,8.568921,18.52958869934082,1.6001445,1.5038408,21.517383575439453,12.418188095092773,0.058,17.179,32.988,0.103,0
9rxm,1,3,8.891373,19.073890686035156,2.1883092,1.9805765,23.147111892700195,12.492400169372559,0.042,18.153,35.794,0.067,0
9rxm,0,2,8.095607,17.921688079833984,1.6334573,1.5921292,21.675914764404297,12.975703239440918,0.046,17.503,34.314,0.074,0
9rxm,0,3,8.469517,18.58826446533203,2.2560704,2.0440063,23.56867790222168,13.040068626403809,0.041,18.315,37.761,0.067,0
9rxm,2,3,1.3362004,2.665142297744751,1.4404913,0.60330415,4.183340072631836,1.9810552597045898,0.477,1.612,11.805,0.627,1
