pdb_id,model_number,overall_rmsd,rmsd_TCRA_TCRB,rmsd_Peptide,rmsd_MHC_B2M,rmsd_CDR_TCRA,rmsd_CDR_TCRB,dockq_score,irmsd,lrmsd,fnat,clashes
5euo,4,2.644005708623087,5.079077022373596,1.8571709974113635,1.2387723438793765,6.630355361208711,5.187158219879694,0.23,3.645,12.473,0.23,3
5eu6,2,1.7937812314642771,3.150142993406212,1.234447849194682,1.1423453673872024,3.8610158736256044,2.968099271626955,0.6,1.543,5.116,0.58,2
2ckb,1,1.4896453058660954,2.181565873411614,1.663408517813774,1.098533336836778,2.37174466401644,2.12473356167167,0.571,1.691,4.38,0.483,1
8qfy,2,1.532707649728016,2.927480367795834,0.8893364086753414,1.0389274286294257,3.919988211270207,1.3297995559755351,0.637,1.613,4.352,0.656,3
6uon,2,3.4715244159367344,6.506805835000857,3.5741917121017406,1.924140810208074,8.112309434301098,5.2645496411107775,0.263,4.462,11.887,0.35,3
2bnq,1,2.596355107928721,4.0079547938616615,2.800504221248232,1.7448812240548444,2.558317478018444,3.9248741471482713,0.307,3.416,11.3,0.397,6
6d78,0,1.1075053931777645,1.2234444219751501,2.7465519316394076,0.7019037891972473,0.6336723676537591,0.9865848555455533,0.839,0.938,0.975,0.811,0
4n0c,1,1.8710780801829228,2.676245057747562,1.4497399867990128,1.5832254101048253,3.436661357881705,2.2432757901794034,0.665,1.415,3.564,0.615,2
8ye4,0,2.4824597010547045,4.2108001064240215,3.5401440507659587,1.2483896012096625,3.7822834057749266,4.557207926719819,0.422,2.937,6.044,0.396,0
4mvb,2,1.9825112222975811,3.3303024206129366,1.7262321270115852,1.3384397636521856,3.390895279253355,1.3374566852531657,0.534,2.173,5.141,0.547,4
1oga,2,2.3017700986400103,4.3870698699378785,1.7842093529450849,1.2623045596405162,3.9270423192210604,6.006885900585781,0.407,2.624,6.698,0.358,5
7ndt,0,1.768482166461626,1.608533748254791,5.246472021268568,1.0192224827905534,1.3059478749005569,1.4802875287876474,0.692,1.275,3.953,0.672,0
1qsf,3,1.6124752592709493,2.663335581378598,1.2961234753920667,1.1135145676245315,3.3017664776394726,3.3385936960412965,0.713,1.641,3.534,0.831,2
3vxu,4,3.5457809404707166,5.503103307492149,2.2071731302724142,2.4494228037372796,4.812991324547695,3.0506522543822228,0.297,4.297,9.535,0.34,4
6bj8,2,1.3846252511021495,2.105703889991967,1.1080778387323431,1.0671543785045312,1.9611275873341594,1.6566110765913014,0.627,1.37,6.559,0.708,2
7pdw,4,0.9003951192884889,1.1604414713066042,0.9757814328046773,0.7723558566722579,1.0511987124697009,1.0718992608869966,0.807,0.465,1.462,0.538,0
6eqa,0,2.2343379892572623,3.787051911623636,3.11729450224167,1.1924897464444792,3.0018136491380982,4.1438227360612,0.467,2.677,6.409,0.523,0
6amu,2,1.5509989123841539,1.7737331357371902,3.5935206079499253,0.9760564398484418,1.373180618679155,1.4853632606582408,0.725,1.062,5.008,0.767,1
1mwa,2,1.4567130049759516,1.9437267988741516,2.13892876834215,1.0926110473971,1.7035589815350956,1.8479246303497134,0.681,1.541,3.065,0.672,3
9rup,3,8.770998049838552,18.73908137972303,3.523644040672617,3.771719408265107,,11.686663775586192,0.01,14.4,60.751,0.0,6
2vlj,1,2.250595449090457,4.3489304357421545,1.7049643501264788,1.198273284177662,4.135080627933918,5.88638647813261,0.418,2.848,5.436,0.327,3
6rsy,2,1.391938270011913,2.2953090474982125,1.0868596101505443,0.9312611000873516,2.745929060611955,2.195153197294039,0.769,1.097,2.456,0.733,1
3dxa,3,2.218365935743855,3.2133674772534486,3.852287865547581,1.3364968165795679,1.824255963381738,4.808801368295874,0.618,1.732,3.378,0.562,4
2f53,1,1.6645727781459678,2.5088881094780113,1.7582589054036284,1.1528255596486863,1.444832327764563,3.5536724760065375,0.578,1.64,4.975,0.533,4
8ryp,3,2.5899490817419584,4.919744358054706,2.1992106842380954,1.260450641584881,4.841125287596113,4.25176521786315,0.303,3.846,11.407,0.421,3
7n4k,3,1.5088148015613303,2.2753793841142063,1.3058829789156499,1.0881045504863522,2.0825353394408848,3.260591456714632,0.571,1.525,8.297,0.709,1
5hho,2,2.371983894108647,4.497643232055777,1.931151436409016,1.2886083114837568,5.468215164484012,2.938681506904659,0.355,3.417,10.153,0.49,8
7n2q,2,2.5317458957938297,4.8280230274588565,2.3357793798422013,1.300540372912897,3.696990856635024,5.481511811075903,0.232,3.091,14.666,0.254,1
7dzm,1,2.0807715369069433,3.8276723226629366,1.9414086078959525,1.3941423012493224,4.357813173475914,3.7375617695172654,0.375,2.257,6.797,0.209,1
7q9a,3,2.0665531725999715,3.603889248440674,2.8619719744865564,1.0910505384466724,3.3239085256561887,4.613516438765533,0.475,2.336,6.74,0.52,2
5xov,4,8.832031746953746,17.436473237393315,4.6502264051323765,4.517344514959727,10.148739907257601,13.396169233312598,0.067,13.153,29.566,0.111,11
3utt,4,1.735135010967952,3.2045562416410442,1.0027969738374722,1.0760577422539825,1.6273509123144219,4.139848133572136,0.504,1.722,7.074,0.489,5
5hhm,0,2.700354894635203,4.837227744226723,2.2089297152914438,1.6729419364447278,4.843087212238667,5.986542398989861,0.356,3.075,6.628,0.255,0
3kpr,0,1.6894706906352246,3.2297059400244748,0.9389128447109643,0.9507390293600452,5.287932624883991,2.1761047872592223,0.648,1.534,3.8,0.62,0
8gom,1,2.295899954995671,3.608718166842807,1.8961306781977765,1.580754858777637,3.063944442146771,4.653186119984562,0.575,2.31,3.429,0.568,4
2esv,2,1.0334506502470995,1.2117291989250962,1.0217248408059088,0.9750782900782191,1.232483357087291,1.208202294562071,0.851,0.705,2.048,0.79,0
5jzi,1,0.9951165746809274,1.3357611768449698,0.9410503590363645,0.8268244363008722,0.8406421162247888,2.348915241394062,0.802,0.92,3.797,0.845,1
7n2s,0,2.308426321529429,4.218006867060964,1.8101320216223344,1.4995886376692866,4.125255566291125,4.3581831137355005,0.324,2.789,8.17,0.227,0
5nqk,2,1.1446437384069912,1.8936571759428895,0.7298844296238519,0.792209256871978,2.1769234342899275,2.951111431082954,0.766,0.927,2.267,0.639,0
3mv8,3,1.2886293511238047,1.414111725154405,2.0020519849423,1.099758328942952,1.3938948259600843,1.310708317218086,0.699,1.068,6.393,0.794,2
3vxs,2,1.6854935527064083,2.7704081277138632,1.2588488780286362,1.1754174228643688,2.2147279532373636,3.9996756060372065,0.585,1.582,5.811,0.6,1
4qok,1,1.4066306349133169,2.2825393606353654,0.9175207645111061,1.0174682137111883,2.7677570752690386,1.7811087306401645,0.533,1.828,8.387,0.689,0
4qok,0,1.2829013672393508,2.091300080854205,0.7938344864515114,0.9256255057889995,2.540719111014482,1.5768967496340671,0.616,1.591,5.897,0.703,0
3vxs,3,1.656838546438209,2.716337699160632,1.1878890718877175,1.1672434881528604,2.1422977172804774,3.973502163121176,0.591,1.516,6.04,0.614,1
3mv8,2,1.525869769267472,1.9123714353359713,2.2537062400885413,1.1872740863446685,1.5484378535039158,1.4554056432547513,0.581,1.429,8.785,0.735,3
5nqk,3,1.2317632707593515,2.0799195969802367,0.7483581073621152,0.821269198428131,1.858370749439932,3.6121692435462847,0.717,1.087,3.47,0.639,1
6zky,4,2.785419785720687,4.8188969887803745,5.2060853221504555,1.4199950573157447,4.582949304386726,3.9577405840452653,0.36,3.008,8.478,0.38,2
5jzi,0,0.9807320189646387,1.2538051511991564,0.9592511380678611,0.8500531544998648,0.8493239246820747,2.156584453493309,0.854,0.743,3.48,0.901,0
2esv,3,1.0734962522917524,1.3616260123478108,0.973946507493064,0.9810790978026436,1.5187107524945433,1.3943331466697002,0.838,0.736,2.526,0.79,1
7n2s,1,2.1226614365110015,3.94046548552201,1.2691892745007334,1.370661513930579,3.928301394571311,3.385227594173478,0.325,2.776,8.412,0.242,2
5hhm,1,2.379803346972853,4.492072849836807,1.8631940014446244,1.2699352868135168,4.645075252118341,5.720305986277037,0.363,3.014,7.007,0.294,4
8gom,0,2.4702745069582592,3.874262287063264,1.9875689810298316,1.715924524172392,3.0494955677576314,4.891754665631384,0.544,2.492,3.779,0.531,0
3kpr,1,2.3267918665288962,4.297596425613088,1.5628938305755262,1.4146539714581041,4.580894977575116,5.044853769512036,0.445,2.752,6.042,0.443,2
7pb2,4,1.9348840370976177,3.8237615116628154,2.2344233539700764,1.0479471097832187,5.062243419785551,2.121772559141203,0.324,3.101,13.783,0.508,2
7q9a,2,2.3193039468543937,4.093396340488087,3.0680357749177527,1.2123014571169546,3.8734897374316324,4.989609397318228,0.448,2.757,6.796,0.507,2
3gsn,4,2.369726206188535,3.8982615074762874,2.0454627836427575,1.6039881373350424,4.068260562969111,4.047849659098578,0.4,2.678,5.261,0.238,1
7dzm,0,7.21823961543798,16.78544438770338,2.010867399423289,1.6370925001795469,13.981884770256242,16.71361851740408,0.021,12.086,38.381,0.0,0
7nmg,4,1.9256967448953226,2.873820103640803,1.6887169864796188,1.416939259186553,2.479362649508395,2.7992193567297816,0.538,1.99,6.387,0.611,2
7n2q,3,2.5322049515085387,4.887333067354416,1.6070097182788134,1.346705767581395,3.610910117269606,5.781719687065391,0.245,2.998,14.227,0.271,6
5hho,3,1.9403206707825926,3.5035785306837335,1.8328562519959175,1.1731558179577883,4.622823265671014,2.2418967970459547,0.439,2.457,7.616,0.49,4
7n4k,2,1.7348206682316833,2.676013341972651,1.6713257651918736,1.1728385133873838,3.338822044133097,3.2435631359823716,0.472,1.628,10.156,0.545,1
8ryp,2,1.3692868787369192,2.3118383551240775,1.63347586704032,0.8534582931731611,2.276955101914136,3.8390325796175784,0.768,1.074,3.517,0.789,5
6rsy,3,1.9542246691056688,3.527511071646934,1.1738847417643001,1.0491516458298455,5.884361952207777,2.336089735074164,0.646,1.887,2.826,0.651,2
2f53,0,1.3970916094229497,1.9541337516718211,1.349568766725057,1.1051988776241757,1.3730174178802992,1.8199593009377084,0.611,1.482,5.732,0.64,0
3dxa,2,1.784647208906355,2.2636861730691007,3.417565700442389,1.205845039874233,2.156683069633272,2.8696993224929583,0.713,1.281,2.305,0.63,4
2vlj,0,2.462578658723263,4.575031537470864,1.9594085504386698,1.4691660079241664,4.191491013616721,6.121495540145914,0.433,2.677,5.377,0.345,0
9rup,2,8.89669745960682,18.975848136512898,3.700574442751005,3.8510263751439195,,11.652129445739313,0.01,14.614,61.653,0.0,5
1mwa,3,1.482075264105072,1.9864507092433825,2.064057177320919,1.1291400641580183,1.465447176848718,1.9617266643794453,0.665,1.52,3.4,0.641,2
6eqa,1,2.133862919451624,3.639883381093483,3.0380721480133746,1.1013828693135277,2.2138062691989657,4.613890315376986,0.453,2.705,6.709,0.508,4
6amu,3,1.586562246372363,1.7813521866551252,3.9061873065956663,0.9129347513772033,1.459777402219028,1.3728169815542601,0.733,1.096,4.49,0.767,0
3w0w,4,2.8468612226781738,4.678266546982481,2.2065777404015847,1.8794677854005657,3.6723988529473903,2.3460408958222057,0.332,3.479,10.244,0.432,2
8rym,4,1.5456737247097714,2.774431953720282,1.2085536799726722,0.9716397684170451,3.546734643251264,2.697351326422948,0.469,1.608,10.876,0.562,2
6bj8,3,2.4406141475822425,3.8104919991108535,3.447870386514824,1.5738218984208894,4.88643303271447,3.8445101952132323,0.336,2.448,12.375,0.415,1
7ndt,1,1.7627746319968998,1.5326109311177731,5.35111141825738,0.9913261390029255,1.1020450021729278,1.535468120035991,0.744,1.152,2.861,0.705,2
1qsf,2,1.6203608641196945,2.693957271640582,1.2373267323729187,1.1126873773563988,3.3160996941281007,3.548237832222518,0.714,1.644,2.681,0.78,4
1oga,3,2.2433885773335107,4.3078928194612836,1.7637242934445339,1.194725905273192,3.8613417739206497,5.910797532128834,0.396,2.637,7.455,0.377,5
4mvb,3,1.4686053533437098,2.1086880252646147,2.0021696171282937,1.1222780142824813,2.300029399618589,0.7856771028893991,0.74,1.203,2.626,0.698,3
8ye4,1,9.003752656286963,18.516359904810464,3.6660081676691156,1.8300787503334044,12.98569026403767,15.39782350691162,0.035,16.758,34.239,0.038,3
4n0c,0,1.6531527641123174,2.100285253461227,1.2368472896686653,1.529090509614059,3.078618818455072,1.75769436499168,0.739,1.133,2.733,0.673,0
2bnq,0,2.8278715571866613,4.490220782112962,2.996412307011536,1.7952864748378157,2.2988014167537196,5.1940132072764005,0.274,3.565,11.767,0.329,0
7l1d,4,3.860302590873545,8.111148047980015,1.6312687987748289,1.2531739082899418,6.703966610031998,6.40284340123927,0.296,4.145,9.44,0.324,2
6d78,1,1.1292115951981323,1.3027179768458197,2.7351812427449964,0.7070861334424509,0.6383308784974295,1.0589677859687108,0.811,0.966,1.534,0.757,0
6uon,3,3.9858527358758566,6.427387039031761,7.435463164285593,2.2514488382293023,7.22638976804112,4.834111819658388,0.232,5.135,12.455,0.3,1
8qfy,3,3.359887155299491,7.085547883209819,2.0868772754274056,1.7548403692871004,3.4137539116711193,8.821492253918127,0.113,5.455,21.301,0.131,4
3tpu,4,2.0013288969163328,2.194911248519699,3.3627525544025683,1.672929579140099,2.1178566252860125,0.8945362977199174,0.616,1.51,3.733,0.512,3
5eu6,3,2.0790409569774226,3.632405418130336,1.509476440871379,1.3310140931913812,3.7147311175299933,3.491139041578997,0.401,2.064,9.072,0.391,5
2ckb,0,1.2481782613889927,1.7025356848025603,1.420357524862089,1.0021542848370315,1.590054027808191,1.9253855622941924,0.661,1.242,3.716,0.55,0
8qfy,1,1.9190327807880634,3.910537091066385,1.0233030877580755,1.1345429865023058,5.400938155072262,1.9257665350060817,0.543,2.078,6.268,0.639,0
6uon,1,3.3506479375034854,6.300828125521698,3.1946648946427074,1.8827185095401537,6.414209529560179,5.557640667735425,0.272,4.508,11.148,0.35,5
2ckb,2,1.4256033040418172,2.0165571083175298,1.5677936369372192,1.1059703642577814,1.6298337036142496,1.9593045623655905,0.575,1.664,4.77,0.517,0
5eu6,1,1.3479743059589728,2.2811395999187236,0.7750669055991327,0.942416046804811,3.1249705479762917,0.9568889240405132,0.733,1.402,3.307,0.797,4
4n0c,2,1.586240323543651,1.964562316067709,1.2343367129368967,1.4838653571428442,2.98494071991043,1.5537974147693296,0.749,1.061,2.714,0.673,2
6avg,4,2.9706498682003017,4.674759471467107,3.6464984977297483,1.3528062005267163,3.627186730352872,6.223170548972042,0.331,3.176,7.039,0.216,5
8ye4,3,2.2960253402594146,3.7632942204101396,3.4785678127323862,1.2213263339712483,3.584119822006051,3.609021406332143,0.454,2.646,5.506,0.415,2
6d78,3,1.1291072099308626,1.2797704077487801,2.8101465460260786,0.6956807335702009,0.6551879170980474,0.9619868567057877,0.817,0.948,1.27,0.757,1
2bnq,2,1.7186227017991986,2.5750256953762896,1.8655590222490395,1.2187487629902174,2.13213300455899,2.460914019696728,0.443,2.119,8.447,0.493,5
1qsf,0,1.4601371435074215,2.4033526349367342,1.202735580240546,1.0118323835588967,3.045079724500568,2.7754335040364215,0.771,1.377,2.448,0.847,0
7ndt,3,1.8236975507592426,1.6555889459592128,5.36486367907722,1.0739113468113541,1.2997855251471866,1.6489050657870103,0.706,1.248,3.035,0.639,1
6mtm,4,2.1398188359073016,3.2226899158109443,4.4784906592343905,1.1592143901768623,4.212449025545751,3.546533362664074,0.466,2.14,7.666,0.517,2
3tf7,4,1.4752834613860886,2.4056806828208455,1.4560117076361156,1.0834121146116633,2.4328482819402146,1.3825101187751303,0.814,1.055,2.067,0.83,1
6r2l,4,3.7265074900781467,6.970869932174992,2.2233736411283567,1.788194786700067,5.447044617164791,6.33628803061733,0.101,5.337,29.502,0.154,7
4mvb,1,1.3728106499173334,1.712701143749613,2.1542261247706045,1.1335133604552017,2.0986559950075563,1.2326389127680577,0.846,0.885,2.681,0.887,1
1oga,1,2.234903222621686,4.270996479164229,1.9565106226005535,1.1793547882491668,3.337808128494186,6.1566232635890294,0.436,2.502,6.284,0.396,6
6bj8,1,1.9710566874569935,2.861892582209174,3.439035915014371,1.2796074693328334,4.352675673934475,2.7343572442605333,0.498,1.793,7.333,0.508,3
3tjh,4,3.818121359635241,6.232203155131025,3.126562850892572,2.42489614043429,7.840676823068993,3.4599423541975436,0.219,5.335,13.524,0.3,1
6amu,1,1.5154035553470568,1.751191438951184,3.583342585851534,0.9109283451659342,1.3925241389562746,1.3908574353676864,0.733,1.028,4.462,0.733,1
6eqa,3,2.3222946722554276,3.9207893889580183,3.2909799403268822,1.2460109472378054,3.2549391555373197,4.756093766099636,0.416,2.908,7.277,0.462,1
2vlj,2,2.3126787336938968,4.34198010724566,2.0079582302915537,1.3142660671183397,4.076231503569512,6.015267205695941,0.441,2.792,5.115,0.364,3
1mwa,1,1.445432292132422,2.0623838589369763,1.4777218635198166,1.1063585827442715,2.699648192633899,1.8819640214503164,0.704,1.496,3.414,0.75,6
9rup,0,8.978354437762397,19.17291911018983,3.573569237830073,3.8899974393468435,,11.703737859200963,0.01,14.864,61.597,0.0,0
3dxa,0,2.093853559210898,3.2068763211546982,3.3913934236485077,1.1865563696215884,2.7491709745872037,4.636464049851983,0.667,1.473,2.988,0.603,0
2f53,2,1.4784995594077583,2.088475410373674,1.3089963674447824,1.1704139652865557,1.6248605280806854,1.8842758119004608,0.587,1.54,6.281,0.627,2
6rsy,1,1.3645697208534635,2.2869831980750117,1.0737437150667248,0.8796337734591696,2.9709684138514802,2.230728346454588,0.805,1.046,1.648,0.779,2
8ryo,4,2.1718443275799313,4.200118924393486,1.504717719387614,1.0396191359582072,4.0208567052275335,2.7727522843474244,0.417,2.041,9.269,0.444,4
8ryp,0,1.351430619079289,2.402952840769536,1.1208957903148118,0.829915374015285,2.0278579951521762,4.241050581365539,0.751,1.101,3.065,0.719,0
5hho,1,2.730716094004338,5.29168106914363,2.154425128468616,1.375958365383803,6.196552508100121,5.604551642767105,0.218,3.979,15.325,0.294,1
7n4k,0,1.9315729508141442,3.024248487107368,1.4730241573008915,1.3235128354130827,4.240549543062472,3.092401824531191,0.417,2.046,11.89,0.564,0
8en8,4,2.272219658777376,4.226627074078095,1.4160256525028094,1.0059531897660277,4.209993629071661,6.257454124957447,0.317,2.345,11.018,0.288,0
7n2q,1,2.4055488020538056,4.592564005267244,2.227081395316175,1.2288268253468306,3.5073557261066526,4.859987808687345,0.264,3.162,15.343,0.373,1
7q9a,0,1.6879264233490618,3.0576475219225676,0.9917782718035062,1.0215074897867678,3.0450075217279258,1.982193006776887,0.54,2.038,6.723,0.653,0
7dzm,2,2.0799379757379794,3.8624125562364737,3.0782150775434896,1.1399001417338164,6.260861365318516,2.5190173288849476,0.459,1.603,6.492,0.279,2
3kpr,3,2.5046872825733084,4.3214840436310435,2.766572631358424,1.6016280705960477,4.84114282152049,4.48433710358381,0.418,2.839,5.646,0.342,3
8gom,2,2.277890551140339,3.767502897292788,1.9407695643422043,1.3821544287652365,2.537015163319574,5.696417126519462,0.472,2.127,5.728,0.395,1
5hhm,3,2.383942890533828,4.467238892281809,1.9620343072105733,1.2916482903598732,3.7413282127447616,5.733793873418341,0.415,2.79,6.004,0.353,4
5sws,4,8.261933652035655,17.936082371317774,4.048651408250467,3.9834408718042607,12.206390608189118,9.44229267016971,0.036,16.889,32.105,0.033,4
7nme,4,1.846493361104005,2.7065545883756816,1.4188446640138763,1.3733578257576806,2.3375039645005735,2.860613474292476,0.513,1.903,7.193,0.573,2
5nqk,1,1.2327013589047031,2.0866400122159665,0.7164154774507578,0.8204207647995905,2.033140100733751,3.5698650240466634,0.754,1.109,2.074,0.672,0
7n2s,3,2.5276775535924405,4.853389248967924,1.4752809844509251,1.5067728540053145,5.677202137692114,4.635784471252877,0.262,3.113,9.205,0.136,1
5jzi,2,1.0406167106068098,1.3723987116224698,0.9469116151309502,0.8839378661837859,0.8455656633456614,2.367198471816438,0.766,1.138,3.617,0.817,2
2esv,1,1.1021675457331266,1.3861413065323112,0.9622803563621912,1.0156911626145895,1.575268848807316,1.5800319120119442,0.82,0.794,3.481,0.823,3
3vxs,1,1.661285283666018,2.680878928005019,1.345197547155651,1.182733892693783,2.1180980602958037,3.8409565966194883,0.571,1.548,6.928,0.629,2
4qok,2,1.8433458434294618,3.3478524358041297,0.9765711237599999,1.0426209806040911,2.284892757689927,4.58778547411018,0.411,2.442,8.296,0.446,3
3mv8,0,1.700248693266304,2.105058951496788,2.7210386710637433,1.2826805856280135,1.4768053289083798,1.7275997453423468,0.644,1.561,5.724,0.765,0
8gvb,4,1.4731389845042722,2.7175147271368116,1.0785178198424665,1.0050749721503893,3.5624316434656587,1.6757563566135505,0.53,2.351,5.222,0.574,1
3mv8,1,1.4688836145654882,1.6114842763790242,2.5723753181176026,1.177525367515516,1.221712058247609,1.5889476891140988,0.672,1.259,5.466,0.721,4
4qok,3,1.701527580369069,2.90216787204236,1.0407653728016497,1.1260987099267037,2.8943001693072685,2.2535065970559405,0.473,2.174,9.213,0.635,0
3vxs,0,1.650681493623181,2.7241339152219073,1.216917462085501,1.1453351277255355,2.1808527093005297,3.9535928225551764,0.594,1.524,6.071,0.629,0
7n2s,2,2.4525990214848106,4.788408074158357,1.5124571145542256,1.3849711189660274,5.589565434236185,4.588147208095621,0.278,3.024,8.752,0.152,0
2esv,0,1.1093770023959881,1.5157667440585967,1.0032093319927966,0.9664547914047047,1.7481421975977862,1.6838245044168139,0.848,0.794,2.148,0.823,0
5jzi,3,1.0031958093765228,1.3219356711022434,1.0534592935020508,0.8373776362255473,0.8513674057253019,2.3286974381700443,0.765,1.168,3.87,0.845,2
5nqk,0,1.2774836917698278,2.168019692470643,0.8202700396619711,0.8391444443056444,1.9880891491262012,3.7201104092185884,0.724,1.156,3.011,0.656,0
2jcc,4,1.755374785213072,3.192799188716575,1.3270921228777475,1.0594393460247138,3.1918251494270367,3.8812337666871017,0.525,2.111,4.192,0.435,3
8gom,3,2.4229848719101628,3.876305285059456,2.0593301734400598,1.5994453558745205,3.0568991806212944,5.556233800276701,0.539,2.367,3.245,0.457,3
3kpr,2,2.4028360946471055,4.382728269200958,1.6526507180842744,1.5033486537403007,4.988431033218469,5.064878792745411,0.443,2.68,5.61,0.392,2
5hhm,2,2.3961625461539104,4.576601472553542,1.8713955237817281,1.2219601198626742,4.327524448783358,5.696233809553049,0.392,2.958,6.691,0.353,3
7dzm,3,7.064958975653709,16.507942673251375,2.59008799483918,1.2646520475012477,15.13577732787943,16.223873979850264,0.027,11.664,40.7,0.023,0
8yiv,4,3.919388234205469,6.335505714275892,3.4209469111617827,2.6693988128607895,3.7574416180455597,6.302190467864683,0.222,4.218,11.714,0.208,2
7q9a,1,1.9826561414162482,3.4878121667561786,2.6022870454068556,1.053291118102791,3.157635620179911,4.626304228285596,0.496,2.174,6.123,0.507,2
7n2q,0,2.393689200347959,4.642398546273333,1.6204479644189655,1.238695084003163,3.3724052344624433,5.777980454545283,0.247,2.972,14.712,0.288,0
7n4k,1,1.7409190099108292,2.7355067698161166,1.5024604686966758,1.1583802512833956,4.0315062815119695,3.0175912180425613,0.501,1.669,9.983,0.636,0
5hho,0,2.225416852532923,4.240153975187725,1.786583416317357,1.1937047395994893,5.416875713330105,3.1119836807598262,0.348,3.344,10.694,0.49,0
8ryp,1,1.3462513914216376,2.26006936776109,1.193264671850886,0.9231662183500121,2.6203680059659207,2.9955734806445955,0.657,1.481,5.431,0.754,3
5xot,4,1.5574477690172384,2.648863507039096,1.1306791314845785,1.0245273286769025,3.1625505767517295,3.5856848401253947,0.671,1.135,4.083,0.565,5
3e3q,4,1.3549306295317651,1.9793512312985895,1.2084600833755244,1.061688355037282,1.718085399260655,1.6051514121984223,0.734,1.309,2.299,0.702,0
6am5,4,0.7766487790338386,1.0505613045709428,0.7738291742041415,0.6594013339899696,0.7572152749541818,0.8809318634012437,0.883,0.515,2.146,0.814,0
2f53,3,1.583801742002179,2.218301056251058,1.7836370196877005,1.212923107775218,1.780175149444661,2.0102934554814724,0.533,1.659,6.528,0.52,4
3dxa,1,1.910726498018709,2.6408219942450613,3.6161319929280484,1.1466760509392633,2.650002970673633,3.4898546911247523,0.702,1.397,2.627,0.658,6
9j4t,4,8.934760533764148,17.9186802405339,3.8970779414652252,2.207819783196337,13.759174090467265,10.255052202261409,0.058,14.695,31.644,0.095,4
6rsy,0,1.321307958199277,2.1334909954074406,1.1272186399128463,0.9095624437431664,2.0467891409012857,2.0795491214657487,0.795,1.107,2.001,0.791,0
7n2n,4,2.716922520537152,5.274803963906042,1.7496104728517234,1.6733643561258569,3.2361026745354957,6.300524492986179,0.196,3.634,12.905,0.14,4
7qpj,4,0.9768245923317709,1.1880999297929622,1.2655787690842348,0.8526425382390646,1.4011172688650222,1.6503751091033836,0.885,0.573,1.059,0.797,2
9rup,1,8.644958880389968,18.369615807808028,3.6516322492331708,3.822512140143868,,11.682407662490366,0.01,14.17,59.562,0.0,7
1mwa,0,1.3989973582321513,1.8493332178195092,2.166752637220629,1.034116781811976,1.5287545615919085,1.6932906650564123,0.687,1.416,3.659,0.688,0
2vlj,3,2.4691596748359146,4.592631164210109,1.9605323689478058,1.4689963915509519,4.306690072282321,6.064146632727781,0.408,2.86,5.096,0.273,4
6amu,0,1.5531562365682783,1.8026676241878528,3.657593773414237,0.9271593923830914,1.5465533076705156,1.4942314106405747,0.699,1.102,5.397,0.733,0
6eqa,2,1.6153613264666424,2.4545006409413666,2.7284696875287278,1.0022035722845715,2.7684526694087976,2.1505615791337633,0.561,1.95,6.232,0.662,0
6bj8,0,1.5248267906058381,2.630917462650289,0.7941843904352153,0.9745435648096828,3.4737608861598215,2.9848015087205884,0.553,1.527,6.308,0.523,0
1oga,0,2.3521144446361095,4.668206916329177,1.6403435317560504,1.1208422507030547,4.502210464552476,5.870362094713313,0.327,3.079,9.383,0.34,0
4mvb,0,1.457288282624255,1.9718153196160324,2.093544165311958,1.1618644931278392,2.409326741369814,0.9813397149866725,0.795,1.113,2.949,0.849,0
1qsf,1,1.659804636225401,2.7720295307428704,1.2645270485237328,1.1302583962982211,3.2983113274234532,3.3274299828247815,0.709,1.668,4.032,0.864,2
7ndt,2,1.4783050296279,1.4499229775452582,3.891230088653617,1.0060811355708243,1.280971558211796,0.966536347351499,0.737,1.125,3.569,0.721,3
6d78,2,1.1621613790134895,1.3746502980670798,2.7478747391894323,0.7262970148189292,0.712906556289921,1.5461256821838603,0.826,0.944,1.252,0.784,0
2bnq,3,2.6033551428862296,4.025066749540539,2.87486299492399,1.731756951267278,2.2147661782762333,3.9595789777490578,0.282,3.514,11.573,0.342,3
8ye4,2,2.136206679187277,3.3317030126841103,3.4238358869825496,1.23156407928301,3.5962873947403287,3.2850410999573647,0.536,2.143,3.89,0.453,4
4n0c,3,1.6816832842139364,2.172288252410078,1.2361306797340759,1.5412484603929428,3.043204889696286,1.8698102252438509,0.728,1.167,3.008,0.673,2
2ckb,3,1.4236454981109172,2.020616958937263,1.6660102670634829,1.0834508924387893,1.5829670609096527,2.011785451849649,0.594,1.638,4.144,0.517,0
5eu6,0,1.400503952301654,2.3911080580712323,0.8382894885555897,0.9611568555207861,3.441157275003141,0.960282832670718,0.712,1.405,3.16,0.725,0
6uon,0,3.043637638255181,5.629192393512691,3.41406630997274,1.7017374605993667,5.974518296785141,4.377054561597291,0.321,4.129,10.498,0.45,0
8qfy,0,1.592647075028437,2.917602615734745,1.145448610556188,1.136968437699894,3.357024750182793,1.691836267318818,0.642,1.663,4.813,0.721,0
6avg,1,2.4385390442938406,3.7379732583542022,3.185820971308725,1.2109765488415014,4.736076426946149,3.23934478116802,0.512,2.45,4.269,0.464,2
7l1d,3,2.738342065506286,5.54027754656468,1.5985025298445252,1.1661987319884763,2.659282356417778,6.181978478622863,0.522,2.877,4.278,0.554,3
3tpu,3,2.117318573339732,2.5095235904279987,3.2184376699555277,1.757406038153302,2.287771797560249,1.1257352264647469,0.569,1.744,4.477,0.5,3
6uon,4,9.924638478071664,5.273022237752779,33.57183102753954,4.10065840076477,5.755231756702877,3.398529293140903,0.189,10.597,13.057,0.25,1
8qfy,4,3.2294415255018984,6.789139135699547,2.08366083899413,1.6973420151665524,3.1550079016730117,8.18932690166332,0.132,5.375,20.676,0.18,3
5euo,2,2.5005408794933657,4.758745235007169,1.9053134659250173,1.2036236569582806,6.10017089604361,5.317444248170664,0.274,3.294,11.855,0.311,5
5eu6,4,2.543534851428491,4.369237194741297,1.9198461959046245,1.6817368869350022,3.8822735146173186,4.390447117193324,0.325,2.696,9.998,0.319,4
7pdw,2,0.9198400537109005,1.1795339318748153,0.9576158300128372,0.7969478112160691,1.1153234895101083,1.0472764257225868,0.808,0.471,1.703,0.554,2
3w0w,3,2.7665227617132824,4.575500527606242,2.261386495697055,1.781853348717791,3.733293593873238,2.1554088649984475,0.353,3.365,9.737,0.459,2
3vxu,2,3.7335395289530355,5.808010061358781,2.3538290226157748,2.562447711302639,5.079716523244897,3.3019271280013966,0.271,4.571,10.282,0.309,2
8rym,3,2.0707795071163,3.938206903358966,1.22549372474312,1.1523369015689362,3.952488301384712,2.5661372272785563,0.345,2.481,12.754,0.458,3
6bj8,4,2.252862684168417,3.382598671121643,3.439729573361278,1.5008744921720703,2.90836593551361,3.4898995644818283,0.361,2.286,12.376,0.462,0
3tjh,1,2.878160468179,4.931613709256728,1.7305906869595535,1.6663404770248418,5.814017663715436,3.2344296648723785,0.292,4.279,12.049,0.433,1
1oga,4,2.3543642536471183,4.541752319203389,1.782700395941191,1.2427521329221933,4.609564733215931,6.022976433391343,0.323,3.131,9.549,0.34,4
4mvb,4,1.4840915464126703,2.0222257152809178,2.1928209728792716,1.164585885791448,2.1764255020419796,1.166640735519691,0.762,1.153,3.086,0.774,1
6mtm,1,1.9341805002385282,2.5480144827859945,4.451571424258286,1.1223383567394012,3.6638621296844787,1.9695504282967848,0.63,1.646,4.031,0.621,2
3tf7,1,1.8087852736436039,3.249685863803547,1.1856484846283752,1.2003934925658692,3.780673344745634,1.8388822792961421,0.677,1.504,4.697,0.766,2
6r2l,1,1.9022454960270736,3.522036897698141,1.67580836236026,0.8739195231403238,2.652444260272107,3.111710021485373,0.56,1.511,6.155,0.527,10
1mwa,4,1.617233491022137,2.4192374751019172,1.4665650303621895,1.1785067181335327,3.0550774643550738,1.9954941179250472,0.637,1.774,3.73,0.656,3
7qpj,0,0.9733455394646177,1.1818707666522013,1.4000563625313203,0.8290816067902111,1.4732893552146171,1.702341263131282,0.893,0.538,1.16,0.812,0
7n2n,0,7.5671267596473735,17.32915364269768,2.247573010443387,1.7143046099485844,13.819200274399323,12.175162425122918,0.027,17.633,42.635,0.035,0
6amu,4,1.567706402145425,1.801922663847464,3.8296218571384877,0.8902814492589741,1.539434429876537,1.44004508901577,0.728,1.086,4.759,0.767,1
6am5,0,0.798241522095874,1.1393265194178626,0.7172738060114119,0.6531727287470303,0.7846755380648355,0.7265934877354907,0.914,0.461,1.812,0.871,0
3e3q,0,1.564473935825103,2.0094598487211264,2.9736649930605745,1.0785013274970008,1.3581061429608057,2.1421701401753097,0.727,1.417,1.944,0.702,0
8ryo,1,2.4525589984743252,4.1750214237168075,4.143170650251975,1.157525650735045,4.373605286298115,2.710319386926815,0.512,2.183,5.617,0.519,2
6rsy,4,1.3929935804672444,2.3301010316273696,1.0363224907036566,0.9096960229780464,3.0557046299161423,2.2664614868109685,0.78,1.141,2.162,0.767,1
9j4t,0,2.354213352815831,3.6755669229149004,2.936426646150285,1.5450100512604512,3.1264604915825975,5.233912384744158,0.411,2.258,9.842,0.5,0
5hho,4,2.1827671446154637,3.9056259422141326,2.0057971494538185,1.359076090478278,4.187892142981452,3.242448914626134,0.377,2.797,6.487,0.275,6
8en8,1,1.1838189073518153,1.70739949193228,1.0739431069963097,0.9452609654401587,2.295856860800993,1.4037552510657438,0.634,1.281,7.777,0.781,5
5xot,0,1.2540038118278085,1.9183527056477667,0.9215240211071536,0.9805960156383788,1.8432943783323517,1.267084951519939,0.85,0.791,1.685,0.806,0
3gsn,3,2.2070980146790875,3.478629938223737,2.0335513649449894,1.594146349660098,3.4839762469446267,3.935722967755728,0.439,2.393,4.075,0.222,1
8yiv,0,4.338904179682355,6.96385285682041,3.8672192628114788,2.985460969867097,4.024552754681818,7.86394504819609,0.219,4.688,11.789,0.221,0
7nmg,3,1.9541804549664468,2.9343816560094904,1.7181628524812438,1.4227398847412764,2.573648432262733,2.779488695821357,0.518,2.113,6.628,0.597,2
7n2q,4,2.521338336753746,4.718542060953087,3.00495299717823,1.2506755038391613,3.5604371640393073,5.504504706414758,0.268,3.057,13.901,0.339,2
2jcc,0,1.4552925871055489,2.535326360692331,1.0052494997351265,0.9832533993995193,2.306000013627453,3.2072973067006245,0.637,2.038,2.965,0.667,0
3utt,2,1.1728350000871743,1.5448925416010069,1.022747216395705,1.0595362360989562,1.1528980184623905,2.336178039333364,0.813,0.892,3.152,0.822,0
7pb2,3,1.7700694040740441,3.5913541798636426,1.5152633331891556,0.9674464708157741,4.291216533473719,2.6172298728912615,0.339,2.94,13.461,0.525,1
5xov,2,4.603573503668646,8.333534688787596,2.6428713003651185,3.027352147097198,7.9721047392884135,6.333536321690249,0.15,5.742,18.114,0.206,12
3vxs,4,13.80435589372789,22.806667664482664,10.289359906742643,9.536994273697365,23.37017509850141,19.121053725720678,0.017,15.543,41.137,0.0,18
8gvb,1,1.4703086573704527,2.7395313912053982,1.0895010525692064,0.9835647288898547,3.837864082206211,1.6011305567945058,0.573,2.284,4.834,0.662,5
7nme,1,1.8362060999702603,2.6195086182153715,1.4995532671058351,1.4141095090540388,2.290324834149775,2.611255241444518,0.569,1.789,6.196,0.64,1
5nqk,4,1.255789181000837,2.1248328013066016,0.7589560186501896,0.8339663519292831,1.9220582019958738,3.5943746503443466,0.723,1.12,3.514,0.672,0
6zky,3,2.6987727095706187,4.8259868343978365,4.956491404968442,1.2645894082572227,3.7150723948212665,6.371944797414843,0.472,2.792,7.07,0.6,3
5sws,1,7.9574679684379594,17.264688584349184,3.8597495362218037,3.851165410066445,14.873203201123626,10.698368012225043,0.031,16.599,36.492,0.033,1
2esv,4,1.070016040720284,1.3894177461823076,1.0245939419296772,0.9588894793030869,1.518241612851162,1.5849659951953883,0.852,0.76,2.216,0.823,1
7nme,0,1.889054714119806,2.7512586521042524,1.5003368292943886,1.4146811862194661,2.4037470047858958,2.7669813240634085,0.548,1.934,6.921,0.667,0
5sws,0,7.924284483336589,17.250315306235912,3.7967350974329586,3.7897912414517076,12.963122955626677,13.14198971683694,0.03,16.467,37.169,0.033,0
6zky,2,2.839876035711511,5.146910338752391,4.986737986443915,1.347160751930065,3.5338852313406783,5.824144781416052,0.297,3.385,13.377,0.44,5
8gvb,0,1.5500497907918052,2.94844688436945,1.1807889277351729,0.9917177100462142,4.199161759520723,1.6152989395104997,0.507,2.444,5.519,0.544,0
3mv8,4,1.3432693569087426,1.581645739266252,2.3316384201509037,1.0169620168814286,1.5079699111846345,1.677149051059307,0.725,1.189,3.721,0.721,3
5xov,3,3.986823039966651,7.776548828468038,1.716634992082545,2.1819044383528214,6.4645494789685545,5.828322051026753,0.178,5.106,14.83,0.206,11
7pb2,2,2.3983971602625727,4.888503876479365,2.0760505160852185,1.2880638781858422,4.333852565664075,6.151330521724548,0.336,3.032,7.979,0.279,5
3utt,3,1.1331017843487272,1.4377760153190953,0.9816098310584247,1.0462842024190182,1.0955644362242098,2.032912445816261,0.786,0.876,3.146,0.733,0
2jcc,1,1.573755829252651,2.8606584530658954,1.3571303456430057,0.9260932775164602,2.320531761023303,4.036377775794892,0.59,1.882,3.454,0.522,6
7nmg,2,1.9265351172049674,2.898993273553643,1.6912890809950747,1.397959036093271,2.4356012412292594,2.8083497316441703,0.552,1.98,6.213,0.639,1
7q9a,4,2.08075184696258,3.546918100524492,3.0671278068585197,1.128966140205305,3.269393950041827,4.446111204479832,0.471,2.417,6.723,0.52,5
8yiv,1,3.9203319231904135,6.501876828784651,2.923263526644907,2.5963460123766042,3.5556349215656513,6.8976242463304835,0.217,4.263,12.347,0.221,1
3gsn,2,1.1829181595069516,1.823223095524705,1.0390798237439192,0.8894503471650991,2.1142871584830236,1.6311188477075376,0.653,1.065,3.794,0.46,3
8ryp,4,8.449869664167483,17.695010306777007,2.49262385360028,2.2620231662018986,12.446309752161854,15.195043338699334,0.049,15.248,37.281,0.088,4
5xot,1,1.6470315083917195,2.7276719287608415,1.2063093801886093,1.1416647994659737,4.203224833270692,2.38145072671717,0.648,1.306,5.165,0.645,2
8en8,0,2.306558801479578,4.343452125851017,1.3942279171799274,0.948185471173855,4.426930206935624,6.485894537181681,0.291,2.444,11.832,0.26,0
7n4k,4,1.7211054775163606,2.6766470620038816,1.3441825292429832,1.1907743603674203,2.965216023182477,3.3461875841551074,0.473,1.748,10.542,0.6,1
9j4t,1,1.8296972056788485,2.732889591496652,2.858523572851737,1.140028629343357,1.1818004153323385,4.826080775127296,0.551,1.373,7.872,0.571,1
3dxa,4,2.0875241799882756,3.0651660662714697,3.8318972343906297,1.1415383970368815,1.696977523669728,4.761687440331606,0.704,1.456,2.633,0.685,5
3e3q,1,1.2036362514747225,1.5935069695042083,1.189969164024062,1.0293455933116546,1.0684081264804977,1.489960049233516,0.78,1.14,1.48,0.737,0
8ryo,0,1.7880084978121897,3.0576406905790385,2.3859578764481153,1.029612478038304,3.6538143405886228,2.531770614315713,0.532,1.662,7.345,0.574,0
6am5,1,0.8277699396290876,1.1721932818868823,0.8135847696477491,0.674671472527043,0.7489317972427416,0.9722798416617863,0.867,0.592,2.506,0.814,1
7qpj,1,1.0043711075949804,1.2553638622587262,1.3307797779536332,0.854913856325052,1.4725600451895677,1.7276518222309856,0.877,0.585,1.17,0.783,2
9rup,4,8.513489341230242,18.10555625434943,3.3777759978477007,3.7715173212435054,,11.52827397541682,0.011,13.7,58.624,0.0,5
7n2n,1,7.456075731769526,17.191931246954194,1.3050008292084854,1.4497888054282462,11.511570387665559,16.13390742349788,0.017,17.384,39.269,0.0,2
6r2l,0,1.5790317103227902,2.6408829343642917,1.7144766001384941,0.974078568101386,2.542823107937107,1.3137623470376962,0.697,1.221,4.002,0.67,0
3tf7,0,1.5078996671352707,2.5899556603887266,1.1238846739118324,1.070648143352199,2.989164919044899,1.4470623249374637,0.809,1.166,3.02,0.915,0
6mtm,0,1.982333964247953,2.9214914735264625,3.9607753141105073,1.1848810018179254,4.105195072662303,2.332928155836701,0.509,1.871,5.717,0.448,0
1qsf,4,1.5082201643456683,2.480262967149,1.2256601120536565,1.0483239064173238,3.170624284373841,3.207794228229929,0.74,1.492,2.795,0.814,1
8rym,2,1.697986422022266,3.006812246146811,1.485973645722309,1.0774212527587856,3.5537159021588707,2.2114529550310156,0.445,1.768,10.533,0.521,1
3vxu,3,3.555337701731671,5.5394336012669045,2.298458876727581,2.4246284631676533,4.913231056898584,3.054392929861003,0.296,4.328,9.778,0.351,2
3tjh,0,2.730354684340597,4.655533029752036,1.633228478991045,1.609388905684261,5.510459813482438,3.129530600953451,0.304,3.995,11.078,0.417,0
7pdw,3,0.9093885690020763,1.1693798503432926,0.951640962350319,0.7855255143270995,0.9909561251789847,1.0772233797770692,0.811,0.475,1.508,0.554,0
3w0w,2,3.067853767034585,5.124367485593109,2.2818770988104333,1.963043219780373,4.113455919126779,4.05872936276596,0.303,3.769,11.517,0.419,3
5euo,3,2.436281096713447,4.613082693745933,1.827985249006502,1.2053662944450299,5.788798051713561,5.402568829130919,0.254,3.27,11.808,0.246,4
3tpu,2,2.0362069124159676,2.236454966702757,3.9854265579565418,1.5398139823802834,2.291917557627198,1.0431153024544144,0.609,1.442,4.157,0.5,2
7l1d,2,2.9240198769007217,5.955266798113981,1.623512035611852,1.2018604869923437,3.4316617216430414,6.621543569500125,0.499,3.074,4.198,0.5,5
6avg,0,2.4224614308881716,3.6717802118591125,3.4260371315198634,1.1778661552786758,4.591157110580344,3.0881585236384494,0.511,2.443,4.035,0.443,0
7l1d,0,2.8924229701913684,5.853491003973078,1.7459438539029992,1.225107099054927,3.2618013283610683,6.459712570493321,0.484,3.024,4.312,0.459,0
2bnq,4,2.366270615708077,3.530039622054739,2.57829560672881,1.6887279990766038,2.5427844403861637,3.5318914439901956,0.338,2.974,9.85,0.384,5
4n0c,4,1.8868306011303262,2.6831526519393476,1.5019318890954674,1.6008491083812926,3.3685348187232935,2.2959578995308556,0.68,1.374,3.391,0.635,1
6avg,2,2.650578590028902,4.005278601193315,2.8481992687849336,1.5563132224378657,4.284360600569137,3.5325598853128115,0.4,2.998,6.804,0.392,1
2ckb,4,1.4691605013286753,2.1350160052304834,1.7180734937562818,1.0825011281320307,2.3547347677796755,2.0218733530101143,0.579,1.698,3.57,0.45,1
5euo,1,2.3823095751015586,4.505597391962123,1.5583987996350754,1.2178282226535102,5.761666770759372,5.362863892411799,0.3,3.039,9.532,0.262,3
3tpu,0,2.2482437693990818,2.8809159415953305,3.2032471730645957,1.7926605200956813,2.7629296667110372,1.4255967914297134,0.554,1.919,3.989,0.463,0
3tjh,2,3.0015874206457434,5.122147676371688,1.7267328125125372,1.7701681801727243,5.828983683391986,3.544187325168202,0.267,4.417,12.598,0.383,0
3vxu,1,3.449872209798243,5.330443833820711,2.2413685956182245,2.3945267063976603,5.0143152872450285,3.1066126766880147,0.3,4.231,9.844,0.361,3
8rym,0,1.7214057371818183,3.1204528038134476,1.3228645481312689,1.0603023957173663,3.006087167497601,2.5924220841463668,0.473,1.79,9.916,0.583,0
3w0w,0,2.9659718053155957,4.9168799057748505,2.3652877303823785,1.91005586179627,4.142418767079296,2.3265839228137395,0.307,3.65,11.052,0.405,0
7pdw,1,0.8540325756650714,1.057426915537514,0.9497789491958102,0.7532322116375783,1.0051659589431134,1.0278553518168476,0.819,0.436,1.139,0.554,0
6mtm,2,1.9197288284125504,3.070753224468703,3.344461579909937,1.1544966153291245,4.654415229477311,2.405347995069258,0.504,1.893,7.077,0.534,2
6r2l,2,2.4085838737522876,4.684001738771324,1.1777093086380415,0.925665402755134,3.1229488245965715,5.088288884742582,0.346,2.197,10.646,0.33,9
3tf7,2,1.5031378862857743,2.548672476783644,1.128098894910911,1.088388167228053,2.754907410118288,1.6750015258782112,0.793,1.252,2.2,0.851,1
7n2n,3,2.2509059110787777,4.395596977255574,1.370760251070586,1.3739864834181528,1.9256852232047292,5.54690140838784,0.296,2.938,8.705,0.193,1
7qpj,3,0.9723113509568319,1.1853321759808944,1.1742060241355654,0.8588106361393428,1.3651141559055955,1.6992066175587903,0.903,0.555,1.35,0.855,1
2vlj,4,2.3615446976839007,4.489525683548132,1.852450076862356,1.320157974146829,4.49873146299959,6.021357220641979,0.368,3.167,6.522,0.291,3
8ryo,2,1.9716488282651867,3.059643808125291,3.6425009417090837,1.0965163670414673,4.079962469190127,2.505459079709659,0.544,1.755,6.192,0.556,3
3e3q,3,1.2330915386891055,1.6254100556542184,1.2358058854542802,1.0563439777028336,1.1640237208655286,1.692927019126886,0.778,1.164,1.393,0.737,0
6am5,3,0.7828191409926982,1.0986775164515974,0.7173383888027399,0.6496937630710266,0.7863730808044771,0.8523137750403142,0.884,0.512,2.119,0.814,0
2f53,4,4.0862195495717035,6.832183342474591,2.300065151058373,2.448104847186037,5.841686173594163,5.932207857777667,0.191,5.695,13.61,0.227,2
9j4t,3,2.0961410634930684,3.106291180531614,3.2052995913034525,1.3479597619296768,2.595713622264596,4.820554007453992,0.506,1.76,8.061,0.571,1
8en8,2,2.125627604975818,3.928797149792557,1.303484597562587,0.9803845943197554,4.110563041193384,5.796339911900421,0.352,2.247,11.208,0.384,3
5xot,3,2.427461871801158,3.8989838808160564,3.6261344149384334,1.46377848575157,4.292594858675524,4.061096183609102,0.4,2.218,9.369,0.435,2
7dzm,4,2.075603676099639,4.3908026611048285,1.3017389844146645,1.0144985480159852,6.51060806456246,2.8804838208600176,0.336,1.954,11.357,0.279,0
3gsn,0,2.243385835986488,3.603900720759743,2.0823280452154087,1.5680673650765995,3.8241723908544603,4.0336377737339015,0.433,2.411,4.709,0.254,0
8yiv,3,3.219597008254049,4.998114565133516,3.886517406805468,2.178185121407814,2.8501470001164604,5.531149389455528,0.345,3.235,7.739,0.312,2
7nmg,0,1.976117440871631,3.0040332918189576,1.724985838125688,1.4104816599059466,2.5769883858149227,2.810668584916058,0.547,2.054,6.382,0.653,0
2jcc,3,1.7279752578367902,3.147255958780116,1.257864663126438,1.045721376868015,2.6599888291251204,4.181533194302966,0.544,1.944,4.317,0.464,5
8gom,4,2.4009778959744534,4.021408567869366,1.9213294663785787,1.4223952884429918,2.598265689540162,5.5007962260681165,0.36,2.457,9.399,0.358,8
7pb2,0,1.9988994289008952,4.104587412188033,2.0361990419206206,0.9948906457476863,3.043706723635974,2.8871301681920305,0.337,2.446,12.674,0.426,0
5xov,1,2.2313100031356483,4.371124851611765,1.367250722144976,1.1520181336190307,2.5719783240048537,5.991891793018916,0.313,2.613,13.203,0.397,3
3utt,1,1.1797120669982428,1.561366985599452,0.9869180380441546,1.066754343986014,1.3803148750669683,2.1891611477241555,0.766,0.953,3.521,0.733,0
8gvb,2,1.4806122690354204,2.7291258370174543,1.108743418843684,1.0088284681959139,3.6147198339342994,1.7478773894565913,0.509,2.372,5.584,0.544,3
4qok,4,2.0249563308803897,3.6930369484885723,0.9724464338688743,1.1382262860356476,2.4616705016440115,4.437041669294865,0.424,2.515,7.902,0.473,2
5jzi,4,1.0263896434436752,1.371320994369432,1.0558553212318365,0.8473438354506637,0.8797635993291447,2.2542022349812174,0.77,1.149,3.761,0.845,2
6zky,0,2.2433832409524226,3.4172037090236285,4.91025931756717,1.2429560770602026,2.453420698158327,3.089734280877935,0.45,2.347,7.222,0.48,0
5sws,2,7.914012420409647,17.13446939752761,3.8887477845594924,3.861559815903487,15.267057291111412,10.929263546846709,0.031,16.681,36.39,0.033,1
7nme,2,1.8318317687010253,2.629703356075348,1.4644372406726458,1.4014119712989939,2.327859866507989,2.716465880336734,0.571,1.78,5.964,0.627,2
5sws,3,8.067523048528761,17.437151923616383,4.101652003575255,3.952518484684402,16.308308848559374,10.968012684442598,0.032,16.992,35.268,0.033,1
6zky,1,2.318038849959153,4.292947423741387,3.236204475798723,1.2608732005546495,2.8633696233235653,5.32762094389935,0.387,2.66,10.389,0.52,3
7nme,3,1.8382219103157653,2.6439895387832335,1.5043466845372804,1.3978609605602894,2.3560169006192466,2.7425535201808526,0.557,1.834,6.527,0.64,2
7n2s,4,2.114134425994643,3.9413615290048676,1.607077168921838,1.3185216311061634,3.191476772094136,5.22670870040105,0.397,2.258,6.759,0.273,4
8gvb,3,1.6867982844433922,3.298905488540706,1.141229271021662,1.0278613734525568,3.932569654008132,2.913612991524015,0.455,2.584,6.951,0.515,3
3utt,0,1.1691633300952347,1.5791129903898415,0.9243162324205577,1.049242146095037,1.6174605237950936,1.9946055740781719,0.788,0.9,3.228,0.756,0
5xov,0,1.509921827312109,2.5105434757292664,1.212877439580566,1.1093157141387677,1.0924672061824805,1.9817978253031452,0.571,1.645,7.502,0.698,0
7pb2,1,2.4194047487806,5.18449714652663,1.8417632346819197,1.0873341980407227,6.183441989214775,4.530332756223869,0.273,4.01,14.563,0.443,2
3kpr,4,2.40576021843266,4.272341592823763,1.7653107683004303,1.5845678870806823,4.987153296024384,4.409467366773419,0.444,2.624,5.138,0.354,1
5hhm,4,2.6264496930433925,4.761376602628893,2.1300610510334694,1.5794365588570096,4.639773463339415,5.926050207055929,0.336,3.13,7.46,0.255,2
2jcc,2,2.156826997419826,4.11945915293551,1.2719816895772484,1.1587755269431814,2.974142202631914,5.251643663702287,0.41,2.994,6.609,0.406,2
7nmg,1,1.9609042202552467,2.9956506888498606,1.698371623427761,1.3885018056444929,2.467477825352632,2.801417533350158,0.53,2.078,6.623,0.625,3
8yiv,2,3.9557888623866657,6.383190511761164,4.050993548406686,2.609914961786227,3.620988011735783,6.4296302642903145,0.225,4.187,11.87,0.221,1
3gsn,1,2.14310016400588,3.4768895497436927,1.959837525211945,1.4751177684813586,3.307776215394291,3.9624007049031658,0.431,2.385,5.041,0.27,1
5xot,2,2.3444622725422284,3.698104804318351,3.5811976289878644,1.4513186630516757,4.583818560259971,3.820575603638179,0.416,2.122,9.474,0.468,1
8en8,3,2.8146718321656006,5.356738217017693,2.2868580624451056,0.9379536226453578,4.839854012493031,8.477109171905555,0.233,2.939,14.834,0.247,0
9j4t,2,1.87465686534057,2.910665227329862,2.6938522370857716,1.1476929149270718,1.5151480597089197,4.857727057689449,0.539,1.623,9.125,0.69,4
6am5,2,0.7588565669282391,1.0100707194802365,0.7554519404394847,0.6530655564036777,0.7205524138010931,0.8268751393243812,0.901,0.483,1.872,0.843,1
8ryo,3,2.3566684043960913,4.460155683957909,1.8408476146019113,1.2077133556023587,4.281080752976339,2.639741085092159,0.366,2.228,10.086,0.37,2
3e3q,2,1.5700711233425628,1.9865172673550426,3.0280314743038916,1.093393755058984,1.4163040226317005,2.2010944567051567,0.707,1.415,1.75,0.632,0
6eqa,4,2.5998409299612106,4.306662596726086,4.053148846598673,1.3803642709664161,3.321567646167875,5.037384873134594,0.37,3.431,8.183,0.431,2
7n2n,2,2.405678918345147,4.6603973420103,1.5692258161071146,1.4874907208449961,2.2142258385504294,6.24289322512507,0.29,2.873,9.817,0.228,1
7qpj,2,0.9449886151885423,1.1121391026995775,1.1662780810488325,0.8509152840644164,1.3504132369229542,1.650039477586244,0.899,0.518,1.331,0.826,1
7ndt,4,1.7957205073025382,1.58407079775756,5.109062051753535,1.153961386057876,1.1916946535740807,1.2925665334188035,0.703,1.253,2.859,0.623,1
3tf7,3,1.8095989214892598,3.2064099811323663,1.1852283044318095,1.2341841810811232,3.5714928224627274,1.9749812258057433,0.692,1.487,4.74,0.809,1
6r2l,3,2.8118985696831666,5.461675748981702,1.311370949613675,1.0998309352967333,4.175842690898385,5.306356230941604,0.191,3.268,18.137,0.22,6
6mtm,3,1.992866525384142,2.850263523508925,4.345557434044465,1.1140050679209974,4.276187334253461,2.037207514060475,0.572,1.682,4.387,0.483,4
3w0w,1,2.8926154267391553,4.797973831172423,2.223532599766017,1.8718006558692355,3.977131685181112,2.4090506651474746,0.331,3.656,10.955,0.473,2
7pdw,0,0.9130813700238409,1.1855677095090889,0.9823132541909767,0.7790156068752463,1.142511426595306,1.0200129735449872,0.791,0.537,1.63,0.523,0
3tjh,3,2.6980806277879528,4.614027727640501,1.6942614993805496,1.5635078837207617,5.537004257688718,2.9766863426201406,0.306,3.978,11.346,0.433,1
8rym,1,1.587217205178511,2.6605900736960013,2.099752992907877,0.9849380268909829,2.7594207310586207,2.4577158047400176,0.534,1.527,9.507,0.667,5
3vxu,0,3.540151718802695,5.506558956458042,2.2288048852748803,2.432994402751908,5.216023514535135,3.054330402566054,0.291,4.368,9.832,0.34,0
3tpu,1,2.032498646538088,2.2511284538937084,3.7458395509674816,1.5985515433709976,2.29162324334633,1.0285074335202258,0.59,1.485,4.854,0.512,1
5euo,0,2.6077372612350445,5.009875549129899,1.9411056802473654,1.2055287956931402,6.366416486363495,5.354024894043193,0.222,3.614,14.506,0.262,0
6avg,3,1.9244077635230117,2.886490190465257,1.8361255305973303,1.202259272322886,1.4704095982241578,3.2985073551111816,0.503,2.387,5.825,0.546,3
8ye4,4,2.175795614244037,3.56369156986903,3.436735828886486,1.1078684814350113,4.040541983667575,2.9159766288379227,0.437,2.441,5.084,0.302,3
6d78,4,1.2459815150418134,1.5168100030818688,3.0544384432173484,0.7000904520826279,0.8863616741784109,1.7791453240866733,0.816,1.058,1.11,0.797,0
7l1d,1,2.9127328350415422,5.911371167676012,1.7277825770920643,1.2116586409965566,3.3257231929419007,6.612185282926152,0.513,3.054,3.632,0.5,4
6p64,3,2.5638358684599174,4.391537180991621,1.9010788295940777,1.4861498767049726,3.0056974005143644,2.642771384890153,0.536,2.925,3.991,0.58,3
7rtr,3,1.598744734100298,2.6197014417176048,1.5301651613886351,1.009433329678726,2.6630148272710303,1.8991243748743198,0.611,1.363,7.122,0.698,4
3qdg,3,0.9381282435107353,1.3699283319502629,0.46895412413705423,0.762719927537869,1.141693033252693,0.8207468909854562,0.842,0.708,2.338,0.778,0
3kps,3,3.46507459255222,6.547887350469854,2.2655458223128564,2.0856016196991067,5.145987459209218,8.450178007904404,0.238,4.206,9.954,0.179,2
6vm7,2,2.1109370404669705,3.457044014806942,2.7373956529770225,1.1251065524235613,2.6104842102235573,4.738339617967994,0.484,2.186,6.62,0.508,4
9ru5,0,3.2382681885937794,5.909384705599173,2.5266331228624037,2.174950604147869,5.390670804317916,4.016926922947053,0.243,4.042,9.053,0.139,0
7n2r,3,2.358163130406668,4.84827586767499,1.348607583948815,1.2432253918738951,3.890171009217594,5.582074010445536,0.28,3.024,12.844,0.339,1
3vxr,1,1.607317390862693,2.613382517131231,1.279634289740257,1.0958652146342311,2.197883793919624,3.5893902157212896,0.617,1.502,5.825,0.672,2
7q9b,2,2.6266444971026126,5.033981464955826,0.8374920254490816,1.093055701576789,5.257576213966905,6.275167224373201,0.287,3.254,11.333,0.325,1
7dzn,0,1.6795015987051696,3.2835620504403416,1.6400711224914477,0.9957651703365035,4.15694700733484,2.1020092873312173,0.405,1.638,9.395,0.31,0
9d95,2,1.3797703918298823,2.227844248768397,1.3118487258606484,0.9145272713208151,1.7441846372889973,2.6108185070940024,0.564,1.435,9.393,0.72,4
3mv9,0,1.7386550694439762,2.2518919447078236,2.486508104441638,1.3343769384397735,1.3313056745821552,1.9328175627264386,0.621,1.637,6.245,0.757,0
1qrn,1,1.727421792867879,2.6606856174852394,1.697533943593976,1.1803203649148482,3.159286343284451,3.62003224299041,0.703,1.622,2.296,0.716,2
8ryq,0,1.6906324889248605,3.1197804484827922,1.4831768789976891,0.853468976830797,2.583673703789251,5.114176328350758,0.681,1.356,2.565,0.576,0
6tmo,1,1.3844884892237639,2.4587201362249274,0.7725687288797344,0.7485763361817108,1.376299565250122,3.143578596457655,0.701,1.342,4.37,0.756,4
8gon,0,2.284958904118961,3.600415068533547,2.108483589630308,1.58092231306065,3.4554660726068613,2.5603694845266194,0.59,2.302,4.06,0.657,0
8d5q,2,1.9157765134904798,2.8342920037553365,3.08305936556549,1.234240781581796,2.530374373715053,2.8190403244729336,0.553,1.602,4.064,0.377,2
2uwe,1,4.174704529707579,7.404446100929303,3.05461410291191,2.6901636766234756,7.057508922158803,7.591113225344488,0.172,4.468,12.723,0.105,1
6zkz,4,2.6553887271482965,4.165068052707009,5.134609734185825,1.5822589141647938,4.056407920434865,3.3713899550177584,0.429,2.69,7.678,0.5,3
7n2p,1,4.578865469647373,4.7316549589295205,14.946019657613501,1.4581591907831142,3.428810204252751,5.47569519044548,0.228,4.821,12.22,0.27,1
9j4s,3,1.267268647119522,,2.2977073310421114,1.056987099535978,,,0.003,40.709,89.432,0.0,0
2f54,4,2.277367819672584,3.3886215722408086,2.633260291286443,1.5868693011276653,1.992183331002091,3.448897136401651,0.374,2.806,8.929,0.425,4
4g8g,1,4.1872626965214526,7.348081151139571,1.8685538024878616,2.327952362087091,6.713691970434039,6.9690977001263406,0.13,6.179,17.371,0.14,5
2p5w,2,1.2397398095973045,1.8592834117301162,0.730949604160811,0.9419134396187236,0.9049401503173239,2.0593304186673125,0.703,1.263,3.458,0.667,2
7su9,1,1.0329804473935018,,2.386884560804128,0.8267559816117951,,,0.005,33.898,70.299,0.0,2
2vlk,2,2.3863267396256056,4.7208286169729785,1.7031334322511171,1.1766885555355928,4.534332832877314,5.897065183249497,0.384,3.063,6.666,0.34,1
8cx4,0,2.9501279747176365,5.709090140336411,1.7678022375001619,1.4672336871489928,5.056257224849483,3.7118336152344567,0.199,4.239,18.103,0.305,0
2bnr,0,3.194373110851195,4.998666833453466,3.46172571441976,2.075585978239421,2.9283995059056895,5.922501142878534,0.257,3.835,12.591,0.324,0
1qse,2,1.7504484540103291,2.7454081542785636,1.2925630883880983,1.2172594587434358,3.234396872867411,3.9510122812862782,0.715,1.63,2.075,0.742,2
5c07,2,2.0639028827093653,2.133328527506114,5.349720257727268,1.1162741027729135,2.0680366296060875,2.4182466010271413,0.617,1.597,3.249,0.509,2
7phr,3,0.9511859932425779,1.3332313847458601,1.021605133857815,0.7779498913541157,1.5188922077680034,1.5861488047768049,0.555,1.041,17.79,0.805,3
2vlr,0,2.3715303638266803,4.6285238962815916,1.719635728077813,1.2148071907392453,4.548274098040236,5.5900825966616985,0.338,3.277,7.953,0.308,0
8gvg,0,1.510833229002206,2.7725243089153944,1.299729797770105,0.9962066609509773,3.7989023158913735,1.8734486650300002,0.473,2.322,6.407,0.485,0
1g6r,1,2.219603129973068,2.34124856179219,5.932239863108229,1.2090588571144145,1.9229495138364063,1.732767136989955,0.586,1.828,4.542,0.579,2
8ryn,4,2.2120242651623676,3.715652050151767,1.9787592204126716,1.5585920482863664,5.050413820599859,2.5544674316453326,0.459,2.237,5.995,0.4,1
3uts,1,1.5753410742901264,2.7284964012610198,0.8275216092219706,1.0813736592769319,1.887856045251106,3.4784556022880886,0.47,2.054,10.691,0.675,0
6eqb,1,1.6913395980007797,2.655179245082468,3.1016642309130327,0.7679028233625637,0.7770627972993833,3.42642820426892,0.67,1.409,3.175,0.6,4
6avf,4,3.6999854097390896,6.71122082645548,3.735299146895316,1.9068784861997334,8.15562317100106,4.9633695335137284,0.233,3.952,9.887,0.149,5
3pwp,3,2.232207417489592,3.5672274318344086,2.6192231897483214,1.3560271828222636,3.4921855744980093,5.769446578298392,0.564,2.116,5.06,0.621,5
7ndu,3,2.6548871487978625,4.797428589341814,3.3527034323047396,1.6422200337538069,4.500682863770161,5.120093073163378,0.275,3.713,10.896,0.308,6
6vqo,1,1.9637170696796613,3.6101037622760326,1.1868070380807576,1.0094965267433733,3.864338031547449,3.52590070244389,0.399,2.196,11.125,0.511,2
7n5c,1,1.3369033749371957,1.9891577977675987,1.2690530950502585,0.962398139654928,1.9110563900105488,2.865058930904706,0.647,0.987,8.118,0.719,3
7n1f,1,1.4186904701105556,2.2704760107337894,1.209591888519346,0.9749804280475722,2.457519027770649,1.6588497640121909,0.653,1.289,6.822,0.774,3
7n5c,0,1.6813949827677723,2.5797362051407196,1.335417637191246,1.1807483362659819,2.9243784220635582,3.1390136781238884,0.514,1.504,9.818,0.614,0
7n1f,0,1.5988189752279318,2.5528485682915223,1.3581872472122174,1.104895451920096,2.8633430855803574,1.8896688900101508,0.622,1.485,6.431,0.726,0
7ndu,2,2.055051449208315,3.119758039720879,3.23403719552377,1.4847756114850337,3.086478641240213,3.478671023708728,0.593,2.006,3.334,0.554,4
6vqo,0,1.9728106275886057,3.6322379531694122,1.372030162920484,0.9833927192592793,3.8302976368383117,3.4674985585506937,0.393,2.279,11.689,0.532,0
3pwp,2,1.97309894587306,3.111955753262605,1.5060502114349927,1.3734574635374168,3.6011057676682854,4.1579306649078305,0.633,1.905,3.905,0.69,4
3uts,0,1.5564348956592067,2.7171062308894274,0.944278642865817,1.0415602421443977,1.8313287852229252,3.0465654192008094,0.487,1.948,10.625,0.7,0
6eqb,0,1.6687143405858949,2.538979250230399,3.191484551866948,0.7994755649079546,0.8988111394304078,2.8440158184748032,0.698,1.423,2.829,0.667,0
3vxm,4,2.6252809027544033,4.36431245257213,2.877258887656309,1.6138711078478594,2.523093637410296,4.958015946579723,0.358,2.975,9.942,0.448,2
1g6r,0,1.4980278881229872,2.082197653625227,1.9878645092383223,1.131531784809064,1.7084079066004176,1.6039197591369714,0.7,1.49,3.173,0.719,0
8gvg,1,1.5078370566566994,2.745592424646598,1.183197566384201,1.023107052018299,3.6826539743276157,1.675173535748439,0.518,2.326,6.154,0.603,3
2vlr,1,2.327299583752282,4.371828958540971,1.7841331367532736,1.3459479420398215,4.58253195815232,5.765380657497352,0.366,3.047,7.576,0.346,4
5tez,4,8.674364049569268,18.268980388565723,1.8125108059861872,1.2572289042041747,11.850424746634467,14.579142529962708,0.02,16.751,36.29,0.0,2
5c07,3,2.252352407062715,2.703070251939836,5.455498972213556,1.1824312104883763,2.375317647115051,3.226290815927711,0.593,1.822,2.448,0.453,0
9j4u,4,1.5476129856120646,2.666213170532948,1.6271284118271816,0.8260953437048985,2.222631923483824,4.062635683581505,0.699,1.352,4.307,0.75,3
1qse,3,1.7692218257574333,2.7225406911502046,1.3035186099943348,1.275408375829432,3.2473664539781804,3.546130423538842,0.717,1.697,2.438,0.788,2
7phr,2,0.7678742346703006,0.8271647574246627,0.9452070994351504,0.727129649737748,1.0611112906393152,0.662206893126963,0.553,0.902,21.714,0.793,0
8cx4,1,2.511493298528131,4.700490577885899,1.4934557988564117,1.4186096968470785,3.1961624022509403,4.383994178164095,0.293,3.65,11.707,0.39,2
2bnr,1,2.5764324477326244,4.07861496247924,2.7352475079970775,1.6408714542346265,2.4214506825108537,3.8065575223525108,0.296,3.503,11.434,0.378,6
7n2o,4,1.8064708719613196,3.239225277141987,1.4003493349086158,1.138745074312589,2.2622857261060036,4.53398913834531,0.369,1.876,7.995,0.186,0
7su9,0,1.0327655585992703,,2.4016379352957586,0.8186043424422823,,,0.005,33.913,70.79,0.0,0
2vlk,3,2.3202484772179988,4.426044471575948,1.792630619488567,1.2922076310379436,3.9715952975400746,5.9752454904252295,0.407,2.768,5.912,0.321,5
2p5w,3,1.101603929903746,1.5624680191145053,0.6717968121391364,0.9008897897595949,1.0686031037751964,1.4723319189947117,0.743,1.079,2.761,0.667,2
4g8g,0,2.543248225384705,3.9229188621597237,2.4543136076171685,1.7790437522860814,3.8076524893025847,4.735874092284206,0.324,2.619,9.2,0.263,0
9j4s,2,1.1986805285989766,,2.3489827338813245,0.9454546917882095,,,0.003,40.625,89.071,0.0,1
7n2p,0,3.0545995892071827,5.71328414448115,1.839177822831288,1.7669608560767236,4.595091747077799,6.733796518790073,0.256,3.638,11.949,0.286,0
3rgv,4,1.7955917121849563,1.8559198763781564,4.143362262708075,1.1046119190679526,1.8513735805113414,2.205273393061856,0.751,0.935,2.913,0.638,1
8d5q,3,1.5846506149152109,2.4528927703241195,1.7801044921006934,1.1150965630329757,2.22461788288962,2.7333676396962847,0.647,1.212,4.664,0.566,3
2uwe,0,1.9148156875025057,3.4945081666862206,1.221464565149144,1.1734567895102939,3.776921236407045,3.694772005406969,0.581,2.015,4.13,0.579,0
8gon,1,2.4302333366144055,3.9146103938394816,2.0760876604706104,1.6329182296595455,2.9839109016294496,4.958238313578069,0.548,2.387,4.374,0.571,3
8ryq,1,1.3262114072514004,2.347527879705818,1.2698298927584626,0.7559868149069905,2.4955349967754685,3.373575811811894,0.751,1.087,2.603,0.682,5
1qrn,0,1.5272088539487958,2.3774394771078518,1.412034687830089,1.0349181191136625,3.0860128670792806,3.107847457696806,0.709,1.479,3.449,0.761,0
6tmo,0,1.4011710032839484,2.516760431615667,0.8400658043081421,0.7177840544462805,1.5633127768872441,3.1468531432227302,0.654,1.446,4.611,0.671,0
9d95,3,1.38011338678366,2.223672946300503,1.2940246844184762,0.921787692671142,1.9182748134899774,2.5268310326076686,0.549,1.508,10.809,0.768,4
7dzn,1,2.126389996174797,3.893565490116414,2.2305534799080498,1.4188553640684247,4.170729397391658,4.045377829957219,0.38,2.36,6.386,0.214,1
3mv9,1,1.8037347895050584,2.3693399126117547,2.6219317312954207,1.3525551641214866,1.312297002560898,2.0147383529059955,0.6,1.703,6.857,0.757,2
3vxr,0,1.5429462776443061,2.4763349073508327,1.1922958913398738,1.0844561390195864,1.8291777920645031,3.488897760175867,0.641,1.382,6.631,0.761,0
7q9b,3,2.6820261722505543,5.061207140579824,1.0365780783206482,1.2196482658175634,5.226417497677166,5.662764533392195,0.245,3.723,15.482,0.362,0
9ru5,1,3.8421842137194466,7.178399425556078,2.998428471655169,2.4592838433536053,9.156546024244355,4.321287186616824,0.182,5.013,11.947,0.127,6
7n2r,2,2.4311852548014645,5.09682708918602,1.335104794016722,1.1896889091358436,3.7613369281494244,5.318173752646397,0.269,3.451,14.492,0.393,2
6vm7,3,2.4764029342165976,3.9704140212325467,4.443555664326068,0.9968739215144723,5.626745381451748,1.954162627204456,0.384,2.587,8.647,0.41,3
3kps,2,2.763279719326835,4.8583108900658045,2.622177964141414,1.838430890754952,5.4722756492386235,5.33278763576428,0.419,2.996,4.588,0.282,2
3qdg,2,0.958550578511105,1.4064199695311377,0.4854348619468669,0.7745447170816443,1.1685956720468216,0.8978850438507071,0.823,0.777,2.798,0.778,0
7rtr,2,1.685987674840918,2.6831445914323693,1.6670388830422491,1.1266727321115448,2.8848778637799906,1.8064062903679676,0.585,1.482,6.062,0.587,2
6p64,2,2.696652765475218,4.793398054725759,1.6975168727986678,1.4035572354954808,3.5333750142713796,1.9180169914200007,0.477,3.344,6.047,0.6,1
6p64,0,2.7332101718869617,4.819065598619385,2.008851939332279,1.4276632862945446,3.6132342979136185,2.1534271724627847,0.488,3.303,5.643,0.6,0
7rtr,0,1.7996429999401198,2.8784677432625148,1.7051565635944088,1.2031636832698198,3.0724872954274423,2.110071613774029,0.572,1.65,6.52,0.635,0
3qdg,0,0.9425598846590411,1.3822233640182213,0.4514910641480134,0.7643163910042595,1.1297272915283176,0.8606923968320812,0.851,0.729,2.664,0.833,0
3kps,0,2.464425764346243,4.442571237830526,1.925915418555689,1.6172961793713114,5.153805054808413,4.624548050090975,0.459,2.665,4.206,0.333,0
7jwj,4,2.80147995783372,5.71152530773743,1.6126542420726626,1.3714404420153907,7.826175230755314,4.56023213522984,0.29,4.677,11.004,0.404,0
7n2r,0,2.4490735528457237,5.10174583533303,1.3186796569823875,1.2366154509132983,4.110243324817763,5.4516691559116985,0.274,3.389,14.096,0.393,0
9ru5,3,3.7446291762921713,7.112178548879372,2.47409647124661,2.366273154036083,8.78160637015466,4.548553169690336,0.176,5.021,11.745,0.101,4
6vm7,1,4.487222853088637,3.8718379235512943,14.627632546949332,1.1640254195780204,5.1248648892776965,4.19814598397421,0.355,4.458,6.685,0.344,0
9hlj,4,2.1509092171115873,3.862234964120679,2.3589533474320046,1.1505760503453686,4.6311835953289595,4.779996420886882,0.24,2.64,18.329,0.299,2
3mv9,3,1.484046646624061,1.7413847809407792,2.5375744923755543,1.147307898878807,1.440662132266715,1.4420711392132899,0.666,1.324,5.488,0.729,2
7dzn,3,2.0370422668331565,4.015161343237011,2.006994604813376,1.1794555957413382,6.302285122607833,2.9756117020009634,0.456,1.677,5.768,0.238,2
9d95,1,1.297361117118347,2.0054789910158934,1.310304442438492,0.9204665019254322,1.7629746981804681,2.1791232069377644,0.56,1.332,9.392,0.671,1
7q9b,1,2.5256869469605148,4.847813115295354,0.8775446183337154,1.033655152683215,5.543422717124834,6.00483095869728,0.314,3.017,10.53,0.35,1
3vxr,2,1.601329323196535,2.5999240240587196,1.198941937371382,1.1056420365593762,2.1711371835795807,3.4777057290298172,0.588,1.521,6.949,0.672,3
6tmo,2,1.3741783327317596,2.438768828071916,0.7964279831231966,0.7418379426358741,1.533205173987016,3.0518061472465394,0.701,1.345,3.526,0.695,2
1qrn,2,1.6253455069479246,2.4894015646795693,1.6185811053895085,1.1195354912099993,3.106728068586009,3.409897805110095,0.719,1.55,1.78,0.716,3
8ryq,3,6.870384560625736,11.593461201639853,4.976508842430511,4.667740558654126,9.690051327344067,11.180053867179675,0.082,7.956,18.973,0.045,0
2uwe,2,1.6058837255938228,2.9791005492915437,0.9892440139194782,0.9430358026498823,3.1012118784721774,3.326391644360309,0.563,1.691,4.564,0.474,7
8d5q,1,2.113452063886769,2.854808923835148,4.36738134590991,1.2473980491185153,2.04186110915539,3.432369852874198,0.558,1.479,5.628,0.472,1
8gon,3,1.7375092871493647,2.9816027661404854,1.5950751609070992,0.9703043675613882,2.1771694766065854,4.503017733229385,0.561,1.58,5.625,0.514,2
7ndq,4,2.54215775119367,5.556609153122585,1.9893033068770398,1.4197417189563681,5.922642173100998,5.187242362863756,0.223,4.237,12.774,0.25,4
7n2p,2,2.6436959103434408,4.899589745700913,1.7556898241328682,1.5528426717173187,3.7628244102929145,5.93820816846765,0.304,3.024,10.449,0.317,4
9j4s,0,1.3783769754559294,,2.93946186414107,0.9967313290043585,,,0.003,40.671,89.214,0.0,0
4g8g,2,4.004754012142393,7.115440931337456,1.5950007505521286,2.1365870434817733,6.296807032354639,6.578892596742948,0.159,6.077,15.679,0.193,4
2p5w,1,1.1768953993773081,1.7059716065955315,0.7962485207461352,0.9294156043393551,0.8927792192591256,1.821481349777067,0.741,1.157,2.993,0.707,1
5isz,4,2.560227355069154,4.488211313943575,2.2202877351068486,1.572556582484712,3.799269435324047,5.593189548323098,0.287,2.766,10.352,0.23,2
2e7l,4,1.1105597616011762,1.5706182734122212,1.380187966634323,0.829622143316104,1.173100974360655,2.1142939298610064,0.83,0.907,1.662,0.794,0
2bnr,3,2.623900939070941,4.436328848166677,2.718349819589015,1.3778324679877352,3.5502897185498568,3.3241485795819634,0.245,3.858,14.116,0.338,7
8cx4,3,1.9858667745397904,3.4517783724349256,2.256224778880873,1.208319910264373,2.4425945025005342,3.778778762500191,0.363,2.458,9.853,0.39,4
2vlk,1,2.347750870961081,4.4698060597780565,1.960220795979695,1.2934462326649137,4.190880165609606,6.053218731018315,0.446,2.666,5.561,0.396,7
7su9,2,0.8500727836670874,,0.9708751290927367,0.8392871246622198,,,0.006,34.033,68.345,0.0,2
2vlr,3,2.2642412489678616,4.2573521979034945,1.8315511734983416,1.2918312682029938,3.937355461069762,5.812578045011496,0.401,2.8,6.19,0.327,7
7phr,0,0.8230513296181179,0.9456710810502827,0.945702740335467,0.7646455002332437,1.2627747390993205,0.5910278121020857,0.53,0.954,26.033,0.78,0
1ao7,4,2.0172209706919775,3.2816741907756453,1.545654399370666,1.2641686865965698,3.2327328258669166,3.610561778259956,0.46,1.782,12.709,0.657,3
1qse,1,1.4796752912931501,2.2837012041599283,1.1360902707137532,1.0554605828766608,3.082246006003515,2.8209758816170654,0.778,1.356,1.923,0.833,2
5c07,1,1.5426125104806052,1.985305242759359,3.2551270315050314,0.9458468129546078,1.4626214817717702,2.8311793128901312,0.739,1.32,1.845,0.698,2
1g6r,2,1.5187003538857893,2.1277339384565033,2.0603758252261057,1.1279550936266856,2.210911619216897,1.5463184847359386,0.683,1.51,3.063,0.667,1
8gvg,3,1.505077625958334,2.740504863794652,1.1786932871790965,1.0215601006178083,3.7997062407232516,1.606574135339091,0.534,2.33,5.678,0.618,2
6eqb,2,1.6656423927202675,2.5156940966410093,3.2740835390559413,0.7933089861441799,0.7544703318078729,2.9689292778718674,0.684,1.359,2.995,0.613,2
3uts,2,1.565207816921686,2.7335585183526736,0.8224621215915806,1.0568737944808069,2.2423395995694206,3.2530003655223685,0.48,1.96,10.522,0.675,0
3pwp,0,1.689109013331822,2.704099413463529,1.4481256406450893,1.1192585614207746,3.342296209979547,3.58496048204005,0.733,1.603,1.403,0.759,0
6vqo,2,3.7620815757510138,7.073011895277878,3.021673284804988,1.5993298317743714,9.239199145177793,4.898458455624307,0.192,4.918,18.598,0.319,3
7ndu,0,2.20990603598522,3.4171945642896104,3.6953387999145417,1.5091960278274295,4.266635068140642,3.17067974230868,0.617,2.093,2.364,0.585,0
7n1f,2,1.615080787945206,2.5519682059212734,1.4269259763880708,1.1295119816129915,3.0140226768096383,1.8929178796460067,0.575,1.522,6.441,0.597,3
7n5c,2,1.4963330399267603,2.220213673249224,1.4159776395767167,1.082991018098435,2.147069189454121,3.139063171693217,0.594,1.127,8.932,0.667,3
7n1f,3,1.523178087764916,2.4015322187367456,1.3782476738201392,1.0645154165866906,2.742692380178376,1.7266714378376364,0.626,1.358,6.009,0.661,2
7n5c,3,1.5548662875159849,2.366865364396717,1.319375476484696,1.0963968595206588,2.6253369374412205,3.153211084846143,0.52,1.426,9.305,0.579,2
6vqo,3,1.9065717091938372,3.5297867966440344,1.0481791860744953,0.9628548868634864,3.7553061732720434,3.31605893987964,0.424,2.172,10.469,0.553,1
7ndu,1,2.1549147111932934,3.283826834793495,3.4127177040305936,1.5453969477184306,3.3621357206400675,3.640694805411506,0.568,2.01,2.83,0.446,4
3pwp,1,2.223510665104859,3.675041744420633,1.5484388955832749,1.411922254099919,3.7184139393801052,5.663913758496302,0.544,2.237,5.542,0.621,3
6eqb,3,1.762673173852697,2.7782743751732366,3.3587946900665915,0.7311999240455118,1.4253953026896145,3.4780294705404042,0.633,1.54,3.905,0.587,3
3uts,3,5.115428842681801,9.642941881241429,2.7768885167681514,2.807670396941101,4.115291350712275,11.304081591559472,0.144,6.752,19.398,0.225,3
8gvg,2,1.5455454503154307,2.7853087860203476,1.253073146671043,1.0629978620212712,3.453732301343252,2.1537771294662513,0.462,2.375,6.323,0.456,1
1g6r,3,2.677516597819217,3.789894540253077,5.5068593274373026,1.414885413024591,5.06919931580955,2.4866443616572127,0.426,2.618,5.813,0.351,1
7phr,1,0.8610806136687975,1.0801928109719505,0.954907860430325,0.7650806060989203,1.3297451534241487,0.9386194931687286,0.543,0.981,21.4,0.793,0
5c07,0,1.684597474136679,2.3223862225050262,3.383233434501203,0.9874403302212451,1.5909083789788985,2.9085760850820295,0.707,1.44,1.741,0.642,0
1qse,0,1.5613413297095144,2.3789722867670937,1.201371170138685,1.1395292579712109,3.1688908457711835,2.9644261863634456,0.751,1.429,2.141,0.788,0
2vlr,2,2.2758680758699796,4.25668642373015,1.978300634605091,1.2977102144435184,4.426383672189867,5.432703050174626,0.375,3.101,7.39,0.365,5
2vlk,0,2.4538921612194655,4.620756206401114,1.9082399904809353,1.420635400748716,4.314785116951799,6.127073139936387,0.422,2.758,6.075,0.377,0
7su9,3,0.8469995920286112,,0.7436078103971164,0.8550030946269044,,,0.005,34.285,70.955,0.0,0
2j8u,4,2.2868071540139447,4.292602139802603,1.6132740617273271,1.2945311844175524,4.717595635730242,4.0011734161543595,0.35,3.144,7.401,0.297,5
2bnr,2,2.757899295812076,4.27309001109823,2.991781438557632,1.830853169742384,2.2010457879597176,4.32955576827632,0.263,3.689,11.57,0.297,3
8cx4,2,1.9565705204143724,3.435959329256101,1.6454020548574666,1.2511575383606182,2.58891704727744,3.4830347057872895,0.356,2.391,10.491,0.39,1
2p5w,0,1.1482335191249882,1.6742333336891053,0.7293020707612633,0.9046952993821705,0.8368460732225413,1.978083039168068,0.762,1.093,2.841,0.733,0
4g8g,3,3.256822259126468,5.390016697763573,2.815898703759241,1.993972260548357,5.741825645819277,5.257167803466243,0.18,4.205,13.978,0.158,6
7q99,4,2.3406040317776347,3.9263424076382853,3.0613334607272833,1.3259477669573592,3.39234258032323,4.735533228515668,0.401,2.93,7.787,0.452,1
7nmf,4,1.8799927968376617,2.7436044952580336,1.328821019397623,1.4441913506898618,2.377076188105947,2.7557283120492024,0.572,1.899,5.606,0.634,2
3tfk,4,1.541964386935426,2.0088529154745856,1.3025591578506217,1.403007616139861,2.764642207301707,1.4470795322514287,0.751,1.1,2.895,0.707,0
9j4s,1,1.8505930819228245,,4.628533403527939,1.0149027295847608,,,0.003,40.78,89.647,0.0,3
7n2p,3,2.912637336463918,5.425623604071292,1.867152674079792,1.6921893731512712,4.20864827401048,6.500033606314946,0.27,3.378,11.723,0.302,2
8gon,2,2.467376467634362,3.944049154067404,2.0949911708189357,1.6857878218676106,3.083728936737702,4.6473585883238,0.539,2.467,4.569,0.571,3
2uwe,3,2.210401128930113,4.169142998586363,1.4706033989816405,1.2176131383577165,4.253261489481808,5.213266405282658,0.427,1.967,7.146,0.329,3
8d5q,0,1.914890773261419,2.80546172950003,3.200592023467842,1.2168638021430844,2.1065010859795144,3.345607951355644,0.583,1.316,5.399,0.472,0
6tmo,3,1.4021606482932196,2.5085968378916106,0.8328458171824586,0.7302924534435207,1.452241053265403,3.1675917883158036,0.693,1.384,4.172,0.732,4
3qeq,4,1.762202882575022,3.5262782800291452,1.323817137957347,0.7634930700039306,2.3593249961891454,3.2719377406631747,0.652,1.354,3.126,0.523,4
8ryq,2,1.188037544265701,1.9671258779743397,1.2895324959951724,0.7705518354818032,2.5453468974110147,2.5734702018530093,0.793,0.952,1.842,0.712,3
1qrn,3,1.9106042751426369,3.077454180796794,1.6893637506140367,1.2084338741503127,3.2269187404227684,4.940898962879521,0.67,1.857,3.063,0.731,6
7q9b,0,2.6863012631708423,5.089108908935062,1.006454387853344,1.1996217998657195,5.40322350257233,5.8312462842465385,0.244,3.589,14.353,0.325,0
3vxr,3,1.5003102157191046,2.447809181829624,1.3146805707313336,0.9969365527085802,1.76219072807383,3.5966122564730685,0.668,1.361,4.65,0.687,3
3mv9,2,1.7809069735891296,2.3389981080598816,2.550823187336497,1.3451421423941512,1.334542761667079,2.317326372359864,0.616,1.67,6.13,0.743,3
3d3v,4,2.003755373528545,3.5908503962345586,1.772086481730934,1.259216037251436,3.604184623853125,4.709964131800244,0.571,2.056,5.995,0.698,4
9d95,0,1.4246401284363401,2.253790278637021,1.3207511736053872,0.9888130421514822,2.0088183704442404,2.2683578815736443,0.517,1.629,11.004,0.72,0
7dzn,2,7.041069607834187,16.380943907777368,2.3565341444222967,1.8527204649814255,13.993606908408754,17.594574093833668,0.02,12.223,39.353,0.0,0
6vm7,0,2.442424809963189,4.226140286212704,2.703728536180945,1.1280526764478764,5.500103127400616,4.780292489907129,0.434,2.296,7.047,0.41,0
6zkx,4,3.021662111468564,4.6878880200026956,2.928186988705652,2.521604333983295,3.0712185955553184,4.535793986516628,0.317,3.315,9.552,0.338,6
5wkf,4,1.1331246000776194,1.4541372821666398,2.40863315427547,0.7787503603014323,1.1277970405294897,1.5047579376289693,0.733,1.202,4.116,0.781,3
7n2r,1,2.7601367684353524,5.487013264102754,1.5791392013969374,1.620392355794963,5.017989602447234,6.403199472415173,0.305,3.207,9.752,0.304,1
9ru5,2,3.166093678977502,5.8501835291142745,2.2410727527124967,2.10313217641101,5.761268640931696,3.9125848632968974,0.253,3.954,8.841,0.152,6
3kps,1,2.288439004947748,4.208535169434104,1.6118678939334112,1.4587028684684626,4.729279307005654,5.026031559567183,0.479,2.453,4.33,0.372,3
3qdg,1,0.9047287779359391,1.2792692003313442,0.4600731912907954,0.7616361133059519,1.0904475060308747,0.7775379314827336,0.87,0.69,1.602,0.819,0
8i5d,4,1.4882117983505763,2.7545351321250915,2.4980403425170863,0.8408640263346423,4.048314890740324,2.6633008312284865,0.695,0.958,5.181,0.644,2
7rtr,1,1.8157879613256556,2.88070226486124,1.7583395236179047,1.227584929644005,3.1018591952353787,1.9072038898615649,0.547,1.684,6.347,0.556,1
6p64,1,2.8843674397530514,4.951517638005106,3.0219523335429384,1.482060484797144,3.620495830244551,2.3252587405940317,0.459,3.353,5.679,0.52,4
8i5d,0,2.1376315236998407,4.612440609753978,2.555728303065666,0.8554371879687487,4.035554985442193,6.4881407427520745,0.554,1.621,7.094,0.61,0
7jwj,1,2.309990645852258,4.698725083744093,1.4130709112439932,1.1324067760026897,7.934254972469,3.7792862766324262,0.347,3.728,10.128,0.489,1
9d95,4,1.3669435794314841,2.1831368184587596,1.322739484445781,0.9227176493963277,1.6973493808308109,2.507660033142317,0.529,1.403,10.533,0.659,2
3d3v,0,1.9979198638447446,3.699247134936385,1.7116676908220494,1.1624120634953083,3.6752172794551674,5.676504616151817,0.651,2.042,4.132,0.792,0
7q9b,4,2.537800773925881,4.842728223302773,0.8855133602226521,1.0827337708872813,5.480708187036171,5.887305824657564,0.398,2.943,7.895,0.45,1
5wkf,0,1.1134821017033671,1.2423002767588844,2.4291598195281447,0.8299769825955178,1.4828444771891196,1.2970891600026162,0.785,1.106,2.663,0.797,0
6zkx,0,2.199466069826168,1.7977069091902917,2.3412076531263013,2.2635192567194182,1.0421741255721417,1.6163428817265286,0.59,1.968,4.405,0.615,0
9hlj,1,1.9529585732574808,3.544115412702853,1.335137892311695,1.141019226149132,2.4735058731729933,5.855903398644637,0.329,2.32,13.271,0.403,5
6vm7,4,2.20739983957865,3.670419924460279,2.7428108075179107,1.1409260169361126,5.344008362376988,3.3583974436153663,0.489,1.901,7.061,0.492,3
8d5q,4,2.0518690558728445,3.5137240516801334,1.70716052645283,1.2602206697551144,3.823961997598109,2.838575797086203,0.461,1.917,6.294,0.358,3
3qeq,0,2.210334140546701,4.213057728669849,2.2128856500162795,1.1140179715217646,3.7511957014589434,3.698757729079579,0.531,2.456,3.431,0.462,0
7q99,0,2.357925322526591,3.973464722496783,2.8826956100681165,1.3631673538088522,2.8779044088404224,4.861427453195659,0.401,3.02,8.057,0.479,0
7ndq,1,2.145190039612622,4.2930978338697345,2.3030778204448126,1.3656864939511046,6.185455352847157,3.30430838062357,0.542,2.416,3.349,0.483,4
2f54,2,8.747401554526752,16.897268960317454,1.816972630383842,1.6175327811814981,14.42867147460749,11.621030412504766,0.059,15.582,30.808,0.096,2
3tfk,0,1.5805511563615537,2.007680054884028,1.4012553134009031,1.4528414700321417,2.6871522536735126,1.3477218358466392,0.74,1.14,3.153,0.707,0
3rgv,3,1.834955536708715,1.839459474653127,4.289502998649699,1.1222003617887355,1.982542063664342,1.9851037084955092,0.755,1.003,3.252,0.702,1
6zkz,2,2.5177453036112833,3.7568711416355236,5.020565007849901,1.5826703841697296,2.490792742973828,3.7671661135850845,0.378,2.699,8.739,0.411,3
7nmf,0,1.9721257363569298,2.8996077914818144,1.3421071245261782,1.5043067873908826,2.4966705933095135,2.8012655890649505,0.555,2.023,6.279,0.662,0
7n2o,3,2.225097856505526,4.143034347291162,1.8153240419331962,1.2549688818766007,3.2197139345969883,4.6577122027440465,0.274,3.149,9.376,0.186,1
2j8u,0,2.181887211107122,4.187948963276383,1.5136138438578899,1.1467658525278672,4.456806801619038,4.840827942185541,0.398,2.478,7.184,0.344,0
2vlk,4,2.394701997150209,4.575768741747163,1.7992718489137927,1.3336886856515582,4.484156150101718,6.07057497485105,0.374,3.013,6.887,0.321,4
2e7l,1,1.145365237541715,1.6417138577972077,1.355856167617209,0.851934455235814,0.8704282142302312,2.061939457276651,0.814,0.978,1.678,0.778,0
2p5w,4,3.376380348755115,4.925593265624793,3.4400743297360528,2.49912478761505,3.108444746976152,5.870541778549023,0.229,3.959,13.603,0.28,3
5isz,1,2.216357585398079,3.8604501145339976,1.957123320123488,1.3786409962643207,4.093210959055602,4.985819996223358,0.358,2.439,7.637,0.246,3
8ryn,2,1.5176008721734398,2.6586395410938697,1.6197000786338693,0.9430640983803171,3.807328456865546,2.1569890248803656,0.536,1.413,7.866,0.54,3
5tez,3,1.3806612997875443,2.1109056558793258,1.8392072047237227,0.9800015232298573,1.5944906684106706,2.4929052106886456,0.638,1.287,3.983,0.517,0
5c07,4,2.746559802901098,3.7705859757034093,5.601228830377449,1.5968711375996136,3.005679746809206,3.176846853573342,0.349,2.847,9.03,0.358,0
9j4u,3,1.4176352499051252,1.7127245773259618,3.1365482293723566,0.9120885527247259,2.0007948747106257,2.085293216716205,0.768,0.921,3.862,0.75,3
1ao7,1,1.9207807939005712,3.268343709589185,1.439626696200811,1.0464682736714601,3.867084667436206,3.2810417929265703,0.452,1.687,14.986,0.671,3
1qse,4,1.775904300914093,2.7329720411721676,1.3297476874781604,1.2775538907995985,3.2328744254581325,3.6971698320499273,0.661,1.724,2.803,0.652,3
6avf,2,3.321739926610371,5.77671807283903,3.806568772570975,1.8679332881681114,7.305389649688006,4.226758940794751,0.311,3.281,7.723,0.213,3
3vxm,3,2.2597314654658045,3.8191540293630473,2.4011040867699744,1.3479111912950357,1.5743929754918105,4.355317518861761,0.434,2.522,7.946,0.507,1
7ndu,4,2.633003677423477,4.777684397550087,3.1460634779278442,1.652749088424746,4.447263823698581,4.766622546105014,0.249,3.931,13.095,0.323,5
3vxm,2,3.00128015894692,5.218568398012647,2.6061919208156947,1.7692372478288065,2.9937200701625692,6.856587991655223,0.288,3.345,11.849,0.358,1
6avf,3,3.06123164007587,5.395416667107455,3.395692587590058,1.675731554622319,6.979792270960189,3.835721592613997,0.302,2.984,7.928,0.17,5
3pwp,4,2.229839035982045,3.256677615564285,3.4929906700039717,1.4202280719808025,3.482590796897257,4.53708887782926,0.573,1.989,4.63,0.586,3
1ao7,0,1.5271801727760386,2.4626672655140256,1.2909896646811763,0.9624390274999723,2.8511915261852163,2.85257549888544,0.533,1.381,14.368,0.8,0
9j4u,2,1.0919490690696338,1.4963951615530646,1.7730872456008582,0.7789616593218026,1.993115392924922,1.5631424155441478,0.791,0.851,4.096,0.804,1
7phr,4,0.8764964210683776,1.1069647528796072,0.9647075123547394,0.7762183415816355,1.3477546692813729,0.8491067201027086,0.532,0.999,24.196,0.793,0
5tez,2,1.285290746070999,1.9448428616338431,1.385599798845059,0.979050442320168,1.5696534458791505,2.4866147166852635,0.621,1.325,4.661,0.533,0
8ryn,3,1.8770329882820742,3.1602530812934706,1.7351974049599335,1.3091644453439035,4.544771755567292,2.0129663850821986,0.445,1.88,8.056,0.42,2
2e7l,0,1.1857840536018238,1.6835214366066098,1.476731967788163,0.8805210242490329,1.1956080895146748,2.1970075989372333,0.802,1.068,1.636,0.778,0
5isz,0,2.23666816169576,3.974943630583891,1.8618259112083937,1.3359022533661744,4.229984537983098,4.925643398646009,0.362,2.652,7.207,0.262,0
2j8u,1,2.186881457818849,4.200394393838352,1.6818482347407333,1.1184444579248787,4.288674494262647,4.491988101028396,0.345,3.044,8.038,0.312,6
7n2o,2,2.46692286275089,4.680917859332072,1.6903201865073283,1.3482769351507506,3.21254806779457,5.816241393885381,0.271,3.34,8.918,0.169,1
6zkz,3,2.651112660152988,4.081550271668495,5.056367049337915,1.6524700237546257,2.8561959824178067,4.111987601396699,0.371,2.808,8.841,0.411,5
3rgv,2,1.8947915866213532,2.094758121020751,4.386451968405864,1.099641464063312,1.9843724121964124,2.1085852458753274,0.765,0.999,3.144,0.723,0
3tfk,1,1.563531412657789,1.9850696539328714,1.3386936797334936,1.441994421813906,2.743191497418846,1.39965830231722,0.757,1.066,2.822,0.707,0
7nmf,1,1.8956825578399619,2.8135825276300226,1.294623100516098,1.423259399304404,2.4124824078426577,2.8414665757165642,0.537,1.977,6.356,0.606,1
9j4s,4,1.8370403297016114,,4.679427693189232,0.954135038331603,,,0.004,40.429,88.406,0.0,4
2f54,3,2.6975936023083698,4.071666802782936,2.887901611534819,1.8721773504487316,2.3582848031916743,5.165820066693167,0.338,3.089,8.829,0.342,2
7ndq,0,2.0129852274502475,3.961490114364662,1.6461362748085924,1.395959095682986,5.26521448425111,3.5124294025340297,0.586,2.183,3.254,0.567,0
7q99,1,2.062430493681187,3.4230504456650177,3.0306692817576657,1.1177330911026722,2.7872312045157104,3.9328461898213116,0.527,2.367,5.681,0.603,5
3qeq,1,1.84620606456287,3.5253078945157084,2.0556169735550864,0.8840562569797766,2.494928789730295,3.5248345807448302,0.625,1.619,2.515,0.492,3
5wkf,1,1.1106547228952395,1.2830087774179524,2.4734422029980183,0.797997575314821,1.267620961739469,1.1971349577115245,0.767,1.192,2.976,0.797,2
9hlj,0,1.1791806728520138,1.7784326690616923,1.1549106417029997,0.9189635567065146,1.5159878187357632,3.2229613965380066,0.747,1.162,3.203,0.74,0
6zkx,1,2.8483064571618244,4.326997024042298,2.5007105864181143,2.4436208061747564,3.259740210413276,3.7446462673791254,0.355,3.101,9.831,0.446,3
7n2r,4,2.890726138433365,5.5976474581372715,1.737145407158972,1.8067909368776824,4.832216769629794,6.833137819548022,0.333,3.233,7.614,0.268,0
3d3v,1,1.986469063473566,3.6489259749105534,1.7509677799513081,1.1741995894581747,3.700953029802506,5.602002271668409,0.637,2.077,3.532,0.717,4
7rtr,4,1.8229579164220617,3.053839822058559,1.6773130243344696,1.0982195159901633,3.599166060280073,1.7864058418907232,0.514,1.697,8.233,0.587,1
6p64,4,3.267070426511744,5.979452432032401,1.48182598075793,1.5447919347153614,3.6511539065173224,4.025125685128823,0.357,3.788,9.272,0.48,5
7jwj,0,3.067125424946528,6.2854582096026235,1.5589012565097105,1.4925331369623105,8.827428282582341,4.909164734903114,0.262,5.25,12.186,0.383,0
3kps,4,7.968102296381961,17.557605025285586,2.3018872346944033,1.7777603358031302,12.478159304777956,16.75997661208797,0.037,17.977,35.741,0.051,0
3qdg,4,0.943680299570243,1.3655661897049156,0.4717808295493019,0.7753220606566329,1.140118898342415,0.874071271850881,0.842,0.736,2.618,0.806,0
8i5d,1,1.5226049742156968,2.7993922279254755,2.627608145610081,0.8563002117418381,3.4706521257507954,2.3906309010363107,0.664,1.561,4.491,0.729,2
7jwj,2,2.6962563328559903,5.516840360608787,1.425044034074793,1.312636883845269,8.318673095982588,4.428612634141899,0.311,4.559,10.674,0.447,1
8i5d,3,1.6316444722042427,3.115600500384709,2.615255579283316,0.8799558146041435,4.617212285783727,2.3601923009236616,0.495,1.359,11.373,0.576,5
3vxr,4,14.213376098146995,16.84516495970079,12.085366020846438,13.422067297502052,19.730563403297396,10.752242270135355,0.02,16.214,36.858,0.0,2
3d3v,3,2.1066623906603206,3.924124375476327,1.6923358996581408,1.2186850255069444,3.690856530410529,5.891015147603068,0.535,2.236,6.195,0.642,5
6zkx,3,3.1647738019325438,5.138132155441666,2.925073602611977,2.56115647533306,4.613048347464635,4.65713317904701,0.336,3.48,8.538,0.354,4
9hlj,2,1.8126156315872117,3.2695003151521207,1.4078563973389282,1.0562566039523054,2.633694269368052,5.473896016335737,0.331,2.214,13.779,0.403,4
5wkf,3,1.1971187923154056,1.5031521738869538,2.448009727596563,0.8675197659577825,1.1262242225974028,1.6417454179660762,0.712,1.216,4.69,0.766,3
2uwe,4,1.7782942983226564,3.395204946361634,1.1368575856652563,0.943006448191942,3.7862909862729883,3.6515157311272217,0.533,2.098,4.092,0.447,5
3qeq,3,1.8611345790992835,3.6572783165738545,1.4676041699013118,0.8789645396458583,2.5293229005923954,3.4900966791774963,0.62,1.726,1.872,0.477,3
6tmo,4,1.4096869290624094,2.5414192724180884,0.7889607464856488,0.7152481549107219,1.4285399473552298,3.188287293428311,0.677,1.349,3.646,0.634,2
1qrn,4,1.8604749608072937,2.8618230820223762,1.823583724075205,1.2753096718126316,3.284483604636207,3.6771789200782514,0.673,1.838,2.257,0.687,1
7q99,3,2.3667861241548604,4.017977933550932,2.9235662283651664,1.333814191052399,3.6947936316125713,4.441542854288998,0.389,2.855,7.873,0.411,2
7nmf,3,1.8894858570816568,2.7375223501976276,1.3321339716219345,1.4673509639050735,2.3413925937717095,2.627994299308534,0.579,1.847,5.106,0.606,1
3tfk,3,1.6229987332004,2.210535882388952,1.2921308385203485,1.4429980436828036,3.0372377782685396,1.5620038393831843,0.716,1.23,3.409,0.69,1
3rgv,0,1.8765655506162577,2.2629564791392167,4.124838385652439,1.1183729090786487,2.0487355295723777,2.425329285419368,0.76,1.02,2.905,0.702,0
6zkz,1,2.7357988540413145,4.46110924351397,4.931039954137147,1.6137970831750899,4.462594069415204,4.010892152548482,0.45,2.71,6.707,0.5,4
7ndq,2,2.3392269115698827,4.829068505299727,2.311794406394028,1.4303950330813087,7.292928716275152,3.6563796591823494,0.486,2.878,4.97,0.5,5
2f54,1,2.3912058888847585,3.7192826208345378,2.723242904364939,1.5299670280539117,1.5983775906703335,4.895125152245603,0.373,2.742,8.877,0.411,7
7n2p,4,2.445093266893126,4.66705484927953,1.5888042782877723,1.3082122475006412,3.0334355320926005,5.762579129375457,0.294,2.99,12.099,0.349,3
7su9,4,1.0477889285626962,,2.5552261951152437,0.804970743517927,,,0.005,34.252,69.974,0.0,1
2j8u,3,2.599627456780254,4.964168181045402,1.7051724003862667,1.4052662076726572,5.713371825667957,4.100770861364363,0.311,3.61,8.164,0.266,5
7n2o,0,2.2065119728021787,4.104185726749115,1.6812519721586192,1.265829063695926,3.066585882477348,5.079692247267126,0.286,2.855,9.009,0.169,0
4g8g,4,3.646155577788638,5.9153965406081515,3.0738709737252528,2.360815670763695,6.524566075001135,4.886782136379471,0.2,4.726,12.481,0.193,9
5isz,2,2.3363773356653095,4.017077801399918,2.1162910857343853,1.4910549823156294,4.093513712376828,5.3907302737947465,0.362,2.484,6.617,0.197,4
2e7l,2,1.1412789968856065,1.641281266394915,1.33493413831763,0.8477335659624557,1.0344875568687555,1.6582074959453583,0.827,0.919,1.714,0.794,0
8ryn,1,2.3665327867062302,3.960701242905193,2.0832099369380472,1.6822228231317413,5.17870971884137,2.893012581295598,0.391,2.543,7.608,0.36,3
1g6r,4,2.7359687706753513,3.8752856327539353,5.746151788892559,1.391692849880318,5.094985103395548,2.422674209289862,0.408,2.74,6.339,0.351,1
9j4u,0,1.2732775428716852,1.6347029869890939,2.634205339162411,0.8137275606904174,1.9110482935304127,2.0262883550177806,0.776,0.925,4.483,0.821,0
1ao7,2,1.9568958324127468,3.171688599680652,1.7362816406734298,1.2031504777244661,3.26864494494918,3.6982316552424153,0.433,1.802,15.502,0.657,3
5tez,0,1.4004430160759993,2.2526685190653946,1.382840329641652,0.9960745327340794,1.586677338527331,2.5022079668922017,0.626,1.425,3.998,0.533,0
6avf,1,3.4635914764283173,5.819702929795245,3.8698836482100587,2.157705313258521,6.474819598204343,4.151755052727403,0.205,3.868,11.968,0.149,3
3vxm,0,2.4485842154224127,4.264699851182391,2.5880619095684847,1.3350532166831999,1.7441787281685908,4.652328195738317,0.375,2.624,10.388,0.478,0
6eqb,4,1.7833256991689448,2.8205667485798176,3.307613748172692,0.7656526974167975,1.2790282122302905,3.4362368574357465,0.631,1.555,3.74,0.573,4
3uts,4,3.192171716938052,5.773363057002022,1.7236298019314236,1.9864958198493223,5.8610361314938615,4.027486708476508,0.232,4.502,13.945,0.325,1
7n1f,4,1.2052764481094709,1.891653676467195,1.0659803513759885,0.8530176155550077,2.093746481758495,1.5359042750672882,0.723,0.941,6.308,0.806,4
7n5c,4,1.6309386818784166,2.4390709366560412,1.3301247295891647,1.1944610754433458,2.372024304066074,3.2389710565195844,0.547,1.368,9.842,0.667,1
6vqo,4,1.8233760562884131,3.381422175955183,1.09035405652808,0.9025368455181194,3.5949838454319,3.2485081803386726,0.451,2.039,10.276,0.596,4
3vxm,1,2.4031503328858848,4.139869492613931,2.4255826794062116,1.3854218549911073,1.7325236148129846,4.505578279499106,0.383,2.686,9.425,0.463,2
6avf,0,3.2437566248355223,5.646360579077064,3.5895924605841487,1.8476273331192674,6.325648181678844,4.8702253709999805,0.226,3.453,10.155,0.106,0
5tez,1,1.4259095101716173,2.248109289792242,1.870152826877534,0.9701703222273916,1.693839955929288,2.4462849352211777,0.63,1.396,4.181,0.55,1
2vlr,4,2.2889319640621095,4.341703057801903,1.7888235485734294,1.2797492213911497,4.408263314115819,5.801394721689747,0.346,3.143,8.058,0.327,3
1ao7,3,1.879510370031318,3.1215982534432882,1.4029819281882723,1.114610267068137,3.284210832188522,3.6112429699793736,0.453,1.689,15.415,0.686,1
9j4u,1,1.1470720845199764,1.5012354328852617,2.0970284684308744,0.8042260578621799,1.9043049313514087,1.6178731156050625,0.791,0.86,3.798,0.786,1
8ryn,0,1.8756614000218224,3.3196267310160956,1.8165590607598698,1.1728111202017388,4.014163802015529,2.9217891898508923,0.489,1.814,8.14,0.54,0
8gvg,4,1.5921921009010793,2.9664946790452147,1.3327154095052587,1.0226640971269965,4.009279242256265,2.1405865541524807,0.478,2.373,6.06,0.485,3
5isz,3,2.2824540324595692,4.097127529508394,2.0102616885683653,1.3083947481970384,4.496584125625598,5.0060559547984615,0.303,2.782,9.608,0.246,6
2e7l,3,1.1632757669142255,1.6405259836712984,1.4410854571890852,0.8731959083330397,0.9336798029463882,2.202545813400563,0.803,1.068,1.534,0.778,0
2bnr,4,8.88289366597462,16.936027780001442,2.7161294016134656,2.593674500129462,14.993201254594013,13.039288833317887,0.059,15.26,30.02,0.095,9
7n2o,1,2.4012059413332656,4.566420245554676,1.7371828601265145,1.2902507694004397,3.27828518088551,5.468935727978258,0.265,3.373,9.502,0.186,1
2j8u,2,2.028142166610031,3.855625239182269,1.2750109304321098,1.1212111329557888,4.336795258294093,3.6339322517346644,0.383,2.739,7.093,0.328,5
8cx4,4,8.247793942551315,17.71318017690889,1.599962265405778,1.1693481969438657,12.311371916737071,15.021246471344668,0.046,16.41,38.927,0.085,2
2f54,0,3.4259222840725885,5.34081713544649,3.584654023214212,2.2400082883323407,2.9932765383980757,6.036523935330976,0.244,4.189,12.103,0.288,0
7ndq,3,2.5374969203446702,5.547982470146341,1.9571652347122854,1.420028534002514,5.829049318173303,5.436475345018455,0.224,4.094,13.438,0.267,5
7nmf,2,1.8670601191437868,2.7235758651801087,1.2936869774355946,1.43786007215407,2.3724124009628,2.7463577994011126,0.591,1.845,5.192,0.648,3
6zkz,0,2.6658553367274944,4.500957107138404,4.5469072163807125,1.5283079869608016,3.2535314861303415,6.205186999851414,0.445,2.664,7.825,0.554,0
3rgv,1,1.8793650922370515,2.2223957504568386,4.175611401105601,1.1179373368427599,2.7171242842620953,2.6563641939512963,0.737,1.112,2.757,0.66,0
3tfk,2,1.5688896130363983,1.9828802772042455,1.349219607215789,1.449934868974955,2.713626638144975,1.3983385628281861,0.756,1.068,2.887,0.707,0
7q99,2,1.980174486148367,3.346319848988432,2.67120086885209,1.0765262282979469,2.4798540982711046,4.4338901434202285,0.482,2.374,6.39,0.521,2
3qeq,2,2.002971004411054,3.7366509815323017,2.3394247198872486,1.0315663884324517,2.450225610062427,3.65343438175046,0.589,1.955,3.017,0.508,2
8ryq,4,10.751095862771338,20.465941737563828,6.4600801464104824,5.169777720021136,20.76722976304856,14.34479189581758,0.042,17.546,34.308,0.061,14
8gon,4,4.791426403886448,8.486273165916538,3.122719771053696,2.5744719790633073,5.66662997616758,8.804617066756338,0.104,5.782,22.896,0.129,13
9ru5,4,3.333103343830575,6.075827028571539,2.7546184740776316,2.2212175248105623,5.662074004395386,3.8591950236375396,0.226,4.239,10.095,0.152,7
9hlj,3,1.7248069867528093,3.137650533860447,1.2012504629250307,0.9976170075624722,2.914605777900681,4.842462026341817,0.318,2.197,14.392,0.377,4
6zkx,2,3.0042349109736417,4.863838390122961,3.018775924188349,2.4066508423159836,2.927364001638562,6.869196664944975,0.412,3.07,6.985,0.446,3
5wkf,2,1.107642038196457,1.229273034508402,2.4783924482237842,0.8142074081193119,1.2268829898894706,1.3589909224789414,0.76,1.221,3.565,0.828,3
3mv9,4,1.4152802110014586,1.7270633900445058,1.9573397011615072,1.1703188867255239,1.1862209925623322,1.4400781141307533,0.719,1.239,4.94,0.814,4
3d3v,2,1.9727191790180774,3.6153271800709,1.7298845463193087,1.1746067225444794,3.5648771105417176,5.5442902777661764,0.647,1.948,3.256,0.698,3
7dzn,4,1.882367421267708,3.6437748287933647,1.6251898686080428,1.1757647115042174,3.7025367942885405,2.0108325903551645,0.384,2.018,7.584,0.238,1
8i5d,2,1.4304648075062771,2.7154908528392694,1.459720883952087,0.9311221213043068,3.2995136711807382,2.199150347997044,0.684,1.548,4.4,0.78,2
7jwj,3,2.5098643333553956,5.106060844196118,1.505064548690887,1.2333100920998996,7.712468369098894,4.175740732105468,0.313,4.208,10.904,0.447,1
8rlt,4,1.4857318073768764,2.389950930548293,0.9400095988130189,1.1077145747792483,2.2047020997595594,2.2819819328565423,0.585,1.651,5.735,0.615,4
7na5,2,2.7473841941143324,5.037747603204521,1.7004376775804035,1.815541293699113,4.136848688029229,5.050682580726094,0.255,3.502,14.174,0.347,0
5m02,4,1.9675853500350196,3.540273688527056,2.2259316386051973,1.2930426346616144,3.114211724778527,5.228828415338879,0.578,1.612,4.638,0.5,3
5wkh,0,1.1218256398871367,1.2504865505635407,2.384255820193637,0.8497576867843513,1.5710328381006244,1.1533175286182178,0.765,1.021,3.524,0.758,0
5ivx,0,1.3023043091508717,1.8616197718446499,1.5434369865399797,1.0302268593386457,1.8465588397462507,2.3036683392760366,0.651,0.994,6.476,0.627,0
6vm9,4,2.6375824337231433,4.653308796158261,1.8123568774311187,1.690248460539302,4.881066244758229,4.658616075375293,0.371,2.832,7.862,0.354,3
7ow5,3,1.3699170644647736,1.8242580043158114,3.5234389933286843,0.7899086279003387,1.0431222146079642,1.6784169641313134,0.698,1.211,4.023,0.672,3
6tro,0,5.079625831736794,9.98193314982584,4.078476696999598,2.928170084673867,8.437652186572668,8.51905718694725,0.096,7.873,27.832,0.167,0
5brz,0,2.173627264063458,3.980727497110296,1.519850110712199,1.5335732697847952,4.89666437982134,2.721647480497488,0.437,2.721,5.781,0.393,0
6bj3,3,2.7138635708192647,4.2143709330277295,3.6644867729535857,1.786284379329217,5.120410699844811,4.460407182031903,0.316,2.759,13.087,0.422,0
8wte,3,1.8681238548280716,4.256983608688941,2.0411826184895894,0.8632191571489773,4.905299900733473,4.591270090064401,0.373,2.601,8.677,0.381,2
3hg1,0,1.3394003392168439,2.1701087708199562,1.0225681208462918,0.9849148069539224,2.67287316761154,1.924027140577169,0.578,1.723,6.559,0.676,0
8yj2,1,3.435200074673214,5.092655716178534,4.580971712437271,2.39558628938487,3.2215476663680045,5.72034442173798,0.272,3.557,7.912,0.13,0
3h9s,4,1.8754851718124252,3.073388911452904,1.6545401892491478,1.370816674659222,3.600281883368408,4.3461326742294935,0.701,1.775,2.525,0.768,2
3pqy,2,1.7360470252318176,2.630291339316217,1.3903560127820764,1.2510239804949987,2.239606394235807,3.372490109591469,0.572,1.622,7.746,0.709,1
7n5p,1,1.148835158288574,1.7123819234091744,1.0275559818953686,0.8383994634317887,1.405029078156473,2.6052248284191695,0.741,0.913,5.157,0.763,2
8rj5,1,2.089731221504899,3.5147488987733637,3.7190704008216033,1.0237783625731607,2.581275131752439,3.9102476539209112,0.432,2.651,7.796,0.51,1
4ms8,0,1.8363933804926484,3.171796720840468,1.2745874690635388,1.2244971131633402,3.7576144506377096,1.332062178893125,0.596,2.172,5.245,0.741,0
6l9l,2,1.678465715620966,3.0187448268009147,0.9830583236733156,0.9566676513058722,3.8109050812436536,3.331293239634947,0.61,1.925,5.351,0.737,0
2pye,0,4.103537213592876,5.6225775371071975,3.947512072495789,3.334185756003971,4.57224681413024,5.456195266325628,0.164,4.595,16.172,0.179,0
4jfe,3,1.5212222143962215,2.6405290017801395,0.929066193591619,0.9145745990819009,1.6293641998964983,3.137214896938097,0.622,1.574,5.105,0.654,4
5nmg,0,1.3758010768789302,2.1583540274432766,1.9748384288200693,0.9397290031463154,1.9953929382957647,2.5311775533545147,0.747,1.245,3.272,0.778,0
5hyj,1,1.1019781595958127,1.7456943940194873,0.9135769324912105,0.8428796624905988,1.2894004477869043,2.3631063769666985,0.749,1.163,2.972,0.731,0
1nam,1,2.186962686659279,4.719683228065662,1.48443936120778,1.0744577920792973,6.459843696502535,5.18542880338743,0.514,1.972,4.577,0.4,2
8enh,2,2.1694960223582176,4.014596557589047,1.345102942169151,0.9988798639177435,4.078299701073088,6.082123962005752,0.392,2.178,8.136,0.333,5
4prh,1,1.71729535956676,2.374990518791755,1.8047769580537016,1.3206708787563939,1.1478056343862435,2.084181026386683,0.625,1.495,6.659,0.753,4
3qdm,1,1.5830938589033778,2.9640013037468185,0.5253488209950097,0.8423947301652064,1.640465172427612,1.0420548457494168,0.65,1.36,6.676,0.783,1
4jrx,4,0.8491297057152307,1.011388239389582,0.48173680640674804,0.8137225036531546,0.47831046395076227,1.464342091772676,0.799,0.771,5.634,0.91,2
3o4l,0,1.7054801792484549,2.86828896547606,1.5394308855830114,1.1343347372862262,2.294829491286995,3.626866745657664,0.597,1.919,3.982,0.592,0
1fo0,0,1.652394888945268,3.409773811972673,1.1583262533172094,0.9933004547251001,8.714858882734829,1.5689600344175785,0.604,2.17,5.529,0.786,0
1lp9,2,1.876270687335802,3.555575996879618,1.297431521216474,1.0346882448719839,3.856989586081372,3.9227139570961835,0.472,2.259,5.911,0.436,4
8es9,0,2.0136555489160077,3.6003632616751484,1.4581491553852048,1.3523539905161195,3.644141289244012,3.784461672825181,0.431,2.532,7.021,0.44,0
6uz1,1,1.0045531758589308,,1.8803102486335508,0.8520139390758057,,,0.007,22.25,64.491,0.0,8
1bd2,3,1.5559183472482077,2.7866365426852218,1.0553405286746558,0.8203555536197736,2.577086400479099,3.565946535710018,0.617,1.311,5.061,0.547,3
5nme,2,1.3777178516346684,2.128137622307353,1.6906156346579242,1.0251540040022415,2.1383463878796967,2.4188375384661582,0.706,1.276,3.837,0.707,2
5c0b,0,1.1272019731520846,1.5532104705311816,1.5281284496800762,0.8878877425287172,0.8560162706079886,1.983391203204825,0.821,0.752,1.878,0.712,0
4g9f,0,5.030106341469796,8.809210284569552,2.413723164496292,2.8309815879818157,7.571427970237031,8.65510694664976,0.103,7.52,19.071,0.105,0
8wul,2,1.687422703623069,3.7213813838710927,1.8718650701088797,0.8354770766741426,3.8993225833565655,3.2915116788205565,0.428,2.587,8.368,0.525,2
7byd,2,1.8141777042377005,3.4254332134684504,2.0047942329063706,0.9680119230864834,3.7118726977437375,4.200463115045694,0.651,1.459,4.524,0.661,2
7byd,3,1.837202449047314,3.405773101233653,1.9449623888600447,1.0491140693914693,3.4702203057352015,4.2313915054347815,0.638,1.378,4.331,0.576,5
8f5a,4,2.254547576762266,3.7310625640105552,4.310314280486558,1.0315210843032825,5.407921415394987,2.914665625653164,0.415,2.46,8.692,0.486,4
8wul,3,2.0474283664692643,4.807687100885319,1.9147588107747853,0.7906821226653156,4.54759723232389,3.5983521202261004,0.409,2.871,6.215,0.361,4
4g9f,1,4.904259128053861,8.576487740024307,2.2671926088123797,2.7783021895408524,7.434686189640146,8.327156796917237,0.121,7.384,18.038,0.14,1
5nme,3,1.3984303797874953,2.1911649075397612,1.5740931645552871,1.0450684425624794,2.2478473976504096,2.398056660375807,0.707,1.313,4.306,0.76,2
5c0b,1,1.6910442358106634,1.997140590924601,4.110885756928007,0.9236813380406123,1.63204455057365,1.886538059823601,0.734,1.179,1.519,0.615,1
8es9,1,2.3509839534366046,4.228610695612719,1.6393405441365503,1.5673317935607824,4.006248621926174,4.597393203642452,0.262,2.97,17.981,0.4,7
5nht,4,1.0907842324214347,1.7422232981909684,0.8354735174687131,0.7976251615951676,0.7442774105534169,2.883456795858083,0.779,0.872,2.477,0.667,1
1lp9,3,2.407779592038034,4.558622100172159,1.6482509397788223,1.334244090739878,4.848279590307829,5.502377752459848,0.379,2.296,8.414,0.333,3
1bd2,2,2.324582054721923,4.137967651614412,1.3928384068091046,1.2798575617594035,2.9245067660320982,5.233183097945918,0.442,2.642,7.657,0.531,5
6uz1,0,1.1236287701202563,,2.4124278163564767,0.8631198366412794,,,0.007,21.947,63.398,0.0,0
1fo0,1,1.9625463713824762,4.339898441277566,1.2314735229348828,0.9544082442164304,7.42534605158373,5.2386335288889985,0.533,2.095,5.718,0.571,1
3o4l,1,1.4293621865276926,2.3520941496783014,1.092358313508261,1.0118071160950473,1.7211370791088616,3.2071514456382526,0.699,1.56,2.744,0.711,1
3qdm,0,1.5592987080279448,2.8941123904817694,0.8549328331357149,0.8321467149860547,1.3984050866067752,2.363168734886639,0.684,1.152,6.377,0.783,0
4prh,0,1.7744968790110758,2.3157663971936717,2.5519793426444974,1.3220658560094691,1.0635960159160736,2.0126085208674414,0.605,1.504,7.3,0.74,0
8enh,3,2.5662282828099716,4.746202665642123,2.611756482233818,0.9812361717080791,4.3069135360175,7.580937563823547,0.286,2.509,11.982,0.259,4
1nam,0,2.1374237767282454,3.9753100777109402,3.263982598703851,1.2156342995201463,6.946443782473183,2.1996253096176313,0.53,1.973,5.256,0.5,0
5hyj,0,2.089454309552567,2.271895118913212,5.733659088241868,1.0539321130827608,2.4644461948748315,2.772049792203547,0.599,1.729,4.388,0.577,0
5nmg,1,1.4306308567013326,2.298609461997639,1.9892341096592776,0.9553400595441918,2.3371391140197986,2.473135338517237,0.689,1.422,4.008,0.722,1
4jfe,2,1.4020713720238183,2.4823736586280747,0.8283188015926084,0.7950003642954786,1.1505706296153349,2.9734221732833226,0.708,1.279,3.323,0.679,4
2pye,1,4.103384503995286,5.621538971802837,4.169602160448248,3.3038621564992274,4.586374516140981,5.517200768122926,0.152,4.603,16.465,0.149,0
6l9l,3,1.9304355107864946,3.519992796791862,1.0108458383734045,1.061526187228393,4.2629424848990505,3.514302181688244,0.497,2.484,6.814,0.614,0
4ms8,1,1.8538549455857098,2.964347963514741,1.213116529049615,1.4120441186232862,3.4567912891808605,1.1772098979591878,0.604,1.942,4.883,0.685,3
8rj5,0,1.992557173497498,3.126438842864137,3.497512292596653,1.1764174729277979,2.5321519587668324,3.4175466772365737,0.386,2.106,9.74,0.388,0
7n5p,0,1.1560215040773005,1.7301611612185734,0.8947283939755477,0.8565186394689588,1.573060416190694,2.412443600092151,0.805,0.969,3.861,0.881,0
6vrn,4,8.437891553892214,15.72726331007686,3.8553048713482654,3.9271407709261568,8.952748342316976,14.665854229244115,0.044,11.759,33.53,0.057,8
3pqy,3,1.4536528922773262,2.17413803783874,1.1540984317818972,1.0724738174726702,1.7703247161551081,3.0114321826642296,0.638,1.239,7.336,0.745,2
8yj2,0,10.358594278630413,19.059684414232034,14.449286940957819,2.1909198669741308,13.177002360313354,9.772006003514354,0.031,13.016,36.135,0.026,0
1kj2,4,2.450371203605023,4.586738768367866,1.2738105325424387,1.446090549803584,4.253323321515042,5.010715035113485,0.289,2.963,10.785,0.281,0
6rpb,4,2.8724758913032176,5.234003013222367,2.733563272372253,1.395881323235904,3.4798206715261353,4.102927295375498,0.203,4.299,17.426,0.309,3
8wte,2,6.390598162814684,15.889785506111545,3.187977962077187,2.062818193071922,10.839206333043414,15.504227608700088,0.03,15.81,31.93,0.016,3
3hg1,1,1.6315712841071748,2.9914587751396042,1.0289774451324663,0.9390929920541506,1.8378536464517816,4.391053895664534,0.477,2.034,6.655,0.459,1
6bj3,2,1.3664538913799746,2.009595084748806,1.3329258932017107,1.0661663834978887,2.108300068947314,1.951510637272001,0.579,1.514,8.397,0.734,5
5brz,1,12.538273237845024,24.056648117990992,8.555232016901336,8.145102072664455,23.706337789479186,28.118663751026517,0.016,18.149,40.544,0.0,10
6tro,1,1.819733510608865,3.713353215575306,1.501115472717131,0.9140204602264422,1.7053698899251568,5.138138490415418,0.446,2.178,8.243,0.5,2
7ow5,2,1.0603038548908823,1.7538249728413158,1.5914093017032258,0.7201942056876202,0.9143433951231978,1.7614075816786618,0.731,1.026,3.936,0.688,2
5wkh,1,1.1707126667524026,1.4828568691557469,2.350258174127759,0.8488142831361047,1.467105756763612,1.2925213027074154,0.745,1.14,3.667,0.758,3
5ivx,1,1.4150022964349669,2.129537549232614,1.6307122407430978,1.063004603383869,2.4381509547452143,1.9350499567093709,0.564,1.263,8.067,0.582,2
8eo8,4,2.3310995977269133,4.376219764365177,1.3693409223088613,1.0308487750628659,4.255286913611774,6.582710979082601,0.269,2.792,11.888,0.243,0
7na5,3,2.769402503595088,5.071365693775198,1.7693020605312821,1.829105583004799,4.370415681067374,4.944039133058996,0.258,3.435,14.083,0.347,3
7na5,1,3.051925624859858,5.562180046210456,2.0219742057583234,2.027240131156704,5.026989865564403,5.4485573635367,0.237,3.667,14.23,0.306,1
6tro,3,4.667121540572361,9.109185664381577,3.2139185282794767,2.820588148858014,7.433592092065986,7.919033895063003,0.092,7.298,28.008,0.152,2
7ow5,0,0.9554841396086962,1.4586144045007219,1.6834308344875482,0.6670586163203946,0.7496856617606102,1.4560678120619732,0.742,0.948,4.536,0.734,0
5ivx,3,1.289615867057026,1.905788620146288,1.388017437652194,1.0056644745807035,2.2694206276490427,1.7352294466741223,0.666,1.044,6.411,0.687,2
5wkh,3,1.193007422721442,1.4850403758308857,2.43539345623176,0.8663953307472433,1.5282845879910159,1.4880437119055563,0.692,1.241,4.84,0.727,3
5brz,3,4.079646020274467,8.594331139161003,1.8984293523276312,2.117376562116967,11.050730851113423,5.275476260143861,0.128,7.541,18.961,0.179,17
3hg1,3,1.7047365777171641,2.9422940329590523,1.1347525737707507,1.1369549195403583,3.2388041160556895,2.3740398309554682,0.431,2.335,10.288,0.595,0
8wte,0,1.9406315279102504,4.370707724522714,2.3976996335288585,0.8893460966096816,5.0412871971170325,4.686049858260625,0.348,2.721,9.173,0.349,0
6bj3,0,1.1622624228657823,1.795665116219332,0.960157040122327,0.8704679246156047,2.134110069478189,1.2715379682096488,0.704,1.323,5.7,0.859,0
8yj2,2,9.357525179981637,18.700908509579563,2.6079762355302747,1.9651469698204127,12.95644705925608,9.31803233936166,0.038,11.991,34.133,0.039,3
3pqy,1,1.7923097240433221,2.6590482111825127,1.4107094280526884,1.3414023560427726,2.460791832635063,3.36969956423214,0.521,1.727,10.267,0.727,1
6l9l,1,1.9105588962420246,3.4837404106488354,0.9815270443508255,1.0526145901192507,4.150844950623648,3.5229869099356765,0.493,2.404,6.898,0.596,0
7n5p,2,1.2789775119164728,1.9195610687708249,0.9565526146862419,0.9466951082470358,1.426862449360432,3.008294213470061,0.684,0.917,5.815,0.644,1
8rj5,2,1.9556919190117585,3.197297435490953,3.4782934985265923,1.0412920581124676,2.5446102776562407,3.2339467502625414,0.45,2.411,8.155,0.551,4
4ms8,3,1.8753668116466584,3.0052366507902053,1.2297137139806065,1.424041294958092,3.4547073837366193,1.2158344924011353,0.609,1.976,4.821,0.704,2
8v50,4,1.2954665534830652,2.0047897005474296,1.3518995600633799,1.0195788036586284,2.4867632883466473,2.4463038728991378,0.814,0.941,1.75,0.766,1
2pye,3,3.5884643882918996,6.035329302142953,2.2487881349535663,2.0990400754347807,6.353394627810657,3.7763990926267095,0.181,5.138,13.497,0.179,2
1nam,2,2.3786439087041487,4.902668817585629,2.9934106836498073,1.1234298781765601,6.343323662312992,5.388748841655536,0.434,2.48,5.889,0.36,1
4jfe,0,1.3175231699402856,2.233930104680926,0.8484287202113531,0.8397571561666427,0.9094078667391883,2.569592295565522,0.783,1.116,2.402,0.778,0
5nmg,3,1.3030194210343018,2.0192965498860085,1.7810141581485914,0.9258037230507417,1.656066772950449,2.5556936220160584,0.767,1.109,2.772,0.75,1
5hyj,2,1.8139671591914412,2.0120086600099905,4.929179039529444,0.9343496140404641,1.899801742994476,2.6437406499169764,0.669,1.468,3.13,0.615,3
4prh,2,1.5367612567589208,1.9037878599693259,2.4960278528940165,1.145101747228334,1.0813116975642068,1.6665388512420083,0.655,1.245,5.891,0.699,2
3qdm,2,1.5515441109490111,2.8942481802685056,0.5332165654532465,0.8364367752783066,1.3852501349710349,0.9445054900941346,0.726,1.123,4.641,0.767,2
8enh,1,2.3673125270086217,4.457206898478392,1.7581909552640473,0.9240791613700173,4.320537039694625,7.224466961731869,0.393,2.28,9.516,0.432,6
3o4l,3,1.381424592706673,2.248447427507122,1.1754646928481605,0.9833815998711289,1.5269064629058706,3.117145518439955,0.71,1.443,2.165,0.671,1
6uz1,2,1.0791280599463644,,2.221692486136501,0.8612573714639652,,,0.007,22.419,65.785,0.0,6
1bd2,0,2.3904623303682584,4.281674106502838,1.4674136007676353,1.2829786902394626,3.5883900732114284,5.300181029484984,0.455,2.687,7.24,0.547,0
1lp9,1,1.7256509047679964,3.0925427367839604,1.0913330344834926,1.1224100602440288,3.318451600847328,3.195453123222983,0.56,1.804,4.121,0.462,5
8es9,3,2.8186399697110986,5.104370451010529,2.0367224086743003,1.8431980815725366,4.873010616268366,5.3184101167325855,0.181,3.775,19.067,0.24,4
1fo0,3,2.1935483763921555,4.78595701647827,1.2718315020086304,1.1393884692921112,8.411497580026014,2.241339261372609,0.47,2.914,6.211,0.548,2
4g9f,3,4.732359598129859,8.45190850126939,2.1831555149426642,2.467447529366946,7.238210551300211,7.983059290331302,0.109,7.223,18.202,0.105,3
5c0b,3,1.846972830724159,2.4243315443203164,4.07379468486234,1.0439061545907788,2.3239550358093295,2.318408512992123,0.666,1.472,2.671,0.577,1
5nme,1,1.340585310997411,2.068719594104506,1.5879494819196567,1.0081596685069147,2.081824291243297,2.324268456851426,0.719,1.182,5.026,0.8,2
8wul,1,1.8411607316286762,4.092478296590341,2.1067600362611323,0.8718922349938375,3.8531511244357373,4.524421894920025,0.401,2.648,9.347,0.508,3
7byd,1,3.5144179852545823,3.731168941670554,13.552943164315955,1.1572993673192025,4.280814267002741,4.452104735096158,0.525,2.875,3.764,0.525,4
7byd,0,1.959514377316226,3.7505449452836506,2.1518720126547417,0.9955738623099734,2.9621199609546434,4.459662826862236,0.606,1.825,2.746,0.508,0
8wul,0,1.9452133875895001,4.426658998710376,2.1186416343200847,0.8446680978652562,4.08149897615481,5.0797417688937,0.361,2.717,10.24,0.443,0
5c0b,2,1.8394228508338764,2.2285393746495896,4.30286411743853,1.0522051127559435,2.3800623074736085,2.1230070182655867,0.656,1.525,2.524,0.558,2
5nme,0,1.3820402809483858,2.1442316185145747,1.6766333193016405,1.0253676982161504,2.0748397906948046,2.4910373792845872,0.727,1.217,4.188,0.773,0
3e2h,4,1.5308857551179071,2.4071927504308666,1.17486831251754,1.1127321607255352,4.107788862835347,1.9478155371649772,0.749,1.133,1.72,0.651,1
4g9f,2,4.687060633534612,7.286356665843323,4.25955415910387,3.2817529336996842,7.5462864885047605,6.403890313141196,0.118,6.061,14.282,0.035,3
1fo0,2,2.2202115440990533,4.829780676666206,1.3005703392630956,1.1644417334297215,8.714305582850228,2.418284763275215,0.465,2.998,7.291,0.619,4
1bd2,1,2.459699369541166,4.456806318272508,1.6702740496026722,1.2326161791313281,3.4263274706055014,5.870612385970065,0.424,2.71,7.891,0.5,2
6uz1,3,1.073093203666307,,2.2212119388135565,0.8529710619991567,,,0.007,22.34,65.413,0.0,7
8es9,2,3.048165746778396,5.495109400711712,2.0375730759299766,2.0340898823482925,5.1941573177443585,5.677445309354328,0.218,4.069,11.49,0.18,4
1lp9,0,2.076611463160592,3.762085461628509,1.3205563900013961,1.318219898754763,4.205971106067629,3.6973953222932128,0.541,2.247,4.396,0.526,0
3o4l,2,1.333117710346406,2.1849034600298243,1.015662128400002,0.9503931904767053,1.4455289111629046,3.1092495689503616,0.728,1.389,2.259,0.711,2
8enh,0,2.509120845381352,4.662864900473772,1.3181489524890795,1.1604307567428074,4.6495453592557245,6.818724676542428,0.272,2.544,13.799,0.284,0
3qdm,3,1.4678538726466723,2.6978833176220562,0.5501379044168501,0.8316887322218578,1.1782764039327944,0.9999144835464303,0.745,1.058,4.24,0.767,1
4prh,3,2.2263423311647816,2.520515758784529,5.2469138954958385,1.188289064675628,1.9565953791575241,3.4293879187685716,0.546,1.781,5.698,0.534,1
5hyj,3,1.8997433352784443,2.2189647968615045,5.125564883867574,0.9238508979445452,2.2390515816716774,2.791456945332465,0.638,1.573,3.677,0.596,1
5nmg,2,1.3816023401804784,2.2171714717945488,1.6712343268696135,0.9721994988592169,2.1927270274429467,2.4826298674035154,0.716,1.321,3.766,0.75,3
4jfe,1,1.2028916403451773,1.969131815073918,0.8220784991145494,0.8229828235619784,1.2972877182764375,2.7256990335240916,0.72,1.219,3.856,0.728,5
1nam,3,2.5248287105889413,5.347574108031653,1.5995740836035024,1.3482842378727176,7.346781231984234,2.6406891521008222,0.385,3.112,7.137,0.38,3
8gvi,4,1.2453782688200752,2.0327823919687176,0.9592408046166271,0.9963820532879633,1.5521903479914518,2.1125064061287024,0.727,1.177,2.082,0.618,3
2pye,2,2.6902061427086434,4.166889505809574,2.4545767217420758,1.8312604635004612,4.148385320534189,4.0198984199954175,0.344,2.836,7.996,0.284,4
4ms8,2,1.833115577901738,2.906012654730513,1.1657095446828976,1.415010039089554,3.3268897922546574,1.4311085312256027,0.605,1.903,4.958,0.685,3
8rj5,3,2.0671933117170225,2.9937781346538106,4.295001169702176,1.1431818845074775,2.322346570317387,3.1951077036707054,0.472,2.207,6.777,0.49,3
7n5p,3,1.5063635559895685,2.2470000582093324,1.2679719991871494,1.1087423150277496,1.8219753939989778,3.25096876698323,0.596,1.222,8.355,0.678,1
6l9l,0,1.7941069639044456,3.2496826664538894,0.9967861440040493,1.0057365066273376,4.019360577290459,3.5179594679813144,0.556,2.167,6.092,0.684,0
3pqy,0,1.3389747907832632,1.947400549221845,1.0667267827850124,1.0315457998310127,1.648713652639946,2.786270494859923,0.686,1.121,6.727,0.8,0
8yj2,3,9.251401190001728,18.397697854747523,3.090420174621871,2.1527382960753676,12.857281159694862,8.66705118882672,0.036,12.242,32.039,0.026,4
8rlv,4,1.4465826382743228,2.2170833524035647,1.0168995506761094,1.1145406745301663,1.7834517614299459,2.3229601409665803,0.651,1.508,4.655,0.688,2
5m00,4,1.9178939435234104,3.5370104169210053,1.0415619000299745,1.3511883846045147,3.171362624102562,4.894565319899095,0.534,1.809,6.818,0.587,3
6bj3,1,1.5692117369904217,2.6859197990625954,1.2264646621295565,0.9710662855449951,3.5616806523890197,2.8689370539424357,0.487,1.652,9.16,0.547,3
3hg1,2,2.0002157463848507,3.744818499450054,1.0995169797961317,1.0890794200552418,2.119219023304241,4.586515929720461,0.434,2.716,7.222,0.486,3
8wte,1,1.9984753178203936,4.490871110206612,2.527486297607173,0.9127290578173404,4.881587105852485,4.761089498842365,0.378,2.836,7.921,0.381,1
5brz,2,3.826753442033336,7.561975083175349,2.3725606854567673,2.3518175600198434,10.325249904495182,2.712697994470359,0.206,5.785,12.839,0.25,8
5ivx,2,1.3490666502884052,2.0895767079029386,1.454519799902116,0.9909080387647577,2.3489814864298286,2.4398040836663104,0.631,1.118,7.48,0.687,1
5wkh,2,1.262275526531245,1.7245335637802772,2.4403922260096977,0.8755204690064391,2.4573980157749316,1.3451988275570297,0.708,1.249,4.372,0.742,5
7ow5,1,1.008738904708806,1.6476707088639764,1.5801786460102676,0.6851229771583266,0.9384588571055568,1.6934577128808104,0.719,1.018,4.851,0.719,2
6tro,2,3.298304605390494,6.1558354084806135,2.294640677207448,2.20048411386355,5.523629175354454,5.721307080625973,0.156,4.866,21.293,0.242,1
7na5,0,2.8075827276579064,5.1350034194562975,1.7830358909677155,1.862011598974836,4.261318862217431,5.072538754318443,0.233,3.587,14.935,0.306,0
3mv7,4,1.5018406056568068,1.8468239332581662,2.537533167698349,1.1145677839431112,1.3586703726084126,1.873432513268875,0.68,1.419,4.737,0.75,0
6vm9,2,4.713099741139798,4.808414458984895,14.263110841463734,1.7521945599677484,5.1008041981293015,4.4690319931079925,0.23,4.893,10.99,0.231,1
8eo8,3,2.0614375406585776,3.8173334199117988,1.4098214563216456,0.9583399619679945,3.780241349332026,5.998709671951576,0.426,2.34,6.46,0.351,1
3mv7,0,1.6767837405550374,2.099452344379617,2.531396194608609,1.2993468544246136,1.2341321933920812,1.7554503618109678,0.651,1.557,6.044,0.809,0
7na5,4,7.583882647151535,16.847812545499966,1.6764182205502327,1.7435931582755797,8.102935238636311,16.078929462381815,0.064,15.075,33.325,0.122,0
8rlt,2,1.4137644771751168,2.1817600102340857,1.1242795257976577,1.0933898038769148,1.9852223806211535,1.9192934221630582,0.607,1.523,5.801,0.646,2
5m02,2,1.7574925329206188,2.98593442697794,2.120753130235485,1.2424257429150578,2.5056217309859568,4.323791079843407,0.692,1.313,2.624,0.597,4
1kj2,3,4.147387317878956,8.067216192794953,1.9063133687810851,2.1684433837337664,7.079573527277261,8.591534189153604,0.204,5.096,11.858,0.193,3
6rpb,3,3.1274059232386064,5.853470724334819,2.0845145739750977,1.4910819023674045,4.830119343150154,4.145467706283841,0.188,4.855,17.957,0.294,6
5m00,0,1.5147123375027451,2.4014898215264555,0.9486448049121949,1.265395760179558,2.4482685588303474,2.4702879821327235,0.754,1.22,3.159,0.783,0
8rlv,0,1.0414189029548944,1.3444300194217051,0.7971539310472421,0.939992861433485,0.9671283783465794,1.6784851769929905,0.835,0.773,3.26,0.844,0
6l9l,4,1.7689581017860487,2.520230644206994,3.480408776984085,1.0179564343182315,3.5153490198389337,2.8949775086156757,0.667,1.429,3.643,0.632,1
8v50,1,1.5599464182272382,2.7557990590656947,1.5151078455350968,1.0353077690353512,2.610793351565636,3.9258661356752533,0.741,1.2,3.178,0.734,3
6vrn,3,8.120802102415213,15.36740002142091,3.0430601117542846,3.50634211006808,8.029441065735833,15.38515395566724,0.038,11.606,28.955,0.019,4
3pqy,4,1.7873298341484185,2.7518688028396476,1.2556045817848605,1.272339650797101,2.346968405935798,3.3688239918526626,0.513,1.741,9.959,0.691,2
3h9s,2,1.9305422426801875,3.1793970993900564,1.6110892572855577,1.4131939885927927,3.820181796539318,4.073414949472486,0.638,1.913,4.944,0.786,6
8gvi,0,1.2217624816978625,1.951327477439338,0.9518381104863467,0.9975254801417289,1.2859026999071896,2.2417831340438603,0.795,1.025,1.574,0.735,0
4jrx,2,0.8473923473893263,1.004978946944016,0.6716439351036555,0.7952831957979126,0.4270129925225954,1.4873474362209205,0.794,0.724,5.303,0.851,1
8enh,4,18.204567359121274,27.769490062175304,15.67486563487014,13.630668067026486,29.181684120368406,25.494538092263582,0.007,21.4,66.73,0.0,0
3e2h,0,1.453610878157257,2.236227442429293,1.2086744525064455,1.0826388913811285,3.904835193003859,1.8895095813606209,0.767,0.998,1.405,0.635,0
5nme,4,1.3402449268798957,2.052647822282381,1.6438505035779594,1.007707195030191,2.107636749636191,2.3074977191865953,0.745,1.153,3.635,0.76,2
1lp9,4,2.1789317461970064,4.083276261100072,1.575082217699451,1.236972223007793,4.317766447638659,4.996479768340009,0.428,2.042,6.047,0.269,1
5nht,3,1.069911749221891,1.689613377475821,0.8888540701342202,0.788645814270864,0.9463175244198757,2.495100843547572,0.765,0.897,2.452,0.636,2
7byd,4,4.316843602947607,5.413960128844108,14.83629982208213,1.808477665487494,4.608331698002908,5.359519404031252,0.229,4.755,10.594,0.203,4
8f5a,3,2.4593098038756893,4.214752856718508,4.291715301380756,1.1523822145500977,6.362764261823244,3.2482488103902063,0.306,2.806,11.152,0.329,4
8wul,4,6.2170931662347915,15.565069225979753,2.4493675747801817,1.5465730406578315,12.705014229370608,13.908620738586826,0.028,15.047,33.928,0.016,4
8f5a,2,2.364163920023744,3.8807661029446514,4.5620788348863055,1.094838121212615,5.708503907203062,3.031788012463497,0.352,2.676,9.508,0.371,2
5nht,2,1.0517356260717032,1.686344092022028,0.9315663170590939,0.7504542834814236,1.1196220679698374,2.7217314927632095,0.788,0.852,1.421,0.636,1
1bd2,4,2.1793175657797215,3.909793965276362,1.235412121298839,1.172951868585527,3.299361750985664,4.7972454769274355,0.475,2.437,6.665,0.531,3
3e2h,1,1.5207117811066524,2.3443309489194273,1.2205907239917857,1.133873942746897,4.042974096715466,1.9867287440916783,0.757,1.122,1.649,0.667,0
4jrx,3,0.8415838379775603,0.9991745731584745,0.712037428225747,0.7837603296900727,0.4086982356530129,1.5608312138016698,0.791,0.714,5.475,0.851,2
8gvi,1,1.2578368373027689,2.0118119032528075,1.045051664157844,1.0185813288910024,1.6855889651990932,1.94982574250923,0.713,1.11,3.192,0.618,3
4jfe,4,1.449023562838101,2.5494841867556834,0.9039505419098163,0.8339137375269245,0.8701610774022749,3.254280284374847,0.697,1.275,3.671,0.667,3
3h9s,3,1.9117465394197337,3.1634757742370625,1.6157084596844458,1.386803443530523,3.720217609730199,4.107236279043126,0.674,1.93,2.928,0.75,4
8v50,0,7.969686737928986,17.8334272265523,2.356719127108902,1.243328009252321,13.936289490521563,12.405612092102388,0.039,15.958,39.153,0.062,0
6vrn,2,4.382871692046246,8.14199165199919,1.9182168988317096,2.0861916466904447,6.12084664416267,6.748917104252958,0.149,5.89,16.218,0.17,6
6bj3,4,1.477935250842189,2.2259767697551625,1.398062880040007,1.1242981189563483,2.6284723916217936,2.0638319186377037,0.518,1.579,9.328,0.625,1
5m00,1,1.8554064583773897,3.4179011102111208,1.0121788798110622,1.3092383148470117,2.3365312006814314,5.170097325450624,0.633,1.505,4.642,0.63,4
8rlv,1,1.5017867801684608,2.3715364771624268,0.9591252422194059,1.116726115132745,1.8762315922197599,2.4385763036800836,0.63,1.64,4.526,0.656,4
8wte,4,2.004012781572422,4.510572894379778,2.516052251933931,0.9125965462049694,5.047619402486857,4.780980515331177,0.358,2.679,8.203,0.317,2
6rpb,2,3.1531745269534177,5.912179204440487,2.286924485036709,1.458317836942016,4.236756153879445,5.387704683849512,0.178,4.677,19.455,0.279,6
1kj2,2,2.4612729090721923,4.735841656734324,1.1640040080573417,1.338083266208096,3.958501081018409,4.0769469278016714,0.302,3.229,11.36,0.368,2
8rlt,3,1.7599532375349476,2.936075355320153,1.426029711975392,1.2043276812028263,2.455437148922948,3.2600891979547173,0.439,1.998,8.83,0.477,1
5m02,3,1.8850489165089754,3.277087799571828,2.286956121637281,1.285987614339281,3.1887439170549094,4.521328453294686,0.61,1.512,4.002,0.516,2
8eo8,2,2.0993579264457005,3.9140865271269534,1.3461535910928069,0.9518814138077618,3.8414549519627563,6.082680713094509,0.355,2.29,9.328,0.311,3
3mv7,1,1.682642351448991,2.0807590940766225,2.6648983604805934,1.2907851520610596,1.4209390227887273,1.745579564207604,0.649,1.535,5.835,0.779,3
6vm9,3,2.6137599474858555,4.666031064076351,1.906771243097483,1.6149136057373474,5.115993252400501,4.348059669977946,0.39,2.867,7.871,0.415,3
7ow5,4,1.1211654526560018,1.870960904456127,1.626227848401888,0.7618772086526593,1.0537080134476788,1.9769128319053229,0.685,1.146,4.046,0.609,1
6vm9,1,2.6848508352389437,4.774414331390024,2.033250703309285,1.66576916048426,5.140701653830455,4.430760889635247,0.402,2.963,6.679,0.385,3
5m02,1,1.8096062924221725,3.0860045016549393,2.265112898960538,1.2587218143602725,3.160297600941037,3.9797640764392788,0.682,1.359,2.832,0.597,4
8rlt,1,1.5861300097792892,2.5886598834240906,1.3721097885325984,1.1182342418929605,2.365784834314571,2.7388543950340662,0.529,1.799,7.032,0.585,3
3mv7,3,1.5034748159287323,1.865009069215387,2.1561012369666694,1.2053984185918465,1.297515365644131,1.5289280195571324,0.662,1.391,5.569,0.75,5
8eo8,0,0.9557737267686822,1.283422019166311,0.8664103434612841,0.8229106162652114,1.6380472795092105,1.0250998614764801,0.769,1.368,2.887,0.865,0
1kj2,0,3.438750856676545,6.692100099427948,1.5855764445453904,1.797691379086107,5.703982495839172,7.63408350039789,0.242,4.099,11.247,0.246,0
8yj2,4,9.234497021841213,18.383491275979758,3.273937784960439,2.055938602688623,13.736724178123158,8.8392949734296,0.034,12.166,33.147,0.026,3
8rlv,3,1.5762592210516357,2.573570624579453,0.9615936293227875,1.1128921777905763,2.4153403808930087,2.626751869967751,0.572,1.794,5.61,0.609,5
5m00,3,1.9792669807277865,3.7715680780841736,1.0218288930803308,1.319777347440518,3.0875537203543875,5.527854437538781,0.584,1.694,5.506,0.609,3
6rpb,0,3.1718730937971022,5.922265896583023,2.0608485666364036,1.5421199689183172,5.311879559357968,3.806952311532115,0.161,4.967,19.116,0.235,0
6vrn,0,5.228482344564503,9.688345091513044,2.4927657010037545,2.507151555836714,6.563972235342534,8.533904430034564,0.076,7.411,26.266,0.094,0
7n5p,4,1.3769565341000702,2.0660439549796443,1.266790912624729,0.9884889091234065,1.4470872224518205,3.209887635881144,0.655,1.052,6.208,0.644,1
8rj5,4,7.914819374498208,17.079672589772017,3.886542474017716,2.264834207859641,10.31969821530457,16.5477454917392,0.049,15.53,34.74,0.082,2
8v50,2,1.2999867430309109,2.0084149464802006,1.3903952516090785,1.0203812664223644,2.4907543881071454,2.121754868584361,0.781,1.029,2.378,0.734,1
3h9s,1,1.7156120401561008,2.734008451104541,1.6714179320939537,1.2804156748693545,3.5424530442164968,3.6277899868655687,0.72,1.606,2.969,0.804,3
5hyj,4,1.8067105831669938,1.9276367021409526,5.009359517230858,0.9228110471922027,1.7421781159660787,2.5045523838874018,0.668,1.33,3.065,0.558,0
1nam,4,2.5227677948544547,5.51862238377531,1.533887911974432,1.1882773827879691,6.672708689231606,5.623677388440788,0.337,3.472,7.954,0.32,2
8gvi,3,1.4343572317927147,2.51743594237437,1.0533689518153877,1.0591197578495848,2.3042494494800083,2.328439124116076,0.543,1.774,5.586,0.515,3
4jrx,1,0.8703498200297969,1.0349977035587297,0.5022994762031365,0.8342186322439489,0.5147122789042762,1.5005965576056877,0.8,0.783,5.306,0.896,1
4prh,4,2.179502419365701,2.4905179740671413,5.182233833496934,1.1146241217560582,2.0096215012792875,3.439570590761923,0.511,1.792,6.345,0.479,2
3qdm,4,1.583736278053233,2.9463458806692198,0.6923739810064822,0.8520171927466584,1.7191326837300043,0.9811602919297866,0.692,1.268,5.424,0.783,1
3e2h,3,1.502226303476431,2.3537230544738192,1.1830026800405284,1.0947467807977556,4.125992780725028,1.9419247339790426,0.756,1.059,1.595,0.635,0
6uz1,4,1.0383955626024977,,2.0768658499556407,0.8459481365940775,,,0.007,22.407,65.081,0.0,7
5nht,0,1.2062409679522148,2.0568361209801096,0.8900276390247858,0.7848245704097835,1.5794355323263276,3.6533296703181843,0.749,1.08,1.583,0.621,0
8f5a,0,2.6611692001988483,4.490814073737143,4.232257691662414,1.4573123303706226,5.342023629133578,3.5583693443697664,0.312,3.245,9.768,0.329,0
8f5a,1,2.44160146349892,4.116162340501041,4.404587452304699,1.1550786218175035,5.947732555066752,3.2055510640089926,0.311,2.946,11.812,0.386,2
8es9,4,2.685724877881816,4.752765236012549,1.8996925710148647,1.8439958071487843,4.304281774828825,5.296443965161717,0.181,3.365,19.752,0.22,5
5nht,1,1.0820466774622208,1.6826839957138808,0.8716017505415725,0.8183264097114121,2.104492370226304,1.9205360319474591,0.756,1.001,2.436,0.652,3
1fo0,4,2.2211991067329966,4.899351687296899,1.3158958002190297,1.1018864340984391,8.20570882989085,5.362429659722237,0.434,2.687,7.129,0.476,2
4g9f,4,3.4983287548542,5.953164410667932,2.8734102672342114,2.0050236675333863,6.1331594052432274,5.840264208653603,0.16,4.555,15.794,0.158,4
5c0b,4,3.070400374003655,5.068096767472329,4.680740137082203,1.7023960363798223,4.01374081547871,3.00384991154758,0.284,3.997,11.248,0.365,5
3e2h,2,1.4254929642635163,2.204474031334943,1.1575447600068305,1.0562378676533786,4.056976005735865,1.8447451734437057,0.784,0.873,0.962,0.619,1
3o4l,4,1.447666206377651,2.41184258001354,1.1677085042316393,0.9963665126426479,1.8604661320528317,3.3168608991302344,0.706,1.531,2.339,0.697,1
4jrx,0,0.8464633360923682,0.9800240801726946,0.5178063710139004,0.8227793811709695,0.5894762258818557,1.2947516413989848,0.792,0.817,5.645,0.91,0
8gvi,2,1.489178560284995,2.613221953897918,1.0463956694980223,1.1045525764862596,2.552745465451215,2.3715066851983493,0.509,1.868,6.658,0.515,3
2pye,4,1.4373207306886682,1.9335917319655596,2.2151932162690344,1.0407918615936447,1.5239711675211787,1.296843687377036,0.568,1.458,5.985,0.522,5
5nmg,4,1.3506147563306399,2.057335629589257,2.065528645092377,0.9366835241298904,1.7938703457384562,2.479960533917977,0.731,1.134,4.52,0.778,2
3h9s,0,1.785268818250621,2.863206808595783,1.572911296719553,1.3452381059610798,3.5903532817235564,3.735784280151294,0.715,1.695,3.319,0.839,0
6vrn,1,9.417011050171105,18.926160560753694,2.14186741621554,1.764568311450292,9.544484440111948,15.811130951932777,0.029,15.92,41.31,0.038,3
8v50,3,1.3398173831786115,2.1089131286494394,1.4267626373588658,1.0316709370835553,2.563443561867866,2.54810504285135,0.748,0.996,2.951,0.656,3
4ms8,4,1.7569563667120744,2.7578192684327956,1.1664690453080242,1.3692542798107459,2.9789362012119924,1.4063627221411619,0.619,1.781,4.589,0.667,1
3hg1,4,1.46780756193707,2.4375505498399894,1.0594252079840467,1.0433718057916723,2.8224692534330353,2.1456951764650536,0.495,2.005,8.399,0.622,0
6rpb,1,3.269743843333564,6.0911889849887615,2.6186194776542084,1.5193798725798355,4.073570196565867,5.618267295010211,0.173,4.981,22.426,0.309,4
8rlv,2,1.4797681166768106,2.3471651563072844,1.0009367947163026,1.0883536514478087,1.5169897341792755,2.931903751096751,0.65,1.555,3.874,0.641,2
5m00,2,1.7174407642343654,3.0224515633366575,1.0661689758751611,1.285230247089483,2.4614006260648,4.277338398969255,0.708,1.381,3.369,0.717,2
1kj2,1,4.560035337104421,8.886063567813322,2.0443967402357943,2.371007764672112,7.371727033736293,9.462903628392105,0.187,5.599,12.977,0.193,2
5brz,4,12.408841040967744,20.86289569227308,9.614598097442371,9.691639254347198,23.652675068691334,17.597848182966338,0.032,15.246,27.624,0.0,8
3mv7,2,1.6799530936384988,2.124468520615872,2.6379183022946555,1.2630386981151391,1.2653171608761646,1.7831542323725957,0.639,1.553,6.161,0.779,2
8eo8,1,2.308733920548006,4.336761188769606,1.3790144886048625,1.0141842483568746,4.376213274733835,6.573854931458084,0.269,2.668,12.676,0.257,0
5m02,0,1.7637769801328937,3.0610667310088004,2.0459046267889014,1.2214686458348931,3.5785693296715135,3.6297854297983236,0.646,1.501,2.742,0.532,0
8rlt,0,1.385619923559618,2.0708682621469645,1.1303721131992344,1.1104365173791853,1.5041908479860142,1.9460246682387152,0.664,1.432,4.751,0.708,0
6tro,4,3.644099059970191,7.065052312101994,2.351506975037312,2.260469388938276,5.887474290018174,5.916693833257827,0.13,5.929,25.282,0.227,1
6vm9,0,2.692123704995971,4.782662836442827,2.4307396325539363,1.619596129342745,5.035111138626126,4.62244040816674,0.411,2.911,5.987,0.354,0
5ivx,4,1.334464680123792,1.8475429427223593,1.8827277816348233,1.0371760820547467,1.968340270988174,1.9098129244756252,0.654,1.077,6.912,0.701,6
5wkh,4,1.2249376327659527,1.528391044982432,2.3926000650613384,0.9171935510229856,0.9708854764979912,1.6550503590769463,0.672,1.265,6.117,0.773,2
5d2n,3,1.9742549282334874,3.560820039972488,2.315893003782399,1.1706393621855926,2.9469324020407175,3.040219408263718,0.564,2.106,3.496,0.5,2
4n5e,2,1.4780993147189898,2.306317422394013,1.648040334555615,1.1016986207991573,2.712110522623667,1.1801287319301113,0.712,1.186,2.803,0.618,3
4jff,2,1.3264031362546334,2.2215528288561748,0.9302261911349134,0.8835535705207224,1.5760802147958657,2.6877898352039424,0.676,1.388,4.414,0.702,2
5c0c,3,1.7134146582916658,2.178341794872851,3.6095177270919754,1.0643296868059264,1.5930199817668027,2.563467387161665,0.636,1.399,4.155,0.566,0
1mi5,0,2.938916470015956,5.028381849406179,2.317422179198392,2.1059338731989627,5.870462816439537,5.280899034347219,0.407,3.108,4.98,0.288,0
7rk7,1,2.383488999401478,4.926880364560234,1.3120973336612718,1.0480880131678574,5.602460750465234,4.5875196908637355,0.374,2.34,15.854,0.606,3
5bs0,4,11.20548735188705,18.529817526619965,8.813190619477515,8.502527197839475,22.065529379680775,16.220531055587873,0.043,14.477,23.286,0.0,10
6ulr,0,2.9592787395862508,6.159853069146243,1.3866019624286867,1.5716651052244954,6.93850159628697,5.20640812032374,0.299,3.468,9.555,0.298,0
7rm4,2,2.0661369165879564,3.631763675673486,1.4488536293196452,1.156711523059183,4.264251599674,4.729148154832945,0.497,1.842,3.318,0.224,2
5e9d,4,2.0551551697206323,4.256724527236492,0.8897482510030574,1.0337628428938277,4.641881385869395,5.2979664167875855,0.387,2.519,9.478,0.455,1
7pbc,3,0.8675947596477886,1.009373588363079,0.9636535107198885,0.7969584913492169,1.0096254005913434,1.1341908755467702,0.894,0.742,1.072,0.896,0
6dkp,3,1.1192356685852385,1.7955566752164207,0.5855258108696785,0.7893427799939617,1.3307270094596093,1.0568475789007494,0.755,1.016,4.641,0.808,0
5d2l,1,1.0451488437727385,1.3428046533933273,0.8636977627936244,0.9411294360272694,0.9327075402782182,1.313964410667059,0.824,0.815,4.04,0.883,1
5c0a,1,4.926770942538634,8.70107468689042,4.176603924372326,3.016700477480874,3.7631195020224557,9.391120038601736,0.124,5.661,15.654,0.079,1
5nmf,3,1.4335412971821377,2.163087333638564,2.0781923590546225,1.033682896554792,2.2476928221759236,2.312432215491494,0.658,1.314,6.39,0.77,1
4jfd,0,1.3967293522417876,2.4849451946002437,0.7988484541597666,0.7971498195529606,1.6499579750423015,3.04410137073441,0.641,1.698,4.004,0.667,0
4prp,0,1.6968158916175067,2.1498790193353874,2.5318626410980825,1.301304939246838,1.240038278050429,1.8923411417460625,0.62,1.581,6.791,0.775,0
4pri,2,1.7163679094403257,2.346433554621148,1.9369751187195368,1.3281522328362676,1.21788997138452,1.389914170229316,0.615,1.788,5.597,0.733,0
7n6e,0,1.8033335011149276,2.9512717505647172,1.4547068591974708,1.2097871252105115,3.424917362874953,1.2407132058781725,0.584,1.98,4.275,0.588,0
3qfj,1,1.5371680608370206,2.452113588364406,1.2150814511557273,1.0694910001297366,3.22047236303208,3.3556589791343208,0.747,1.449,2.422,0.8,1
3sjv,2,1.5716650677828965,1.6400764068447984,1.5287426442013192,1.5571312441688063,1.6955245434142725,1.4694361223979437,0.674,1.335,3.555,0.613,5
8v4z,3,1.2892211366815203,2.0345702681010396,1.3113280636313496,0.9837758540825746,2.3078357293318623,2.594442783149153,0.814,0.937,2.371,0.794,2
6bj2,0,5.211901416185332,8.402188358143917,3.5865593094171073,3.5559661685608246,9.301474702466539,4.3741895858447,0.065,6.8,24.503,0.041,0
7ow6,2,0.9455264574728763,1.4564729826616765,1.228356602146254,0.7312646495182133,0.7951532600433071,1.3671200318174277,0.779,0.781,5.095,0.815,3
8dnt,2,1.4810187206074832,1.8326607539716535,2.1819852912521545,1.207038136814387,2.107608715322163,1.5851667894627235,0.551,1.072,7.021,0.397,1
6vmc,3,2.695736679260951,4.975601938205605,1.9390905317329519,1.586435929889633,5.414407911407575,4.624612545920153,0.394,3.093,6.998,0.397,6
2ol3,0,2.3408314347748904,4.715190173252021,1.4529952967216329,1.1889757314708003,5.185343001834055,5.7047965838639625,0.503,2.191,6.356,0.548,0
6q3s,2,2.6583144698375283,4.109845519252594,2.810858027642538,1.782084333356199,1.9300732219039258,5.347608608029107,0.365,3.031,6.833,0.289,5
2gj6,3,2.849377174815709,4.963886949516884,1.9494714329418574,1.6639279347347256,4.388878308590612,5.678454891296712,0.237,3.332,16.777,0.339,12
3qdj,4,0.9156876763745091,1.2024584110818788,1.2708206235680368,0.7460703603567004,1.120080888642809,1.1436349339978638,0.832,0.83,2.074,0.788,0
5til,2,1.602002137760931,2.779946098965712,2.402052969077564,0.9934504198873362,2.3175720677697687,4.061384385610498,0.662,1.286,4.382,0.619,2
2nx5,2,2.2074768248740746,2.7453632819129252,5.259325958318764,1.1679999630099906,3.8837172176688664,2.023844552678391,0.533,1.868,4.509,0.425,2
8v51,4,1.3545605481301397,2.0775398950692976,1.4465930478163747,1.0673410331350797,2.144296617693187,2.707557807105475,0.743,1.0,3.854,0.708,2
8shi,0,2.8097044769934953,4.772148299271922,4.401580166892654,1.6200679298697058,6.224929576306906,3.2813909150838305,0.262,3.401,16.683,0.417,0
2p5e,1,0.8818035401958532,1.0838961638666242,0.8515474264682218,0.7907212388913235,0.6942331300971124,1.2989377379165183,0.903,0.545,1.153,0.845,1
3kxf,2,1.3592348290975498,2.2682928294869487,0.9909819817160842,0.7763885458447332,1.0348998679466992,4.6291416570336565,0.684,1.537,4.986,0.821,2
6rpa,4,2.5958998604337244,4.494548663064968,2.402882688531371,1.545084609492133,4.4731318216623155,5.379070586214381,0.328,2.955,12.124,0.449,2
6vma,1,2.402044068960815,4.370369252050713,2.06700755412133,1.4045414811547754,4.664327905689069,4.144051353578253,0.41,2.768,7.885,0.466,4
6zkw,3,2.216029150800882,4.476795578788806,1.9405574525577411,1.1347664953869112,2.666374746874768,6.621489514568767,0.532,2.485,4.957,0.582,2
6vmx,3,1.5070771948001145,2.043464076328804,2.59627182356928,1.0703817430677978,1.3198979142096454,2.255183089203755,0.545,1.587,7.158,0.579,1
4mnq,3,1.5553967098398518,2.260133053518294,1.3559259794483114,1.1983286944456237,1.5050735768482386,1.702265923494914,0.571,1.76,6.721,0.678,1
6g9q,1,1.1620248266861761,1.6637821751861999,1.8528739968057322,0.8623201435773948,1.9612108017339418,1.7996409305306282,0.765,1.063,3.366,0.766,2
6vrm,4,2.1064503434077015,3.97506422312731,1.3319961200157375,0.9997373105794546,3.1326607654285032,4.868988968968323,0.307,2.99,13.808,0.444,6
5wlg,4,2.2400258446893964,4.100211816113154,0.9875854243568654,1.218447521744104,2.5423904164580065,5.8935354787356955,0.478,2.434,7.72,0.609,1
7pbe,4,1.2113832955312396,1.8141085287631777,1.138229137670576,0.9139730545306776,1.8086276978583973,1.3304340126253535,0.727,1.439,2.056,0.714,1
4mnq,2,1.7109625460936275,2.5468586123051806,1.9701207864663481,1.1939250581923126,1.3217637012908454,1.585777297173367,0.661,1.575,4.772,0.747,2
6g9q,0,2.2822217510309875,3.1952854960353476,5.319643200399892,1.1914753555936397,2.917529459905086,4.661365077046682,0.625,1.669,2.159,0.489,0
6vmx,2,9.070445390430667,19.209203729528593,3.6653000455064983,1.214911767738856,16.409298269571277,12.04102544884152,0.042,17.313,31.634,0.053,5
6zkw,2,1.7168780180009193,3.196017685886723,1.9616009787969706,1.0329358339670547,3.660003561216196,2.949654537826537,0.501,1.807,8.919,0.618,3
6vma,0,4.827212278045536,4.922284272122422,14.576839076287627,1.6727645117620482,5.1951096807642525,4.603867737514975,0.277,4.968,9.665,0.31,0
3kxf,3,1.281328984080055,2.1367456807206584,0.8968049025307149,0.7402691449154443,1.0414151995319119,4.503446949728908,0.732,1.496,3.216,0.821,1
2p5e,0,0.7888323457659191,0.8070528405926795,0.7340909800953092,0.7873591576821982,0.6165576275510973,0.6789610718073846,0.956,0.429,1.042,0.958,0
8shi,1,2.739066303468703,4.698561389926552,3.9882300716280166,1.623608157666451,6.114893665486083,3.2003404782966682,0.272,3.336,16.545,0.438,6
5til,3,1.7309342486438994,3.3433597193329185,2.3065433250188043,0.8739122611674918,1.9726374921756682,5.454419248484232,0.67,1.198,4.924,0.651,2
2nx5,3,2.090337591727563,2.5238957622110267,5.110496931147895,1.0872182668421349,3.6911769125525318,1.9490417246202647,0.605,1.663,2.947,0.475,4
2gj6,2,1.8170991536828263,3.030689374378041,1.6030336179110654,1.1443756347170058,3.666054472245783,3.3576830522804513,0.605,1.744,4.74,0.627,2
6q3s,3,1.8476162867552222,2.6630657934595345,1.9795304627271042,1.3911278342403721,2.072765630761772,2.3795155738836886,0.494,2.099,6.324,0.5,5
2ol3,1,2.444456433383234,4.934181980417664,1.3783062131872488,1.2456248380565826,5.340203260887987,5.934606896418014,0.459,2.428,7.662,0.548,2
6vmc,2,2.4545701382072598,4.480590855871421,2.2566617867270886,1.4199029974815867,4.674321753384834,4.322471999654227,0.394,2.741,8.178,0.431,2
7ow6,3,1.145560772337906,1.7920860906409048,2.1955613630324082,0.7233368838643539,0.9187515708581206,1.811710496154118,0.77,0.917,3.436,0.723,4
8dnt,3,1.5154974107188135,1.9474945699006405,2.1225723240847163,1.2143309007421337,2.2488786380409356,1.7269650371349068,0.532,1.103,6.88,0.342,1
6bj2,1,2.5111383710337245,3.974166098080226,2.158408073453984,1.7247453958745131,5.201458809482662,4.265519358542996,0.351,2.832,8.099,0.311,6
5m01,4,1.9052254467973595,3.5581989411997985,0.9676766102326936,1.2982143252471103,2.9026363096996355,5.244162291705042,0.571,1.741,5.568,0.588,3
9gv7,4,2.8503480708178413,5.430106469592918,2.1055655924337993,1.6237283926844912,7.587583621802699,4.925060368288709,0.324,2.982,8.496,0.27,3
8v4z,2,1.2728553472627209,2.0103778650924506,1.3916775966445898,0.9564231543122954,2.2026316910257826,2.536401516945795,0.792,0.9,2.916,0.746,2
3sjv,3,7.8678480236939,17.221199830966786,2.598514594141634,2.167561412130356,9.581281649209936,14.723422903159921,0.048,16.628,35.629,0.081,2
3qfj,0,1.395865662198815,2.2671469078874438,1.0076066876624026,0.949336288966246,3.05981295286405,2.927241403077171,0.767,1.306,2.278,0.8,0
7n6e,1,1.6759108506571194,2.746857143954375,1.306591587807484,1.1266692581071829,3.388363011474817,1.0582774060851885,0.604,1.78,3.729,0.559,0
4pri,3,1.4764553700835625,1.7927105518274127,1.8380331944598198,1.26094902541762,0.8014249122129073,1.2191777579028376,0.71,1.227,4.273,0.733,4
5c0a,0,1.452931570821811,2.150837201491017,2.4020063631363735,0.9373702167111367,1.4323167216874224,2.9268300952625914,0.759,1.089,2.625,0.711,0
4mji,4,1.6376524667937256,2.651512067485876,1.9024529146801017,1.1873089514592232,3.634523454620633,1.244999850859116,0.639,1.35,4.013,0.545,0
4prp,1,1.702177212271765,2.0998507501956807,2.6939787692263932,1.3047934572882618,1.4221000912417832,1.9015080406814064,0.629,1.567,6.065,0.746,1
4jfd,1,1.3419075761755974,2.3826063791441285,0.7517539997264051,0.7713896164575903,1.4460971566969982,2.8591175527709662,0.693,1.393,3.205,0.667,3
5nmf,2,1.3067876543893098,1.9564364830889998,1.7178106221219103,0.9854225784200761,1.5881818558483072,2.521522788045371,0.712,1.095,5.74,0.797,1
5jhd,4,2.1637070326439583,3.7243729157364,2.34782408619989,1.3606549965730699,4.989280909197779,2.39512600458154,0.43,2.561,6.664,0.414,5
6dkp,2,0.9076968597461532,1.3533629477062095,0.5563426886647539,0.7119563660167952,0.7283844290048734,0.8847080682135721,0.872,0.756,2.091,0.877,0
5d2l,0,1.0534504431558631,1.3415186911228367,0.7806994978187639,0.9619227614210969,0.8727940531221416,1.3583230569118616,0.802,0.851,4.918,0.9,0
7pbc,2,0.8645247607259288,0.9773479455781867,0.9447876977982548,0.8092237606679406,1.0624805569487992,1.038829117572451,0.888,0.796,0.916,0.896,1
2ypl,4,2.016061669597367,3.2437263800072254,1.909398669252379,1.2762885545786709,4.590239022158909,2.469258249270006,0.595,1.948,5.068,0.673,1
6ulr,1,2.9263716319348188,6.004675398781923,2.436842127999035,1.5249534934911808,7.145423382445962,4.760270987718251,0.256,3.503,11.552,0.263,1
7rm4,3,2.2135918045521104,3.8761976758080636,1.5679657007734842,1.2534309046886598,4.233898403471435,4.462173489084171,0.433,1.846,5.881,0.224,7
1mi5,1,2.7763543881110633,4.700158688727302,2.04914640837498,2.035376150717747,5.6113769019264454,5.408936981567414,0.438,2.87,5.341,0.384,4
7rk7,0,2.5693513271082984,4.457345972511618,5.185526665870628,0.9972720442675996,3.9119580690805966,4.931077953668574,0.4,2.134,11.478,0.515,0
4jff,3,1.3532136059195965,2.303593763259184,0.9152522947746408,0.872774626040426,1.4579627820975352,2.75249669983946,0.696,1.373,4.786,0.786,3
5c0c,2,1.632030474088729,1.9309406110174132,3.7523070005599077,0.9683009011259113,1.2780353083908262,3.023658419689444,0.739,1.175,1.839,0.642,1
4qrp,4,1.8112939429728605,2.9766295190341587,1.6408125722287128,1.3663562630540127,2.8664647962101215,1.9129700326202512,0.609,1.787,2.208,0.478,3
4n5e,3,1.5673789032800887,2.4752669832104575,1.6222956711172436,1.1681095208501093,2.91594587637598,1.4286275048498038,0.681,1.299,3.07,0.588,1
5d2n,2,2.052476573459496,3.797451024746515,1.7781737684591408,1.2397025908015,2.9254621568992256,3.5746112508380623,0.515,2.408,4.509,0.484,4
4n5e,1,1.4621682471952278,2.1957788473288495,1.7234851197483714,1.1263397694620747,2.852014353003596,1.340690396834004,0.718,1.187,2.971,0.647,1
5d2n,0,2.053629366471404,3.741748128589625,2.2557626857608835,1.213681591309891,3.0742152122063233,3.550851836507584,0.546,2.298,4.339,0.547,0
5c0c,0,4.730691258978827,2.2288671018462063,15.452739411861003,1.1654251847449526,2.118911831340441,2.624433599076155,0.489,4.328,3.581,0.509,0
4jff,1,1.3815839746864451,2.384916762851965,0.9109795517655271,0.8635546650869241,1.3877912571606188,3.0975783110372648,0.657,1.42,4.853,0.69,4
7rm4,1,2.2735142046461196,3.909233171054354,1.634910247859095,1.3601997601845144,4.341306149871725,4.804214376804049,0.469,2.137,3.533,0.224,3
6ulr,3,2.5695872188056814,5.102260930116432,1.326052938581629,1.5600645322816922,4.940072492141236,5.739345872207617,0.317,2.783,11.389,0.368,4
7rk7,2,2.210702982565652,4.488414139368881,1.39484044267486,1.0467932808650817,4.251210358249889,5.694648881090585,0.336,2.653,17.618,0.576,8
1mi5,3,3.020103589441382,5.235841212558398,2.402247529522185,2.1152588490560387,5.982633890199212,6.145868013421119,0.4,3.076,4.957,0.26,3
7pbc,0,0.8436580341251457,0.9970302272462424,1.0076106063924612,0.7586422441742733,1.112559809680219,1.0021013252796507,0.889,0.714,0.986,0.866,0
5d2l,2,1.5204146371951857,2.293626693132935,1.3028203887224807,1.1720902925641008,1.2884973576674192,2.0922531324692146,0.6,1.817,5.645,0.7,3
6dkp,0,0.8860209886645407,1.2821128054420348,0.5307751392674593,0.7224282977122906,0.6394599193774768,0.786562311716625,0.882,0.755,2.351,0.918,0
4ftv,4,2.0290330711460443,3.284122183985431,1.5396783051817238,1.2871152550042761,3.3817670905914117,4.1269902699929,0.632,1.889,3.552,0.658,5
5nmf,0,1.3601206636808614,2.027864265629657,1.5932408478552618,1.0623641501233472,1.6968023997239678,2.6683296104784824,0.729,1.072,5.369,0.811,0
4jfd,3,1.6217498439135052,2.8194047041867663,0.9059145343232303,0.9934823751970495,1.6929162031819809,3.2415912024354485,0.58,1.755,5.417,0.607,2
4prp,3,1.6315447518699493,2.071446410855551,2.642350848027656,1.193388445858555,1.417612246420428,1.669115759380664,0.636,1.584,6.095,0.775,1
5c0a,2,1.3531094882052226,1.8764898284965184,2.4368830813270312,0.897801405256892,1.0940799921755222,2.9258395954421075,0.816,0.961,1.936,0.789,1
4qrr,4,9.241171714826962,18.773417065220734,2.1660235501996583,2.486033107357122,9.602641871874175,15.406075683598013,0.038,15.968,30.444,0.032,1
3sjv,1,1.5293720167184295,1.5971058841744352,1.384771618451845,1.5245557384921338,1.7184021218036116,1.296847488468377,0.681,1.283,3.539,0.613,2
3qfj,2,1.7688095548979155,2.9989908480109193,1.1182606115067255,1.1043592777613271,3.279438884289709,4.878343219766217,0.679,1.734,2.581,0.692,4
8v4z,0,1.2523118543790215,1.94239262587746,1.3001031624512458,0.971077198692162,2.420400337463774,2.2430866293104765,0.822,0.935,2.217,0.81,0
4pri,1,1.8088409768739657,2.308743730470881,2.6252817236582064,1.3922158262922952,1.18417485138769,1.8792273867567157,0.644,1.528,6.002,0.773,3
7n6e,3,1.7386752315235536,2.89402675083745,1.3997906563679772,1.123073092468768,3.562774112261399,1.1180325080831393,0.591,1.835,3.677,0.529,0
4jry,4,15.14935251839993,37.707204792575524,6.799040244195315,6.442345033762474,35.3774095279843,37.180100265723205,0.015,15.94,43.643,0.0,3
6bj2,3,9.374558774809994,18.44500729928924,1.9878147037178704,1.9029610541959587,15.158854479828777,14.249651509829837,0.047,16.465,35.874,0.081,1
6vmc,0,4.7509079361934825,4.844662138016138,14.618302567852322,1.5838245828145545,4.855767094729942,4.6668977774452935,0.291,4.907,8.602,0.293,0
8dnt,1,1.4366747423833963,1.7404595945380998,2.166716962428762,1.1818865722132104,2.206631648673379,1.716372210559339,0.573,1.019,6.205,0.384,1
7ow6,1,1.161475635070667,1.6626993280405284,2.6309572469267244,0.7008458196509555,0.7905314906614131,1.4336464887267963,0.786,0.836,3.273,0.723,2
2gj6,0,1.5613852832753574,2.682159957231083,1.3830197560936557,0.9060597386390505,3.2986506159686675,3.071500719977967,0.762,1.401,1.462,0.78,0
2ol3,3,2.7505443503256553,5.542726489203813,1.4815715827232188,1.4190147696878874,5.4374107911995475,6.067996619108809,0.388,3.203,8.798,0.5,3
6q3s,1,2.7115907117759437,4.239944419241691,2.941947403462472,1.760645195641135,1.6645602536374335,5.315596222852686,0.38,3.175,6.918,0.355,4
4mxq,4,1.1726447922544883,1.4944016602541468,0.9290963282139423,1.0824116935901964,2.1229740155741808,1.126226985243223,0.872,0.716,1.554,0.833,1
8shi,3,2.6717306193684918,4.63916235572812,3.354458163127406,1.6575916946561327,5.762632563480531,3.3534589380158413,0.298,3.251,16.133,0.5,4
2nx5,1,1.924767890740681,2.122820516591685,4.947842620704978,0.9947490893907399,3.1183472113535466,1.7613109228170583,0.63,1.461,3.544,0.525,4
8rro,4,2.572212087100709,5.033513047351903,2.3471726204782524,1.1172165811169275,4.698730037450944,5.834506187194253,0.356,2.732,8.596,0.343,4
5til,1,1.7672357175124067,3.182137499713479,2.500192083820848,1.0489279614974563,2.7257247381018486,4.204584144957887,0.642,1.5,4.387,0.635,3
8rlu,4,1.7000775455628458,2.769583201049711,1.346900923057273,1.2004925128743122,2.1675275323956513,2.6299125563574424,0.512,1.888,6.681,0.532,3
2oi9,4,1.5145436137435264,2.2717600125645974,1.3810799380366785,1.1243821691868763,4.036071413270512,1.946977042620736,0.731,1.16,1.999,0.619,1
2p5e,2,1.0594749626081417,1.5132583387395404,0.7405154585376987,0.8489804838703006,0.7827976375666137,1.7744842514873052,0.812,0.942,2.08,0.775,1
3kxf,1,1.173565782865185,1.8756258886513124,1.0063172501547335,0.7358717033181085,0.966138102976827,3.821959082565709,0.76,1.324,2.644,0.806,3
7rrg,4,2.7844915383796467,6.253757284086841,2.1861570194720152,1.5305897789105445,5.512629621057603,5.931583255529624,0.211,4.923,13.652,0.27,7
6vm8,4,2.281305607776298,3.8131004592489166,2.8529687951373965,1.218594528422693,5.634374911870046,3.4357420154038243,0.416,1.751,7.874,0.286,1
6zkw,0,1.0759352323687068,1.4482269523612383,1.1014449529031982,0.9592988602532874,0.6943678993848625,1.6396677852502552,0.735,1.091,4.896,0.8,0
6vma,2,2.901677268071884,5.194668728720065,2.790807652297187,1.7257801889992213,5.885959389363695,4.900829260585014,0.368,3.315,7.631,0.379,3
6g9q,2,1.143502933024483,1.6223713364000822,1.7897438668181385,0.8637088450541079,2.0483737729050797,1.674606687002158,0.773,1.012,2.708,0.723,1
4mnq,0,1.6703664060413654,2.5415694813800025,1.3890056637517199,1.2072699997877554,1.6912930444147884,1.5019475373758222,0.633,1.69,4.978,0.713,0
6vmx,0,1.7411826332849354,2.577142387258857,3.269372934830337,0.9921714483848849,1.1099848805152377,3.225388801968282,0.551,1.368,6.233,0.456,0
3d39,4,2.0298146812325277,3.707829491982273,1.7867163053895334,1.1968220085748336,3.6307705955055187,5.593962766554113,0.58,2.027,5.218,0.661,2
6vmx,1,1.7050162139005505,2.7231701596050044,2.3269663925247794,1.0988330708621135,1.3652013650407004,3.245788563738159,0.591,1.397,4.957,0.491,2
6g9q,3,1.6770018073867334,3.00288698863235,2.217953232154746,0.9363549874508993,2.3579475581555496,4.275653799527209,0.562,1.788,5.317,0.553,3
4mnq,1,1.6596048587003673,2.4658901894765624,1.4747999484664762,1.2335950523385641,1.7511010178076587,1.5913783959117358,0.598,1.643,5.472,0.632,0
6vma,3,2.4763936050847164,4.577019197587971,1.7411229656263114,1.436508324229376,4.637422372083685,4.488218083215209,0.439,2.921,6.1,0.448,2
6zkw,1,1.314457305644404,2.3313432308053814,1.0317881330977186,0.9365843796099098,0.6157648615094887,2.1374420966515966,0.616,1.78,4.79,0.673,2
5tje,4,1.8725005813588114,3.345109870339517,2.667770157424965,1.1541328199719068,2.9110122220599526,4.909612847376188,0.641,1.466,3.931,0.586,0
3kxf,0,1.3002641167497688,2.187002913406112,0.8959163399235541,0.7317366586400167,1.0445309041030986,4.604285895315494,0.708,1.503,3.982,0.806,0
2p5e,3,1.1187212072554735,1.620490790836526,0.9159052605423023,0.8658955426993145,0.7495572475050863,1.824377197585365,0.802,0.982,2.561,0.789,1
5yxu,4,1.1693657589633843,1.8058117997341152,0.862142809479441,0.8221295110336494,1.5827499168383856,3.3190468635618164,0.834,0.807,2.515,0.806,1
2nx5,0,2.1729041255613826,2.6129835022477406,5.237299328470318,1.1646142382379108,3.444247602561685,2.103680967524244,0.563,1.783,3.733,0.438,0
5til,0,1.4980963433886159,2.584768505604775,2.2491011079595586,0.9363957851027293,1.9507864906567574,3.458553992967767,0.649,1.329,4.48,0.603,0
5yxn,4,1.1150515868273814,1.727723178955087,1.0312161178283294,0.7564597464571906,2.4565536350177153,1.735655007361484,0.723,0.827,6.46,0.769,3
8shi,2,2.776080911701288,4.784214169645479,3.832793491044285,1.6768564096868195,6.271277867103784,3.081646181944972,0.256,3.506,17.244,0.417,3
6q3s,0,2.922886394384071,4.503665366424715,3.1656626679839253,1.9589081673968722,1.7936205888481576,5.377930750033105,0.316,3.545,8.173,0.276,0
2ol3,2,1.9467494351363912,3.736280152668289,1.3236593784618313,1.1480842618731923,5.217324510346105,3.391979580833629,0.588,1.77,3.938,0.524,2
2gj6,1,2.0431208509362246,3.4607970805163517,1.6439738733685803,1.259419755869793,3.689827566968182,4.132116329374159,0.531,2.193,5.819,0.593,6
8dnt,0,1.7016677730575378,2.4668823130740587,2.24398956526854,1.1962236110921634,1.7627139220319834,4.3296165530382815,0.54,1.184,6.273,0.356,0
7ow6,0,1.0849171552784926,1.4243329340802504,2.5075752897999646,0.7022263392648627,0.7067391088829731,1.3570215236949945,0.767,0.807,4.438,0.738,0
6vmc,1,2.733970949986703,5.022187053484242,2.5127595478874536,1.5521877555082761,5.427022826042467,4.712989853988354,0.41,3.105,6.317,0.397,3
6bj2,2,2.6333710807999497,4.06353978079829,2.11332818224226,1.9128661879279352,4.952435915855049,3.711700474477169,0.419,2.891,4.593,0.27,5
7n6e,2,1.8322887127768879,3.092143866584756,1.356839073668653,1.1619392993899695,3.8479570676460964,1.1787925375087074,0.575,1.963,4.271,0.559,0
4pri,0,1.765535351696607,2.300421808383887,2.460878106008418,1.348433090360474,0.9397841284811856,1.9144929362954046,0.651,1.551,5.607,0.773,0
8v4z,1,1.2301827068234823,1.877779738075148,1.2844584752676766,0.9695640894710192,2.3436157814132894,2.193167828850853,0.8,0.888,2.623,0.746,0
3qfj,3,1.6669092784606603,2.694651942003209,1.4056100250934571,1.1180332683339294,3.265602993732767,3.755657698402956,0.676,1.645,3.556,0.723,3
3sjv,0,1.5359089803746881,1.5537657301263619,1.4699258369543116,1.5376108084353732,1.6499209872374136,1.156072023700611,0.71,1.16,2.959,0.613,0
4prp,2,1.7082152853937034,2.2268848040684515,2.535959386499201,1.2715723489157422,1.52376204726078,2.547527356061719,0.621,1.66,6.193,0.761,3
4jfd,2,1.4131277755002645,2.5346047488289014,0.7630267505536129,0.7874951379005612,1.3206048997993922,3.1297310631232276,0.685,1.403,3.156,0.643,1
5nmf,1,1.4174923849551468,2.1475742524721197,2.0023833738134758,1.027614292573546,2.1792633004285586,2.3864530683661487,0.686,1.297,5.894,0.811,4
5c0a,3,1.4479136854330183,2.0133936407848756,2.8297844456868204,0.8771617331844763,1.4111399837019822,2.498605848043781,0.74,1.094,2.254,0.632,3
5d2l,3,2.2865064911457913,3.74835082278803,1.563870172556123,1.58590894524079,3.466721348284874,3.722752727533313,0.467,2.709,6.256,0.517,5
6dkp,1,0.9213277475062142,1.3912989611555675,0.57441454690386,0.7095018845607188,1.0172449952366946,0.931707333716395,0.87,0.781,1.401,0.849,0
7pbc,1,0.8811166269302956,1.0317483724267666,0.9769173541021695,0.806374093056949,1.0679617819886915,1.033962365348079,0.892,0.742,0.822,0.881,0
7rk7,3,2.702541538228848,5.639476959795791,1.3380830310645206,1.1379516192299355,5.594892540245287,6.050052863276279,0.28,3.967,16.308,0.5,6
1mi5,2,3.212427964815626,5.568444856959616,2.34229376564756,2.273751998727163,6.852173798627817,5.900378638052409,0.391,3.344,5.137,0.274,3
7rm4,0,2.750597940112032,4.750829120693028,1.9559716097945719,1.6283521879925762,5.401676249830547,5.471751746530802,0.405,2.184,5.135,0.163,0
4l3e,4,1.0030833973169064,1.5816106031218815,0.44869947933842497,0.724825971422465,1.215178989101529,0.9504305829224925,0.863,0.739,1.869,0.829,0
6ulr,2,2.9790443814367444,6.274908732004279,1.3346181266957762,1.5131640084135045,7.541547221814414,4.854049557973746,0.283,3.444,9.525,0.246,2
5c0c,1,1.7160675467755875,2.0994909674401647,3.9278138061825114,0.9810244884981498,1.5459271005237682,3.151778798113112,0.712,1.26,2.386,0.623,1
4jff,0,1.413890693521676,2.469588745239634,0.948649689686161,0.8555286064208776,1.6607304679211112,3.0717619869572186,0.613,1.549,5.232,0.631,0
5d2n,1,1.9414702026416513,3.6050330346510764,1.8451329879593001,1.137995194353784,2.69161763975068,4.16678873519108,0.554,2.207,4.247,0.547,1
4nhu,4,5.463088782453175,8.251599714111698,4.2089778796836965,3.8355235111687223,3.8872461633831077,9.30218363472672,0.119,6.672,17.066,0.111,1
4n5e,0,1.421206967747707,2.108122797159199,1.6141065980693772,1.1182057418930043,2.6798795866255225,1.0095037707577255,0.751,1.164,2.709,0.721,0
4jff,4,1.3954875445539954,2.407013884727044,0.9365450913834893,0.8722991784367413,1.559378159217026,2.9798384092952297,0.654,1.499,4.928,0.714,5
4qrp,3,2.0489202752309055,3.545872800677645,1.6781784596664284,1.4584610524657344,4.758133549214344,2.053003428346362,0.593,1.767,3.735,0.522,6
4n5e,4,1.5394563055854458,2.3842699297719614,1.6746634683550805,1.1643664523952268,2.947919882670838,1.5734250300750805,0.685,1.33,3.165,0.618,0
4nhu,0,5.327151183761144,8.094397622860017,3.9169117319676277,3.725103964275451,3.5849463802189763,9.474863543360192,0.159,6.569,16.782,0.222,0
5e9d,2,2.060063094970888,4.277277629761206,0.9509748376190971,1.0201440821938972,5.027525972991544,5.23893489901004,0.403,2.405,8.966,0.455,4
2ypl,3,2.0498513775122564,3.2416235224399848,1.9172450965696823,1.3556791285957286,4.509788179501769,2.519459496155543,0.604,2.004,5.062,0.714,1
5bs0,2,2.8676493173382256,5.255694435612076,1.8196674046211854,1.8834302630289503,7.738755540261063,2.570796490358604,0.359,3.554,7.292,0.348,3
4l3e,0,0.9728637713354267,1.518491954270316,0.43440012417179413,0.7162330478493574,1.197860201996861,0.8966785484453784,0.89,0.694,1.288,0.868,0
7rm4,4,21.71098209269507,30.424326656306242,21.089988244820496,17.687065138967757,30.628510441343188,24.746234552483234,0.007,22.382,65.398,0.0,14
4mji,3,1.586651428160928,2.4852010324699325,1.866444732613325,1.1964233285107595,3.191915599653678,1.2666598198521595,0.67,1.31,3.855,0.614,1
4qrr,1,1.701850577480516,2.7590726282646427,1.6679741064601838,1.164676869070781,1.0514691844141755,2.086128745046316,0.657,1.634,3.298,0.645,3
5jhd,3,1.0076043733809121,1.587176136894846,1.0396743450972525,0.7473362478765251,1.1677903939688887,2.167833426305319,0.744,1.015,3.226,0.671,2
4ftv,1,1.7327648987147666,2.8315400866398073,1.3515916896043665,1.0662549977036482,3.2152296917764183,3.379550090909186,0.696,1.538,2.37,0.671,1
4jry,1,4.793819749262333,10.91810230455331,3.1141929342665873,2.757026985767334,10.152268278556118,10.848940234268541,0.101,6.515,15.757,0.026,0
3sjv,4,7.938089272404293,17.554482110835632,1.9476206220451509,1.8475381613812656,11.038379454702188,13.941582880939414,0.053,17.347,35.294,0.097,1
4pri,4,1.5250906831671671,1.9830346261171232,1.8824537232935075,1.2216119923296715,1.009966241914463,1.7101421859253525,0.697,1.336,3.715,0.693,4
7ow6,4,1.1011381984983637,1.6559611957251843,2.0281742862226753,0.7550347473922284,1.217923136557013,1.602726044564629,0.72,0.983,4.473,0.677,4
8dnt,4,1.4061509758049135,1.8569418109287688,1.6114112319078489,1.1597236138333746,2.230995685915252,1.668829425037555,0.534,1.043,7.567,0.37,1
5m01,3,1.5376245135649125,2.4434646866079035,0.9708900761679987,1.2722149086241938,2.4945588982182176,2.6780411549609577,0.721,1.227,2.882,0.667,3
9gv7,3,8.362585538443392,17.790491975483132,3.135647528629672,2.9138293951657315,15.97597695583934,20.34300710962357,0.022,15.188,34.747,0.0,4
8v51,2,1.278287242500935,1.9797494864973824,1.3885244442367006,0.9937719162873048,2.3751320332469033,2.2628490231676843,0.791,0.964,3.346,0.8,2
4mxq,1,1.4525857207966308,2.1770728181758745,1.1440473684703487,1.1885254500326694,2.6549808661062406,1.2832597554570102,0.765,0.985,2.687,0.688,2
5yxn,0,0.9969178095674431,1.5296218953060223,0.7637850550536167,0.7087912039836949,2.2750976541541026,1.3363367585851704,0.774,0.674,5.992,0.821,0
5til,4,1.750826789326525,3.089360538315626,2.580484932365497,1.0606590303356929,2.8292904301925077,4.339293326875902,0.612,1.461,3.827,0.492,2
2nx5,4,2.070970233414459,2.384180201161637,5.270655924899335,1.036126223041628,3.2361676117814677,1.8469324276556816,0.564,1.64,4.752,0.475,3
8rro,1,2.042856418692167,3.8779998203852326,1.372354204676162,1.1009367255559626,4.482773895019712,2.1508897347245384,0.44,2.823,7.502,0.537,5
3qdj,2,1.0820004697104035,1.5151824979380393,1.811394264924353,0.7678347437355586,1.264867502007443,1.7375930312145462,0.784,0.993,2.859,0.758,0
6q3s,4,14.084011185809105,18.483458926593002,13.434834037865894,12.04166970193612,21.062336841572165,16.727631412245263,0.023,15.138,33.941,0.0,29
5tje,0,1.703406912589687,2.768830366053894,2.6069120446005445,1.177500330841903,2.639992036518455,3.2046307287086258,0.618,1.566,4.406,0.586,0
6vm8,1,2.3655070007864816,4.058236970098209,2.986237384153116,1.1284704146296567,5.158585396582037,4.777475500278544,0.415,1.929,6.516,0.238,0
8rlu,1,1.9076463398093413,3.3327882328501626,1.2487757291913855,1.1883414670015693,3.385454727350153,3.1378747705127865,0.514,2.316,7.381,0.677,2
5yxu,0,1.1893914341281673,1.8540116553516444,0.819607913201818,0.826802488655737,1.614470496697497,3.5197356610312593,0.838,0.828,2.879,0.851,0
7rrg,1,2.511535501797969,5.343185558359141,2.263861449945818,1.5433137575264155,6.6256362507359645,5.218520215529466,0.231,4.167,13.224,0.286,3
2oi9,1,1.6620358460039117,2.1334613253027346,2.901720821160839,1.207271908175977,2.8814644670594323,2.0835016208072052,0.702,1.323,2.124,0.603,0
6rpa,2,2.818915885814078,4.7634607604338655,2.702897389261198,1.7701692939797156,4.75922982789101,5.565580514734528,0.329,3.143,11.187,0.436,1
3kxf,4,1.454822935165088,2.42628340579872,0.9749699905863489,0.8474172206654362,1.1547994909907566,4.831552611734669,0.596,1.808,6.032,0.716,1
6vrm,2,2.102077725650988,3.807404103542757,1.4568043975545841,1.1675349756027502,5.223674727832342,4.447987917357389,0.469,1.99,6.394,0.407,6
3d39,1,2.07138292154169,3.8682090616288405,1.732344117080706,1.1557837487746252,3.6637992251525278,5.746148096056205,0.583,2.129,5.296,0.696,3
5wlg,3,2.440803215463083,4.324241043492687,1.0839115551947474,1.4769918352836626,3.043923851233696,5.439157155574638,0.422,2.708,7.742,0.484,1
7pbe,3,1.187065907115008,1.7990614214013199,0.9814840299411959,0.899046755468024,1.7372903671034547,1.2385398533703418,0.707,1.411,2.584,0.675,0
6vmx,4,1.601696033970952,2.2181045470190868,3.045223251665904,1.0161323616384312,1.5649843817585554,2.7832891958259434,0.61,1.386,5.885,0.614,4
4mnq,4,1.552343285042231,2.2871520044722327,1.6388206683254432,1.1291931659219732,1.377270198022104,2.0172992229178983,0.548,1.75,7.3,0.644,0
5wlg,2,1.6662127778907498,2.820531751756125,0.9459002669352767,1.1114175323363549,2.6303861365708157,2.2034340201166773,0.542,1.838,7.159,0.641,0
7pbe,2,1.1509929894327868,1.7196352909656576,0.9387334550736323,0.8907925766209585,1.7139156991774795,1.210934642837027,0.714,1.417,3.046,0.727,0
6vrm,3,1.9350203978981007,3.559828120073921,1.29189823823036,1.0206355101937472,2.4449440399926647,4.71178888855361,0.375,2.612,11.374,0.519,5
3d39,0,2.0020575322768557,3.67900059666024,1.7753304451857308,1.1593697819517503,3.686080220756448,5.45192145966637,0.636,1.979,4.569,0.768,0
7rrg,0,1.9167067473052946,3.8228400037289787,2.0027157685964507,1.286430318490247,3.8948711536119403,4.750952783538194,0.682,1.546,1.805,0.603,0
6rpa,3,2.8077499924316043,4.75092227140976,2.5984075902768473,1.7733719834243753,4.816710413487053,5.292940854197165,0.354,3.113,10.448,0.474,1
2oi9,0,1.3722289059766462,1.9382147119272544,1.3485102215809612,1.0904289896117336,1.715658691147553,1.994502440897642,0.751,1.145,1.844,0.667,0
5yxu,1,1.1330539904894328,1.7193956282617202,0.8909019972527595,0.8166255314742717,1.57941299689558,3.154979487864803,0.843,0.795,2.653,0.836,1
8rlu,0,1.7051596947070398,2.8385316603529334,1.2942505954409895,1.1639933091863572,2.9409662157272405,2.909633608528298,0.607,1.88,4.842,0.677,0
5tje,1,1.8181646633351105,3.338819796564135,2.5883279733956464,1.0559720594355124,2.382935447647764,4.850864477863512,0.635,1.502,5.117,0.672,6
6zkw,4,2.5893490246633446,5.135356820773202,2.2763091134876783,1.4137936139973444,3.133545343517656,7.304886803273526,0.39,2.883,7.598,0.4,3
6vm8,0,2.4312841628364614,4.248964482281154,2.9238205142825686,1.0920112503635304,5.440034324408397,4.980251603722141,0.38,1.941,7.522,0.206,0
2gj6,4,1.9416025045785053,3.3946757136957078,1.7972726769215321,1.0479186590711578,3.824096719303428,3.4610968110868834,0.358,2.268,12.138,0.441,11
3qdj,3,0.9664925106676131,1.2759943976512056,1.613434178992347,0.7370987071616774,1.186452267312833,1.6996561569662185,0.836,0.857,1.907,0.803,0
5yxn,1,1.2434585805852507,1.9612443414799645,1.068746767961413,0.8224789155126485,2.7042991037564845,1.316346489329317,0.697,0.821,6.883,0.718,4
8rro,0,3.0007214633771975,6.009090564128214,2.246073917338808,1.2079082380083006,4.944223117444855,6.804742248035938,0.261,3.571,10.523,0.239,0
8v51,3,1.4692651743846477,2.3360355150031475,1.5181375937220651,1.1198620421363779,2.726385563605467,2.7449674802794775,0.749,1.197,3.348,0.769,2
4mxq,0,1.2634529225891908,1.7256868744483433,0.784016886338073,1.1336925352617113,2.369333031397628,1.195677418574228,0.836,0.825,1.975,0.792,0
5m01,2,1.935412432803917,3.6309879861129546,1.0307019322320936,1.30457156380114,2.9750529308579114,5.381078989474121,0.604,1.563,4.719,0.569,2
9gv7,2,8.235029788241606,17.652629531939198,3.1996684595046943,2.619598156170849,17.58294592011155,21.229075287826824,0.032,15.361,33.543,0.027,6
6vmc,4,2.560242457684006,4.6356014497034375,2.263128481254932,1.5294569271538458,4.769712395487109,4.667758645948592,0.366,2.806,8.557,0.379,3
8v4z,4,1.453313570824783,2.3996036208669795,1.4162792215977533,1.0535680651572372,2.1774685747802764,3.0823331476499827,0.64,1.369,3.988,0.556,4
4jry,0,4.753272304764628,10.834263473999442,3.2549838618974554,2.7038651453286477,10.556300764938623,10.534560296330323,0.125,6.604,13.852,0.052,0
6dkp,4,10.646892853550527,21.17509595563418,1.2487804971517757,1.473992955955648,12.555267851726562,12.92147056387232,0.037,16.878,37.467,0.055,2
4ftv,0,1.6786704341715637,2.780550880358076,1.1336579409946124,1.0171500432688485,3.0784921091268758,3.41492421803172,0.733,1.42,1.774,0.712,0
5jhd,2,2.9562539736315485,5.10339810913963,2.8235617523585157,1.903315988847416,6.044632317546654,3.191388035808022,0.309,3.525,7.992,0.243,7
4qrr,0,1.2977870845683692,1.8084703979628216,1.4531602518285516,1.0562746349570107,0.9060242470366131,1.5472851082499945,0.821,0.696,2.878,0.742,0
4mji,2,1.6229323226392236,2.607812978326201,1.9148166454699183,1.1845039179830157,3.6277276241255696,1.2842063291853845,0.668,1.338,3.336,0.58,0
5nmf,4,1.4691964564674709,2.079920554722393,2.5788095750646653,1.035950822910539,2.0546974829122315,2.303662377945714,0.7,1.273,5.113,0.784,1
5bs0,3,3.579644424969945,6.6836670932615645,2.2122814263255397,2.2625068879745944,9.276171313586476,2.762557731987769,0.224,5.227,12.302,0.273,7
4l3e,1,1.0083379191505824,1.6081547932780011,0.4486515923473873,0.713635482845458,1.1351609936069702,0.9760126362506484,0.867,0.709,1.84,0.829,0
2ypl,2,1.9184778250196681,3.0271489500893596,1.838629667520895,1.2670799396030807,4.1752315966017015,2.4288303821167525,0.624,1.812,5.144,0.735,0
5e9d,3,2.0124328946099364,4.223592609740712,0.8327188208214144,0.956229548968354,4.792780792777214,5.426573870168441,0.446,2.303,7.484,0.477,3
7pbc,4,0.8922977291985595,1.0273399322312986,0.9418944332079942,0.8302278791964197,0.9811900575188571,1.13306719542879,0.9,0.732,1.153,0.91,0
5d2n,4,2.1008352004891937,3.8518900310613784,2.0251210400234365,1.2684146224430994,3.0162605437670065,3.6843660666495537,0.524,2.454,4.25,0.5,1
4nhu,1,5.446967216592611,8.242495939625456,4.031263975825505,3.837249236192663,4.315979860475832,9.43669155270731,0.135,6.672,16.897,0.156,0
4qrp,2,1.8932031117386792,2.9925487405618236,1.8458139747118203,1.4775317376818318,3.0745039557404437,2.271334227582347,0.498,1.825,6.756,0.478,1
5c0c,4,2.0422812043954472,2.5291973008241255,5.001327483748928,0.964382405836059,1.381862686950719,3.70005941201266,0.454,1.652,7.084,0.321,2
4qrp,0,1.8907735979311766,3.046575347950569,1.8083204324616624,1.4487366579911036,3.354904861538042,1.9445107413073026,0.538,1.799,5.612,0.507,0
4nhu,3,5.5596894255640015,8.50263587213419,3.938159134454734,3.858392085857926,4.132555822168192,9.567448383188022,0.13,6.858,17.573,0.156,1
5e9d,1,1.5228418990425259,2.9797486498608476,0.7423924213400778,0.9188491186052408,1.3499947050593946,4.997685121981988,0.564,1.767,6.118,0.614,1
2ypl,0,1.8012005087852059,2.8316019261295646,1.821425526679775,1.1815028103748964,3.5837184068394086,2.4814224619384686,0.669,1.727,5.05,0.837,0
7rk7,4,2.8153107969149445,5.897736696555034,1.4152385931818097,1.1519428031254944,9.108508764440662,5.558205856546697,0.283,3.002,14.515,0.394,5
4l3e,3,0.9886333282884252,1.5413515400983018,0.4551363057670974,0.7276474683908527,1.2303005935380233,0.7844423422354134,0.872,0.735,2.613,0.895,0
5bs0,1,2.8441119940959623,5.247253007809694,1.8377421270094243,1.8382833345860186,7.555748033253484,2.6197117187702563,0.356,3.647,6.858,0.318,2
4qrr,2,1.668244533768718,2.7099255638290325,1.6978241095947473,1.1275890035400293,1.0548359910381366,2.1340884692386934,0.662,1.633,3.097,0.645,4
4mji,0,1.599094558808322,2.541620781899603,1.9652877154359256,1.1715271811929175,3.4780119871576782,1.0884440741831947,0.68,1.291,3.706,0.625,0
5c0a,4,1.6338424357318497,2.3937540310639935,2.5151503585709367,1.1282934687484327,1.4555034974344228,2.6376333049334106,0.481,1.586,10.595,0.579,3
5d2l,4,1.606857442918788,2.561035977462311,1.0725473058266866,1.1731859611456814,1.414078918582645,2.665220312229574,0.56,1.932,5.972,0.633,0
4ftv,2,1.8258086531927904,3.0020941387457327,1.269615777170849,1.124413775315117,3.138293811998191,3.742936870428838,0.685,1.612,2.971,0.699,3
5jhd,0,8.42276582893633,17.913430027114373,2.0825320441608994,1.4842376559090293,18.01308163602335,16.487736976617473,0.036,16.652,34.696,0.043,0
4jry,2,4.734841052763238,10.806801174380704,3.200157543118971,2.6868451506969904,10.883894066089246,10.429884082345012,0.138,6.76,13.772,0.091,1
3qfj,4,1.4704702045086804,2.3730061314524824,1.1541652270880762,1.0011699019458769,3.071969395638885,3.1522066740361536,0.737,1.36,2.681,0.754,1
9gv7,0,8.35856175699488,18.08525465153341,2.847563345975525,2.400251786374435,19.209166426987704,21.94902978576924,0.027,16.061,34.08,0.014,0
5m01,0,1.642573552874441,2.7507632880747437,1.1275409811864283,1.2843006153423144,2.625317218323563,3.0474258316189995,0.713,1.311,3.072,0.686,0
8rro,2,3.0344593353687785,6.058146666777242,2.4539411305884458,1.212634357023639,5.309267670037683,6.719898980299074,0.277,3.681,9.673,0.254,7
5yxn,3,1.081050334767336,1.6306227731425131,1.2986097235535354,0.726135986653715,2.4512461704377912,1.4508955137719879,0.747,0.802,5.797,0.782,1
4mxq,2,1.2460310671727708,1.6086199352057375,0.8552866026672948,1.1518531002981227,2.2305702791541466,1.1122493847369197,0.856,0.756,1.752,0.812,2
8v51,1,1.242692690515622,1.8571918451019682,1.3625737503732278,0.9993183377352585,2.1827484954389376,2.064348372979437,0.812,0.815,2.676,0.754,1
3qdj,1,0.8356815833173378,1.0687498393811556,0.7547269091602207,0.7440422890720266,1.103962928640987,1.0000926755096466,0.854,0.79,2.295,0.848,1
6vm8,2,2.405932216421264,4.18430409873167,2.8103192347390653,1.1328460059478505,5.513330700505421,4.748825329541828,0.41,1.937,6.921,0.254,2
6vma,4,2.3845303803802818,4.360804846882646,1.757613021915654,1.4158809365472036,4.509600268817298,4.316082072102545,0.413,2.743,7.511,0.448,3
5tje,3,1.749038186333431,2.957759024778847,2.6632199264781655,1.1474081040440813,2.716743096834741,3.9550747681388563,0.623,1.46,4.664,0.586,3
2p5e,4,1.003525468949838,1.3745017275301998,0.9155158959025266,0.8212811711659329,0.7925310809999686,1.7375085355522895,0.843,0.807,1.934,0.803,1
2oi9,2,1.352672406674014,1.8704573878716804,1.3212897794636511,1.1020705918032014,2.094596097857494,1.8721070269310454,0.748,1.109,2.039,0.651,0
6rpa,1,2.6918405248671635,4.5821177419082355,2.6259210623667366,1.6522550172527537,4.548127118962646,5.405247333845408,0.353,3.0,10.479,0.462,3
7rrg,2,2.703886937705385,5.899688561287986,2.3068135367681584,1.5836031260574535,6.187073594381951,5.236307533947326,0.179,4.829,16.482,0.238,6
8rlu,2,1.440118074465829,2.2200271196701804,1.0110850022603464,1.1164949682204157,1.7897260827706098,1.8262295760372047,0.706,1.465,2.882,0.71,3
5yxu,3,1.1746773043314915,1.774750987708876,0.8614119803223663,0.859635514820791,1.5670799070755566,3.3095800809921494,0.826,0.841,2.644,0.806,1
7pbe,0,1.213841440768395,1.8363798198677865,0.9508900695161859,0.928753700228334,1.7982373577231292,1.2310350908046543,0.707,1.537,2.721,0.727,0
5wlg,0,1.8266135932486043,3.089506812893112,0.9256028255619927,1.23071087635818,3.012341926551821,2.3023799221676704,0.509,2.11,7.451,0.625,0
3d39,2,1.984113409944253,3.6442786256283606,1.7464356226420723,1.1518977358437301,3.6308418568101257,5.442350264750472,0.596,2.023,4.844,0.679,3
6vrm,1,1.8361910991034158,3.368705208052652,1.2888077399771465,0.9702525645009983,2.490102264984617,4.5128841228666055,0.371,2.403,12.021,0.5,5
6g9q,4,1.4537138602766795,2.500171883962691,1.999809465085338,0.8793359118359271,2.2389909774100984,3.4870099925510742,0.654,1.488,3.997,0.638,3
3d39,3,2.1688338825157794,4.058699286662363,1.728005613097152,1.2137631584087885,3.7611830111697873,5.928540057816394,0.499,2.307,7.578,0.643,5
6vrm,0,2.199762322388131,4.154924746298113,1.2441511950358644,1.0614189198272277,2.3072967624087006,7.255497547696791,0.405,2.24,10.711,0.519,0
7pbe,1,1.1986358124767964,1.7949326368905307,1.1452758254801143,0.901562019424528,1.7647740236644165,1.2557140248155467,0.737,1.399,1.986,0.727,1
5wlg,1,1.7218119100178093,2.92047586064217,1.039109370724199,1.1381909712134226,2.5150329116633445,2.260980231623509,0.537,1.992,7.287,0.672,0
5yxu,2,1.2154129656715384,1.8940087475075886,0.8200630645934561,0.8471126659272744,1.5558211473167762,3.523196490856505,0.832,0.835,2.89,0.836,1
8rlu,3,1.3865273199282087,2.1630949981206578,0.9980736035998835,1.0560415475133789,1.8424584989389856,1.7148540854121694,0.711,1.43,2.839,0.71,4
6rpa,0,2.872055823963937,4.846913831097015,2.6767578593789,1.82265214078635,4.970266675609219,5.466344446421577,0.317,3.223,11.236,0.41,0
2oi9,3,1.6167799501727662,2.48834833602658,1.4057449179755417,1.1604132044222124,4.3660063809790755,1.97028621328902,0.703,1.386,2.233,0.635,1
7rrg,3,2.529089280429244,5.460899069277121,2.1310301231158837,1.522924637924563,6.722406755260003,5.314799774346248,0.223,4.326,14.339,0.302,4
6vm8,3,2.1245559467835538,3.4270720800952925,2.99985743797308,1.1841164575454801,2.7246881229697335,4.650802805520768,0.413,1.945,6.756,0.254,0
5tje,2,1.6767545925017087,2.831903553155545,2.616318004404971,1.0876500224809738,2.453290838965441,4.038994795247394,0.665,1.312,4.358,0.638,3
3qdj,0,0.8366588980979094,1.0595198759288644,0.9896371194553134,0.7255325392680162,1.1407916128788627,1.0242599793260612,0.867,0.788,1.558,0.848,0
2ol3,4,2.516822049293298,4.942256838780535,1.5205034091513936,1.4066902742391756,5.614041259829157,3.449962612078511,0.444,2.797,7.164,0.524,6
4mxq,3,1.2350570338075118,1.5630422077527093,0.9196024260066245,1.1491246832277464,2.3299992807140217,1.0978172319952546,0.867,0.735,1.717,0.833,1
8shi,4,2.8668312996742578,4.973031308602577,3.7278859992185853,1.7561897539741207,6.500755461782363,3.3391225768655652,0.243,3.623,16.576,0.375,3
8v51,0,8.07587187049308,17.957944480388978,2.5726580748410677,1.3629614619044268,13.424656112048563,12.383749676234258,0.034,15.949,37.865,0.046,0
8rro,3,1.8962595193700928,3.541297891823684,1.392487837249966,1.0661106372113733,4.390832800881454,1.8874525074463637,0.482,2.52,7.564,0.627,2
5yxn,2,1.3350349516898243,2.011203004432935,1.6696879106856088,0.8868784222659202,2.467137527201311,2.332606465793609,0.622,1.171,7.255,0.667,3
9gv7,1,2.3373091245296505,4.351652227773548,1.7883790035155052,1.4122850427822324,6.32699382993048,4.4807519477051585,0.367,2.471,7.71,0.284,6
5m01,1,1.8982884941227862,3.4928276458775485,1.0961889016830433,1.3183915116377625,2.820040888929516,5.102117087280674,0.622,1.488,4.339,0.569,5
6bj2,4,2.8707491403947785,4.220185905327019,3.773960607781276,2.01379116166175,5.218438699235844,3.926318792919179,0.416,3.037,4.323,0.257,5
7n6e,4,1.780344854858886,2.9703339602082304,1.3653760596760218,1.1538094022646528,3.6222361283625553,1.1438183996182598,0.582,1.958,4.206,0.574,0
4jry,3,10.792382007897455,24.97863149273795,8.124383991071262,5.716279950590359,29.764810051648478,20.74569362751071,0.028,17.022,36.454,0.026,20
5jhd,1,1.131260167756138,1.7056147463734372,1.4909623088421342,0.8397423513431753,1.2394433249683152,2.523087911616839,0.757,1.144,3.544,0.786,4
4ftv,3,1.708121783472687,2.7762265180639796,1.229326816803022,1.0804477292727297,3.0728409282204603,3.098486014676736,0.73,1.415,1.995,0.712,2
4mji,1,1.5906865461775765,2.54514554786203,1.8263853732660995,1.1744997387118135,3.5190851028267986,1.262505773021227,0.674,1.288,3.64,0.602,0
4prp,4,1.2764383107618031,1.4824887877102644,1.9211202583604128,1.060439870175723,1.3431186967349469,1.0415848559996066,0.71,1.156,5.924,0.831,1
4jfd,4,9.50455459528858,18.865644429082625,2.462875843348998,2.772972242337974,12.322397897948155,10.930326696358,0.041,15.262,31.706,0.048,2
4qrr,3,1.7001721648598078,2.8366382652122404,1.4439703883733115,1.1314848298087756,1.205308881390438,2.4836249803019252,0.602,1.862,3.586,0.565,1
4l3e,2,0.9606242879178418,1.4857802082108793,0.4350654116462954,0.7167831602442514,1.176845356504207,0.7845530855285265,0.879,0.675,2.195,0.868,0
6ulr,4,2.6879484733522814,5.385406393679332,1.374955023183347,1.5952550300784347,5.097618833674944,5.06314263923175,0.261,3.453,12.215,0.298,3
5bs0,0,2.908295117565071,5.407252990888448,1.8841410162494467,1.849015008285616,7.785526351693678,2.4322543581688936,0.303,3.872,10.766,0.394,0
1mi5,4,3.056984470159564,5.223570472058599,2.5147763278043507,2.1820400976565475,5.742326342921768,6.006015590562121,0.411,3.137,4.599,0.274,4
2ypl,1,2.034709854662201,3.2460508907413375,1.863313448180445,1.3262096149263463,4.521687590882735,2.5449260785589596,0.588,1.996,5.693,0.714,1
5e9d,0,2.128362424028589,4.5157137544530865,0.8062029934881609,0.9617278047412519,5.280041715728364,6.143851349246132,0.45,2.236,6.81,0.432,0
4nhu,2,5.321308834393654,8.17603356609297,3.7593787133376804,3.657036270098148,4.671458372820318,9.140847458494056,0.175,6.616,16.552,0.267,2
4qrp,1,2.0205394569610555,3.489607124657049,1.643342043102781,1.4442043229786927,4.561786311708735,1.9161243215341215,0.528,1.826,5.529,0.478,3
