pdb_id,model_number,overall_rmsd,rmsd_TCRA_TCRB,rmsd_Peptide,rmsd_MHC_B2M,rmsd_CDR_TCRA,rmsd_CDR_TCRB,dockq_score,irmsd,lrmsd,fnat,clashes
5euo,4,0.46287975,0.63775635,0.6701497,0.36116782,0.8386547,0.5297372,0.945,0.434,2.07,0.967,0
5eu6,2,0.28055206,0.27448905,0.19421375,0.2897708,0.2993065,0.2090449,0.965,0.254,1.16,0.942,0
2ckb,1,0.76686263,0.9334851,0.706854,0.7011401,0.91108584,1.0201722,0.766,0.615,3.924,0.617,0
8qfy,2,3.3942451,6.9775667,2.190658,1.9210069,2.8602386,8.958482,0.11,5.177,19.993,0.098,0
6uon,2,0.32164592,0.37993938,0.34070417,0.3017254,0.29767966,0.2870174,0.963,0.323,1.061,0.95,0
2bnq,1,0.48865744,0.67850965,0.3503612,0.40852597,0.47856995,0.67300504,0.95,0.36,2.294,0.973,0
6d78,0,0.79098374,0.7621598,2.15671,0.5048247,0.25901473,0.24911247,0.904,0.617,1.227,0.878,0
8i5c,3,1.6002419,2.8693225,2.5653775,1.0207694,2.1911051,3.36959,0.622,1.763,4.312,0.651,0
4n0c,1,0.47309566,0.4402987,0.4830101,0.48183236,0.677738,0.43878597,0.931,0.313,0.945,0.846,0
8ye4,0,2.2349339,3.6466131,3.28068,1.2413357,3.3813381,3.259301,0.338,2.749,10.25,0.377,1
4mvb,2,0.21353923,0.24479632,0.19073862,0.20504525,0.20547412,0.22693285,0.98,0.199,0.538,0.962,0
1oga,2,0.27812576,0.38037032,0.19992012,0.24946703,0.6006363,0.28378347,0.946,0.281,2.964,0.981,0
7ndt,0,1.1460803,1.1259286,3.0018067,0.7844624,1.0510314,1.168052,0.834,0.874,2.235,0.82,0
1qsf,3,0.23083784,0.27952048,0.19968067,0.21586494,0.21903284,0.41772026,0.979,0.209,0.798,0.966,0
3vxu,4,0.9823788,1.1614203,0.9509199,0.89916897,1.2924265,1.1833258,0.843,0.651,2.018,0.742,0
6bj8,2,0.24769521,0.34186658,0.16361251,0.21477582,0.24144532,0.37875363,0.97,0.179,1.056,0.938,0
7r80,4,0.26944888,0.3566225,0.21898854,0.24197914,0.3400481,0.18699214,0.943,0.344,2.416,0.952,0
7pdw,4,0.36930296,0.608268,0.19816913,0.2409438,0.27528942,0.3049418,0.825,0.364,2.06,0.585,0
6eqa,0,0.5810232,0.9114542,0.779381,0.38430366,0.48766875,0.9736363,0.951,0.393,1.289,0.938,0
3ffc,4,0.42496014,0.5449194,0.47602087,0.37734792,0.70229006,0.38179114,0.931,0.444,2.376,0.947,0
6amu,2,0.24627407,0.26860353,0.42719835,0.20703864,0.27093115,0.19521599,0.958,0.223,2.617,0.983,0
1mwa,2,0.78152275,0.9412429,0.5559049,0.73200756,0.9494572,0.83792835,0.922,0.541,1.363,0.906,0
9rup,3,9.474932,19.608053,4.6193714,4.719211,,15.186355,0.011,15.277,56.567,0.0,0
2vlj,1,0.41970244,0.59733564,0.2842772,0.36849356,0.6388166,0.45786354,0.898,0.396,3.807,0.927,0
6rsy,2,0.37535843,0.4519722,0.4345413,0.33722594,0.2960036,0.37892863,0.969,0.283,0.992,0.953,0
3dxa,3,0.36215475,0.4056003,0.45854744,0.33107582,0.22734013,0.5139432,0.939,0.342,2.227,0.932,0
2f53,1,0.56567496,0.7524222,0.5982979,0.46642086,0.9768583,0.647653,0.911,0.457,2.441,0.893,0
7n1e,0,0.3285715,0.41353753,0.4519336,0.2749479,0.28941238,0.35348934,0.963,0.282,1.794,0.966,0
8ryp,3,1.170834,2.2233267,0.89766204,0.58845896,1.907231,3.7633646,0.749,0.995,5.208,0.825,3
7n4k,3,0.6911952,1.0849186,0.42063507,0.48321277,0.8801272,1.5256784,0.829,0.974,3.728,0.945,0
5hho,2,0.2706451,0.29788035,0.24324442,0.26528585,0.3988947,0.28368622,0.979,0.212,0.564,0.961,0
7n2q,2,0.5125912,0.29862148,0.27935207,0.5747802,0.3656584,0.19358459,0.962,0.31,1.268,0.949,0
7dzm,1,0.25811768,0.2889897,0.21584982,0.25426605,0.20860231,0.31484738,0.839,0.195,1.312,0.558,0
7q9a,3,0.24159172,0.3501487,0.15779535,0.2050107,0.29837117,0.22746003,0.97,0.203,1.153,0.947,0
5xov,4,0.89501303,1.2279593,1.0100933,0.7562746,0.91116977,1.2798122,0.857,0.814,2.152,0.857,0
3utt,4,0.90731186,1.2494811,0.652425,0.80921173,1.1228514,0.9370043,0.776,0.983,3.258,0.756,0
5hhm,0,0.25745717,0.30548835,0.24143685,0.24315323,0.42380375,0.19537935,0.929,0.216,3.62,0.961,0
3kpr,0,0.25448716,0.3048913,0.24414906,0.23927689,0.25222012,0.22975034,0.961,0.262,1.376,0.937,0
8gom,1,0.76058924,1.0243049,0.8844915,0.61362404,0.8794854,0.77989423,0.867,0.574,2.612,0.815,0
2esv,2,0.39852276,0.4494571,0.47220558,0.37377632,0.33048502,0.6127112,0.947,0.331,1.932,0.935,0
5jzi,1,0.7712652,0.97179157,0.80448246,0.67124516,0.78153497,1.398158,0.729,1.94,2.671,0.901,0
7n2s,0,0.6622334,0.58091694,0.3891114,0.7010795,0.5617048,0.3774522,0.849,0.372,1.539,0.636,0
5nqk,2,0.73609424,0.99475276,0.64044285,0.63673836,0.96522015,0.8414727,0.876,0.584,2.457,0.836,0
3mv8,3,0.5293367,0.70906496,0.81018275,0.37075907,0.58776516,0.62898016,0.949,0.385,2.442,0.985,0
3vxs,2,0.29453638,0.39425516,0.29524955,0.25253287,0.2783088,0.2517326,0.973,0.291,1.474,0.986,0
4qok,1,0.4549059,0.6952251,0.5916115,0.3191868,0.9163797,0.6293809,0.929,0.38,2.37,0.919,0
4eup,0,1.1018268,1.9468946,0.6516935,0.6875632,4.5504713,1.2279674,0.652,1.353,8.631,0.912,0
4qok,0,0.37714422,0.49630576,0.5329851,0.30619675,0.4445881,0.6046795,0.928,0.369,2.239,0.905,0
3vxs,3,0.25180498,0.28539455,0.2513438,0.23960613,0.23231652,0.2020891,0.981,0.258,0.954,0.986,0
4eup,1,1.020394,1.7967212,1.1429925,0.5745307,4.261932,1.2066169,0.659,1.251,7.764,0.842,0
3mv8,2,0.5271394,0.6990705,0.8008002,0.3764925,0.6026821,0.47613,0.95,0.385,1.803,0.956,0
5nqk,3,0.84018165,1.2076824,0.63192827,0.6964655,1.4882339,1.0008122,0.861,0.677,2.846,0.852,0
6zky,4,1.2448874,0.8390214,4.0259094,0.6116597,1.110006,0.739907,0.867,0.801,1.676,0.86,1
5jzi,0,0.7680431,0.9609028,0.81162316,0.67116493,0.7866959,1.3477153,0.817,1.128,3.094,0.93,0
2esv,3,0.37874335,0.44335046,0.48080155,0.34509468,0.3106979,0.590294,0.951,0.334,1.645,0.935,0
7n2s,1,0.6545558,0.77165896,0.37574157,0.64111793,0.80981237,0.3141434,0.786,0.587,3.286,0.621,0
5hhm,1,0.26156434,0.30881107,0.25630873,0.24650109,0.4501187,0.18388648,0.933,0.229,3.401,0.961,0
8gom,0,0.73604906,0.95414454,0.91310906,0.6074906,0.88624287,0.7527241,0.875,0.5,3.048,0.84,0
3kpr,1,0.25059378,0.29634264,0.24192318,0.23685105,0.2349936,0.20268102,0.972,0.25,0.63,0.949,0
7pb2,4,0.4443887,0.47870415,0.60429937,0.41819188,0.4688813,0.39588976,0.943,0.381,1.483,0.918,0
7q9a,2,0.23071653,0.31875178,0.15406097,0.20338576,0.28261897,0.21001942,0.978,0.206,1.274,0.973,0
3gsn,4,0.4850368,0.5579228,0.3730301,0.46846852,0.7802309,0.43461373,0.813,0.429,1.786,0.556,0
7dzm,0,0.3157713,0.3709024,0.26117188,0.30648717,0.23713903,0.38450912,0.835,0.256,1.393,0.558,0
7nmg,4,0.2713133,0.3100075,0.40319753,0.23435347,0.2598533,0.20424256,0.969,0.208,0.63,0.931,0
7n2q,3,0.37693673,0.27713415,0.2701627,0.40923822,0.34798852,0.1887388,0.969,0.278,1.348,0.966,0
5hho,3,0.2771125,0.31892633,0.25634396,0.26624945,0.44357422,0.29132032,0.974,0.235,1.061,0.961,0
7n4k,2,0.59847546,0.85557926,0.37526506,0.48396435,0.55079186,1.6051378,0.918,0.649,1.964,0.964,0
8ryp,2,1.1154798,2.058813,0.9106357,0.61551917,1.5032061,3.5631337,0.767,0.856,4.336,0.754,1
7n1e,1,0.34792146,0.44938472,0.47239637,0.2862454,0.38761854,0.31958023,0.968,0.278,0.957,0.949,0
6rsy,3,0.35901564,0.40732077,0.42975336,0.3316419,0.29053038,0.36063012,0.97,0.293,1.141,0.965,0
2f53,0,0.6056992,0.8164737,0.58653337,0.49976483,0.9721204,0.7164957,0.903,0.538,2.994,0.933,0
3dxa,2,0.35238534,0.36316472,0.46529073,0.33181944,0.27961186,0.4291282,0.937,0.323,2.43,0.932,1
2vlj,0,0.412932,0.59267235,0.28127536,0.36016113,0.65383524,0.45489496,0.926,0.363,2.419,0.909,0
9rup,2,9.409601,19.998474,3.9149604,4.162843,,13.456838,0.01,15.969,58.496,0.0,0
1mwa,3,0.78020775,0.9327974,0.5500468,0.7346537,0.9298862,0.86280006,0.918,0.54,1.697,0.906,0
6eqa,1,0.57709044,0.9057709,0.7259255,0.39047152,0.4337963,0.97118396,0.94,0.418,1.888,0.938,0
6amu,3,0.21240295,0.2625093,0.3678188,0.16438821,0.19797647,0.20136182,0.958,0.192,2.708,0.983,0
3w0w,4,1.1567178,1.6948334,1.0624422,0.90002006,2.7242384,1.4018458,0.787,0.844,4.379,0.811,0
8rym,4,1.9719354,3.4474545,1.843732,1.2678862,4.339541,3.4343948,0.298,2.51,12.434,0.312,0
6bj8,3,0.22953503,0.29175577,0.14841492,0.21176007,0.22027588,0.22138806,0.977,0.19,0.766,0.954,0
7ndt,1,1.1260215,1.0426935,3.0077488,0.77760166,0.9225625,1.0946634,0.848,0.802,2.03,0.82,0
1qsf,2,0.23131697,0.27409846,0.20280422,0.21853419,0.22242963,0.357722,0.979,0.204,0.868,0.966,0
1oga,3,0.27932793,0.39093602,0.19143672,0.24740195,0.61303276,0.2822648,0.959,0.316,2.202,0.981,0
4mvb,3,0.2160967,0.20720963,0.19126986,0.22106937,0.16549315,0.1985915,0.981,0.183,0.653,0.962,0
8i5c,2,1.547005,2.6914394,2.5964692,1.0108418,1.9684429,3.349037,0.658,1.659,3.681,0.683,1
8ye4,1,2.1350942,3.4819503,3.205984,1.1633579,3.470383,2.997293,0.381,2.592,8.234,0.377,1
4n0c,0,0.51020426,0.51358014,0.5074505,0.509437,0.5435539,0.46635845,0.932,0.373,0.961,0.865,0
2bnq,0,0.50258934,0.6377894,0.34073302,0.45698425,0.5157716,0.7699982,0.97,0.343,0.934,0.973,0
7l1d,4,0.4076114,0.5124034,0.42338315,0.37063354,0.4182785,0.4595886,0.933,0.467,1.85,0.932,0
6d78,1,0.7531752,0.69066304,2.098441,0.4833795,0.25977644,0.30279428,0.895,0.639,1.41,0.865,0
6uon,3,0.31055287,0.32687593,0.39659116,0.29601455,0.28107968,0.27786246,0.968,0.269,1.054,0.95,0
8qfy,3,3.355213,6.9180684,2.1969907,1.8781962,2.909502,8.673112,0.107,5.051,19.651,0.082,1
3tpu,4,0.92644465,1.2992915,0.38352072,0.8025278,0.6304887,0.30037975,0.897,0.622,1.061,0.854,0
5eu6,3,0.32501483,0.2997265,0.2313753,0.34044454,0.30277053,0.28335857,0.957,0.249,1.466,0.928,0
2ckb,0,0.7669525,0.9451446,0.7161198,0.6943664,0.96524084,0.825648,0.77,0.652,3.548,0.617,0
8qfy,1,3.330976,6.9049716,2.1887283,1.832488,2.914726,8.7400465,0.104,5.024,20.479,0.082,0
6uon,1,0.31491604,0.2998784,0.36304057,0.31383932,0.29609388,0.27244368,0.931,0.256,2.468,0.9,0
2ckb,2,0.7339942,0.8601753,0.7118606,0.6832755,0.8619869,0.88510764,0.8,0.608,2.459,0.617,0
5eu6,1,0.2768898,0.23965673,0.23560956,0.2912488,0.23319478,0.16251737,0.958,0.205,1.936,0.942,0
4n0c,2,0.47989368,0.5265535,0.31881827,0.47876388,0.63768125,0.4395287,0.94,0.373,0.693,0.885,0
6avg,4,0.2978301,0.33462578,0.5814763,0.21835804,0.36722478,0.28197107,0.954,0.315,1.301,0.928,0
8ye4,3,2.3685517,3.9310687,3.2634575,1.3190705,3.8765986,3.1835783,0.315,3.008,10.303,0.34,1
8i5c,0,1.7945037,3.4426732,2.6169653,1.0524204,4.1358523,3.3834128,0.499,2.139,5.885,0.492,0
6d78,3,0.8330981,0.8413412,2.2258434,0.5256225,0.24310282,0.30816275,0.886,0.651,1.898,0.865,0
2bnq,2,0.498305,0.6545139,0.39709142,0.43528154,0.5285198,0.7107169,0.96,0.404,1.345,0.973,0
1qsf,0,0.22998433,0.28051367,0.20324609,0.21380942,0.22638895,0.38049495,0.973,0.221,0.865,0.949,0
7ndt,3,1.1196035,1.0564713,2.923826,0.78827935,0.9636461,1.1853689,0.848,0.828,1.756,0.82,0
6mtm,4,0.32390565,0.3793758,0.23704812,0.31583658,0.36186874,0.3297009,0.958,0.38,1.508,0.966,0
3tf7,4,1.1049497,2.0266128,0.7775076,0.69458514,1.5393547,0.7778305,0.884,0.768,2.049,0.915,0
6r2l,4,0.2981043,0.3803383,0.18770622,0.27513343,0.27048036,0.42520043,0.964,0.246,1.703,0.956,0
4mvb,1,0.22244918,0.23082696,0.1856168,0.22312918,0.22327699,0.21678178,0.983,0.195,1.021,0.981,0
1oga,1,0.3144544,0.3642574,0.20741463,0.30831897,0.57230407,0.22753227,0.966,0.287,2.295,1.0,0
6bj8,1,0.2469081,0.32794932,0.16077867,0.2209093,0.27661997,0.27983955,0.965,0.203,1.347,0.938,0
3tjh,4,0.23857588,0.29373392,0.17413151,0.22084433,0.35943618,0.26564834,0.966,0.262,0.717,0.933,0
9c3e,4,1.5115395,1.849931,1.0598167,1.3935046,1.8184003,1.4869292,0.593,1.431,5.061,0.517,0
6amu,1,0.25679436,0.31835178,0.38839793,0.21146582,0.2672819,0.19898479,0.934,0.279,3.288,0.967,0
6eqa,3,0.5707378,0.8798828,0.7535491,0.39163756,0.5452343,0.86386365,0.945,0.381,1.447,0.923,0
2vlj,2,0.46448198,0.7033654,0.3060356,0.388331,0.66697335,0.53736055,0.899,0.445,3.807,0.945,0
1mwa,1,0.7454174,0.90832406,0.5149791,0.6940564,0.95607877,0.8474073,0.916,0.52,1.653,0.891,0
9rup,0,9.583707,19.748627,4.7975907,4.8475537,,15.43055,0.01,15.283,57.162,0.0,0
3dxa,0,0.3652997,0.41894367,0.45978934,0.33007416,0.31832907,0.5199897,0.946,0.347,1.792,0.932,1
2f53,2,0.58245224,0.7956353,0.6013497,0.46853542,0.9734104,0.6426084,0.918,0.523,2.085,0.92,0
6rsy,1,0.3578082,0.40377015,0.44046795,0.32970455,0.320106,0.29175562,0.96,0.288,1.653,0.953,0
7n1e,3,0.3141488,0.39681733,0.46165746,0.25641358,0.3332487,0.28394327,0.967,0.251,1.196,0.949,0
8ryo,4,1.8484638,3.294543,1.5899839,1.1256022,4.0322976,3.408315,0.38,2.383,11.003,0.481,1
8ryp,0,1.2158648,2.3119032,0.96435285,0.6018582,2.0525076,3.971153,0.735,0.994,4.831,0.754,2
5hho,1,0.27224913,0.28546223,0.3214095,0.26227742,0.3732988,0.22632085,0.976,0.221,0.874,0.961,0
7n4k,0,0.63009953,0.9724382,0.4335475,0.44971654,0.7979856,1.4477346,0.862,0.928,2.864,0.964,0
8en8,4,2.2685585,4.217238,1.0452592,1.0532879,3.801847,6.2662954,0.316,2.314,13.992,0.384,0
7n2q,1,0.44889703,0.34149057,0.2745226,0.48796424,0.2967267,0.47609782,0.973,0.279,0.991,0.966,0
7q9a,0,0.2240828,0.29525727,0.15733203,0.20358038,0.3028217,0.2529701,0.971,0.208,0.992,0.947,0
7dzm,2,0.28848413,0.34808213,0.22695272,0.2782958,0.20922005,0.37052244,0.846,0.247,1.16,0.581,0
3kpr,3,0.25954095,0.31998277,0.24114756,0.24154194,0.26985902,0.24604532,0.97,0.269,0.801,0.949,0
8gom,2,0.7769214,1.0364262,0.89650613,0.63411695,0.99427605,0.7405005,0.862,0.559,2.307,0.778,0
5hhm,3,0.2351857,0.27896383,0.23012936,0.22119647,0.37646222,0.18938316,0.943,0.2,3.328,0.98,0
5men,4,0.45594075,0.50610167,0.32743633,0.44878632,0.4856381,0.39727136,0.896,0.844,0.869,0.938,0
5sws,4,7.7453375,16.940807,3.4719555,3.634431,15.312628,9.94652,0.031,16.015,37.118,0.033,0
7nme,4,0.3050351,0.370651,0.43145204,0.2512566,0.2569972,0.23096621,0.955,0.307,1.77,0.947,0
5nqk,1,0.8391906,1.0996861,0.6351888,0.7519663,1.5113583,0.8366549,0.892,0.603,1.682,0.852,0
7n2s,3,0.72175235,0.8180881,0.39577058,0.7179868,0.8614553,0.35017654,0.781,0.555,3.247,0.591,0
5jzi,2,0.7595322,0.9959915,0.7780778,0.6393114,0.7623053,1.589762,0.724,1.77,3.548,0.901,0
2esv,1,0.40046692,0.44657883,0.48181695,0.37650955,0.31295964,0.58128184,0.954,0.33,1.779,0.952,0
4eup,3,1.0792681,1.9417874,0.74359107,0.6314903,4.4293466,1.3135443,0.651,1.344,8.14,0.877,0
3vxs,1,0.26881066,0.35747698,0.27741224,0.23053338,0.24681574,0.28051218,0.976,0.281,0.808,0.971,0
4qok,2,0.40078878,0.5417387,0.5607113,0.31861588,0.65463763,0.6128478,0.936,0.339,1.928,0.905,0
3mv8,0,0.53670084,0.72218627,0.798643,0.3797547,0.66500187,0.78843945,0.947,0.412,2.122,0.971,0
8gvb,4,0.5492306,0.81831485,0.5631249,0.45922098,0.54343104,0.60411733,0.937,0.552,1.341,0.956,0
3mv8,1,0.5005068,0.60791194,0.80729175,0.38448933,0.58055156,0.5116676,0.946,0.351,2.24,0.956,0
4eup,2,1.095389,1.9426522,0.6945668,0.67308867,4.5636563,1.3460792,0.647,1.359,7.694,0.842,0
4qok,3,0.4723714,0.7252992,0.65253526,0.32146764,1.0288947,0.61260235,0.932,0.387,1.571,0.892,0
3vxs,0,0.28784242,0.36054358,0.2572725,0.2629955,0.28888047,0.2864349,0.97,0.31,1.232,0.971,0
7n2s,2,0.67825997,0.82517785,0.40189263,0.6553777,0.9047669,0.24517168,0.806,0.569,2.485,0.621,0
2esv,0,0.39496565,0.466963,0.47637498,0.36137876,0.34383017,0.638914,0.935,0.335,2.271,0.919,0
5jzi,3,0.82895243,1.0814675,0.78101015,0.7086288,0.8171629,1.6728055,0.712,1.852,3.716,0.901,0
5nqk,0,0.8382083,1.1844584,0.73418784,0.6964317,1.4315481,1.2558955,0.862,0.705,2.856,0.869,0
2jcc,4,0.38937888,0.5710719,0.31101033,0.3256759,0.4803461,0.3229455,0.771,1.959,1.433,0.971,0
8gom,3,0.77059245,1.0239652,0.9104243,0.6281111,0.91335225,0.81076634,0.894,0.542,1.752,0.84,0
3kpr,2,0.2536282,0.31250817,0.23821987,0.23582354,0.2226861,0.22629075,0.967,0.258,1.183,0.949,0
5hhm,2,0.25790355,0.30246192,0.25525177,0.2435342,0.42989522,0.20614684,0.936,0.225,3.302,0.961,0
7dzm,3,0.31300944,0.4821183,0.23377128,0.26557532,0.30044273,0.43741167,0.812,0.348,2.36,0.558,0
8yiv,4,1.7428889,2.5128996,3.552397,0.9135989,2.076424,1.4045734,0.499,1.74,6.333,0.429,0
7q9a,1,0.22671318,0.2907296,0.16840872,0.2087199,0.33273533,0.23529829,0.976,0.205,1.452,0.973,0
7n2q,0,0.40858045,0.2705225,0.28373742,0.4496105,0.2674472,0.20229274,0.973,0.299,0.865,0.966,0
7n4k,1,0.6296192,0.8963478,0.40850893,0.51052636,0.701097,1.4343337,0.882,0.817,2.657,0.964,0
5hho,0,0.26875547,0.2915971,0.25992808,0.26284054,0.3848406,0.25612503,0.974,0.218,1.135,0.961,0
7jwi,4,0.689636,0.9563939,0.50406104,0.6298835,0.39694524,0.72180504,0.879,0.623,2.844,0.885,0
8ryp,1,1.1863095,2.2388642,0.9712251,0.60112935,2.182501,3.5261955,0.704,1.065,5.191,0.719,2
5xot,4,0.6604891,0.9522314,0.9845434,0.47965336,1.1966801,0.8407797,0.915,0.473,1.97,0.887,0
3e3q,4,0.36133933,0.36721155,0.59037083,0.32417563,0.47150654,0.24196461,0.949,0.318,0.604,0.895,0
7n1e,2,0.3251741,0.4077083,0.45454052,0.271545,0.34807587,0.27865964,0.971,0.264,0.629,0.949,0
6am5,4,0.17754683,0.17311488,0.10138463,0.18480419,0.0729971,0.14244212,0.969,0.144,1.751,0.957,0
2f53,3,0.6703605,0.99520606,0.654225,0.48560444,0.9062296,0.689168,0.89,0.548,3.322,0.92,0
3dxa,1,0.34191737,0.3462049,0.4723017,0.32066515,0.2353854,0.42300105,0.94,0.313,2.568,0.945,1
9j4t,4,1.7861193,2.8386676,1.9353247,1.1987243,2.0953343,2.4101229,0.587,1.832,6.613,0.738,0
6rsy,0,0.35583356,0.38935038,0.43344307,0.3335911,0.28109252,0.33130044,0.961,0.299,1.269,0.942,0
7n2n,4,0.43219757,0.4738278,0.2673162,0.43384385,0.5076076,0.307142,0.869,0.347,1.823,0.702,0
7qpj,4,0.33563125,0.3746698,0.2050826,0.33048248,0.18758047,0.44187328,0.964,0.279,1.501,0.957,0
9rup,1,9.7266655,19.882998,5.0155354,5.0670733,,15.689781,0.01,15.278,57.646,0.0,0
1mwa,0,0.75786245,0.89244914,0.5465516,0.71933705,0.8944764,0.7965444,0.924,0.493,1.655,0.906,0
2vlj,3,0.424815,0.619367,0.2873298,0.36621642,0.63254595,0.46589836,0.897,0.419,3.782,0.927,0
6amu,0,0.2366299,0.29595035,0.40173328,0.18338448,0.2298134,0.2018466,0.967,0.243,2.377,1.0,0
6eqa,2,0.57684857,0.90401596,0.74184734,0.38837895,0.526653,0.94610417,0.948,0.401,1.456,0.938,0
6bj8,0,0.2404947,0.32882148,0.18408689,0.20810574,0.26236328,0.27085415,0.967,0.205,1.158,0.938,0
1oga,0,0.26470718,0.3659056,0.19915543,0.23500408,0.5828958,0.26698115,0.954,0.279,2.886,1.0,0
4mvb,0,0.20347197,0.21764341,0.18215562,0.20088112,0.11451854,0.20793355,0.988,0.192,0.364,0.981,0
1qsf,1,0.23348105,0.3004116,0.19765978,0.21097171,0.20627753,0.44915026,0.978,0.223,0.871,0.966,0
7ndt,2,1.116314,1.04842,2.9304404,0.7828011,0.89219916,1.1579711,0.837,0.802,2.607,0.82,0
6d78,2,0.7862124,0.75660485,2.1601746,0.49550554,0.2873568,0.37659332,0.891,0.657,1.535,0.865,0
2bnq,3,0.44482923,0.6290566,0.37237915,0.35875046,0.494669,0.68278366,0.954,0.373,1.381,0.945,0
8ye4,2,2.3701274,3.9456778,3.2528605,1.312082,3.7149503,3.2529185,0.298,3.025,12.433,0.377,1
4n0c,3,0.47565243,0.46283683,0.32644838,0.4925566,0.7630448,0.36969605,0.928,0.35,0.94,0.846,0
8i5c,1,1.5157921,2.6538153,2.5498648,0.97979313,2.062653,3.2640915,0.65,1.725,3.772,0.683,0
2ckb,3,0.7483704,0.91851074,0.71140796,0.67799956,0.9353052,0.8339534,0.756,0.64,4.181,0.617,0
5eu6,0,0.29097992,0.28572813,0.20205927,0.30019176,0.32577205,0.19220251,0.96,0.25,1.605,0.942,0
6uon,0,0.31478676,0.32955974,0.3712419,0.30444336,0.3010167,0.26738802,0.964,0.277,1.327,0.95,0
8qfy,0,3.4410877,7.1540155,2.2496653,1.8764083,2.7882032,8.934497,0.111,5.321,20.588,0.115,0
6avg,1,0.3187563,0.4025334,0.572372,0.21191606,0.37250322,0.33224985,0.946,0.296,1.768,0.918,0
7l1d,3,0.3771839,0.41916084,0.40954635,0.36091635,0.46531922,0.4085658,0.944,0.371,1.8,0.932,0
3tpu,3,0.9141051,1.2610961,0.43545696,0.8003826,0.7527245,0.33004484,0.887,0.637,1.412,0.841,0
6uon,4,0.33131778,0.4272473,0.36197853,0.29630175,0.31993082,0.31503925,0.957,0.342,1.445,0.95,0
8qfy,4,3.3507185,6.949712,2.1418288,1.8467332,2.76842,8.881003,0.11,5.177,19.858,0.098,0
5euo,2,0.425957,0.60108954,0.66883683,0.3135623,0.7574185,0.51366824,0.951,0.422,1.733,0.967,0
5eu6,4,0.28856543,0.31744766,0.2177322,0.28549474,0.36977276,0.21593137,0.969,0.257,0.616,0.942,0
7pdw,2,0.35608548,0.56448805,0.18208562,0.2525509,0.31052092,0.32392886,0.83,0.334,1.569,0.569,0
3w0w,3,1.175233,1.7021911,1.0778702,0.9279264,2.5668101,1.6216413,0.774,0.873,4.73,0.811,0
3vxu,2,1.0090919,1.205491,0.80877703,0.9381687,1.2356384,1.3698621,0.817,0.684,2.805,0.722,0
8rym,3,1.8610165,3.4086604,1.6254331,1.083485,4.317825,3.1161933,0.327,2.453,11.467,0.354,0
9c3e,1,1.4646366,1.7638012,1.033281,1.366084,1.7067013,1.452491,0.629,1.309,4.454,0.534,0
6bj8,4,0.23853433,0.32704863,0.17735751,0.20638375,0.24656375,0.30785897,0.972,0.21,1.203,0.954,0
7r80,2,0.26161066,0.3045494,0.21742526,0.25134364,0.24868248,0.16961919,0.935,0.281,3.031,0.952,1
3tjh,1,0.22565387,0.28527105,0.16844097,0.2046731,0.34478226,0.26783082,0.967,0.243,1.276,0.95,0
1oga,4,0.27287212,0.38036412,0.2016949,0.24116437,0.5918117,0.25815648,0.964,0.297,1.979,0.981,0
4mvb,4,0.21672599,0.21281475,0.18988363,0.22039515,0.20582816,0.19020593,0.982,0.188,0.375,0.962,0
6mtm,1,0.31544963,0.34403282,0.26605237,0.31237233,0.35750273,0.30756453,0.969,0.322,1.037,0.966,0
3tf7,1,1.0693805,2.0704987,0.75676626,0.5729213,1.3866279,0.6071311,0.887,0.748,1.546,0.894,0
6r2l,1,0.28356314,0.3284915,0.19394657,0.27493846,0.2437958,0.33468455,0.971,0.232,0.844,0.945,0
1mwa,4,0.7591717,0.87931323,0.5460083,0.7278026,0.95160496,0.85631675,0.931,0.497,1.055,0.906,0
7qpj,0,0.4163117,0.58728385,0.21890196,0.35038474,0.23386177,0.5152891,0.956,0.37,1.546,0.957,0
7n2n,0,0.48491123,0.49566802,0.27726874,0.4971241,0.5100282,0.261998,0.851,0.386,1.615,0.649,0
3ffc,2,0.37705073,0.38255498,0.48421812,0.36306292,0.47114736,0.28832486,0.946,0.399,1.76,0.947,0
6amu,4,0.22040203,0.2485388,0.39845422,0.17773849,0.21311854,0.19306962,0.973,0.201,1.899,0.983,0
6am5,0,0.17588751,0.18392287,0.118585765,0.17785852,0.08778322,0.16720285,0.971,0.135,1.296,0.943,0
3e3q,0,0.38636357,0.42180684,0.58385265,0.34339428,0.51504976,0.20957084,0.941,0.33,0.813,0.877,0
8ryo,1,1.8147999,3.5626857,1.1610173,0.81661904,4.219504,2.8136768,0.613,1.585,4.83,0.611,1
6rsy,4,0.3703299,0.44638166,0.43259215,0.3319445,0.30218092,0.39839736,0.965,0.307,0.746,0.942,0
9j4t,0,1.70655,2.3590086,1.9358387,1.3740146,2.4848886,1.9682368,0.631,1.535,7.729,0.857,2
5hho,4,0.27662027,0.29185152,0.31597525,0.26733387,0.3620877,0.25275186,0.974,0.236,1.033,0.961,0
7jwi,0,0.6348364,1.0066463,0.56630784,0.5210677,0.42837745,0.80389214,0.865,0.599,2.604,0.82,0
8en8,1,2.1903365,4.120814,1.1914934,0.9228256,3.8630674,6.160441,0.3,2.222,14.96,0.342,1
5xot,0,0.6621421,0.9737919,0.97075963,0.471589,1.2113994,0.90080273,0.909,0.498,2.445,0.903,0
3gsn,3,0.4823004,0.5498878,0.4540715,0.46047094,0.7337139,0.37633458,0.81,0.428,2.255,0.571,0
8yiv,0,1.6326419,2.2950697,3.454653,0.8559132,2.3101041,1.4555742,0.554,1.57,5.013,0.442,0
7nmg,3,0.28766248,0.34727407,0.40333283,0.24289721,0.28839207,0.20769748,0.966,0.223,0.829,0.931,0
7n2q,4,0.49918082,0.52351296,0.270277,0.5093596,0.9454601,0.48706272,0.967,0.301,0.768,0.949,0
2jcc,0,0.38137406,0.59431064,0.32410285,0.2973746,0.43264005,0.36766654,0.814,1.482,1.654,0.971,0
5men,1,0.4773941,0.6080832,0.34102157,0.43310362,0.44651088,0.39018098,0.876,0.88,1.128,0.901,0
3utt,2,0.92307913,1.2579088,0.6591623,0.82942337,1.0779269,0.9840767,0.746,1.033,3.9,0.733,0
7pb2,3,0.48623264,0.65227056,0.5934156,0.42651019,0.4425164,0.8044599,0.933,0.392,2.043,0.918,0
5xov,2,0.9195511,1.3413384,1.0095397,0.7427112,0.91986024,1.2586477,0.89,0.747,1.612,0.905,0
3vxs,4,0.28059503,0.3639802,0.2575086,0.24963856,0.25528872,0.23017304,0.972,0.282,1.243,0.971,0
8gvb,1,0.5310501,0.8210446,0.47978354,0.43855882,0.5946833,0.4372913,0.938,0.484,1.57,0.941,0
7nme,1,0.33370313,0.43559137,0.43154654,0.26249617,0.3487503,0.21945153,0.961,0.321,1.176,0.947,0
5nqk,4,0.77600276,1.0699744,0.7598844,0.65075517,1.0629287,0.9324099,0.888,0.617,2.129,0.869,0
6zky,3,0.65910065,0.79922444,1.0511785,0.5649794,0.99973404,0.6303758,0.961,0.356,1.804,0.98,0
5sws,1,0.72724247,1.0133829,0.76596135,0.6405757,0.7428801,0.79229087,0.782,0.833,6.272,0.933,0
2esv,4,0.40504956,0.47253627,0.47922206,0.37419918,0.32537934,0.6449457,0.938,0.339,2.382,0.935,0
7nme,0,0.30823776,0.3892317,0.42892113,0.24564779,0.29210016,0.20213118,0.952,0.364,1.249,0.933,0
5sws,0,7.7787905,16.978971,3.568094,3.6793091,15.297335,9.835237,0.03,16.179,37.497,0.033,0
6zky,2,0.72546524,0.7418044,1.3903122,0.62201816,0.85536253,0.7832291,0.921,0.418,2.909,0.94,0
8gvb,0,0.5569139,0.7607211,0.5203124,0.49913713,0.45512444,0.6137644,0.936,0.517,1.383,0.941,0
3mv8,4,0.50882524,0.6680112,0.7954222,0.36227387,0.58772147,0.6966137,0.97,0.33,1.499,0.985,0
5xov,3,0.9246158,1.3052074,0.9843616,0.7735124,0.8756928,1.2581093,0.898,0.76,1.304,0.921,0
7pb2,2,0.43635276,0.43019545,0.6086667,0.4186881,0.40385807,0.3720003,0.957,0.348,1.43,0.951,0
3utt,3,0.90115196,1.1955129,0.6413743,0.82358456,1.1392283,0.82629454,0.805,0.944,2.506,0.778,0
2jcc,1,0.37253952,0.5773632,0.31278607,0.29281408,0.39106593,0.2811623,0.756,1.996,1.938,0.957,0
5men,0,0.4294876,0.4750596,0.32249963,0.4222443,0.48621842,0.38176355,0.917,0.627,1.719,0.938,0
7nmg,2,0.26979083,0.31310862,0.39938048,0.23077603,0.24673826,0.19709615,0.973,0.202,0.766,0.944,0
7q9a,4,0.21176988,0.25841308,0.1506477,0.20090577,0.22616506,0.20940262,0.978,0.195,0.884,0.96,0
8yiv,1,1.5159606,1.9634254,3.4540873,0.83029735,1.7569277,1.2082813,0.607,1.319,4.061,0.442,0
3gsn,2,0.46998248,0.5444285,0.36517534,0.45211327,0.73269325,0.3453436,0.812,0.43,2.14,0.571,0
8ryp,4,1.1038934,2.0407794,1.027802,0.5825031,2.2417824,2.960871,0.684,1.068,5.274,0.667,2
5xot,1,0.6301723,0.90154,0.7830077,0.4904114,1.2008891,0.8395427,0.911,0.449,2.344,0.887,0
8en8,0,2.2888956,4.313469,1.0497612,0.9767595,3.8592966,6.558151,0.353,2.347,12.133,0.438,1
7n4k,4,0.59906214,0.9250343,0.39878115,0.42862484,0.7188093,1.457692,0.905,0.804,2.164,1.0,0
7jwi,1,0.5648253,0.79012465,0.53926057,0.50198984,0.7928289,0.6453724,0.885,0.582,3.058,0.902,1
9j4t,1,1.6428357,2.4392338,1.6836488,1.2483724,2.1677015,1.7410166,0.685,1.362,6.229,0.857,1
3dxa,4,0.355145,0.36464557,0.48535368,0.3320617,0.25478396,0.42163873,0.944,0.337,1.653,0.918,1
3e3q,1,0.3771076,0.3840087,0.57937676,0.3450707,0.5324606,0.23053582,0.949,0.313,0.631,0.895,0
8ryo,0,1.7265007,3.1958091,1.409924,0.9509493,4.0109553,3.2076318,0.384,2.368,12.136,0.537,0
6am5,1,0.19551584,0.21292308,0.12089849,0.19536762,0.08609617,0.20815167,0.956,0.186,2.132,0.943,0
3ffc,3,0.41068178,0.48116374,0.4664744,0.381622,0.58679265,0.37132734,0.935,0.476,1.965,0.947,0
7qpj,1,0.34552553,0.37755388,0.21965753,0.34303162,0.23632787,0.4402421,0.959,0.31,1.318,0.942,0
9rup,4,9.484549,19.580112,4.5768504,4.7810693,,15.485741,0.011,15.188,55.62,0.0,1
7n2n,1,0.47835562,0.48251042,0.2572,0.492768,0.36445305,0.23923747,0.867,0.313,1.738,0.684,0
6r2l,0,0.27922428,0.31365526,0.19147731,0.2745283,0.2494495,0.31700367,0.976,0.219,0.729,0.956,0
3tf7,0,1.0484381,1.9175692,0.75980014,0.6606862,1.542779,0.6735303,0.885,0.746,1.71,0.894,0
6mtm,0,0.3208045,0.3698415,0.24077968,0.3141986,0.37518662,0.31711498,0.96,0.374,1.447,0.966,0
1qsf,4,0.2497072,0.33179522,0.20329736,0.2214247,0.23192662,0.40632272,0.973,0.229,0.679,0.949,0
9c3e,0,1.4843109,1.8142039,1.0524949,1.3685964,1.8971692,1.43864,0.59,1.419,4.994,0.5,0
8rym,2,2.0159023,3.664257,1.8088528,1.1908762,4.695635,3.0360463,0.308,2.639,13.538,0.396,1
3vxu,3,0.98054194,1.2154492,0.96284866,0.8629846,1.2353404,1.1112092,0.831,0.665,2.399,0.732,0
3tjh,0,0.24145606,0.30552083,0.16694354,0.22006497,0.33166197,0.34546283,0.966,0.239,0.883,0.933,0
7r80,3,0.26051363,0.3354869,0.21148889,0.23801915,0.2789326,0.16159035,0.939,0.313,2.716,0.952,1
7pdw,3,0.3588535,0.5834928,0.18794943,0.24147505,0.2891068,0.30331016,0.833,0.343,1.203,0.569,0
3w0w,2,1.1627464,1.6829404,1.0014272,0.92793494,2.7655,1.2829611,0.802,0.855,3.689,0.811,0
5euo,3,0.37934548,0.5795891,0.34563372,0.29492885,0.7414969,0.4816367,0.942,0.387,2.189,0.951,0
3tpu,2,0.9317499,1.2843082,0.3898918,0.81990933,0.6495632,0.2949542,0.898,0.612,1.075,0.854,0
7l1d,2,0.40113077,0.53651667,0.42469916,0.35042801,0.57593185,0.5877819,0.914,0.461,3.497,0.973,0
8i5c,4,1.6183356,2.9102237,2.5713587,1.0318762,2.484761,3.402414,0.62,1.929,3.593,0.635,0
6avg,0,0.28091142,0.31349635,0.5526514,0.20623232,0.36524165,0.25180218,0.959,0.289,1.095,0.928,0
7l1d,0,0.4565113,0.66877687,0.4244999,0.37814003,0.5398672,0.6881682,0.932,0.399,1.058,0.878,0
2bnq,4,0.48203883,0.63535875,0.53763354,0.4004265,0.5139222,0.7657306,0.964,0.328,1.241,0.959,0
4n0c,4,0.46255368,0.50956225,0.49837542,0.44280457,0.6597972,0.4228425,0.918,0.373,1.085,0.827,0
6avg,2,0.29347837,0.3338791,0.57940066,0.20990078,0.36096722,0.31205642,0.958,0.304,1.391,0.938,0
2ckb,4,0.7489927,0.8698497,0.7163844,0.70207185,0.8979264,0.76725364,0.779,0.643,3.222,0.617,0
5euo,1,0.40971926,0.54983634,0.6713184,0.3115582,0.65440816,0.481267,0.963,0.375,1.208,0.967,0
3tpu,0,0.94090545,1.3346361,0.37262633,0.8070465,0.6840477,0.33895963,0.887,0.634,1.457,0.841,0
7r80,1,0.26328087,0.32212007,0.22299233,0.24666387,0.3116775,0.16353974,0.955,0.252,2.136,0.952,1
3tjh,2,0.23976696,0.28792742,0.1652293,0.2264016,0.34695506,0.31640786,0.967,0.237,0.806,0.933,0
3vxu,1,1.0196015,1.2435062,0.96845376,0.9141912,1.2608685,1.3325033,0.838,0.704,2.11,0.753,1
8rym,0,1.4654477,2.6912003,1.2440015,0.8527684,3.3054984,2.878094,0.586,1.699,6.499,0.688,0
9c3e,2,1.477353,1.8495747,1.0466174,1.3362639,1.9059416,1.3587273,0.558,1.395,7.127,0.552,0
3w0w,0,1.16211,1.678559,0.8879137,0.94392294,2.5762887,1.4175683,0.78,0.879,4.279,0.797,0
7pdw,1,0.29804203,0.43023208,0.18133083,0.2409484,0.3028422,0.30789346,0.835,0.264,1.622,0.569,0
6mtm,2,0.32079563,0.35384658,0.25423703,0.31794736,0.400917,0.28129116,0.966,0.337,1.153,0.966,0
6r2l,2,0.28699565,0.33684653,0.19313042,0.276728,0.269527,0.31777233,0.969,0.236,0.992,0.945,0
3tf7,2,1.0898792,1.9602236,0.73181474,0.7197516,1.7076013,0.7638811,0.863,0.813,2.062,0.872,0
7n2n,3,0.50303525,0.46442547,0.270274,0.52792555,0.4388656,0.26101923,0.858,0.343,1.772,0.667,0
7qpj,3,0.36954883,0.44204095,0.21246916,0.35184538,0.24091826,0.3817485,0.962,0.359,1.502,0.971,0
2vlj,4,0.42687792,0.613595,0.2861908,0.37227884,0.64381385,0.48750058,0.918,0.373,3.086,0.927,0
3ffc,1,0.3800964,0.4450172,0.46818697,0.34868532,0.45398283,0.33813605,0.928,0.414,2.703,0.947,0
8ryo,2,1.7237645,3.1823146,1.4837924,0.9452478,3.9466865,3.3789144,0.378,2.317,12.348,0.519,1
3e3q,3,0.37205532,0.3943208,0.58327043,0.33184624,0.5378355,0.23616585,0.943,0.317,0.623,0.877,0
6am5,3,0.1763581,0.18145956,0.11347814,0.17970206,0.12624495,0.1669976,0.957,0.142,1.582,0.914,0
2f53,4,0.6523835,0.94355094,0.600709,0.49730283,0.9725349,0.6445931,0.908,0.561,2.617,0.933,0
9j4t,3,1.7006679,2.5630975,1.7566154,1.263763,2.0407403,1.9833544,0.697,1.434,4.785,0.81,0
8en8,2,2.223818,4.1109004,1.3086088,1.0321512,3.8225267,6.240732,0.339,2.21,12.894,0.397,0
7jwi,3,0.6126684,0.90498406,0.518941,0.53316396,0.6568269,0.93099993,0.868,0.661,3.349,0.902,0
5xot,3,0.63919955,0.8996626,0.9817174,0.47203,1.1669872,0.88225675,0.917,0.471,1.893,0.887,0
7dzm,4,0.26194295,0.32427853,0.25155005,0.24597828,0.21633495,0.28844187,0.836,0.229,1.442,0.558,0
3gsn,0,0.4763642,0.53402454,0.38546556,0.4639785,0.7522244,0.34601805,0.822,0.414,1.636,0.571,0
8yiv,3,1.8857448,2.9759505,3.5017056,0.86276674,1.8296734,1.7714657,0.536,1.808,4.783,0.442,0
7nmg,0,0.2791688,0.32376894,0.4050439,0.24046557,0.25801077,0.20236139,0.965,0.224,0.991,0.931,0
5men,2,0.45653653,0.53970605,0.37399378,0.4304194,0.5799781,0.42378634,0.889,0.851,1.425,0.938,0
2jcc,3,0.3880862,0.56807363,0.3016473,0.3260394,0.38324368,0.33806074,0.742,2.242,1.707,0.957,0
8gom,4,0.762036,0.9613132,0.88902223,0.6531801,0.8950913,0.766806,0.886,0.521,2.207,0.827,0
7pb2,0,0.42608923,0.45554066,0.6057043,0.39835203,0.40563917,0.40175533,0.938,0.352,1.227,0.885,0
5xov,1,0.9150007,1.2667487,0.96822774,0.77817166,0.8115739,1.2904699,0.898,0.703,1.485,0.905,0
3utt,1,0.9344508,1.3153217,0.6632428,0.82143825,1.0465046,1.1046419,0.765,1.047,3.003,0.733,0
8gvb,2,0.55942404,0.80875623,0.6010457,0.47466588,0.5992653,0.4306045,0.922,0.554,2.057,0.941,0
4qok,4,0.43479604,0.6510696,0.54105353,0.31873947,0.63054115,0.62079793,0.927,0.4,2.119,0.905,0
5jzi,4,0.7408651,0.95317686,0.7960537,0.6304684,0.744128,1.390415,0.74,1.773,2.802,0.901,2
6zky,0,1.0635389,0.66181844,3.4710767,0.5210544,0.76916367,0.6348253,0.884,0.652,1.96,0.86,1
5sws,2,7.7959375,17.082912,3.5391228,3.6205688,15.030523,9.898045,0.03,16.208,37.89,0.033,0
7nme,2,0.3240997,0.41184822,0.42731994,0.26118422,0.34506115,0.26179516,0.97,0.306,0.845,0.96,0
5sws,3,7.658132,16.76139,3.4344664,3.5813708,15.471743,9.994106,0.03,15.93,37.467,0.033,0
6zky,1,0.8270433,0.70088303,2.043097,0.633952,1.005229,0.7816474,0.92,0.382,2.831,0.92,0
7nme,3,0.32488587,0.37062833,0.4444576,0.2848758,0.2783824,0.26234564,0.943,0.375,1.828,0.933,0
7n2s,4,7.2566795,16.194098,1.2277865,1.5314888,10.993452,16.852808,0.022,14.778,34.849,0.0,0
4eup,4,1.4739231,2.7075796,0.93353003,0.8147176,4.9209976,3.0503466,0.536,1.72,8.054,0.649,0
8gvb,3,0.55428666,0.7861768,0.6013883,0.47570422,0.57479835,0.43358105,0.932,0.551,1.79,0.956,0
3utt,0,0.9572325,1.3867881,0.65374196,0.82524294,1.1153129,1.1993794,0.728,1.125,4.097,0.733,0
5xov,0,0.8229433,1.2326752,0.9840611,0.6328872,0.94777256,1.1793363,0.889,0.714,2.324,0.921,0
7pb2,1,0.445196,0.49437487,0.5803548,0.41816276,0.49889615,0.4105203,0.952,0.383,1.175,0.934,0
3kpr,4,0.23429208,0.25621226,0.23893514,0.2270834,0.2148794,0.23936127,0.971,0.207,1.118,0.949,0
5hhm,4,0.2527101,0.28081024,0.22228804,0.24673629,0.38214862,0.20930879,0.946,0.201,3.192,0.98,0
5men,3,0.46372038,0.50267017,0.39959732,0.4553145,0.4396319,0.433555,0.939,0.484,1.727,0.951,0
2jcc,2,0.38941288,0.5658784,0.31444755,0.32804087,0.43853682,0.3019626,0.895,0.919,1.033,0.971,0
7nmg,1,0.27813572,0.32366288,0.40591326,0.23855099,0.27700257,0.19891769,0.966,0.213,0.965,0.931,0
8yiv,2,1.8976878,2.8849142,3.576093,0.9685707,2.0523193,1.8113685,0.514,1.761,6.019,0.455,0
3gsn,1,0.4756628,0.5372401,0.3712395,0.46285638,0.7265718,0.38950196,0.818,0.403,1.579,0.556,0
5xot,2,0.6638842,0.9581271,0.97993827,0.4834484,1.2404951,0.93975824,0.905,0.518,2.519,0.903,0
7jwi,2,0.6189879,0.91124344,0.66928655,0.52405137,0.57242906,0.9595627,0.829,0.659,4.531,0.869,1
8en8,3,2.1739776,4.075208,1.1147834,0.9474161,3.7442715,6.2549744,0.345,2.174,12.919,0.411,1
9j4t,2,1.5887454,2.1172533,1.8358126,1.3183306,2.030555,1.7553117,0.717,1.344,5.979,0.929,2
6am5,2,0.19162314,0.21908453,0.12400376,0.18716492,0.09557612,0.20327316,0.966,0.175,1.886,0.957,0
7n1e,4,0.32080394,0.38753748,0.4694247,0.27122965,0.30536562,0.30311486,0.971,0.262,1.353,0.966,0
8ryo,3,1.7828324,3.3494678,1.4673312,0.9281,3.976608,3.1866567,0.376,2.443,10.188,0.444,1
3e3q,2,0.35632882,0.35740554,0.5709929,0.32378146,0.4993183,0.23155561,0.952,0.288,0.47,0.895,0
3ffc,0,0.38729265,0.44771317,0.47978973,0.35701832,0.437216,0.36605412,0.956,0.378,1.181,0.947,0
6eqa,4,0.5700141,0.8825942,0.76178867,0.3865169,0.4690991,0.9472661,0.952,0.371,1.362,0.938,0
7n2n,2,0.6493195,0.57096356,0.27732992,0.6903792,0.47498766,0.46209916,0.859,0.381,1.863,0.684,0
7qpj,2,0.3869705,0.43395147,0.23506594,0.38030064,0.20792292,0.3984748,0.948,0.317,1.757,0.928,0
7ndt,4,1.0979329,1.0881613,2.818375,0.7671292,0.9751935,1.1802685,0.839,0.828,2.292,0.82,0
3tf7,3,1.0627924,2.0312598,0.7608573,0.5941417,1.4390705,0.5990451,0.873,0.768,1.853,0.872,0
6r2l,3,0.2626588,0.28463557,0.20648025,0.2601232,0.24411704,0.26243111,0.975,0.204,0.924,0.956,0
6mtm,3,0.32880777,0.37739918,0.26765424,0.32075083,0.39012516,0.32277748,0.928,0.384,3.119,0.966,0
3w0w,1,1.1856612,1.6746694,1.01589,0.97335356,2.6141026,1.4755958,0.762,0.872,4.298,0.743,1
7pdw,0,0.26293862,0.37530038,0.17885102,0.21397376,0.2900981,0.26800722,0.839,0.227,1.037,0.554,0
3tjh,3,0.26412967,0.3537303,0.18120588,0.22998123,0.40033293,0.34044603,0.958,0.299,1.238,0.933,0
7r80,0,0.25304723,0.3172386,0.21051906,0.23434892,0.22172192,0.17739758,0.956,0.253,2.092,0.952,1
9c3e,3,1.4001979,1.6441352,1.0214405,1.3258557,1.6565323,1.2777846,0.595,1.203,6.333,0.534,1
8rym,1,1.9601799,3.6055083,1.6778442,1.1329875,4.4596505,3.278705,0.28,2.671,13.382,0.312,1
3vxu,0,0.99198186,1.1395426,0.97865254,0.9233599,1.0653393,1.2111056,0.836,0.662,2.683,0.763,0
3tpu,1,0.94104815,1.2798722,0.37695676,0.83879584,0.74237216,0.29949322,0.888,0.646,1.22,0.841,0
5euo,0,0.3780601,0.5759153,0.2503234,0.3046027,0.7067152,0.5297935,0.925,0.396,2.989,0.951,0
6avg,3,0.33973685,0.4281592,0.6116634,0.22616537,0.357366,0.50675964,0.945,0.377,2.411,0.969,0
8ye4,4,2.404378,4.0363135,3.3142264,1.2926127,3.8753219,3.2461004,0.306,3.084,10.309,0.321,1
6d78,4,0.7650602,0.78878444,2.244007,0.37365124,0.2519285,0.3972467,0.9,0.663,1.438,0.892,0
7l1d,1,0.41603082,0.58551717,0.38727194,0.35621914,0.6403214,0.5591218,0.934,0.466,1.437,0.919,0
6p64,3,0.3777939,0.49852166,0.32998434,0.32792336,0.29446897,0.6091973,0.946,0.334,2.066,0.94,0
7rtr,3,0.64487755,1.149871,0.51436096,0.3241837,0.5318574,0.26347342,0.942,0.426,2.008,0.952,0
3qdg,3,0.5037106,0.6672454,0.3996213,0.43949586,0.62307185,0.32969752,0.933,0.375,1.146,0.875,0
3kps,3,0.28372532,0.30990812,0.24438412,0.28012833,0.2967002,0.29474,0.977,0.215,0.914,0.962,0
6vm7,2,0.31817028,0.4744687,0.25948012,0.23979808,0.3025802,0.1998801,0.91,0.364,3.549,0.934,0
9ru5,0,2.6098568,4.8333178,1.9406867,1.7143514,5.541832,4.1399145,0.388,3.074,6.5,0.342,1
7n2r,3,0.5160896,0.4535555,0.3439946,0.542663,0.62475395,0.2595337,0.948,0.291,1.502,0.911,0
3vxr,1,0.7283435,1.0142832,1.135315,0.50888515,0.5230478,0.8228771,0.948,0.404,1.449,0.94,0
7q9b,2,0.6556037,0.7001354,0.72570026,0.632145,0.50053316,0.6321858,0.897,0.727,0.748,0.887,0
7dzn,0,0.566551,0.46514,0.6700826,0.57632387,0.39701635,0.4183881,0.838,0.268,1.396,0.571,0
9d95,2,2.5961099,4.215239,2.4715118,1.6997097,3.852934,4.805365,0.353,3.311,9.427,0.439,0
3mv9,0,0.6351177,0.9194567,0.47480708,0.49798194,0.8364204,1.0443246,0.923,0.537,2.414,0.957,0
1qrn,1,0.31904083,0.4368678,0.46018648,0.23447268,0.20135033,0.7655081,0.97,0.211,0.907,0.94,0
8ryq,0,1.2948788,2.4190667,1.0673363,0.6312158,2.118757,4.016104,0.729,1.234,3.795,0.758,3
6tmo,1,0.38711023,0.5607794,0.4894217,0.28562263,0.4435415,0.61374027,0.938,0.44,2.319,0.963,0
8gon,0,0.3764466,0.48379782,0.35260144,0.3318733,0.32749122,0.53515697,0.935,0.33,2.905,0.957,0
8d5q,2,0.32081652,0.4228294,0.20715232,0.28967714,0.2657861,0.4911237,0.973,0.227,0.474,0.943,0
2uwe,1,0.35667235,0.48580796,0.22761971,0.3214081,0.4818564,0.51354325,0.925,0.551,1.432,0.921,0
6zkz,4,1.1756083,0.5915665,3.8336713,0.6423161,0.37192246,0.6989952,0.854,0.752,1.259,0.786,0
7n2p,1,0.22972606,0.31703094,0.16258918,0.20330478,0.3590345,0.27976394,0.816,0.249,8.106,0.952,0
9j4s,3,1.2806498,,2.7136467,0.93729734,,,0.003,40.427,89.178,0.0,0
2f54,4,0.5675864,0.76123244,0.50182104,0.4784909,0.9261109,0.7779194,0.928,0.412,2.889,0.959,1
4g8g,1,0.36449683,0.5769899,0.29716963,0.25039855,0.45863864,0.45571023,0.92,0.342,2.299,0.877,0
2p5w,2,0.4416212,0.4480154,0.22589774,0.45707396,0.36751217,0.35664764,0.932,0.402,2.073,0.92,0
7su9,1,0.4100176,,0.5237356,0.39914787,,,0.005,33.274,72.095,0.0,0
2vlk,2,0.32163942,0.43551007,0.22526507,0.29168776,0.62707573,0.36104017,0.972,0.242,1.242,0.962,0
8cx4,0,0.54052305,0.7350363,0.28900203,0.48873806,0.49857783,0.696582,0.924,0.418,3.404,0.983,0
2bnr,0,0.63346475,0.80072236,0.7416258,0.54069364,0.8591711,0.798912,0.911,0.492,1.91,0.878,0
1qse,2,0.26686105,0.30177766,0.22717239,0.25641307,0.21502902,0.3765762,0.975,0.235,0.658,0.955,1
5c07,2,0.19361219,0.16109955,0.15643953,0.20673195,0.16130276,0.14255987,0.969,0.155,1.356,0.943,0
7phr,3,0.85747284,0.97614723,0.827985,0.8178534,0.68245715,0.79722434,0.846,0.516,2.217,0.707,0
2vlr,0,0.49521464,0.48294404,0.33964416,0.5122968,0.6163971,0.45006198,0.952,0.423,1.949,0.981,0
8gvg,0,0.7761345,0.92793655,0.8027416,0.7302293,0.9101618,0.4919731,0.923,0.605,1.573,0.941,0
1g6r,1,0.24407406,0.29430228,0.20848475,0.2263965,0.2734773,0.23898742,0.963,0.241,1.61,0.947,0
8ryn,4,1.8958493,3.4897754,1.5442799,1.1189016,4.5371923,3.351197,0.355,2.649,10.374,0.42,1
3uts,1,0.4800101,0.7761894,0.3268817,0.36170492,0.56255424,0.53069824,0.9,0.496,3.6,0.95,0
6eqb,1,0.55349183,0.77038026,0.65924793,0.42871416,0.27748945,0.49117664,0.948,0.477,1.69,0.973,0
6avf,4,0.35363045,0.44316715,0.47918513,0.3000565,0.34517184,0.5290065,0.8,0.411,2.571,0.553,0
3pwp,3,0.35356253,0.5862264,0.1813052,0.22965872,0.24923427,0.32144862,0.959,0.279,2.039,0.966,1
7ndu,3,1.287673,1.6552283,2.2944934,1.0022748,1.331744,1.344999,0.77,1.071,2.167,0.708,0
6vqo,1,0.6189641,0.88739336,0.4576815,0.51517504,0.6238678,1.0944879,0.914,0.54,3.192,0.979,0
7n5c,1,0.3631035,0.294255,0.43367487,0.3790878,0.24680305,0.2528815,0.954,0.378,1.409,0.947,1
9iky,2,2.2984822,4.632392,2.8972385,1.3080006,4.9803724,4.309211,0.32,3.021,10.704,0.375,1
7n1f,1,0.54599124,0.6469171,0.65878594,0.48858836,0.36172318,0.3896276,0.959,0.321,1.542,0.952,0
7n5c,0,0.3860136,0.2953709,0.42934403,0.41231522,0.26697326,0.27029544,0.957,0.299,1.69,0.947,1
7n1f,0,0.52994394,0.7060227,0.35185727,0.47059172,0.38668787,0.43556622,0.943,0.328,1.87,0.919,0
9iky,3,2.352624,4.7839546,2.8315823,1.3307326,4.9197392,4.857284,0.289,3.08,10.519,0.281,2
7ndu,2,1.2563462,1.5726186,2.2891212,0.98212236,1.1800424,1.3005008,0.798,1.005,1.591,0.738,0
6vqo,0,0.60675645,0.86027646,0.4897205,0.506359,0.5599411,1.0157218,0.933,0.472,2.655,0.979,0
3pwp,2,0.38743925,0.66088486,0.17501095,0.2349934,0.24619493,0.4095017,0.971,0.296,1.089,0.966,0
3uts,0,0.47635463,0.7688537,0.32566136,0.3597526,0.748161,0.45536816,0.879,0.489,4.154,0.925,0
6eqb,0,0.5488082,0.7472769,0.65862143,0.4354859,0.26466906,0.36720824,0.926,0.609,2.0,0.973,0
3vxm,4,0.76380366,0.9410268,0.59542346,0.7145845,0.45044914,1.1686492,0.897,0.684,2.211,0.925,1
1g6r,0,0.24499993,0.2791302,0.22288221,0.23343152,0.3079186,0.22762655,0.958,0.236,2.27,0.965,0
8gvg,1,0.7489596,0.9224048,0.796344,0.69333774,0.7207916,0.447427,0.931,0.618,1.179,0.956,0
2vlr,1,0.54137075,0.56451786,0.34903398,0.5515012,0.64439034,0.46736267,0.945,0.455,2.184,0.981,0
5tez,4,0.62533534,0.9933431,0.5686463,0.4598459,0.80416536,0.5686235,0.771,0.762,2.81,0.617,0
5c07,3,0.21532173,0.19415985,0.15479495,0.22764786,0.17050284,0.18881892,0.965,0.212,1.492,0.943,0
9j4u,4,1.6535554,2.834966,2.212539,0.7773494,2.1990972,3.9762952,0.743,1.458,2.643,0.804,0
1qse,3,0.25839,0.29709446,0.20711681,0.24728708,0.18509705,0.38858527,0.974,0.227,0.841,0.955,0
7phr,2,0.8696732,0.99535257,0.8250349,0.8288628,0.7338863,0.80897886,0.761,1.046,2.587,0.695,0
8cx4,1,0.5407232,0.72971886,0.29257116,0.49120253,0.4659232,0.73286813,0.934,0.347,3.291,0.983,0
2bnr,1,0.5743881,0.69857424,0.5356773,0.52323824,0.7975706,0.73530626,0.939,0.368,1.815,0.919,0
7n2o,4,0.6955468,1.1463618,0.367261,0.5267907,1.5738447,0.9417752,0.766,0.653,3.379,0.593,0
7su9,0,0.4109316,,0.5388884,0.3984944,,,0.005,33.3,72.687,0.0,0
2vlk,3,0.34645244,0.52321845,0.29141295,0.28472432,0.63211846,0.3910832,0.963,0.277,1.749,0.962,0
2p5w,3,0.48861545,0.5810512,0.23107766,0.4693357,0.40459138,0.6310218,0.923,0.494,2.248,0.933,0
4g8g,0,0.31941596,0.4586788,0.30488503,0.24963151,0.36306608,0.32719857,0.936,0.223,1.877,0.877,0
9j4s,2,1.1194048,,2.32459,0.83715844,,,0.003,40.268,88.724,0.0,1
7n2p,0,0.2291945,0.32205266,0.1674087,0.19980182,0.30260983,0.35073844,0.82,0.235,8.239,0.968,0
3rgv,4,0.33966902,0.41664532,0.3331515,0.31947914,0.30104956,0.39210624,0.944,0.28,1.927,0.915,0
8d5q,3,0.3106988,0.40747952,0.17969145,0.28313705,0.25244713,0.48100063,0.974,0.204,0.393,0.943,0
2uwe,0,0.3271161,0.4624577,0.20128876,0.28754026,0.50296587,0.48378968,0.935,0.521,1.255,0.934,0
8gon,1,0.37964556,0.46654046,0.34740952,0.34649938,0.30636486,0.50818163,0.959,0.287,2.401,0.986,0
8ryq,1,1.2835709,2.388252,1.0791154,0.63341826,2.0902147,4.012018,0.755,1.154,3.802,0.803,2
1qrn,0,0.24681804,0.37636277,0.1270744,0.18496414,0.19388327,0.4570056,0.973,0.198,0.639,0.94,0
6tmo,0,0.35241336,0.49951,0.21750553,0.29443678,0.6410222,0.6734682,0.958,0.43,1.364,0.976,0
9d95,3,2.5770688,4.2740855,2.3020334,1.6307518,3.9220877,4.852648,0.379,3.406,9.396,0.524,0
7dzn,1,0.53674424,0.45550293,0.6333626,0.54335237,0.36876372,0.4507456,0.833,0.263,1.793,0.571,0
3mv9,1,0.6771695,1.0114384,0.4686619,0.5115222,0.83477414,1.0364099,0.906,0.557,2.667,0.929,0
3vxr,0,0.70446885,0.9347193,1.185826,0.49845365,0.7042654,0.84420866,0.944,0.438,1.06,0.925,0
7q9b,3,0.6916917,0.702347,0.723907,0.6847332,0.61385936,0.5460125,0.884,0.774,1.004,0.875,0
9ru5,1,2.823094,5.334564,2.131775,1.7712845,8.254785,4.849508,0.332,3.495,7.3,0.266,0
7n2r,2,0.519966,0.5698521,0.34132406,0.5206935,0.9102021,0.32654342,0.932,0.358,2.159,0.911,0
6vm7,3,0.30858046,0.47205925,0.24093454,0.22453712,0.3585738,0.19084802,0.905,0.35,4.031,0.951,0
3kps,2,0.3003578,0.34365606,0.25558084,0.2920095,0.32608765,0.33037382,0.972,0.241,1.233,0.962,0
3qdg,2,0.48734942,0.5698156,0.39411876,0.4624136,0.63695955,0.34891734,0.937,0.368,1.604,0.903,0
7rtr,2,0.6930441,1.1790301,0.79457736,0.36353862,0.5635394,0.41825628,0.926,0.461,2.356,0.937,0
6p64,2,0.3566637,0.5050971,0.33537376,0.28539062,0.30946666,0.55645674,0.934,0.348,2.634,0.94,0
6p64,0,0.3318081,0.47883037,0.31237963,0.2594432,0.28676936,0.43217176,0.954,0.304,1.724,0.94,0
7rtr,0,0.74779874,1.2708333,0.7824098,0.4120594,0.6459566,0.5499544,0.917,0.526,1.854,0.905,0
3qdg,0,0.49944144,0.66623443,0.3985253,0.43297386,0.60665435,0.32072178,0.943,0.338,0.972,0.889,0
3kps,0,0.29198274,0.31780756,0.2591444,0.28790194,0.27122495,0.30247545,0.972,0.213,0.945,0.949,0
7jwj,4,0.3125242,0.42457858,0.34818742,0.27136543,0.40572217,0.6440116,0.95,0.274,2.02,0.936,0
7n2r,0,0.49320692,0.53680366,0.326103,0.4947416,0.92857754,0.22236122,0.949,0.253,1.659,0.911,0
9ru5,3,2.7517805,5.1527696,2.047757,1.7660372,7.998754,4.338188,0.384,3.232,6.311,0.329,1
6vm7,1,0.32992896,0.49916288,0.24782166,0.24555032,0.4020019,0.19053386,0.9,0.379,4.143,0.951,0
9hlj,4,2.3845236,4.5447226,1.4064608,1.1878526,2.1341312,7.264868,0.335,3.119,11.239,0.455,2
3mv9,3,0.66087323,0.97809094,0.48634234,0.5028006,0.8240338,0.9728758,0.924,0.556,2.237,0.957,0
7dzn,3,0.5657947,0.48321268,0.58941025,0.5808556,0.3440682,0.38081118,0.839,0.23,1.52,0.571,0
9d95,1,2.809374,4.5601215,2.4549851,1.8753692,4.05918,5.234305,0.366,3.69,9.083,0.488,0
7q9b,1,0.653826,0.6950762,0.7283178,0.6311063,0.46626058,0.6010141,0.897,0.702,1.108,0.887,0
3vxr,2,0.6880013,0.93147004,0.95420223,0.5281873,0.756546,0.8071468,0.93,0.524,1.444,0.925,0
6tmo,2,0.38873765,0.6049482,0.22412834,0.28937474,0.6533133,0.8389566,0.943,0.44,2.058,0.963,0
1qrn,2,0.2600316,0.40689546,0.13999718,0.18581474,0.19810908,0.7878167,0.968,0.202,1.148,0.94,0
8ryq,3,1.2692257,2.3060474,1.1440011,0.6752451,2.1169107,3.8057392,0.764,1.114,2.971,0.758,2
2uwe,2,0.35366723,0.46621633,0.21717092,0.32610312,0.44904667,0.5437544,0.935,0.507,1.372,0.934,0
8d5q,1,0.2971209,0.38777643,0.18844692,0.27043632,0.20964806,0.4769539,0.981,0.194,0.525,0.962,0
8gon,3,0.37958038,0.5071702,0.35502094,0.32409537,0.30228284,0.5302158,0.937,0.334,3.031,0.971,0
7ndq,4,0.35644507,0.536636,0.4650774,0.29475784,0.30776706,0.5260154,0.962,0.335,1.104,0.95,0
7n2p,2,0.24013057,0.33297378,0.1805678,0.21099241,0.3242873,0.29382467,0.807,0.267,7.968,0.921,0
9j4s,0,1.1618003,,2.418346,0.8667476,,,0.003,40.475,89.55,0.0,0
4g8g,2,0.3519944,0.53359777,0.33630446,0.25428167,0.41814026,0.36706758,0.955,0.284,1.014,0.912,0
2p5w,1,0.48014036,0.5874052,0.24019204,0.45216897,0.5968359,0.4602679,0.892,0.517,3.4,0.92,0
5isz,4,0.5912347,0.94153315,0.67622083,0.4148358,1.2019099,1.0080204,0.909,0.597,2.905,0.967,0
2e7l,4,0.39018363,0.4763844,0.52580684,0.33156663,0.4015179,0.626692,0.97,0.296,0.603,0.952,0
2bnr,3,0.6109903,0.7286659,0.5435109,0.56675434,0.8439415,0.70934385,0.94,0.456,1.045,0.919,0
8cx4,3,0.5434697,0.80402446,0.3211837,0.4580526,0.6348529,0.7884006,0.953,0.451,1.306,0.966,0
2vlk,1,0.33053946,0.4624112,0.23342374,0.29327622,0.6223978,0.37288204,0.951,0.279,2.454,0.962,0
7su9,2,0.406268,,0.5237975,0.3949675,,,0.005,33.289,72.047,0.0,0
2vlr,3,0.45608705,0.38308826,0.32884672,0.48564127,0.27438894,0.4261565,0.959,0.399,1.687,0.981,0
7phr,0,0.84792906,1.0243236,0.7936115,0.7871468,0.6633376,0.8595004,0.797,0.527,4.16,0.695,1
1ao7,4,0.6675373,1.1710448,0.30320337,0.34332803,0.4381109,0.705722,0.672,0.638,14.546,0.914,0
1qse,1,0.26025006,0.2884647,0.23909368,0.25083718,0.18164402,0.37848422,0.97,0.226,0.706,0.939,0
5c07,1,0.24101257,0.2308864,0.15736263,0.25221422,0.17889376,0.23623455,0.966,0.204,1.383,0.943,0
1g6r,2,0.24058469,0.27299824,0.20460735,0.23112367,0.25861666,0.21603283,0.952,0.23,2.312,0.947,0
8gvg,3,0.7566558,0.951952,0.779089,0.6966992,0.76923317,0.50579834,0.915,0.613,1.723,0.926,0
6eqb,2,0.57628804,0.78972125,0.64019126,0.4613552,0.25185102,0.52671754,0.938,0.493,2.411,0.987,0
3uts,2,0.52387655,0.8792584,0.34153906,0.37436497,0.7019073,0.84245086,0.88,0.592,3.585,0.925,0
3pwp,0,0.38277712,0.65805215,0.17347327,0.22657947,0.24853398,0.3273287,0.967,0.294,1.456,0.966,1
6vqo,2,0.5959724,0.8039163,0.6430613,0.5000982,0.45621547,1.0297345,0.934,0.425,2.543,0.957,0
7ndu,0,1.2802109,1.605082,2.2985752,1.0082372,1.1867244,1.3277094,0.788,1.068,1.3,0.723,0
9iky,1,2.4257734,4.949576,2.9714699,1.3506223,4.800451,5.36776,0.284,2.952,11.18,0.281,0
7n1f,2,0.5516848,0.62267053,0.7826655,0.487576,0.32716683,0.43962014,0.942,0.363,1.672,0.919,0
7n5c,2,0.38831392,0.3257461,0.42841604,0.40637547,0.3021862,0.302327,0.967,0.314,1.302,0.965,1
7n1f,3,0.5570856,0.72886074,0.6756155,0.46225324,0.44743866,0.43041623,0.933,0.325,2.144,0.903,0
9iky,0,2.1632614,4.37397,2.7553568,1.2156253,4.3930855,4.5602784,0.355,2.698,9.025,0.359,1
7n5c,3,0.4000225,0.34967196,0.42911285,0.4154003,0.2586794,0.29263484,0.95,0.342,2.223,0.965,1
6vqo,3,0.63205534,0.8797814,0.5585257,0.53135157,0.6215914,1.0745499,0.904,0.555,3.234,0.957,0
7ndu,1,1.291641,1.6772043,2.2826664,1.0031723,1.4366813,1.3174877,0.784,1.097,1.675,0.738,0
3pwp,1,0.37931624,0.63574845,0.17744403,0.24117364,0.25771853,0.31476757,0.974,0.281,0.796,0.966,0
6eqb,3,0.5689151,0.80878747,0.5186391,0.45009738,0.2709509,0.5246215,0.943,0.477,1.997,0.973,0
3uts,3,0.5009819,0.81466585,0.3433972,0.37429747,0.62909305,0.8331468,0.905,0.543,2.751,0.925,0
8gvg,2,0.7358958,0.91568786,0.802678,0.6756259,0.84506756,0.5084575,0.905,0.601,2.634,0.941,0
1g6r,3,0.23467976,0.25469953,0.20870383,0.22950646,0.24146555,0.20268254,0.972,0.219,0.846,0.947,0
7phr,1,0.89999336,1.0815325,0.87349945,0.8347427,0.869125,0.99207187,0.834,0.673,1.929,0.72,0
5c07,0,0.22279167,0.27247575,0.16096261,0.21119206,0.15156476,0.49384597,0.976,0.219,1.032,0.962,0
1qse,0,0.24753807,0.2808821,0.21298802,0.2371725,0.20055187,0.38022566,0.969,0.21,0.929,0.939,0
2vlr,2,0.5246757,0.51487917,0.361212,0.54182684,0.62366366,0.4833804,0.949,0.463,1.87,0.981,0
2vlk,0,0.35172257,0.48848793,0.3005649,0.30876607,0.616052,0.4287525,0.967,0.296,1.769,0.981,0
7su9,3,0.38798052,,0.5144707,0.3755977,,,0.005,33.381,71.458,0.0,0
2j8u,4,0.7510565,1.4527928,0.26216027,0.41083798,2.2005353,0.42124605,0.852,0.816,1.842,0.828,0
2bnr,2,0.61099917,0.75727344,0.5388293,0.55263895,0.86694336,0.7773406,0.936,0.366,2.044,0.919,0
8cx4,2,0.5190065,0.7552395,0.3021656,0.44421464,0.4958185,0.7564164,0.891,0.355,4.311,0.932,0
2p5w,0,0.4758391,0.59407747,0.25977,0.44048253,0.5506952,0.47188303,0.89,0.504,3.74,0.933,0
4g8g,3,0.32310674,0.49824628,0.27617517,0.23131612,0.4290337,0.3636322,0.952,0.209,1.677,0.912,0
7q99,4,0.32017767,0.4726605,0.23629929,0.2590436,0.27452078,0.37240517,0.984,0.248,1.297,1.0,0
7nmf,4,0.63344747,0.6113648,0.769447,0.6251827,0.5771004,0.37253594,0.948,0.336,1.685,0.93,0
3tfk,4,0.47462296,0.41468406,0.27002484,0.50651675,0.4625323,0.28199187,0.962,0.346,0.948,0.948,0
9j4s,1,1.2913755,,2.7839544,0.92647564,,,0.003,40.493,89.781,0.0,0
7n2p,3,0.22062777,0.26808494,0.17217983,0.20900984,0.2549697,0.24393594,0.817,0.232,7.9,0.937,0
8gon,2,0.39904132,0.5312464,0.35022745,0.3445027,0.3020742,0.51869017,0.95,0.323,2.692,0.986,0
2uwe,3,0.36448085,0.51608974,0.20798291,0.32121405,0.49447757,0.5607027,0.943,0.534,1.134,0.961,0
8d5q,0,0.304332,0.40226135,0.19002838,0.27473354,0.25064656,0.4800165,0.978,0.215,0.722,0.962,0
6tmo,3,0.34662095,0.47969323,0.24466215,0.29414898,0.6294256,0.5981028,0.953,0.417,1.579,0.963,0
3qeq,4,0.5647221,0.797328,0.9103105,0.42896447,0.25249073,0.48543602,0.919,0.564,1.43,0.908,0
8ryq,2,1.2616625,2.3531485,1.0907295,0.6096686,2.0964227,3.9607766,0.747,1.156,3.684,0.773,1
1qrn,3,0.26401243,0.41891444,0.14128472,0.18366896,0.17870675,0.82254684,0.979,0.179,0.526,0.955,0
7q9b,0,0.64739305,0.6787249,0.72585213,0.6279165,0.42668936,0.62183326,0.892,0.726,0.835,0.875,0
3vxr,3,0.770084,1.0468404,1.1459389,0.5698353,0.72283894,0.80877143,0.938,0.464,1.305,0.925,0
3mv9,2,0.6210039,0.8701688,0.4511984,0.50917476,0.82624984,1.0179865,0.938,0.509,2.035,0.971,0
3d3v,4,0.53198797,0.63982034,1.079554,0.40614235,0.586904,0.49600738,0.939,0.498,0.712,0.925,0
9d95,0,2.7932746,4.574522,2.4196486,1.8323067,3.95746,5.2764997,0.332,3.719,10.313,0.451,0
7dzn,2,0.54280955,0.48364368,0.65783,0.54279536,0.3758709,0.23858726,0.84,0.248,1.359,0.571,0
6vm7,0,0.31092507,0.45805743,0.22126949,0.24193251,0.2973563,0.19345938,0.905,0.343,4.07,0.951,0
6zkx,4,0.39329803,0.3736544,0.68486536,0.35324937,0.31499505,0.38303417,0.969,0.254,1.577,0.969,1
5wkf,4,0.35908508,0.60013354,0.36927962,0.252064,0.7573956,0.42105776,0.952,0.366,2.057,0.969,0
7n2r,1,0.48761848,0.5253717,0.33624494,0.48969236,0.8129319,0.34174913,0.927,0.291,2.705,0.911,0
9ru5,2,2.726773,5.088705,2.0616808,1.7584876,6.6890154,4.542762,0.344,3.305,7.203,0.278,0
3kps,1,0.27476206,0.2933843,0.25732225,0.27129394,0.2636111,0.2783368,0.966,0.224,1.791,0.962,0
3qdg,1,0.5182854,0.7023852,0.39567056,0.44464657,0.599605,0.31997728,0.939,0.336,0.886,0.875,0
8i5d,4,1.6169119,3.1069274,2.5797837,0.8595538,4.192658,3.1057165,0.619,1.382,6.18,0.661,1
7rtr,1,0.7261976,1.222702,0.8008262,0.40330973,0.56867325,0.49869683,0.89,0.489,3.851,0.937,0
6p64,1,0.3556484,0.49822214,0.32608634,0.2892836,0.36361566,0.4839069,0.966,0.346,1.518,0.98,0
8i5d,0,1.5842777,3.0047255,2.610913,0.8528334,4.0719113,3.0224705,0.606,1.389,7.434,0.712,0
7jwj,1,0.30737597,0.40357128,0.3416075,0.27259618,0.39476767,0.6147491,0.958,0.248,1.663,0.936,0
9d95,4,2.661887,4.3511863,2.3047533,1.7535131,3.8517652,4.9938045,0.384,3.435,8.049,0.463,0
3d3v,0,0.5218902,0.65170383,1.0514221,0.38930714,0.5096026,0.4429498,0.931,0.495,1.569,0.925,0
7q9b,4,0.6890757,0.74338245,0.72360504,0.6658705,0.4418556,0.558032,0.882,0.688,1.792,0.863,0
5wkf,0,0.3599186,0.6106037,0.3726626,0.24610795,0.7493482,0.48174986,0.962,0.339,1.15,0.953,1
6zkx,0,0.40132558,0.42821082,0.62080425,0.3639259,0.32648066,0.6576974,0.951,0.264,2.624,0.969,1
9hlj,1,1.9570943,3.7026799,1.315193,0.98614043,1.7359079,6.161818,0.383,2.495,8.842,0.403,1
6vm7,4,0.30660662,0.45276725,0.2292303,0.23668064,0.35174948,0.20846197,0.915,0.326,3.72,0.951,0
8d5q,4,0.325106,0.41285032,0.19582598,0.3021535,0.2808356,0.46816182,0.975,0.241,0.924,0.962,0
3qeq,0,0.5863985,0.7821381,1.0367404,0.45080343,0.50680786,0.6021064,0.918,0.564,1.818,0.923,0
7q99,0,0.3427296,0.45648786,0.22556265,0.30680695,0.31407616,0.36077902,0.977,0.247,1.787,1.0,0
7ndq,1,0.37081382,0.5052971,0.45385525,0.32828185,0.3190079,0.48419255,0.972,0.31,0.796,0.967,0
2f54,2,0.57341945,0.7841575,0.5463251,0.46886915,0.94573057,0.7806183,0.942,0.47,2.103,0.973,0
3tfk,0,0.49475616,0.3717866,0.27604952,0.541467,0.401586,0.2554036,0.958,0.328,0.95,0.931,1
3rgv,3,0.32683325,0.39797106,0.3477072,0.3041705,0.27081692,0.3643369,0.958,0.271,1.511,0.936,0
6zkz,2,1.1487107,0.5410128,3.73341,0.6432042,0.342494,0.7178509,0.845,0.702,1.624,0.75,0
7nmf,0,0.6654651,0.6117145,0.76995564,0.6738765,0.5820498,0.3499606,0.929,0.396,2.469,0.93,0
7n2o,3,0.6186369,0.8683567,0.37847874,0.5465114,1.0188731,0.7993036,0.811,0.468,2.378,0.593,0
2j8u,0,0.7357924,1.4121547,0.2701181,0.41279396,2.1542,0.45227495,0.867,0.748,1.411,0.828,0
2vlk,4,0.32506058,0.4540668,0.23022221,0.28865582,0.58454216,0.36715865,0.96,0.281,2.258,0.981,0
2e7l,1,0.4609912,0.46156156,0.6635777,0.4323901,0.35077578,0.6626783,0.97,0.288,0.631,0.952,0
2p5w,4,0.5016095,0.6078322,0.26061454,0.47479025,0.4386651,0.58970207,0.933,0.455,2.21,0.947,0
5isz,1,0.59904426,1.0400203,0.39085123,0.39117578,1.3236084,1.3141485,0.933,0.559,0.984,0.934,0
8ryn,2,1.9082744,3.5805001,1.4415629,1.0807449,4.3211493,3.7612166,0.337,2.561,11.461,0.4,1
5tez,3,0.58597535,0.859826,0.7873014,0.43790334,0.8382372,0.49615577,0.813,0.712,1.445,0.65,0
5c07,4,0.22046383,0.19704357,0.16618043,0.2329188,0.1746912,0.21617752,0.979,0.201,0.716,0.962,0
9j4u,3,1.6846597,2.9067404,1.9155642,0.86130387,2.287556,4.156965,0.757,1.348,2.875,0.821,0
1ao7,1,0.7927964,1.4308112,0.30054426,0.35475227,0.5453721,0.77619743,0.665,0.627,14.404,0.886,0
1qse,4,0.258837,0.2966826,0.21600842,0.24730174,0.17643088,0.40514788,0.97,0.222,0.815,0.939,0
6avf,2,0.33634362,0.39298907,0.45926437,0.29748508,0.38308248,0.3991255,0.826,0.341,2.331,0.596,0
3vxm,3,0.8349612,1.0778548,0.63021934,0.7606546,0.5890954,1.3426414,0.879,0.778,2.446,0.925,0
9iky,4,2.5266402,5.2328796,2.900831,1.3805325,5.2782044,5.2688746,0.284,3.266,9.846,0.25,0
7ndu,4,1.2884474,1.635672,2.2909796,1.0122781,1.2692648,1.3527079,0.768,1.066,1.644,0.677,0
3vxm,2,0.8402509,1.0687037,0.6472075,0.77165073,0.5382167,1.3036344,0.879,0.75,2.398,0.91,0
6avf,3,0.36906207,0.46009967,0.4741723,0.31893963,0.38041443,0.48715287,0.819,0.381,2.087,0.574,0
3pwp,4,0.37520316,0.6332234,0.16438985,0.23506205,0.21888241,0.31953365,0.976,0.268,0.715,0.966,0
1ao7,0,0.68517566,1.2219301,0.29248178,0.32598498,0.43743765,0.6933328,0.883,0.642,3.219,0.929,0
9j4u,2,1.6642419,2.7765357,2.4771926,0.7994412,2.2709873,3.9042761,0.728,1.464,2.453,0.75,1
7phr,4,0.8827051,1.0464913,0.8147853,0.82887703,0.75156367,0.8799899,0.716,0.577,7.202,0.695,0
5tez,2,0.5860458,0.8748033,0.5581887,0.46332142,0.6405259,0.5877171,0.82,0.728,1.583,0.683,0
8ryn,3,1.8474662,3.4568903,1.4360329,1.0491419,4.1804433,3.5449023,0.35,2.528,12.146,0.46,1
2e7l,0,0.50651014,0.5060774,0.6821302,0.48320904,0.4470576,0.6582951,0.965,0.343,0.795,0.952,0
5isz,0,0.6579965,1.1446402,0.67840177,0.39624786,1.6550055,0.9520102,0.876,0.765,2.826,0.934,0
2j8u,1,0.73499125,1.424559,0.24980016,0.3995873,2.1780462,0.38799268,0.865,0.734,1.336,0.812,0
7n2o,2,0.70120156,1.1222011,0.37794477,0.5509724,1.6155982,0.8593232,0.764,0.648,3.219,0.576,0
6zkz,3,1.2328234,0.8228545,3.9885032,0.6321602,0.566166,0.7724256,0.854,0.758,1.7,0.804,1
3rgv,2,0.32405603,0.389251,0.28969076,0.3111969,0.28814667,0.34356913,0.959,0.256,1.523,0.936,0
3tfk,1,0.5293878,0.46933421,0.30481103,0.56313175,0.50616807,0.4009645,0.959,0.367,1.002,0.948,0
7nmf,1,0.6980836,0.6184405,0.77221686,0.719879,0.58389634,0.34629422,0.934,0.391,2.239,0.93,0
9j4s,4,1.3621073,,3.2273624,0.8463928,,,0.003,40.585,89.528,0.0,0
2f54,3,0.51723176,0.67632496,0.5226148,0.43854886,0.7525702,0.7410943,0.946,0.403,2.502,0.986,1
7ndq,0,0.37216237,0.5295718,0.46462086,0.3212648,0.33275586,0.51514137,0.965,0.323,1.4,0.967,0
7q99,1,0.3492106,0.47111827,0.23391941,0.30927917,0.30374113,0.3501107,0.985,0.239,1.185,1.0,0
3qeq,1,0.53039783,0.7547751,0.92912006,0.38481787,0.3434909,0.53822887,0.897,0.611,1.823,0.877,0
5wkf,1,0.36721945,0.6228489,0.37983394,0.25125563,0.6939993,0.47420958,0.97,0.332,0.966,0.969,0
9hlj,0,2.1094599,4.0740495,1.3289081,0.9728583,1.9558023,6.303508,0.313,2.828,12.461,0.403,0
6zkx,1,0.44297838,0.39487112,0.70974624,0.41547227,0.3166533,0.42532736,0.93,0.304,2.958,0.938,1
7n2r,4,0.5440977,0.4762959,0.3545827,0.572951,0.85369223,0.284325,0.94,0.25,2.239,0.911,0
3d3v,1,0.5262835,0.7114763,1.0510958,0.36731216,0.48876283,0.83353233,0.955,0.496,1.142,0.981,0
7rtr,4,0.7227214,1.1968864,0.80200744,0.42146203,0.64004093,0.53558695,0.895,0.47,3.518,0.921,0
6p64,4,0.3400394,0.48832825,0.32327983,0.26703948,0.32215953,0.52413803,0.941,0.332,2.355,0.94,0
7jwj,0,0.34248415,0.39422846,0.3801258,0.32335606,0.37255067,0.61393774,0.947,0.248,1.877,0.915,0
3kps,4,0.2979595,0.35236657,0.24823114,0.28642273,0.29580522,0.35486275,0.981,0.226,0.768,0.974,0
3qdg,4,0.48135635,0.5814793,0.39415988,0.44769037,0.5999937,0.32296216,0.922,0.368,1.67,0.861,0
8i5d,1,1.583744,3.0474563,2.635555,0.81102484,3.9938357,3.099903,0.616,1.36,6.879,0.695,0
7jwj,2,0.3414254,0.4037984,0.35510945,0.32159364,0.3070538,0.63145864,0.959,0.248,1.564,0.936,0
8i5d,3,1.5814761,3.0397475,2.5798504,0.82597613,4.081087,2.9595006,0.606,1.366,6.806,0.661,2
3vxr,4,0.7275921,0.87948334,1.1631981,0.5827132,0.6860757,0.8112208,0.95,0.435,0.951,0.94,0
3d3v,3,0.5036364,0.61826557,1.0488576,0.37190244,0.54655033,0.43182936,0.936,0.484,1.26,0.925,0
6zkx,3,0.42931578,0.37077242,0.67873406,0.40673074,0.31787026,0.40696174,0.956,0.266,2.036,0.954,1
9hlj,2,2.1858025,4.220944,1.2328613,1.0280412,1.8413341,7.5776873,0.342,2.879,11.723,0.468,1
5wkf,3,0.38078514,0.6326074,0.3982557,0.26884103,0.724736,0.50357383,0.947,0.361,1.792,0.938,0
2uwe,4,0.3936538,0.4779192,0.21334346,0.381179,0.46910465,0.48674947,0.926,0.525,1.263,0.908,0
3qeq,3,0.5761196,0.7631532,0.9524734,0.45825005,0.540296,0.5602661,0.842,0.706,3.643,0.862,0
6tmo,4,0.35421604,0.5037058,0.2089087,0.29563695,0.64361966,0.67302877,0.957,0.424,1.168,0.963,0
1qrn,4,0.26607034,0.3385908,0.46176982,0.19529362,0.18252234,0.49448478,0.963,0.188,1.961,0.955,0
7q99,3,0.31419066,0.45226455,0.23119481,0.26111302,0.30806765,0.35330707,0.983,0.235,1.424,1.0,0
7nmf,3,0.62110925,0.66856885,0.7709992,0.5802367,0.79607946,0.3101294,0.933,0.413,1.899,0.915,0
3tfk,3,0.49628657,0.4301208,0.27888432,0.5306506,0.38117805,0.26949823,0.946,0.376,1.09,0.914,0
3rgv,0,0.3385915,0.39018857,0.31730038,0.32803422,0.3204506,0.34738508,0.96,0.253,2.324,0.979,0
6zkz,1,0.92864954,0.7657981,2.548971,0.6397389,0.4482831,0.8563138,0.881,0.538,1.851,0.804,0
7ndq,2,0.3809706,0.527771,0.46521372,0.33483502,0.34702513,0.5040826,0.975,0.325,0.959,0.983,0
2f54,1,0.54805714,0.7482504,0.42503962,0.46024427,0.9492034,0.7450907,0.949,0.363,2.106,0.959,0
7n2p,4,0.21435435,0.2566967,0.161339,0.20488656,0.29913515,0.22619306,0.835,0.212,7.833,0.984,0
7su9,4,0.4092747,,0.53547645,0.3970263,,,0.005,33.354,72.124,0.0,0
2j8u,3,0.7340292,1.4140054,0.25130826,0.40784726,2.1389053,0.40061215,0.861,0.749,1.841,0.828,0
7n2o,0,0.5957974,0.7915229,0.37980413,0.545002,1.036184,0.5056088,0.799,0.473,2.943,0.593,0
4g8g,4,0.32853946,0.5002399,0.26460078,0.24236952,0.37699622,0.38024887,0.949,0.232,1.317,0.895,0
5isz,2,0.64181554,1.0939922,0.36465746,0.4400005,1.2744136,1.3562039,0.872,0.693,3.453,0.934,0
2e7l,2,0.45224956,0.47607934,0.6762254,0.40984058,0.43219617,0.65851516,0.968,0.299,0.82,0.952,0
8ryn,1,2.0168874,3.7393506,1.5984877,1.1729051,4.84557,3.6077259,0.347,2.698,11.715,0.46,2
1g6r,4,0.24936138,0.2993995,0.21501757,0.23171595,0.25523934,0.20105731,0.97,0.259,1.381,0.965,0
9j4u,0,1.6964662,2.902657,2.2490826,0.8114589,2.2592854,3.850879,0.689,1.638,3.43,0.75,1
1ao7,2,0.7515858,1.3478794,0.30122355,0.34816185,0.48275477,0.7540985,0.673,0.614,14.248,0.9,0
5tez,0,0.5922457,0.84512347,0.81491625,0.45343667,0.7877844,0.6028732,0.813,0.712,2.459,0.7,0
6avf,1,0.33617702,0.38231057,0.47385868,0.29898623,0.32920548,0.3758148,0.823,0.354,1.993,0.574,0
3vxm,0,0.90918624,1.3017821,0.64163685,0.76578313,0.53593284,1.6048521,0.792,0.939,4.552,0.881,0
6eqb,4,0.5704995,0.8139372,0.6597858,0.4308548,0.24045506,0.7477397,0.953,0.469,1.411,0.973,0
3uts,4,0.5035321,0.83453107,0.35175067,0.36489943,0.5286928,0.6732351,0.901,0.502,3.151,0.925,0
7n1f,4,0.5718373,0.72340363,0.6626103,0.49316087,0.36648044,0.43043676,0.908,0.452,3.022,0.919,0
7n5c,4,0.29139748,0.3038476,0.4316903,0.26480573,0.27384797,0.23926811,0.958,0.309,1.546,0.947,1
6vqo,4,0.617947,0.8540627,0.43175957,0.53460455,0.8008821,0.90906376,0.94,0.516,2.006,0.979,0
3vxm,1,0.835987,1.1040101,0.5221281,0.7601359,0.54858524,1.3220521,0.857,0.792,3.183,0.91,0
6avf,0,0.343905,0.40194958,0.47400537,0.30331853,0.3199187,0.5402606,0.812,0.341,2.657,0.574,0
5tez,1,0.6423837,0.9371222,0.79055816,0.49568608,0.9536922,0.73216766,0.791,0.813,1.938,0.65,0
2vlr,4,0.50750774,0.50365794,0.35178372,0.5224158,0.60542834,0.46336517,0.946,0.425,2.289,0.981,0
1ao7,3,0.7840119,1.4181274,0.30885813,0.34455082,0.4403548,0.71807486,0.671,0.636,14.141,0.9,0
9j4u,1,1.6959723,2.753265,2.5002975,0.9104681,2.2641768,3.8686922,0.751,1.408,2.216,0.786,0
8ryn,0,1.8599972,3.53119,1.4590964,1.004099,4.442402,3.3638346,0.358,2.562,11.352,0.46,0
8gvg,4,0.7338171,0.8710758,0.7884276,0.68895245,0.8067765,0.4725111,0.926,0.557,1.779,0.941,0
5isz,3,0.6637587,1.0947603,0.26422888,0.4891823,1.3431833,1.3246084,0.877,0.785,2.372,0.918,0
2e7l,3,0.43353906,0.51122713,0.64982224,0.365918,0.3889447,0.6682419,0.954,0.341,0.876,0.921,0
2bnr,4,0.5822685,0.65919936,0.55994993,0.55232704,0.5839644,0.74639475,0.945,0.39,1.183,0.919,0
7n2o,1,0.55228746,0.83598226,0.37430328,0.45511207,0.82958865,0.80531776,0.818,0.431,2.495,0.61,0
2j8u,2,0.7379152,1.4200112,0.2343964,0.41271544,2.148703,0.3721773,0.852,0.77,1.897,0.812,0
8cx4,4,0.57538843,0.8378068,0.36315843,0.49024078,0.65769345,0.7804537,0.903,0.484,3.529,0.949,0
2f54,0,0.6074335,0.80681425,0.70020384,0.4946415,0.9607925,0.9642354,0.924,0.404,1.946,0.89,0
7ndq,3,0.37915444,0.5456982,0.4591991,0.3273973,0.40163618,0.49453497,0.969,0.339,0.941,0.967,0
7nmf,2,0.62415355,0.6058719,0.7745045,0.61226916,0.57970345,0.33157083,0.933,0.372,2.601,0.944,0
6zkz,0,0.6204475,0.5407252,0.7636221,0.62537354,0.3339803,0.3555505,0.933,0.371,1.188,0.875,0
3rgv,1,0.3289032,0.37421456,0.32971147,0.31699258,0.34476444,0.33256084,0.95,0.26,1.633,0.915,0
3tfk,2,0.4998118,0.45255002,0.28097004,0.52974445,0.52328265,0.31791276,0.94,0.367,1.231,0.897,1
7q99,2,0.27669597,0.34950992,0.23501389,0.25218126,0.28877842,0.36551192,0.986,0.237,1.159,1.0,0
3qeq,2,0.6116027,0.9614328,0.89405006,0.4248729,0.7000172,0.7281668,0.81,0.741,4.327,0.831,0
8ryq,4,1.3107475,2.455621,1.0668938,0.6330189,2.2435498,4.0796247,0.745,1.249,3.457,0.788,2
8gon,4,0.40357128,0.5336838,0.36842698,0.34877366,0.41237772,0.5322314,0.949,0.338,2.418,0.971,0
9ru5,4,2.6629717,4.966287,2.069023,1.7123951,6.4435253,4.562105,0.347,3.243,7.127,0.278,2
9hlj,3,2.046813,4.0211,1.2485299,0.8561122,1.9125836,6.8224936,0.33,2.721,12.167,0.429,1
6zkx,2,0.40757468,0.33869526,0.7244223,0.37355512,0.27427995,0.38607574,0.961,0.264,2.086,0.969,1
5wkf,2,0.37457553,0.63656425,0.37948507,0.25660238,0.78127134,0.4410291,0.955,0.373,1.48,0.953,0
3mv9,4,0.64673275,0.9265224,0.46794388,0.5161367,0.81822544,1.0202919,0.923,0.546,2.607,0.971,0
3d3v,2,0.5237032,0.65073943,1.0670395,0.38914943,0.5290471,0.50230855,0.944,0.511,0.752,0.943,0
7dzn,4,0.5519543,0.56308377,0.57799697,0.54661053,0.36468762,0.3884309,0.815,0.31,2.618,0.571,0
8i5d,2,1.6202338,3.1543949,2.555798,0.8350916,3.9283247,3.436877,0.595,1.434,7.421,0.695,1
7jwj,3,0.36384594,0.45161897,0.35752562,0.337749,0.39312905,0.6159737,0.941,0.326,1.88,0.915,0
8rlt,4,1.4273357,2.2115393,1.5496681,1.046513,2.2799704,2.1987765,0.659,1.478,3.502,0.615,0
7na5,2,0.313074,0.43453404,0.3877832,0.26011813,0.37660766,0.24587083,0.959,0.267,1.538,0.939,0
5m02,4,0.37141418,0.4977575,0.1844346,0.34844837,0.47518116,0.29065517,0.963,0.314,1.257,0.952,0
6rp9,1,0.7153519,1.1332676,0.49829987,0.56552964,1.3791084,0.94399565,0.785,0.89,5.707,0.927,1
5wkh,0,0.43340012,0.6133258,0.49790132,0.35875592,0.41043362,0.48659045,0.948,0.359,2.052,0.955,0
5ivx,0,0.18163072,0.2431713,0.14904204,0.16080049,0.30355382,0.17023462,0.973,0.148,0.876,0.94,0
6vm9,4,0.6036183,0.7670398,0.8767249,0.5039354,0.38673466,0.88980937,0.861,0.524,4.253,0.892,0
7ow5,3,0.25683814,0.26243564,0.21973197,0.25833395,0.260631,0.23045634,0.955,0.279,1.713,0.938,0
6tro,0,0.419458,0.46896622,0.57766145,0.38212422,0.44704357,0.5182417,0.955,0.318,1.538,0.939,0
5brz,0,0.3414945,0.49958476,0.24992529,0.30150667,0.55080473,0.46212178,0.937,0.293,3.347,0.982,0
5w1v,2,0.59493864,0.76949173,0.52218866,0.54696953,0.75709015,0.6174904,0.932,0.493,1.332,0.918,0
6bj3,3,0.74293655,0.8628808,0.34753424,0.728857,0.40651843,0.3735052,0.873,0.873,1.965,0.922,0
8wte,3,2.8736908,7.035389,2.9288487,0.8028707,2.3836617,8.559769,0.373,2.74,10.16,0.476,0
3hg1,0,0.51455075,0.74125683,0.70567113,0.39249778,0.65722597,1.1350762,0.947,0.433,1.034,0.932,0
8yj2,1,1.7986671,2.3817666,4.125516,0.8910453,2.0257094,1.8832284,0.585,1.197,4.352,0.351,0
3h9s,4,0.30790263,0.42927378,0.27648774,0.26615554,0.17154512,0.7191261,0.971,0.254,0.657,0.946,0
3pqy,2,0.71092176,0.98385376,0.75856423,0.5567353,0.8942736,0.7507846,0.835,0.815,4.423,0.945,0
7n5p,1,0.54532856,0.8054201,0.40078676,0.4148395,0.41351807,1.5554795,0.908,0.464,2.897,0.915,0
8rj5,1,2.4040632,4.169268,3.3819268,1.3832965,4.627476,4.2252812,0.321,2.617,11.606,0.367,2
4ms8,0,1.9504657,3.0686269,1.2229048,1.5215498,2.7865798,1.5745077,0.551,2.08,5.572,0.611,0
6l9l,2,0.23674132,0.22722007,0.17451806,0.24578826,0.29500452,0.2184303,0.987,0.201,0.421,0.982,0
2pye,0,0.428722,0.5130555,0.22111854,0.40914562,0.30894813,0.43793973,0.956,0.378,1.411,0.955,0
5c09,4,0.43569365,0.53454095,0.5156525,0.38814786,0.25805333,0.59385633,0.93,0.267,1.557,0.854,0
4jfe,3,0.29622427,0.3817104,0.25179893,0.26451722,0.21959293,0.61423737,0.97,0.202,1.608,0.963,0
5nmg,0,0.3230034,0.3810791,0.26776904,0.30940664,0.22545318,0.25985157,0.965,0.236,1.698,0.958,0
5hyj,1,0.37421733,0.50035524,0.37113565,0.32797438,0.5903195,0.5100013,0.945,0.37,0.864,0.904,0
1nam,1,0.22564201,0.29034728,0.20565857,0.21058959,0.3408457,0.2882122,0.905,0.21,1.365,0.76,0
8enh,2,2.6152058,4.9193816,1.0928503,1.1503695,4.7372284,7.010665,0.254,2.724,15.962,0.309,1
4prh,1,0.39996648,0.47358826,0.2867917,0.37717906,0.51014364,0.31777677,0.801,0.401,8.554,0.973,0
3qdm,1,0.7962497,1.1971477,0.49550262,0.6447541,1.7376903,0.5474385,0.881,0.78,2.751,0.95,0
4jrx,4,0.5855146,0.64539576,0.31941167,0.58767575,0.48556912,0.8246852,0.793,0.501,6.974,0.881,0
3o4l,0,0.28723052,0.42137408,0.20465173,0.23733543,0.21970041,0.42793465,0.963,0.259,1.801,0.961,0
1fo0,0,0.3550444,0.65097266,0.22155465,0.26591414,1.1176591,0.46726763,0.925,0.387,1.841,0.881,0
1lp9,2,0.32080483,0.43147334,0.21224107,0.2916902,0.30603233,0.39615157,0.946,0.538,1.316,0.974,0
8es9,0,2.3654926,4.6504846,1.1690458,1.2959375,3.7968216,5.079675,0.331,3.689,11.097,0.48,1
6uz1,1,0.6430089,,1.5640601,0.4308043,,,0.007,22.728,65.775,0.0,1
1bd2,3,0.6911517,0.84116894,0.5554944,0.6443479,0.8712746,0.68560094,0.823,0.489,5.076,0.828,0
5nme,2,0.5524857,0.6777248,0.6823165,0.49494243,0.79187644,0.6057982,0.945,0.343,1.657,0.92,0
5c0b,0,0.36469236,0.31161126,0.28878465,0.38731912,0.17986132,0.49688742,0.971,0.189,1.541,0.962,0
4g9f,0,0.47573566,0.6109704,0.22780213,0.43759242,0.7854587,0.3679845,0.932,0.324,2.684,0.93,0
5swz,4,0.71879435,1.0776743,0.65242267,0.60785925,0.484657,0.86066,0.8,0.756,4.454,0.818,0
8wul,2,1.7002602,3.5200164,2.7513857,0.84359694,2.6742454,3.211632,0.654,1.443,3.523,0.59,0
7byd,2,1.3491017,2.2281277,0.87205803,1.0126269,6.817788,1.9637986,0.666,1.446,5.574,0.78,0
7byd,3,1.3447903,2.2095375,0.9148504,1.0137789,7.2810516,1.823325,0.712,1.444,5.08,0.881,0
8f5a,4,3.1968806,6.13896,3.0221205,1.5701402,8.019168,4.0246058,0.162,4.695,20.308,0.243,1
8wul,3,1.5682403,3.20085,2.73607,0.7613074,2.5314043,3.3139558,0.661,1.474,3.538,0.623,2
4g9f,1,0.44158295,0.51892203,0.23151207,0.42840144,0.61684275,0.3193984,0.961,0.293,1.825,0.965,0
5nme,3,0.57142377,0.6919712,0.6915243,0.51734066,0.78607637,0.6022399,0.923,0.351,2.588,0.907,0
5c0b,1,0.3526774,0.22629677,0.22278586,0.3949126,0.16278894,0.16548288,0.966,0.177,0.931,0.923,0
8es9,1,2.3894556,4.606596,1.2842721,1.3843802,4.7749147,4.9146333,0.418,3.505,6.399,0.46,0
5nht,4,0.69209075,0.9226881,0.714551,0.59551424,0.6795938,0.775223,0.854,0.577,2.775,0.788,0
1lp9,3,0.32198992,0.43515348,0.24873792,0.28873885,0.3770076,0.3038006,0.933,0.54,1.265,0.936,0
1bd2,2,0.6443814,0.7702862,0.3518364,0.6203244,0.82403445,0.58505076,0.862,0.436,4.171,0.859,0
6uz1,0,0.69693726,,1.8045782,0.41848838,,,0.007,22.534,65.399,0.0,0
1fo0,1,0.37491947,0.69792396,0.21743065,0.27661228,1.0615797,0.5078904,0.928,0.398,2.036,0.905,0
3o4l,1,0.2836174,0.40930438,0.20202504,0.23807202,0.20697713,0.38695344,0.962,0.273,1.813,0.961,0
3qdm,0,0.85213757,1.3953527,0.6290997,0.6054935,1.8392229,0.63432163,0.88,0.899,2.505,0.983,0
4prh,0,0.5197256,0.7565309,0.2791738,0.40540275,0.42670554,0.25569808,0.774,0.348,9.582,0.932,0
8enh,3,2.4583862,4.601388,1.1171457,1.1063935,4.6077824,6.8161626,0.319,2.428,12.688,0.37,1
1nam,0,0.22678418,0.28623825,0.23865707,0.21007408,0.37254202,0.30471045,0.905,0.202,1.403,0.76,0
5hyj,0,0.3872664,0.5354227,0.36838353,0.3330612,0.6056571,0.5042031,0.94,0.419,0.911,0.904,0
5nmg,1,0.3064458,0.38536882,0.28817725,0.28129563,0.22238892,0.27364168,0.972,0.255,1.034,0.958,0
4jfe,2,0.27436897,0.37716672,0.2340651,0.2323724,0.20269895,0.6048238,0.97,0.201,1.886,0.975,0
2pye,1,0.65489036,1.0601292,0.22272798,0.4421708,0.28632993,0.31128758,0.923,0.638,1.539,0.955,0
6l9l,3,0.23686874,0.2106891,0.19682595,0.24898288,0.21431771,0.21656334,0.987,0.198,0.53,0.982,0
4ms8,1,1.9227074,3.0103965,1.191079,1.5099428,2.869458,1.5715214,0.563,2.04,5.21,0.611,0
8rj5,0,2.3096023,3.9600666,3.3492095,1.3370317,4.3719444,4.1415935,0.338,2.662,11.706,0.429,0
7n5p,0,0.5714929,0.8361236,0.29271948,0.45254898,0.6358581,1.5083442,0.862,0.636,3.697,0.898,0
6vrn,4,1.9215901,3.7321558,0.99052614,0.6251501,1.1161362,0.80801845,0.619,2.508,3.706,0.755,1
3pqy,3,0.5944739,0.78231204,0.53777736,0.5065091,0.6568008,0.55152047,0.872,0.712,3.527,0.945,0
6uln,4,0.4875021,0.6623909,0.5791595,0.4295579,0.4794516,0.5959297,0.905,0.497,1.806,0.857,0
8yj2,0,1.7499679,2.5403502,2.7881165,1.1494442,2.4870327,1.7023844,0.586,1.126,3.804,0.286,0
1kj2,4,0.2748442,0.45122173,0.19011046,0.2059128,0.32112148,0.18122697,0.905,0.27,0.736,0.754,0
6rpb,4,0.5669882,0.73288506,0.6056747,0.49431342,0.55087316,0.8739523,0.914,0.374,3.222,0.926,0
8wte,2,2.8982286,7.069301,2.960641,0.84897065,2.6974182,8.650143,0.476,2.732,5.935,0.524,0
3hg1,1,0.522097,0.7411609,0.7072405,0.40605903,0.49005672,1.1355649,0.929,0.469,1.472,0.905,0
6bj3,2,0.75070745,0.82435906,0.3221561,0.75625616,0.4467485,0.33936232,0.856,0.894,2.683,0.922,0
5w1v,3,0.5999286,0.797091,0.552849,0.5409818,0.8439714,0.50115806,0.932,0.512,1.509,0.932,0
5brz,1,0.3181223,0.46067744,0.23805977,0.2822402,0.55229026,0.3669049,0.96,0.277,2.3,0.982,0
6tro,1,0.38577443,0.3733811,0.57307047,0.35990632,0.37674516,0.36018738,0.959,0.336,2.16,0.985,0
7ow5,2,0.27047965,0.29235357,0.21944056,0.26870897,0.28031558,0.24885584,0.962,0.297,1.496,0.953,0
5wkh,1,0.4156337,0.6070816,0.5144101,0.3291322,0.39632684,0.5044787,0.946,0.34,2.551,0.97,0
5ivx,1,0.18158667,0.2534723,0.15811288,0.15465018,0.27361974,0.20201614,0.97,0.174,1.087,0.94,0
8eo8,4,2.463002,4.4850907,0.99368656,1.3161523,4.2247705,6.5656033,0.338,2.668,11.434,0.419,0
6rp9,0,0.6844255,0.9139308,0.41281185,0.6298234,1.0420319,0.8098302,0.876,0.624,3.595,0.927,0
7na5,3,0.28690353,0.3792553,0.39369184,0.23977795,0.3766413,0.32219198,0.956,0.264,1.754,0.939,0
6rp9,2,0.6654468,1.0117562,0.41101602,0.5541041,1.2413241,0.8737044,0.786,0.857,5.856,0.927,1
7na5,1,0.31289476,0.40848073,0.40217066,0.26851425,0.4496393,0.34988824,0.961,0.3,2.108,0.98,0
6tro,3,0.39986086,0.44653058,0.5747702,0.35992253,0.41944402,0.5080637,0.947,0.335,1.996,0.939,0
7ow5,0,0.26595598,0.3002828,0.2214504,0.26023352,0.3185237,0.27021343,0.958,0.291,1.397,0.938,0
5ivx,3,0.19223557,0.2718477,0.17245786,0.16130604,0.34649956,0.15248044,0.974,0.197,1.105,0.955,0
5wkh,3,0.43602914,0.58906424,0.5075723,0.37298223,0.37489513,0.46713027,0.947,0.337,2.259,0.955,0
5w1v,1,0.5891968,0.79372126,0.65905446,0.5138522,0.8347685,0.50322616,0.94,0.498,1.37,0.945,0
5brz,3,0.29844043,0.38108116,0.24850023,0.28050253,0.5231151,0.2783574,0.969,0.223,1.639,0.964,0
3hg1,3,0.53282285,0.7816533,0.70874137,0.40197486,0.52279377,1.1422582,0.889,0.509,3.172,0.892,0
8wte,0,2.7146657,6.6435637,2.9275444,0.71472394,3.1568286,7.7690005,0.463,2.724,6.268,0.508,1
6bj3,0,0.65738136,0.46844453,0.22417822,0.7378463,0.35610962,0.32082528,0.87,0.868,2.146,0.922,0
8yj2,2,10.067336,19.213776,5.756239,3.7694833,10.651726,12.379112,0.031,13.706,31.415,0.013,0
3pqy,1,0.6794624,0.88524926,0.74873656,0.56530434,0.6233219,0.5112384,0.889,0.612,3.378,0.945,0
6l9l,1,0.24509466,0.25713772,0.16726649,0.2483164,0.32907996,0.26224014,0.987,0.215,0.405,0.982,0
7n5p,2,0.5628148,0.8155714,0.41758505,0.43964753,0.40105605,1.5940938,0.902,0.508,2.925,0.915,0
8rj5,2,2.250947,3.833689,3.3977232,1.283598,4.175068,4.091534,0.34,2.33,11.307,0.367,1
4ms8,3,1.9496179,3.0828702,1.2294221,1.5106719,2.8511147,1.6170043,0.561,2.075,4.945,0.593,0
8v50,4,1.2173594,1.909539,1.3263451,0.9368008,2.8460085,1.4974003,0.801,1.006,3.303,0.844,1
2pye,3,0.41614437,0.37284437,0.21092108,0.44851598,0.2736921,0.3642963,0.95,0.427,1.527,0.955,0
1nam,2,0.23870188,0.30067942,0.2585992,0.22046572,0.35303828,0.3066046,0.906,0.226,1.235,0.76,0
4jfe,0,0.29990008,0.44542578,0.25275785,0.23407584,0.22517589,0.4385756,0.956,0.23,2.143,0.951,0
5nmg,3,0.30609578,0.3919971,0.23059648,0.2834504,0.22696072,0.2770947,0.968,0.26,1.743,0.972,0
5hyj,2,0.40254587,0.4938748,0.3651767,0.37518284,0.6010558,0.49940425,0.932,0.391,1.346,0.885,0
4prh,2,0.48932582,0.7369233,0.26609492,0.36056575,0.43287805,0.22232875,0.81,0.312,7.637,0.918,1
3qdm,2,0.8427908,1.348346,0.6740723,0.6162482,1.6805319,0.6415928,0.883,0.774,2.925,0.967,0
8enh,1,2.3690674,4.4758835,1.0617179,1.0048044,4.3256307,6.7754755,0.315,2.398,13.578,0.383,0
9rxm,4,1.8731507,3.512144,1.4627643,1.1688083,4.357598,3.7508268,0.445,2.103,5.651,0.303,0
3o4l,3,0.29378194,0.4339876,0.20990424,0.24101488,0.230537,0.44609118,0.964,0.291,1.848,0.974,0
6uz1,2,0.6662559,,1.723847,0.40068704,,,0.007,22.624,65.434,0.0,1
1bd2,0,0.6337235,0.75440234,0.34455997,0.6115358,0.75496715,0.5837191,0.871,0.447,4.206,0.891,0
1lp9,1,0.3037685,0.37548342,0.24289298,0.28596708,0.3426362,0.310478,0.944,0.505,1.013,0.949,0
8es9,3,2.3217335,4.4841805,1.1923332,1.3439626,4.6462297,4.6649537,0.379,3.476,9.599,0.54,0
1fo0,3,0.31375623,0.5537999,0.19136861,0.24603349,1.0162566,0.370317,0.971,0.283,0.573,0.952,0
4g9f,3,0.51048625,0.68225974,0.23645425,0.45561686,0.90380716,0.4851992,0.941,0.406,2.062,0.947,0
5c0b,3,0.34140456,0.20540786,0.20043272,0.38561115,0.17041807,0.14062685,0.982,0.173,0.504,0.962,0
5nme,1,0.5606645,0.66939545,0.6812999,0.51081496,0.77034384,0.5949003,0.92,0.36,2.929,0.92,0
8wul,1,1.7314295,3.7348666,2.7589061,0.73955476,2.4137936,4.0118384,0.625,1.745,4.097,0.639,1
7byd,1,1.3484231,2.1963685,0.8525125,1.0312556,7.5695586,1.9052051,0.71,1.379,5.025,0.847,0
7byd,0,1.3546897,2.2220128,0.87421453,1.0260602,6.7025156,1.927223,0.668,1.468,6.524,0.864,0
8wul,0,1.8281741,3.9550514,2.67235,0.83554614,2.8060608,3.2253027,0.622,1.694,3.551,0.574,0
5c0b,2,0.36348295,0.21156493,0.43763706,0.3902458,0.1693414,0.16879381,0.977,0.184,1.099,0.962,0
5nme,0,0.5278587,0.6687637,0.68639463,0.45926872,0.77997786,0.5817293,0.912,0.328,3.42,0.92,0
3e2h,4,0.5181212,0.58259565,0.6987484,0.46857047,0.5583514,0.52821046,0.925,0.434,0.628,0.857,0
4g9f,2,0.49803758,0.61764514,0.2588738,0.46799576,0.61045873,0.4392095,0.931,0.42,2.545,0.947,0
1fo0,2,0.34324783,0.5922343,0.20533036,0.2758159,0.9521054,0.47853625,0.934,0.312,1.018,0.857,0
1bd2,1,0.6346706,0.8361983,0.4320946,0.5674359,0.992007,0.72967726,0.869,0.439,3.472,0.828,0
6uz1,3,0.6889341,,1.7562743,0.42670652,,,0.007,22.64,65.723,0.0,1
8es9,2,2.3846931,4.6925554,1.1964873,1.3000805,4.5637455,4.857432,0.381,3.712,7.811,0.46,0
1lp9,0,0.32157728,0.44012475,0.23019487,0.28759518,0.39234295,0.40490788,0.941,0.571,0.984,0.962,0
3o4l,2,0.29576686,0.43733424,0.20821838,0.24265365,0.23209706,0.42996678,0.963,0.277,2.248,0.987,0
8enh,0,2.497188,4.6623616,1.1596328,1.1381508,4.3603477,6.91704,0.293,2.552,13.763,0.346,0
3qdm,3,0.78555226,1.2606146,0.653853,0.56884444,1.5625618,0.6304649,0.87,0.898,2.442,0.95,0
4prh,3,0.48024628,0.74041724,0.28309917,0.33585367,0.42115036,0.23243389,0.79,0.339,8.747,0.932,1
5hyj,3,0.36954403,0.47696146,0.36979896,0.33102968,0.52058005,0.51698905,0.95,0.324,1.456,0.923,0
5nmg,2,0.30150956,0.38511375,0.23481466,0.27896875,0.20278479,0.27556926,0.966,0.239,1.941,0.972,0
4jfe,1,0.26988456,0.36658356,0.24403332,0.22967254,0.19482447,0.59229195,0.969,0.199,1.713,0.963,0
1nam,3,0.2464737,0.3546975,0.25602818,0.21414135,0.380165,0.29513553,0.907,0.212,1.237,0.76,0
8gvi,4,0.8108119,1.1907319,0.6140064,0.7089998,0.7918867,0.4720794,0.916,0.601,2.065,0.941,1
2pye,2,0.4389677,0.46635243,0.2383513,0.4450689,0.27553967,0.45992666,0.957,0.415,1.464,0.97,0
4ms8,2,1.9802523,3.072059,1.2392612,1.5713251,2.9815135,1.6515975,0.565,2.058,5.06,0.611,0
8rj5,3,2.2993095,3.8918698,3.4072905,1.350097,4.162007,4.147878,0.345,2.384,11.246,0.388,1
7n5p,3,0.61667985,0.8643791,0.43145728,0.50534165,0.50255173,1.6199204,0.911,0.459,3.045,0.932,0
6l9l,0,0.23822059,0.20916198,0.1865615,0.2521527,0.25319117,0.22086498,0.988,0.19,0.438,0.982,0
3pqy,0,0.5805747,0.67365205,0.7731481,0.5084338,0.5562683,0.44971475,0.865,0.563,4.591,0.945,0
8yj2,3,1.4905838,2.247989,1.8569696,1.0381035,2.3211455,1.4944731,0.637,0.993,2.778,0.312,0
9gv6,4,2.9897192,5.7086067,1.7678123,1.6403601,7.325581,3.9533556,0.148,4.705,25.852,0.254,0
8rlv,4,1.4957341,2.1363814,2.1618006,1.1109802,2.2501364,2.1689608,0.683,1.362,2.734,0.594,0
5m00,4,0.28637972,0.5008512,0.123511136,0.21938542,0.17774238,0.6841976,0.979,0.16,1.511,0.978,0
6bj3,1,0.71654373,0.79890543,0.2301003,0.72032547,0.36556277,0.32391122,0.867,0.895,2.404,0.938,0
3hg1,2,0.5483743,0.80588454,0.7132967,0.41562063,0.6342402,1.1365917,0.937,0.436,1.108,0.905,0
8wte,1,2.1893725,5.1681924,2.905301,0.6922317,2.9414368,4.1828203,0.491,2.295,7.124,0.587,2
5brz,2,0.306461,0.41596922,0.24877796,0.2803559,0.5417292,0.30073202,0.954,0.277,2.637,0.982,0
5w1v,0,0.59850585,0.8329943,0.53184867,0.5264551,0.8689419,0.4903331,0.93,0.535,2.087,0.959,0
5ivx,2,0.17645834,0.23451117,0.14018928,0.1574921,0.27922818,0.13644044,0.972,0.171,1.361,0.955,0
5wkh,2,0.4120439,0.53932256,0.544195,0.35066,0.4208719,0.43499362,0.964,0.328,2.167,1.0,0
7ow5,1,0.28317165,0.3268947,0.2094447,0.27678123,0.35958347,0.3147271,0.959,0.335,1.837,0.969,0
6tro,2,0.40175232,0.38121948,0.5500664,0.38522604,0.37549567,0.3886509,0.953,0.299,1.759,0.939,0
7na5,0,0.3092077,0.37887314,0.39126456,0.2759949,0.3482706,0.2285049,0.956,0.26,2.191,0.959,0
3mv7,4,0.42944077,0.55736727,0.2925118,0.38129947,0.5768423,0.5054352,0.94,0.361,2.773,0.971,0
6rp9,3,0.73908556,1.106655,0.3398314,0.63249433,1.3763757,1.0749484,0.761,0.904,6.618,0.927,1
6vm9,2,0.60084534,0.81422675,0.71857214,0.5027464,0.43241903,0.99964,0.93,0.529,2.012,0.954,0
8eo8,3,2.243602,4.161351,0.9819621,1.0988886,3.8441474,6.3992996,0.321,2.285,14.488,0.405,2
3mv7,0,0.4432557,0.6044083,0.2578922,0.37945592,0.5635409,0.45721507,0.939,0.32,3.009,0.971,0
7na5,4,0.31043646,0.39571688,0.3918722,0.27142343,0.36098418,0.30405286,0.924,0.285,3.615,0.959,0
8rlt,2,1.5109891,2.2898586,1.6257329,1.143473,2.5712702,2.3997169,0.655,1.47,2.798,0.554,1
5m02,2,0.3902439,0.49367493,0.17066802,0.37690935,0.49608922,0.28490412,0.963,0.302,1.334,0.952,0
5w1v,4,0.6000737,0.858958,0.52630305,0.5183763,0.9140833,0.60300803,0.925,0.476,1.691,0.904,0
6uln,3,0.49792814,0.5976181,0.6370091,0.4590421,0.45837647,0.48180506,0.916,0.514,1.349,0.878,0
1kj2,3,0.26521197,0.43635222,0.18288998,0.19814825,0.29996142,0.21450137,0.903,0.311,0.547,0.754,0
6rpb,3,0.6482016,0.8654611,0.5811552,0.56543654,0.6138559,1.0361692,0.85,0.523,4.198,0.853,0
5m00,0,0.24007715,0.3431833,0.12461515,0.21726172,0.18346637,0.26361236,0.979,0.155,1.512,0.978,0
8rlv,0,1.5809367,2.2597296,2.2563846,1.1782327,2.4234257,2.2510052,0.648,1.456,2.845,0.531,0
9gv6,0,2.4183192,4.3030863,1.9526933,1.5412929,4.4987407,3.6428866,0.211,3.49,23.206,0.358,0
6l9l,4,0.23863919,0.21796042,0.19159807,0.2497907,0.24285388,0.21811259,0.985,0.198,0.909,0.982,0
8v50,1,1.2691362,2.0727828,1.4623874,0.9178517,3.0944529,1.6177486,0.807,1.119,2.268,0.844,1
6vrn,3,2.1626327,4.2271643,1.0626004,0.6540583,1.2334917,0.9130359,0.619,2.513,3.717,0.755,0
3pqy,4,0.5551093,0.691942,0.48455554,0.49796897,0.5530142,0.48144826,0.888,0.55,3.988,0.964,0
3h9s,2,0.2946052,0.41196597,0.25464478,0.25524646,0.15930918,0.732163,0.976,0.244,0.88,0.964,0
5c09,2,0.43762797,0.47829798,0.5262003,0.41232207,0.2545949,0.23458385,0.937,0.253,1.639,0.875,0
8gvi,0,0.8335645,1.2830849,0.65231323,0.7020327,0.9443318,0.47033864,0.899,0.656,1.752,0.897,0
4jrx,2,0.5956721,0.6035522,0.55198044,0.5981924,0.40104145,0.5907477,0.86,0.368,4.616,0.866,0
9rxm,1,2.0675654,3.8424811,1.5940244,1.319318,4.823045,3.6932201,0.341,2.525,8.44,0.258,0
8enh,4,2.9180715,5.1738048,1.5157743,1.6567557,4.948116,6.499036,0.279,3.084,13.0,0.346,0
5swz,2,0.6576437,0.9520374,0.64478266,0.5651174,0.3868848,0.71377313,0.815,0.692,4.421,0.833,0
3e2h,0,0.50312316,0.56726676,0.721669,0.4470186,0.56209016,0.4983864,0.932,0.416,0.586,0.873,0
5nme,4,0.5764599,0.6452974,0.7027998,0.5401996,0.7137608,0.5849916,0.938,0.342,2.346,0.933,0
1lp9,4,0.30712852,0.41736272,0.25048178,0.27310503,0.3815865,0.35629466,0.936,0.484,1.271,0.923,0
5nht,3,0.7239275,1.0215758,0.7109993,0.59718096,0.68232703,0.8925995,0.876,0.62,2.15,0.833,0
7byd,4,1.3877854,2.2775269,0.9966974,1.044757,7.528078,2.057603,0.678,1.56,5.957,0.881,1
8f5a,3,3.1251228,6.134705,2.7682314,1.4172103,7.995619,4.439194,0.143,4.774,21.203,0.2,0
8wul,4,2.0170548,4.5793676,2.7080839,0.76739293,2.9597836,3.4541535,0.575,2.04,3.817,0.541,0
8f5a,2,3.163348,6.124091,2.9338975,1.509158,8.112932,3.8537228,0.165,4.699,20.577,0.257,0
5nht,2,0.70503193,0.9578018,0.71279913,0.5992398,0.6877779,0.9618449,0.894,0.561,2.107,0.864,0
1bd2,4,0.63912886,0.8442151,0.37062052,0.5753932,0.7818557,0.7229368,0.845,0.452,4.607,0.844,0
3e2h,1,0.50661063,0.5826514,0.67637557,0.4535124,0.6019692,0.5064477,0.932,0.426,0.513,0.873,0
5swz,3,7.345622,16.027143,3.105638,3.0313983,8.01426,7.757472,0.036,11.989,37.952,0.045,0
9rxm,0,1.9674922,3.7015052,1.548693,1.2160994,4.696688,3.8003285,0.428,2.242,5.955,0.303,0
4jrx,3,0.58842546,0.591067,0.5456195,0.59303856,0.41886866,0.7561507,0.795,0.446,6.921,0.866,0
8gvi,1,0.8754713,1.3214209,0.6604765,0.7509389,0.87006104,0.5572508,0.886,0.65,2.284,0.882,1
5c09,3,0.47287092,0.55960757,0.5179113,0.4358991,0.26759306,0.7118265,0.946,0.242,0.96,0.875,0
4jfe,4,0.28802723,0.4023043,0.31710586,0.23213413,0.5263417,0.56362754,0.964,0.202,1.784,0.951,0
3h9s,3,0.30445904,0.42761865,0.25266734,0.2640853,0.16418976,0.71070105,0.969,0.255,0.877,0.946,0
8v50,0,1.3904755,2.4397018,1.4606364,0.91792977,2.968115,2.9050276,0.779,1.144,3.172,0.828,1
6vrn,2,2.0963614,4.0920463,1.2022051,0.61377925,1.1600144,1.0824552,0.578,2.4,5.329,0.736,1
6bj3,4,0.76188374,0.89315724,0.23490417,0.7490973,0.33270866,0.33020478,0.856,0.905,2.629,0.922,0
5m00,1,0.29387134,0.5271839,0.11996065,0.21812886,0.17266,0.7335604,0.983,0.161,1.177,0.978,0
9gv6,1,2.394097,4.288707,2.0398796,1.485516,4.473473,3.4624858,0.202,3.471,22.846,0.328,0
8rlv,1,1.4811312,2.068606,2.1232283,1.132673,1.9496223,2.1526568,0.684,1.275,2.685,0.562,0
8wte,4,2.257712,5.3643875,2.846618,0.7128514,2.7978814,4.640657,0.56,2.23,4.703,0.603,0
6rpb,2,0.5925469,0.7527645,0.6311239,0.52326643,0.67037094,0.8639201,0.851,0.4,4.69,0.853,0
6uln,2,0.5411699,0.666079,0.63525784,0.5000384,0.44505766,0.50470227,0.926,0.454,1.648,0.898,0
1kj2,2,0.24251336,0.37784916,0.19724153,0.19113658,0.24947,0.20071399,0.913,0.223,0.915,0.772,0
8rlt,3,1.498013,2.2402775,1.6488849,1.1471418,2.1833558,2.4424417,0.677,1.385,2.452,0.569,0
5m02,3,0.3997999,0.56713575,0.16886121,0.365208,0.49679098,0.5924478,0.948,0.323,1.514,0.919,0
8eo8,2,2.3882444,4.4181166,0.98667735,1.1896476,3.9234712,6.488363,0.347,2.495,12.464,0.459,1
3mv7,1,0.41541982,0.5501461,0.28256884,0.362181,0.5573466,0.4188484,0.969,0.284,1.49,0.971,0
6vm9,3,0.56640214,0.78798497,0.4450095,0.4920004,0.3848867,0.94012076,0.923,0.502,2.009,0.923,0
7ow5,4,0.2554478,0.27269667,0.22456294,0.2534486,0.29294485,0.24630192,0.963,0.298,1.373,0.953,0
6vm9,1,0.59130555,0.7211581,0.8313615,0.5119672,0.3711115,0.9454269,0.887,0.454,3.939,0.923,0
5m02,1,0.36013576,0.49854392,0.20134202,0.33099174,0.4916912,0.2570521,0.953,0.3,1.713,0.935,0
8rlt,1,1.821316,3.0187042,2.085803,1.172433,2.7024577,3.4168499,0.528,1.997,7.035,0.631,1
6rp9,4,0.64529604,0.9057825,0.36395323,0.576549,1.0883479,0.801128,0.886,0.694,3.444,0.976,0
3mv7,3,0.43872404,0.56039184,0.27165508,0.3973966,0.54112846,0.53066486,0.966,0.337,1.36,0.971,0
8eo8,0,2.2672403,4.2082515,0.96230817,1.1091119,3.7974951,6.487077,0.318,2.321,15.154,0.419,2
1kj2,0,0.24744475,0.3914511,0.18726808,0.19292408,0.26913354,0.18196222,0.907,0.258,0.542,0.754,0
8yj2,4,9.066292,17.049873,4.7804284,3.8819537,11.249199,9.768658,0.038,12.298,30.186,0.026,0
6uln,0,0.5614083,0.7699894,0.5957944,0.49939397,0.41806656,0.5065855,0.89,0.63,2.46,0.898,0
8rlv,3,1.5844152,2.228476,2.2451415,1.2064902,2.336409,2.371399,0.651,1.41,3.215,0.547,0
9gv6,3,2.8230891,5.5394874,1.3795869,1.4231184,5.903324,4.1585073,0.183,4.509,24.802,0.343,0
5m00,3,0.24093942,0.34275112,0.11415823,0.21919128,0.1650492,0.25314158,0.983,0.166,1.129,0.978,0
6rpb,0,0.6610926,0.9284584,0.594237,0.5519729,0.8535321,0.9537605,0.881,0.594,2.904,0.882,0
6vrn,0,1.9445039,3.8033283,1.1000766,0.5542147,1.3223457,1.1584386,0.611,2.489,3.846,0.736,2
7n5p,4,0.5558846,0.82230157,0.41760007,0.42083958,0.39846623,1.6404804,0.923,0.364,2.694,0.915,0
8rj5,4,2.1623018,3.6868775,3.275919,1.2258384,4.056447,3.9329808,0.373,2.312,10.085,0.408,0
8v50,2,1.3432403,2.330026,1.4068366,0.9060699,2.881845,2.492006,0.797,1.17,2.413,0.844,1
3h9s,1,0.32449946,0.49695832,0.25288475,0.26224482,0.15903196,0.9309843,0.973,0.265,1.036,0.964,0
5hyj,4,0.36892307,0.48718932,0.3518115,0.3276724,0.5567835,0.48342168,0.957,0.308,0.972,0.923,0
5c09,1,0.4504056,0.5655007,0.52700853,0.39638904,0.2601424,0.60095227,0.916,0.276,2.417,0.854,0
1nam,4,0.24230896,0.32932314,0.23153986,0.21949896,0.35050175,0.32136554,0.893,0.227,2.135,0.76,0
8gvi,3,0.8203532,1.1266447,0.61849946,0.74757713,0.8566359,0.46875772,0.902,0.614,1.874,0.897,1
4jrx,1,0.5833178,0.5946125,0.54868597,0.5832016,0.40550295,0.7895076,0.86,0.437,4.536,0.881,0
9rxm,2,1.8908049,3.5291343,1.5412673,1.1830015,4.492478,3.5072644,0.431,2.147,6.064,0.303,0
4prh,4,0.37172836,0.41661206,0.29314205,0.36010346,0.39598596,0.2603469,0.804,0.297,8.669,0.959,0
3qdm,4,0.82794726,1.3389055,0.6402362,0.59756947,1.8868579,0.646051,0.877,0.858,2.369,0.95,0
3e2h,3,0.49271837,0.5660117,0.570904,0.45439106,0.5842386,0.50254655,0.938,0.414,0.459,0.889,0
5swz,1,0.69883525,1.0985856,0.6625729,0.56497675,0.69511396,0.7367948,0.814,0.778,3.561,0.803,0
6uz1,4,0.6542695,,1.6638167,0.40711594,,,0.007,22.675,65.683,0.0,0
5nht,0,0.7382888,0.9859941,0.6959993,0.6417217,0.47302443,0.9003581,0.856,0.616,1.822,0.758,0
8f5a,0,3.2195864,6.149946,3.3110373,1.5584486,8.095385,3.917898,0.153,4.674,20.17,0.214,0
8f5a,1,3.3158607,6.3500333,3.0632691,1.6626402,8.000206,3.878143,0.162,4.855,20.912,0.257,1
8es9,4,2.5244217,4.879708,1.3610126,1.4500936,4.9566584,5.0908017,0.37,3.857,8.169,0.46,0
5nht,1,0.7946746,1.1127316,0.7447742,0.664319,0.81070644,0.9908585,0.857,0.659,1.709,0.773,0
1fo0,4,0.34265488,0.6204741,0.21891235,0.26019096,1.0359144,0.44392017,0.951,0.381,1.002,0.929,0
5swz,0,0.70818853,1.0194795,0.6797099,0.6125041,0.40742704,0.79725224,0.856,0.721,2.709,0.848,0
4g9f,4,0.42615864,0.56109416,0.2222507,0.38346264,0.53902906,0.39611188,0.958,0.363,1.668,0.965,0
5c0b,4,0.36415353,0.24691603,0.32665092,0.39742678,0.19070378,0.20359717,0.98,0.191,0.68,0.962,0
3e2h,2,0.4937143,0.53112876,0.71151006,0.44905052,0.5426592,0.4754115,0.944,0.415,0.461,0.905,0
9rxm,3,1.9855865,3.712195,1.4976313,1.2546648,4.793861,3.7680812,0.403,2.24,6.564,0.273,0
3o4l,4,0.30006483,0.4360426,0.21506773,0.25014094,0.2836968,0.42921233,0.961,0.29,1.435,0.947,0
4jrx,0,0.5902917,0.5776201,0.5645995,0.59900063,0.41446698,0.63863015,0.838,0.457,5.72,0.91,0
8gvi,2,0.8220631,1.158203,0.5988503,0.7400665,0.83993375,0.47572148,0.889,0.635,2.183,0.882,1
2pye,4,0.65973884,1.0594236,0.23914869,0.45263395,0.31044877,0.4393539,0.928,0.618,1.768,0.97,0
5nmg,4,0.30695477,0.3878123,0.27821764,0.28210184,0.20165081,0.2863856,0.97,0.246,1.62,0.972,0
5c09,0,0.45286286,0.6006564,0.5126185,0.38589033,0.27718952,0.71186197,0.928,0.248,1.281,0.833,0
3h9s,0,0.3092442,0.4646617,0.2733652,0.25095633,0.16437395,0.937555,0.978,0.242,0.547,0.964,0
6vrn,1,2.1927352,4.2716117,1.1610222,0.6803617,1.227905,1.251544,0.641,2.507,2.749,0.755,2
8v50,3,1.4369116,2.5374177,1.4679902,0.94350576,3.043382,3.0803435,0.774,1.184,2.945,0.812,1
4ms8,4,2.0215237,3.2293565,1.250919,1.547606,3.2847881,1.5847391,0.53,2.207,6.074,0.611,0
3hg1,4,0.54048675,0.80928046,0.7114491,0.39903364,0.5125689,1.1388335,0.923,0.457,1.675,0.892,0
6rpb,1,0.6547004,0.91300666,0.6272998,0.54536736,0.7141838,1.0503354,0.847,0.525,4.857,0.897,0
9gv6,2,2.4635816,4.680774,1.6875836,1.3438904,4.901353,3.3453314,0.192,4.045,26.065,0.358,0
8rlv,2,1.561182,2.2463565,2.2070353,1.1575798,2.4001265,2.2528832,0.651,1.476,3.35,0.578,0
5m00,2,0.3080899,0.5384299,0.11764256,0.23694602,0.15099387,0.7721456,0.984,0.148,1.056,0.978,0
1kj2,1,0.24673136,0.3886856,0.19677632,0.1923845,0.27074546,0.240486,0.915,0.23,0.617,0.772,0
6uln,1,0.45633888,0.521277,0.6324483,0.42265755,0.4011203,0.56685925,0.945,0.34,0.987,0.898,0
5brz,4,0.3094911,0.43868086,0.23395717,0.2779809,0.53468966,0.35675856,0.944,0.255,3.185,0.982,0
3mv7,2,0.44154334,0.57853836,0.30223393,0.38859245,0.5494749,0.48291406,0.963,0.326,1.627,0.971,0
8eo8,1,2.5552099,4.618479,1.036846,1.4047937,4.1935735,6.4797516,0.308,2.816,13.488,0.419,1
5m02,0,0.35175493,0.48234123,0.19354586,0.32513297,0.4854244,0.25446996,0.957,0.262,1.588,0.935,0
8rlt,0,2.0913105,3.5857432,1.7255296,1.3490187,3.3036034,3.9774442,0.421,2.318,8.648,0.477,1
6tro,4,0.39484346,0.4056558,0.5453316,0.36974597,0.3886079,0.43000928,0.954,0.313,2.521,0.985,0
6vm9,0,0.5819586,0.70718056,0.71575946,0.52092814,0.32952583,0.9334023,0.931,0.424,2.063,0.923,0
5ivx,4,0.2015555,0.2763368,0.17409568,0.1743655,0.3083721,0.17771526,0.958,0.199,1.168,0.91,0
5wkh,4,0.4195272,0.5828023,0.47587752,0.35326448,0.45985353,0.4917655,0.967,0.34,1.598,0.985,0
5d2n,3,0.42243162,0.46129742,0.3158742,0.42022663,0.4010035,0.50281,0.955,0.35,1.969,0.969,0
8es8,3,1.3436286,2.4889557,1.0140709,0.78100985,2.5544512,2.5677347,0.658,1.648,3.929,0.696,1
4n5e,2,0.35481033,0.3435186,0.28830615,0.3639976,0.36232758,0.24512285,0.968,0.276,0.555,0.941,0
5e6i,4,3.0252824,5.7354684,1.6255767,1.8533309,6.960597,4.240758,0.206,4.574,14.299,0.259,0
4jff,2,0.47307104,0.6796233,0.67122954,0.34877318,0.8015363,0.8151974,0.94,0.239,2.952,0.952,0
5c0c,3,0.2978528,0.25758988,0.32778126,0.3059176,0.19757472,0.25432158,0.945,0.254,2.151,0.925,0
1mi5,0,0.42445117,0.36951447,0.5617277,0.42236856,0.46481976,0.268223,0.95,0.32,2.007,0.945,0
7rk7,1,0.30945194,0.36686915,0.23377112,0.29911402,0.360203,0.28715944,0.9,0.348,3.243,0.879,0
5bs0,4,0.25573087,0.33811295,0.23006472,0.23154734,0.52296364,0.2166995,0.968,0.19,1.643,0.955,0
6ulr,0,0.5964264,0.7985555,0.36463088,0.5544915,0.550438,0.8660276,0.887,0.641,1.809,0.86,0
7rm4,2,0.862125,1.337851,0.8751638,0.6072375,0.92275196,0.9574106,0.729,0.574,1.975,0.367,0
5e9d,4,0.17440782,0.2151252,0.16655725,0.1633842,0.17729771,0.24476248,0.993,0.179,0.766,1.0,0
7pbc,3,0.29367957,0.39547193,0.16562518,0.2553898,0.2722975,0.35555193,0.95,0.264,2.409,0.955,0
6dkp,3,0.66181743,1.1220872,0.44023502,0.40324926,0.367615,0.49267036,0.957,0.367,1.154,0.945,0
5d2l,1,1.718837,2.95779,1.0489516,1.0840517,2.502643,3.5273132,0.535,1.982,5.227,0.517,0
5c0a,1,0.38497972,0.65213054,0.195226,0.2745651,0.76849383,0.7017786,0.947,0.259,2.899,0.974,0
5nmf,3,0.60022914,0.6237115,0.6572556,0.5870522,0.50307083,0.4026164,0.878,0.392,4.702,0.932,0
4jfd,0,0.3341901,0.5020941,0.15574162,0.26885954,0.7486557,0.5850906,0.955,0.263,1.841,0.94,0
4prp,0,0.3921583,0.55878663,0.21274188,0.3207829,0.66967046,0.5304323,0.956,0.31,1.586,0.944,0
2ak4,4,0.44461033,0.616636,0.31064638,0.36414716,0.4297839,0.5100852,0.925,0.395,2.305,0.908,0
4pri,2,0.6304793,0.6502059,0.4971319,0.6373802,0.46204674,0.71636057,0.945,0.337,1.68,0.92,0
7n6e,0,0.8040327,1.1717916,0.58927196,0.6529447,1.3148754,0.6533377,0.859,0.607,3.971,0.897,0
3qfj,1,0.40880182,0.4717478,0.18386719,0.4022272,0.40509084,0.3927045,0.946,0.299,2.163,0.938,0
3sjv,2,0.79560906,1.0002455,0.5988356,0.749723,1.357768,0.81540585,0.828,0.694,4.166,0.855,0
8v4z,3,1.3532964,2.3193405,1.4163135,0.9097403,2.6437652,2.588717,0.72,1.201,4.2,0.746,1
6bj2,0,1.9822391,3.5025516,1.2752852,1.0459691,3.114262,4.02708,0.402,2.227,9.69,0.459,0
7ow6,2,0.3652749,0.4673863,0.27658653,0.3429433,0.24768153,0.7900193,0.951,0.287,1.595,0.923,0
8dnt,2,1.5565263,2.0985293,2.2340622,1.1723952,2.6592739,2.6613095,0.529,1.39,6.382,0.411,0
6vmc,3,0.4660388,0.7544961,0.6736632,0.30030483,0.4928416,0.59763616,0.961,0.338,1.126,0.948,0
2ol3,0,0.19114745,0.26836762,0.14569847,0.16960868,0.38933313,0.20600474,0.968,0.208,0.642,0.929,0
6q3s,2,0.9132068,0.9429679,1.2637705,0.85236484,1.044207,0.7151799,0.847,0.621,4.343,0.895,0
2gj6,3,0.30367035,0.4374369,0.21954817,0.24913052,0.28029114,0.40581402,0.977,0.29,1.043,0.983,0
3qdj,4,0.5172938,0.6888295,0.9430581,0.37440437,0.5776402,0.6898165,0.95,0.395,0.851,0.924,0
5til,2,0.4226465,0.61767733,0.31287828,0.36999926,0.3559489,0.41067612,0.898,0.392,3.746,0.921,0
2nx5,2,0.30450016,0.38648838,0.30155122,0.27584144,0.34752017,0.3053019,0.948,0.257,1.721,0.912,0
8v51,4,1.395736,2.2549977,1.5104018,1.0334058,3.084106,2.0754163,0.72,1.152,3.747,0.692,1
8shi,0,2.971193,5.020994,4.6042604,1.7519182,5.3492985,3.0105226,0.27,3.77,11.336,0.312,0
2p5e,1,0.33803335,0.34308016,0.5407654,0.30560735,0.4493684,0.26555943,0.957,0.296,1.256,0.93,0
3kxf,2,0.51759493,0.67600566,0.53759396,0.43197238,0.46970275,0.7646121,0.917,0.476,1.722,0.881,0
6rpa,4,0.6967209,1.105143,0.80875,0.471742,1.0803345,0.86228806,0.841,0.772,3.247,0.859,0
6vma,1,0.44941294,0.70719826,0.27006304,0.35653338,0.6895263,0.8332926,0.951,0.358,1.347,0.931,0
6zkw,3,0.3283001,0.34709352,0.5555931,0.29182187,0.45007738,0.17488872,0.964,0.25,1.438,0.945,0
6vmx,3,0.20806755,0.223021,0.19010776,0.2052934,0.20282964,0.29688165,0.975,0.173,2.19,1.0,0
4mnq,3,0.4498165,0.6012485,0.30623314,0.3908532,0.40588602,0.8818778,0.936,0.459,1.405,0.92,0
6g9q,1,0.248953,0.28340694,0.1435243,0.24727301,0.18352704,0.30251557,0.984,0.201,0.747,0.979,0
5w1w,1,0.46707523,0.5241926,0.25523674,0.46680075,0.5077309,0.4233643,0.947,0.345,1.464,0.921,0
6vrm,4,0.5558344,0.64872164,0.5939397,0.5171868,0.6155038,0.70714456,0.893,0.555,2.679,0.889,0
5w1w,0,0.47145444,0.5335177,0.25394443,0.4700625,0.51906157,0.33594474,0.94,0.335,1.734,0.908,0
5wlg,4,0.29472607,0.46378848,0.17902069,0.2225268,0.34589815,0.29257235,0.926,0.319,3.077,0.938,0
7pbe,4,0.6989166,0.89576507,0.87710285,0.58535624,0.9060931,0.832674,0.856,0.831,2.52,0.883,0
4mnq,2,0.43938115,0.5986623,0.31305867,0.37349924,0.42056602,0.8955279,0.939,0.471,1.619,0.943,0
6g9q,0,0.2490885,0.31854978,0.15099595,0.23483981,0.16599785,0.31707743,0.972,0.244,1.636,0.979,0
6vmx,2,0.21408167,0.23370805,0.18451956,0.21097559,0.21671051,0.2840981,0.96,0.181,2.91,1.0,0
6zkw,2,0.422728,0.48090407,0.5639211,0.39014328,0.43517846,0.17276824,0.977,0.271,1.215,0.982,0
6vma,0,0.38084757,0.51217675,0.23236194,0.3461912,0.561636,0.40569705,0.95,0.261,1.575,0.914,0
3kxf,3,0.5815961,0.8106234,0.554302,0.45880052,0.5275298,0.9247035,0.897,0.545,1.827,0.851,0
2p5e,0,0.4776432,0.6180431,0.51299196,0.4038497,0.6191586,0.6484342,0.923,0.524,2.256,0.944,0
8shi,1,3.074124,5.2340946,4.5307937,1.8401185,5.8110023,3.1518176,0.217,3.955,13.808,0.25,0
5til,3,0.38694003,0.5177681,0.30334476,0.3555602,0.3505838,0.40813833,0.889,0.383,4.151,0.921,0
2nx5,3,0.3040764,0.38060734,0.27347726,0.28104997,0.40544054,0.2658957,0.956,0.255,1.08,0.912,0
2gj6,2,0.32411253,0.4720135,0.22937894,0.2631646,0.31186217,0.4237708,0.964,0.313,1.094,0.949,0
6q3s,3,0.8975315,0.90424496,1.2572603,0.84466964,0.7388872,0.8851764,0.845,0.573,4.497,0.882,1
2ol3,1,0.20467147,0.29933974,0.15472639,0.17654334,0.34767628,0.23602737,0.972,0.271,0.583,0.952,0
6vmc,2,0.49631265,0.7705495,0.6842658,0.34954423,0.5060482,0.66034824,0.944,0.399,1.93,0.948,0
7ow6,3,0.3175502,0.4080587,0.2682004,0.29537854,0.18969382,0.7984986,0.951,0.3,1.541,0.923,0
8dnt,3,1.5383433,2.119537,2.1520567,1.1389879,2.73997,2.658337,0.484,1.269,8.724,0.384,0
6bj2,1,1.4633697,2.2214432,1.1466589,1.0943608,2.991808,1.7167711,0.663,1.344,6.215,0.784,1
5m01,4,0.33802095,0.50729734,0.113063656,0.29777294,0.16905268,0.7152348,0.961,0.243,1.532,0.941,0
9gv7,4,8.261575,17.516535,3.9761457,2.860421,15.109265,20.418077,0.022,15.228,34.342,0.0,0
8v4z,2,1.441817,2.2199638,2.0531847,1.0330106,2.6738021,2.1614823,0.695,1.345,4.017,0.714,1
3sjv,3,0.78407425,0.956778,0.5898992,0.7489753,1.3058939,0.8460613,0.847,0.647,2.721,0.79,0
3qfj,0,0.3777743,0.40457734,0.17649928,0.3839507,0.35232425,0.2582021,0.943,0.262,1.939,0.908,0
7n6e,1,0.81345487,1.1471007,0.59178317,0.68463016,1.084647,0.7596253,0.81,0.629,6.398,0.941,1
4pri,3,0.61595416,0.61487836,0.46512425,0.63323176,0.5201373,0.6231395,0.938,0.357,2.246,0.933,0
5c0a,0,0.4559962,0.79155916,0.19924735,0.31325427,0.90270096,0.6601439,0.927,0.403,2.799,0.947,0
4mji,4,0.38479415,0.4626588,0.39575616,0.3595299,0.48123828,0.29928926,0.929,0.366,1.26,0.864,1
4prp,1,0.38215587,0.5118874,0.26653248,0.3289555,0.6552569,0.34267044,0.949,0.291,2.139,0.944,0
4jfd,1,0.322361,0.44766364,0.16011614,0.28048238,0.7409596,0.36353007,0.964,0.251,1.854,0.964,0
5nmf,2,0.60829216,0.708738,0.6647914,0.5697667,0.5806313,0.44497848,0.836,0.457,6.27,0.946,0
5jhd,4,0.5096739,0.76404595,0.2849976,0.42305258,0.41624284,0.47844294,0.922,0.468,2.387,0.929,0
6dkp,2,0.70698124,1.1962209,0.49621803,0.43040028,0.40154156,0.52523494,0.957,0.392,1.297,0.959,0
5d2l,0,1.4417768,2.414055,1.0186927,0.9549667,2.2283106,2.952305,0.625,1.579,5.57,0.7,1
7pbc,2,0.2840829,0.35117075,0.17793646,0.26304463,0.29376972,0.30253485,0.96,0.297,1.665,0.955,0
2ypl,4,0.2913809,0.4498666,0.27781546,0.20150669,0.3276782,0.5784789,0.937,0.31,3.269,0.98,0
6ulr,1,0.5732744,0.71873933,0.3552255,0.54845685,0.46944037,0.8231132,0.872,0.614,2.854,0.86,0
7rm4,3,0.8138562,1.2361143,0.83275396,0.5926468,0.81250244,0.97569925,0.725,0.52,2.575,0.367,0
1mi5,1,0.44198352,0.4032565,0.5543414,0.4392979,0.4873563,0.3187875,0.963,0.363,1.021,0.959,0
7rk7,0,0.29895422,0.28593922,0.22120795,0.30894965,0.24397707,0.3708324,0.891,0.256,4.563,0.924,0
4jff,3,0.50220764,0.56155944,0.6072896,0.46860605,0.81532115,0.6742399,0.956,0.233,2.181,0.952,0
5c0c,2,0.29713988,0.27396607,0.32416922,0.3007995,0.1590363,0.50255245,0.965,0.25,0.424,0.925,0
4qrp,4,0.31275716,0.4743543,0.22034924,0.26320192,0.28783196,0.44386148,0.957,0.339,1.273,0.942,0
4n5e,3,0.32878262,0.3318732,0.20741035,0.33769166,0.3526582,0.25716707,0.973,0.269,0.704,0.956,0
8es8,2,1.1996906,2.0230963,0.97443223,0.8480177,2.44393,1.077088,0.69,1.474,4.539,0.783,1
5d2n,2,0.41170597,0.5084077,0.365541,0.38564196,0.37952888,0.4995903,0.93,0.434,2.058,0.922,0
4n5e,1,0.3540096,0.36538908,0.2348524,0.36051682,0.42385125,0.28857815,0.972,0.29,0.547,0.956,0
5d2n,0,0.49688193,0.60016584,0.37708777,0.47543424,0.45518,0.5932055,0.958,0.383,1.577,0.969,0
8es8,0,1.5387914,2.8243208,0.9746608,0.9454851,2.848606,2.7208211,0.531,2.008,5.689,0.543,1
5c0c,0,0.3170191,0.3144041,0.4735292,0.29327357,0.17091095,0.57880723,0.956,0.258,0.843,0.906,0
4jff,1,0.5619258,0.6899536,0.60446525,0.5070394,0.80038124,0.8367343,0.953,0.226,2.344,0.952,0
7rm4,1,0.8213357,1.2829168,0.8688572,0.5660897,1.0263263,0.9063473,0.691,0.634,3.466,0.367,0
6ulr,3,0.55926037,0.64318705,0.3678979,0.5507613,0.5564084,0.7608049,0.883,0.641,1.265,0.825,0
7rk7,2,0.29901838,0.33473647,0.22097544,0.29564142,0.26923665,0.44146526,0.897,0.273,3.46,0.864,0
1mi5,3,0.42763388,0.41783792,0.5513529,0.41583225,0.47645307,0.3095063,0.961,0.39,1.381,0.973,0
7pbc,0,0.2991034,0.3781504,0.16286641,0.27409834,0.28851977,0.35340327,0.964,0.284,1.435,0.955,0
5d2l,2,1.4481544,2.3945017,0.9574707,0.9910179,2.2218266,2.8879,0.673,1.598,3.786,0.717,0
6dkp,0,0.67907774,1.1612136,0.56026757,0.3900951,0.39327002,0.49576643,0.944,0.393,1.303,0.918,0
4ftv,4,0.6225932,1.0448478,0.62027717,0.32824433,0.27959284,0.61308026,0.96,0.278,0.613,0.918,0
5nmf,0,0.6088847,0.7095265,0.6808667,0.56840515,0.6683547,0.40005207,0.857,0.435,5.54,0.946,0
4jfd,3,0.3176559,0.43434447,0.15934442,0.27996153,0.746777,0.33422333,0.966,0.245,1.478,0.952,0
4prp,3,0.37936276,0.5479961,0.22074834,0.30352414,0.62969774,0.6054799,0.958,0.291,1.577,0.944,0
5c08,4,0.3486252,0.43821684,0.19776647,0.33008292,0.16855776,0.5000945,0.967,0.27,0.741,0.939,0
5c0a,2,0.4097605,0.7000482,0.18579443,0.28961807,0.9174752,0.5412048,0.945,0.32,2.773,0.974,0
4qrr,4,0.22914688,0.25712,0.17947423,0.22407725,0.19596906,0.2246864,0.971,0.181,1.736,0.968,0
3sjv,1,0.78690207,0.96157944,0.59185797,0.7512286,1.3504199,0.7135308,0.837,0.698,3.088,0.806,0
3qfj,2,0.35447207,0.43492094,0.17431831,0.33648163,0.41387463,0.2958087,0.938,0.271,1.875,0.892,0
8v4z,0,1.1785448,1.9191968,1.1141993,0.8755901,2.3959346,1.4350936,0.785,1.025,3.581,0.825,1
4pri,1,0.609896,0.66689914,0.46522337,0.6011483,0.5361204,0.6611981,0.937,0.349,1.834,0.907,0
7n6e,3,0.7443314,1.1109499,0.4772247,0.5946811,1.0189319,0.61138976,0.885,0.473,3.578,0.897,0
4jry,4,4.492161,10.195405,2.9278524,2.6071372,9.113643,10.477646,0.175,5.449,10.925,0.078,0
6bj2,3,2.1518612,3.6646452,1.3462696,1.2963595,4.611616,1.8006386,0.343,2.808,11.006,0.432,1
6vmc,0,0.44301552,0.62692916,0.6890346,0.33216724,0.49700177,0.64408094,0.958,0.342,1.356,0.948,0
8dnt,1,1.5717669,2.1564255,2.1839674,1.1733669,2.6402943,2.7288733,0.496,1.318,8.282,0.411,0
7ow6,1,0.34097844,0.46974686,0.2797601,0.30649495,0.21325493,0.84931237,0.955,0.295,1.209,0.923,0
2gj6,0,0.32122654,0.45756578,0.19694772,0.26973665,0.3036628,0.4107268,0.972,0.313,0.826,0.966,0
2ol3,3,0.20618466,0.30227408,0.14223237,0.17871368,0.38908413,0.21328494,0.965,0.25,0.72,0.929,0
6q3s,1,0.8971697,0.91819894,1.2620457,0.83743954,0.9738484,0.73657495,0.88,0.579,3.22,0.895,0
4mxq,4,0.8113855,1.0125085,0.7788565,0.7451717,1.4048804,0.82265884,0.933,0.438,1.169,0.896,0
8shi,3,3.0550253,5.2419453,4.7277436,1.7384855,5.8070664,2.9757097,0.233,3.961,13.545,0.292,1
2nx5,1,0.30646282,0.4089032,0.28410643,0.27148482,0.38555473,0.3159096,0.949,0.277,1.191,0.9,0
8rro,4,2.8736048,5.633528,1.2379807,1.4232397,7.3027925,2.3839428,0.284,4.086,11.68,0.388,0
5til,1,0.43178335,0.6389483,0.30669716,0.37579072,0.6097306,0.48773807,0.907,0.378,3.221,0.905,0
8rlu,4,1.5731312,2.3841474,1.4300156,1.2143757,2.4517655,2.0148501,0.604,1.6,4.724,0.581,0
2oi9,4,0.5679797,0.67981523,0.6918253,0.5028497,0.36257958,0.30127504,0.922,0.454,0.758,0.857,0
2p5e,2,0.36194068,0.4250118,0.5075513,0.31207514,0.50684655,0.32360092,0.957,0.386,1.311,0.958,0
3kxf,1,0.51339483,0.66357267,0.51235384,0.43645194,0.48346764,0.703926,0.937,0.465,1.409,0.925,0
7rrg,4,0.26948225,0.4578492,0.3483601,0.20764643,0.5390985,0.4155587,0.922,0.334,2.124,0.873,1
6vm8,4,0.41715878,0.575193,0.5046654,0.32904372,0.5765182,0.27828345,0.78,0.278,4.857,0.619,0
6zkw,0,0.33858797,0.4820747,0.36473387,0.28947785,0.43907434,0.17767052,0.97,0.27,1.267,0.964,1
6vma,2,0.37043852,0.4757699,0.22382286,0.34636027,0.66544926,0.22764052,0.967,0.275,1.037,0.948,0
6g9q,2,0.22249976,0.27179244,0.1492834,0.21342449,0.1652438,0.30062702,0.981,0.212,1.066,0.979,0
4mnq,0,0.430928,0.64366513,0.3167335,0.3260292,0.42897528,1.0629616,0.907,0.507,2.792,0.92,0
6vmx,0,0.21312906,0.22713317,0.17513585,0.21277435,0.19284593,0.30641302,0.974,0.161,1.947,0.982,0
3d39,4,0.66681814,1.1709379,1.0698677,0.3342627,0.4585914,0.43405595,0.891,0.567,1.315,0.821,0
5w1w,2,0.5069867,0.5696526,0.3057758,0.50491303,0.55256516,0.35405752,0.95,0.378,1.66,0.947,0
5w1w,3,0.48265734,0.5543993,0.2776868,0.47781628,0.4718756,0.33275563,0.948,0.31,1.28,0.908,0
6vmx,1,0.21102698,0.22360802,0.18295203,0.21013494,0.22720538,0.24746601,0.979,0.197,1.859,1.0,0
6g9q,3,0.22302134,0.3261383,0.14872266,0.1920527,0.20668654,0.31390113,0.966,0.252,1.541,0.957,0
4mnq,1,0.44927162,0.6026627,0.37359905,0.38214198,0.42561924,0.9092313,0.946,0.445,0.913,0.931,0
6vma,3,0.40061834,0.5755234,0.21426955,0.34917152,0.6850898,0.42940697,0.956,0.297,0.792,0.914,0
6zkw,1,0.33506334,0.3924736,0.47329792,0.3018607,0.45747945,0.20576674,0.974,0.277,1.39,0.982,0
5tje,4,0.46873572,0.538466,0.3675893,0.45968673,0.36359292,0.43097174,0.916,0.36,3.75,0.966,0
3kxf,0,0.47333497,0.6072724,0.5214057,0.3966903,0.50011396,0.659251,0.932,0.405,1.897,0.91,0
2p5e,3,0.44539127,0.58324283,0.5220226,0.36583072,0.5840523,0.6582222,0.939,0.454,2.067,0.958,0
5yxu,4,0.801664,1.1341739,0.49336976,0.65295863,1.6228795,1.0454018,0.848,0.657,4.141,0.896,0
2nx5,0,0.30877838,0.4143633,0.29569307,0.27126482,0.38707444,0.2978433,0.953,0.289,1.172,0.912,0
5til,0,0.39426392,0.5282699,0.292342,0.36340714,0.32303143,0.4952323,0.918,0.359,3.281,0.937,0
5yxn,4,0.3981887,0.46544266,0.2927568,0.37796646,0.26502588,0.51465195,0.954,0.287,0.995,0.91,0
8shi,2,3.1485922,5.449968,4.658778,1.8079143,6.0279217,2.953605,0.222,4.145,13.601,0.271,1
6q3s,0,0.90989554,0.94010454,1.2672985,0.8476747,0.9638302,0.7241753,0.867,0.625,3.874,0.921,0
2ol3,2,0.22111125,0.33671972,0.15543598,0.18559636,0.43450433,0.2516482,0.971,0.273,0.747,0.952,0
2gj6,1,0.321859,0.46477872,0.17631583,0.2680318,0.29558763,0.4090158,0.98,0.305,0.567,0.983,0
8dnt,0,1.7097893,2.4172323,2.1979153,1.2615277,2.892391,2.8881783,0.416,1.625,10.028,0.37,0
7ow6,0,0.32744345,0.4491563,0.2612154,0.29567072,0.20430993,0.8110012,0.955,0.294,1.244,0.923,0
6vmc,1,0.5012922,0.7831394,0.7050014,0.3470605,0.49510688,0.64852697,0.941,0.408,2.055,0.948,0
6bj2,2,1.3963788,2.1136081,1.1744105,1.039453,2.5137415,1.7543414,0.646,1.384,5.269,0.676,3
7n6e,2,0.8428901,1.203449,0.6331787,0.69831294,1.1139749,0.6558521,0.761,0.616,6.877,0.824,0
4pri,0,0.6521823,0.6699729,0.57967055,0.65341675,0.47523028,0.71823823,0.946,0.345,1.193,0.907,0
8v4z,1,1.367168,2.366895,1.3687739,0.911837,2.7122865,2.6892452,0.728,1.201,4.077,0.762,2
3qfj,3,0.3974896,0.45510396,0.17453906,0.39281633,0.41522893,0.29622528,0.949,0.283,1.39,0.908,0
3sjv,0,0.7500876,0.8908862,0.5845264,0.7230928,1.2953284,0.7845367,0.846,0.679,3.309,0.839,0
4prp,2,0.41045946,0.53210866,0.25848,0.3670078,0.65849984,0.44745493,0.962,0.312,1.513,0.958,0
4jfd,2,0.32371053,0.4541488,0.14037727,0.28020975,0.8707583,0.3056641,0.967,0.254,1.275,0.952,0
5nmf,1,0.6237896,0.6724564,0.68025327,0.60283834,0.6254034,0.40185636,0.881,0.392,4.776,0.946,0
5c0a,3,0.41305056,0.71487117,0.17698883,0.2856918,0.8620173,0.5780244,0.95,0.348,2.361,0.974,0
5d2l,3,8.571026,17.58742,0.87655026,0.8746043,12.033754,14.368603,0.063,15.728,33.052,0.117,1
6dkp,1,0.72136915,1.1796796,0.4377444,0.48470536,0.43141747,0.50232506,0.946,0.438,1.496,0.945,0
7pbc,1,0.28553164,0.3763291,0.1773463,0.25196978,0.25021482,0.33752084,0.964,0.279,1.48,0.955,0
7rk7,3,0.29067904,0.3135633,0.21091297,0.29118288,0.2123115,0.36235377,0.908,0.268,3.429,0.894,0
1mi5,2,0.4353914,0.40333012,0.5562396,0.42989653,0.48621458,0.33144474,0.959,0.357,1.783,0.973,0
7rm4,0,0.8857151,1.337841,0.77763516,0.6686011,0.9974635,1.0492861,0.681,0.672,3.396,0.347,0
4l3e,4,0.5978489,0.8089812,0.3653099,0.51781756,0.8185535,0.32304442,0.961,0.348,1.041,0.947,0
6ulr,2,0.5689731,0.6862806,0.43612513,0.5476358,0.537164,0.8189372,0.883,0.565,1.956,0.825,0
5c0c,1,0.2644813,0.213592,0.30756375,0.27336517,0.19610575,0.23798214,0.973,0.188,0.846,0.943,0
4jff,0,0.52427995,0.53407973,0.6090062,0.5118389,0.7979852,0.7700272,0.952,0.23,2.199,0.94,0
8es8,1,1.6011058,2.9909372,1.062407,0.9294838,2.6440217,3.006886,0.576,2.103,3.919,0.565,1
5d2n,1,0.493322,0.5852785,0.28187817,0.4816471,0.34884065,0.45694503,0.951,0.354,1.53,0.938,0
4nhu,4,5.305207,8.127432,3.5342088,3.7024813,3.0814435,9.080908,0.16,6.537,16.64,0.222,0
4n5e,0,0.3524508,0.3258323,0.21794961,0.37042177,0.2973792,0.3047572,0.965,0.263,0.437,0.926,0
4jff,4,0.48764345,0.5736462,0.42962396,0.4608328,0.6747862,0.78284365,0.951,0.23,2.029,0.929,0
4qrp,3,0.31555027,0.4822572,0.23114754,0.26301128,0.32950836,0.44732112,0.956,0.364,1.193,0.942,0
4n5e,4,0.33704042,0.32828847,0.23642184,0.34798795,0.3243948,0.31011063,0.965,0.249,0.659,0.926,0
5e6i,2,3.1859517,5.8894653,1.8594514,2.0587323,7.2505417,3.1796756,0.273,4.328,10.919,0.333,1
4nhu,0,4.83175,7.056399,3.892824,3.5845993,3.0501513,6.772381,0.198,5.382,15.373,0.289,0
5e9d,2,0.15749684,0.17405312,0.15806323,0.15299442,0.14632824,0.18961188,0.989,0.134,0.362,0.977,0
2ypl,3,0.30666044,0.4681987,0.27665344,0.21908554,0.3449355,0.5827371,0.928,0.325,3.582,0.98,0
5bs0,2,0.2551595,0.33375916,0.23621334,0.23171556,0.5153218,0.20897101,0.963,0.176,1.964,0.955,0
4l3e,0,0.68935525,1.0624461,0.38235584,0.5126883,0.82244307,0.3113608,0.956,0.342,1.104,0.934,0
7rm4,4,0.83067244,1.3369583,0.8041823,0.55200946,0.8591576,0.8644841,0.726,0.525,2.506,0.367,0
5c08,1,0.3729043,0.47105086,0.20838514,0.35232976,0.15954141,0.56353545,0.957,0.311,1.379,0.939,0
4mji,3,0.39180097,0.509353,0.35369083,0.35642177,0.52054507,0.30842257,0.934,0.36,1.171,0.875,1
2ak4,2,0.48128927,0.7436927,0.33334172,0.33018738,0.6639183,0.5038322,0.893,0.449,3.741,0.923,0
4qrr,1,0.21877347,0.22956958,0.21317115,0.21570505,0.21731219,0.19178833,0.962,0.166,2.331,0.968,0
5jhd,3,0.47510806,0.65549725,0.27928132,0.42201898,0.40169334,0.4796904,0.922,0.464,2.142,0.914,0
4ftv,1,0.6378435,1.071816,0.6242509,0.33686933,0.3206929,0.8380292,0.948,0.277,0.943,0.89,0
4jry,1,4.479358,10.09393,3.0386212,2.6312022,8.53586,10.076845,0.168,5.521,12.062,0.104,1
3sjv,4,0.7837346,0.97607976,0.5874751,0.7419939,1.3880963,0.8802963,0.834,0.744,3.197,0.823,0
4pri,4,0.63960147,0.69762516,0.48415798,0.6316159,0.4748148,0.71278715,0.949,0.391,1.296,0.933,0
7ow6,4,0.3354647,0.4690668,0.27378306,0.2990105,0.22071974,0.807802,0.959,0.295,1.32,0.938,0
8dnt,4,1.542264,2.0968966,2.1276536,1.1677665,2.7079723,2.6769328,0.518,1.293,7.005,0.384,0
5m01,3,0.3577226,0.6095254,0.12008878,0.28134567,0.24149242,0.7048649,0.946,0.246,1.157,0.882,0
9gv7,3,8.390785,17.86485,3.9148152,2.795685,15.47931,20.862558,0.025,15.357,36.066,0.014,0
8v51,2,1.4935595,2.5131443,1.450296,1.0684558,2.9145086,3.1227672,0.749,1.208,3.905,0.815,0
4mxq,1,0.80205065,1.0127654,0.8233687,0.7261645,1.4096795,0.7922049,0.9,0.477,1.228,0.812,0
5yxn,0,0.38314906,0.52503884,0.30791217,0.317833,0.21442035,0.3487511,0.939,0.251,2.031,0.897,1
5til,4,0.41986382,0.635343,0.2893639,0.3601728,0.6095791,0.34693494,0.88,0.332,4.904,0.937,0
2nx5,4,0.31842944,0.42198017,0.30571315,0.2820405,0.4082621,0.33880308,0.945,0.284,1.111,0.887,0
8rro,1,2.8920686,5.688618,1.33092,1.403014,7.0657563,2.53051,0.274,4.219,11.92,0.373,0
3qdj,2,0.5681524,0.824026,0.925855,0.3880093,0.6621166,0.38664687,0.961,0.386,0.8,0.955,0
6q3s,4,0.905746,0.9499942,1.2597249,0.83796805,0.9523346,0.9008611,0.873,0.564,3.614,0.895,0
5tje,0,0.45947358,0.523374,0.38595656,0.44976327,0.34724924,0.42389363,0.93,0.331,3.26,0.966,0
6vm8,1,0.45043853,0.6668466,0.52700084,0.32662702,0.6907931,0.30121392,0.742,0.329,5.989,0.603,0
8rlu,1,1.2310324,1.6496269,1.0513624,1.078319,2.0957818,1.5849382,0.772,0.912,2.431,0.661,0
5yxu,0,0.8207295,1.1737379,0.4974517,0.6602557,1.6182692,1.0406712,0.876,0.623,3.353,0.91,0
7rrg,1,0.2889758,0.5016043,0.3320679,0.22459842,0.4532619,0.48807383,0.94,0.37,1.779,0.921,1
2oi9,1,0.54221356,0.61633134,0.75827396,0.47990748,0.3118871,0.35982984,0.919,0.477,0.811,0.857,0
6rpa,2,0.62259066,0.9720284,0.79105836,0.41964057,0.96742344,0.73383135,0.894,0.627,2.489,0.91,0
3kxf,4,0.5055338,0.7060696,0.4992498,0.39469314,0.45484498,0.5518564,0.919,0.409,1.724,0.866,0
6vrm,2,0.59619504,0.7884472,0.6424218,0.51176083,0.59952337,0.77829444,0.878,0.627,3.977,0.963,0
3d39,1,0.6554789,1.1576536,1.0621431,0.31854513,0.48174283,0.3691577,0.889,0.559,1.519,0.821,0
5wlg,3,0.27650276,0.4246284,0.17010573,0.21567687,0.3539508,0.25600246,0.959,0.288,1.72,0.953,0
7pbe,3,0.6342306,0.7889041,0.87814933,0.52864444,0.74377894,0.7252048,0.875,0.747,2.375,0.896,0
6vmx,4,0.20870335,0.22189488,0.18315797,0.20734015,0.21344349,0.27190322,0.973,0.167,2.328,1.0,0
4mnq,4,0.4583478,0.5838605,0.30749467,0.41521874,0.37468985,0.8894055,0.939,0.465,1.669,0.943,0
5wlg,2,0.30406278,0.46995446,0.1843841,0.23539768,0.30290544,0.2695296,0.954,0.327,1.868,0.953,0
7pbe,2,0.6577437,0.93327653,0.7023375,0.51817477,0.9208061,0.79453015,0.838,0.843,2.903,0.857,0
6vrm,3,0.58057415,0.7758715,0.48876572,0.510744,0.51361126,0.79317135,0.911,0.614,2.298,0.944,0
3d39,0,0.63884294,1.1124412,1.0518825,0.32145086,0.5218306,0.46226433,0.921,0.498,1.541,0.893,0
7rrg,0,0.25165647,0.4067968,0.30461705,0.20490427,0.44777766,0.38969734,0.955,0.279,0.69,0.905,0
6rpa,3,0.6576271,1.0269474,0.7171539,0.46593633,1.0474151,0.764945,0.874,0.707,3.139,0.923,0
2oi9,0,0.55894345,0.6886438,0.7214221,0.47801882,0.38663992,0.2820625,0.912,0.484,0.858,0.841,0
5yxu,1,0.8210354,1.168632,0.5402503,0.6610589,1.5776958,0.84372807,0.881,0.624,3.126,0.91,0
8rlu,0,1.6526039,2.0955698,3.2632651,1.2077669,2.1243834,2.1543696,0.617,1.384,4.742,0.548,2
5tje,1,0.46278605,0.5047424,0.41401252,0.4568558,0.31577945,0.37354067,0.926,0.335,3.66,0.983,0
6zkw,4,0.37096855,0.362128,0.55772525,0.34984657,0.45573062,0.19252597,0.967,0.253,1.133,0.945,0
6vm8,0,0.4269359,0.6139498,0.4657126,0.32785705,0.5702053,0.2554317,0.748,0.305,6.475,0.651,0
2gj6,4,0.31378612,0.44210854,0.22460927,0.2636214,0.33291468,0.42080703,0.977,0.322,0.7,0.983,0
3qdj,3,0.4968286,0.62337863,0.89440924,0.38517705,0.59933054,0.31496188,0.937,0.355,1.024,0.879,0
5yxn,1,0.3857417,0.4716148,0.30702507,0.35372365,0.19711772,0.4495836,0.941,0.299,2.391,0.936,0
8rro,0,2.8230522,5.559047,1.3064469,1.3615264,6.8770733,2.607641,0.276,4.125,12.268,0.388,0
8v51,3,1.4580189,2.1990933,1.6194222,1.1593822,2.7278578,1.8625307,0.75,1.248,2.732,0.754,1
4mxq,0,0.8141292,1.0198046,0.9273161,0.7298854,1.3390559,0.9734546,0.914,0.483,1.132,0.854,0
5m01,2,0.34483913,0.55339444,0.11744234,0.28801253,0.1750875,0.6057956,0.961,0.253,0.918,0.922,0
9gv7,2,8.408714,17.926205,3.6674871,2.7984695,15.214263,21.017965,0.02,15.427,36.457,0.0,0
6vmc,4,0.46681076,0.6921139,0.68426543,0.34069777,0.48370177,0.61054236,0.975,0.303,1.187,0.983,0
8v4z,4,1.6376004,2.9327106,1.4882131,1.0417144,2.7177956,4.039243,0.71,1.366,3.946,0.762,1
4jry,0,4.474592,10.333068,2.8791406,2.4745436,11.755277,9.767901,0.147,6.692,15.276,0.156,2
6dkp,4,0.70217144,1.2073201,0.42677537,0.41456854,0.38624159,0.49359816,0.944,0.414,1.017,0.918,0
4ftv,0,0.6070322,1.0297779,0.6188898,0.3025024,0.27992624,0.60986304,0.963,0.265,0.955,0.932,0
5jhd,2,0.4893449,0.69868284,0.31599212,0.4215153,0.2395009,0.5870306,0.927,0.462,1.888,0.914,0
4qrr,0,0.22109212,0.25847352,0.17566378,0.21193604,0.2296384,0.20747012,0.923,0.174,3.607,0.935,0
5c08,0,0.35199356,0.45077953,0.20052625,0.32976955,0.15012813,0.50145096,0.964,0.277,0.974,0.939,0
2ak4,3,0.43034166,0.6243208,0.30457592,0.3306763,0.4151511,0.5181165,0.91,0.349,3.252,0.908,0
4mji,2,0.39015818,0.48002192,0.36782545,0.36376616,0.4977498,0.29827935,0.936,0.37,0.893,0.875,1
5nmf,4,0.63207686,0.6784037,0.66096145,0.6150165,0.63725114,0.41105133,0.891,0.387,4.198,0.932,0
5bs0,3,0.26069003,0.34875968,0.24653994,0.23310821,0.5139676,0.19470915,0.972,0.185,1.326,0.955,0
4l3e,1,0.60805404,0.7597189,0.26250333,0.56690234,0.8020087,0.32952374,0.96,0.376,1.293,0.961,0
2ypl,2,0.2868631,0.41564932,0.28319567,0.21839006,0.25282016,0.57153267,0.933,0.281,3.536,0.98,0
5e9d,3,0.18021323,0.26227957,0.17139626,0.15379202,0.21584283,0.2798626,0.987,0.237,1.069,1.0,0
7pbc,4,0.3212557,0.40581852,0.20920101,0.29244986,0.29871804,0.39042255,0.96,0.311,1.917,0.97,0
8es8,4,1.5828292,2.9856265,0.9855538,0.9002413,3.1670437,2.9170454,0.551,2.101,5.752,0.63,1
5d2n,4,0.48338735,0.53623414,0.37350968,0.4774569,0.4151257,0.5612364,0.945,0.434,1.731,0.953,0
4nhu,1,4.9251103,7.133954,3.788795,3.7339106,3.130677,6.956828,0.192,5.424,15.246,0.267,0
5e6i,3,3.259017,6.180818,1.8101128,1.9890709,7.247825,4.3303094,0.222,4.537,12.177,0.241,0
4qrp,2,0.32456598,0.48760346,0.2158027,0.27640685,0.35332045,0.4534182,0.95,0.378,1.588,0.942,0
5c0c,4,0.23673014,0.23044652,0.32149145,0.2263518,0.15573938,0.2799287,0.962,0.198,0.508,0.906,0
4qrp,0,0.32043335,0.48089617,0.22643675,0.27200928,0.3343682,0.44382393,0.964,0.384,1.142,0.971,0
5e6i,1,3.3899825,6.3754716,1.9656037,2.1053882,7.7945127,3.5507867,0.241,4.638,12.565,0.315,1
4nhu,3,4.9193373,7.1270666,3.9334724,3.7041721,3.0638666,6.861069,0.177,5.483,16.162,0.244,1
5e9d,1,0.16435821,0.19441374,0.16455857,0.15587069,0.15624961,0.21442804,0.994,0.165,0.626,1.0,0
2ypl,0,0.31259924,0.48390707,0.29174215,0.21614876,0.34219876,0.60309696,0.922,0.335,3.796,0.98,0
7rk7,4,0.30088213,0.32786065,0.23158418,0.299455,0.24100001,0.3475233,0.892,0.279,4.244,0.909,0
4l3e,3,0.5988345,0.7090599,0.35905406,0.57184064,0.8052016,0.2859284,0.952,0.335,1.143,0.921,0
5bs0,1,0.26620662,0.36907014,0.22757591,0.23533547,0.5114809,0.23738247,0.967,0.196,2.009,0.97,0
4qrr,2,0.21468285,0.22788289,0.20325713,0.21137354,0.20646517,0.177684,0.977,0.16,0.885,0.952,0
4mji,0,0.37862518,0.42933115,0.39063126,0.362403,0.4875503,0.29871324,0.935,0.365,1.413,0.886,2
2ak4,1,0.38646773,0.5605378,0.32318747,0.29003197,0.31214818,0.48618385,0.908,0.365,3.695,0.938,0
5c08,2,0.35047132,0.4097549,0.19733486,0.34382448,0.16253373,0.4920058,0.948,0.272,2.206,0.939,0
5c0a,4,0.38670552,0.6536334,0.19429779,0.27699703,0.8134065,0.71204233,0.961,0.256,2.645,1.0,0
5d2l,4,8.635998,17.707525,1.0385467,0.9517076,11.269742,15.165052,0.068,15.716,33.153,0.133,1
4ftv,2,0.61413604,1.0435575,0.62600046,0.30372018,0.2783469,0.5675889,0.964,0.284,0.664,0.932,0
5jhd,0,0.53632003,0.71882665,0.28891554,0.48748264,0.4307037,0.5179387,0.952,0.439,1.246,0.957,0
4jry,2,4.423061,10.140598,2.996768,2.4757574,10.868552,9.797255,0.167,6.273,13.267,0.156,2
3qfj,4,0.4007242,0.4590592,0.18243292,0.3955853,0.4237025,0.36384457,0.959,0.28,1.465,0.938,0
9gv7,0,8.070237,17.12358,4.040694,2.7481296,14.534711,21.018217,0.027,14.731,34.598,0.014,0
5m01,0,0.34277946,0.5962303,0.11419795,0.26310796,0.2134175,0.7181349,0.958,0.286,0.963,0.922,0
8rro,2,2.9919858,5.8580437,1.3886532,1.4821692,6.980205,2.5884738,0.246,4.355,13.367,0.343,0
5yxn,3,0.42623496,0.47038954,0.3399643,0.41547868,0.23890929,0.4020063,0.957,0.311,0.941,0.923,1
4mxq,2,0.80133474,1.0039923,0.7589171,0.735355,1.4072338,0.77473277,0.919,0.448,1.014,0.854,0
8v51,1,1.4010967,2.340516,1.4428941,1.0013704,2.9031327,2.5609555,0.73,1.217,3.82,0.754,2
3qdj,1,0.55247796,0.62841797,0.95727515,0.46900976,0.6327521,0.35760507,0.942,0.411,1.488,0.924,0
6vm8,2,0.45089927,0.64339423,0.5755076,0.33608812,0.6361995,0.2574278,0.743,0.329,6.154,0.619,0
6vma,4,0.36818653,0.49689212,0.23596649,0.3330906,0.65492576,0.252543,0.954,0.303,0.967,0.914,0
5tje,3,0.44858304,0.48893332,0.39834398,0.443179,0.2992636,0.36890644,0.922,0.324,3.133,0.931,0
2p5e,4,0.39963537,0.5091839,0.49504593,0.33278567,0.5470911,0.502424,0.934,0.445,1.87,0.93,0
2oi9,2,0.5446019,0.61131173,0.73617697,0.49008554,0.36612073,0.32156914,0.939,0.442,0.824,0.905,0
6rpa,1,0.5959918,0.9312805,0.6074903,0.42892778,0.9249092,0.74049205,0.817,0.698,5.148,0.897,0
7rrg,2,0.2683265,0.45712453,0.3081136,0.21202174,0.6325538,0.38399526,0.948,0.329,1.006,0.905,0
8rlu,2,1.578691,2.3287787,1.8578331,1.2056593,2.584329,1.9769367,0.592,1.545,4.563,0.516,0
5yxu,3,0.80259866,1.1472285,0.5062562,0.64455277,1.6296194,0.95608145,0.916,0.593,1.415,0.91,0
7pbe,0,0.6672808,0.8925581,0.7012245,0.5603258,0.7805903,0.84176344,0.85,0.703,2.409,0.805,0
5wlg,0,0.29142487,0.45119897,0.18409215,0.22451253,0.34121484,0.30615136,0.937,0.324,2.536,0.938,0
5w1w,4,0.45872766,0.4838725,0.29498923,0.4647416,0.514169,0.33379108,0.952,0.297,0.993,0.908,1
3d39,2,0.6498897,1.109146,1.0542259,0.35306644,0.5332403,0.43152538,0.918,0.492,2.135,0.911,0
6vrm,1,0.5796293,0.7277576,0.51226395,0.5295789,0.73134583,0.70030594,0.895,0.593,3.45,0.963,0
6g9q,4,0.25098374,0.29552028,0.1514148,0.24568826,0.1793586,0.31376207,0.982,0.227,1.567,1.0,0
3d39,3,0.6476748,1.1158432,1.0799485,0.33349845,0.5061554,0.45207736,0.889,0.557,1.582,0.821,0
6vrm,0,0.56623244,0.7800583,0.5389115,0.47904122,0.64588326,0.8045703,0.891,0.6,3.593,0.963,0
7pbe,1,0.6826807,0.85037357,0.8746417,0.58170986,0.8190076,0.79460305,0.874,0.765,1.738,0.87,0
5wlg,1,0.3009688,0.47037262,0.18414448,0.22936724,0.3365618,0.2994523,0.954,0.345,1.779,0.953,0
5yxu,2,0.8009995,1.1403675,0.4806037,0.648379,1.6316695,1.0264095,0.852,0.615,4.191,0.896,0
8rlu,3,1.4908037,2.2465422,1.5280939,1.1388092,2.2659876,2.0136628,0.628,1.5,4.212,0.581,0
6rpa,0,0.5931666,0.8869518,0.6294598,0.45029122,0.8751479,0.6588882,0.803,0.659,6.607,0.949,0
2oi9,3,0.5839112,0.71386915,0.7386937,0.50482434,0.4726138,0.3000302,0.914,0.501,1.042,0.857,0
7rrg,3,0.25901145,0.4217554,0.33290827,0.20692298,0.5153844,0.338389,0.956,0.294,1.071,0.921,1
6vm8,3,0.44090727,0.6127994,0.51859987,0.34698868,0.6279068,0.23392865,0.786,0.291,4.801,0.635,0
5tje,2,0.47012463,0.5872497,0.3991635,0.44459882,0.30300397,0.40839976,0.906,0.416,3.686,0.948,0
3qdj,0,0.5144471,0.6480467,0.90920496,0.4007933,0.6739741,0.33600804,0.942,0.386,1.22,0.909,0
2ol3,4,0.21194299,0.31073803,0.15938896,0.18254928,0.3868304,0.25418556,0.973,0.259,0.604,0.952,0
4mxq,3,0.8081854,0.9715408,0.89665294,0.743649,1.4279953,0.32138193,0.921,0.443,0.948,0.854,0
8shi,4,3.2354345,5.7078366,4.541056,1.8278403,6.064002,5.057311,0.204,4.035,13.564,0.208,4
8v51,0,1.313186,2.169392,1.4097989,0.94514096,2.9257512,1.8369548,0.739,1.163,3.738,0.754,1
8rro,3,1.5762447,2.8859565,1.2217497,0.9323763,3.2267148,2.4212873,0.442,1.967,10.304,0.552,0
5yxn,2,0.35415417,0.4185143,0.35444024,0.3251607,0.23063026,0.45832378,0.927,0.281,2.978,0.923,0
9gv7,1,8.420484,17.96027,3.6383264,2.791382,15.444355,20.718676,0.026,15.354,35.422,0.014,1
5m01,1,0.38651934,0.60934734,0.11991197,0.32822046,0.2107153,0.7613081,0.947,0.273,0.833,0.882,0
6bj2,4,2.3442895,3.7624164,1.6945502,1.6050661,4.486483,2.3034549,0.28,3.038,15.793,0.419,1
7n6e,4,0.760121,1.1119703,0.5789349,0.61213815,1.0100234,0.6210986,0.843,0.606,4.629,0.897,0
4jry,3,4.4891458,10.1694,2.9148445,2.620433,8.656005,10.701434,0.19,5.179,9.311,0.039,1
5jhd,1,0.51573944,0.7037433,0.308021,0.46141917,0.3562618,0.70895106,0.883,0.482,3.69,0.9,0
4ftv,3,0.6121007,1.0255797,0.6277516,0.3209997,0.2798789,0.6030731,0.952,0.26,0.636,0.89,0
2ak4,0,0.50026935,0.76381904,0.37457302,0.3479965,0.69088954,0.4989807,0.916,0.455,2.687,0.923,0
4mji,1,0.3938416,0.4672109,0.40793782,0.36990994,0.5177913,0.33642736,0.935,0.392,1.432,0.898,1
4prp,4,0.38774574,0.5223153,0.27836254,0.33101177,0.65641314,0.45547944,0.956,0.346,1.352,0.944,0
4jfd,4,0.35379502,0.52268153,0.1516947,0.29093048,0.856418,0.55445814,0.965,0.274,1.347,0.952,0
5c08,3,0.34986913,0.43400708,0.21744925,0.33228728,0.16006236,0.47405416,0.96,0.288,1.271,0.939,0
4qrr,3,0.2211152,0.2328688,0.18953566,0.22029063,0.19704941,0.19138345,0.967,0.162,2.076,0.968,0
4l3e,2,0.56797004,0.71013165,0.3564881,0.52311087,0.8059841,0.29790148,0.963,0.336,1.333,0.961,0
6ulr,4,0.54882056,0.6330416,0.36289585,0.5398688,0.5093452,0.782336,0.887,0.559,2.127,0.842,0
5bs0,0,0.2787971,0.38082856,0.25008234,0.24760306,0.5542787,0.25728214,0.974,0.204,1.451,0.97,0
1mi5,4,0.4162229,0.38831064,0.5451199,0.4084942,0.4687166,0.2675014,0.952,0.352,2.235,0.973,0
2ypl,1,0.30446753,0.4614427,0.2905328,0.21774633,0.31252322,0.6054663,0.937,0.313,3.257,0.98,0
5e9d,0,0.1508949,0.16455531,0.15599169,0.14673486,0.13865958,0.19212689,0.996,0.131,0.584,1.0,0
4nhu,2,4.829558,6.9787383,3.9571187,3.6362162,2.8845685,6.8660874,0.19,5.519,16.444,0.289,1
5e6i,0,3.177364,5.8889704,2.040397,2.0223486,7.135611,3.3646135,0.224,4.595,12.459,0.259,1
4qrp,1,0.32339352,0.48968884,0.2110713,0.27391863,0.29331443,0.46357948,0.972,0.36,1.01,0.986,0
