pdb_id,model_number,overall_rmsd,rmsd_TCRA_TCRB,rmsd_Peptide,rmsd_MHC_B2M,rmsd_CDR_TCRA,rmsd_CDR_TCRB,dockq_score,irmsd,lrmsd,fnat,clashes
5euo,4,0.8246541784479486,1.1807510184831405,0.7417678827814843,0.687305643460722,1.8839086127102966,0.9233313534134872,0.853,0.784,3.029,0.885,0
5eu6,2,0.7700261511454876,0.7585721782788222,0.8194582126517664,0.768321348422748,0.5407601340655888,0.5737634029368943,0.903,0.606,1.911,0.899,0
2ckb,1,1.0490716500003578,1.2789809441119955,1.0633778733957202,0.9468975785122916,1.12995485565249,1.587563233311048,0.739,0.893,2.651,0.567,0
8qfy,2,3.4321624745425,7.352264621515372,2.256050601059137,1.667940339743084,2.9136594982867132,8.52391504789176,0.098,5.682,21.862,0.098,1
6uon,2,2.5366303955512683,4.651520160799569,2.8915556638081585,1.4457578479061144,4.756880941282731,3.345848494543275,0.353,3.701,10.005,0.5,0
2bnq,1,0.9344257280469958,1.2381083370745454,0.7382501095725311,0.8106483928156855,1.0585025169126538,1.1511591099247336,0.793,0.762,4.572,0.808,0
6d78,0,0.9670561498479316,1.0028043842631178,2.1173693428514433,0.7502307525886616,0.20913606085174397,0.6168360113909045,0.883,0.679,1.838,0.865,0
8i5c,3,2.1205008675153367,4.305170592030705,2.355966425796252,1.203023422271578,3.8935629670928473,4.613911080171482,0.392,2.957,8.606,0.476,0
4n0c,1,1.080412258424073,1.0711349716126373,0.6933514279669766,1.1161944682557443,1.0020847643064141,0.55791642253854,0.887,0.706,1.279,0.865,0
8ye4,0,1.9176831174863973,3.007828040194936,3.256226299164652,1.021936601550691,3.695100652001367,2.8230877100703053,0.347,1.95,12.124,0.34,0
4mvb,2,1.4935339360030715,2.2474538628601692,1.120538979679185,1.2031613930831169,1.9097776182492967,1.233080092197421,0.664,1.396,3.534,0.604,0
1oga,2,0.6472257992537029,0.7391431407476746,0.9184703998312689,0.5830298902633463,0.7913952764706721,0.37804901053071244,0.949,0.34,2.904,1.0,0
7ndt,0,1.4527516741088717,2.067922650476308,1.0254208438658012,1.2362050287389534,1.6654688541722775,2.2529806625024493,0.554,1.387,8.242,0.607,0
1qsf,3,0.7381417173624162,0.7688761801472372,0.9404530772676564,0.7042189055048658,0.5983829692567292,0.9914309056986491,0.939,0.474,1.319,0.932,0
3vxu,4,1.5023881223909497,2.089247845471196,2.066579689738772,1.04156725286829,2.901977659068443,1.9725518227309962,0.718,1.191,1.861,0.588,0
6bj8,2,0.9737212972843596,1.191095574427386,0.6478664768617459,0.9180017853864303,0.5625412978800778,0.8080099033786884,0.848,1.059,1.025,0.892,0
7r80,4,2.287455498572239,4.016089407329294,3.2594537420078633,1.1933915738705816,3.7820209369928657,4.80137094770135,0.427,2.382,7.672,0.444,1
7pdw,4,1.5683892529771923,2.786167786484103,1.7817057673803172,0.6366951363208166,5.112489677850686,1.0575830050893018,0.624,1.059,3.779,0.369,1
6eqa,0,1.0132222097348798,1.1602968678625964,1.977792814683025,0.7991631929665903,1.4346138169732112,0.9654425488787756,0.866,0.74,2.271,0.862,0
3ffc,4,1.1544334990136196,1.5394563610237164,1.0468896246993047,1.0277420203899585,1.3614285835180462,1.8900023186886405,0.81,0.831,3.933,0.84,1
6amu,2,0.9926059843023198,1.2185181911666698,1.7836610085677045,0.7552857152257146,0.8074654340874869,0.9631078608904531,0.8,0.596,6.184,0.883,0
1mwa,2,0.8465282908838807,0.9776935077963876,0.8802709312676955,0.7846018934020466,0.9807851179419218,0.9086264331348183,0.92,0.64,1.686,0.953,1
9rup,3,9.704285445168207,19.95237781605756,5.68586403830872,4.840003345429138,,14.336604685263355,0.01,15.462,58.811,0.0,0
2vlj,1,0.7340307849384143,0.855163314496373,0.9252102005047551,0.6724936700715591,0.816792496254032,0.5763808484841366,0.898,0.475,3.714,0.945,0
6rsy,2,1.0026010961305225,1.2516587055266741,1.1705741816372235,0.8780810867405132,1.1152085437705368,0.8305188562108409,0.858,0.607,3.66,0.872,0
3dxa,3,1.0161975000536583,1.3787550649849867,1.1258175740149634,0.8341650558863808,1.2143947007451996,1.5949480633349018,0.826,0.843,3.122,0.836,1
2f53,1,0.9146705481869872,1.2491550976196106,0.7984305735918297,0.7548450841195686,0.8958855865652542,1.5714039336675665,0.873,0.691,2.138,0.853,1
7n1e,0,3.2863154374392884,5.652533626753215,2.301178489936773,2.0477359482331043,4.406751769502579,4.881573801213365,0.21,4.035,16.884,0.305,0
8ryp,3,3.0935588726830816,5.380265475118735,2.232167424529982,2.045581830894687,4.7306260272008736,6.614152467825871,0.237,3.755,14.476,0.316,2
7n4k,3,1.019136150473651,1.4814113698703475,0.9387471310798733,0.7713884517844505,1.1490850374710497,1.7135318165588622,0.792,1.082,3.892,0.891,0
5hho,2,0.7495792540917328,0.7150796988409365,1.027873629562121,0.7222797099578805,0.7442117665016411,0.5382431258272516,0.945,0.363,2.32,0.961,0
7n2q,2,1.7457694160841828,3.1746376194940162,1.6313189699022799,1.0410660327641665,2.78196408823558,4.089039451254786,0.392,1.974,11.105,0.441,2
7dzm,1,2.1241507061211378,4.4039378068878285,1.5275797195092355,1.100024999869641,6.021962544840022,1.9369428264193507,0.418,2.114,7.734,0.372,0
7q9a,3,0.8712338375526847,1.1084359610849093,0.866417593276086,0.7845502089355318,1.0302404512499916,0.6755716932184763,0.927,0.477,1.269,0.893,0
5xov,4,1.345480044357811,2.152914842186828,1.1434322314559193,1.0322371621576123,1.1019354984801013,2.4909792959712833,0.69,1.643,3.969,0.794,0
3utt,4,0.9497827323854008,1.1452417557931924,0.6620443015263245,0.9130963066768896,0.9039781066489252,0.8249502821626822,0.857,0.802,1.481,0.822,0
5hhm,0,0.6977482786809655,0.7594853871243187,1.04056878240964,0.6338124216889349,0.8055239495318508,0.6053907774894149,0.752,0.433,11.529,0.98,0
3kpr,0,0.7878306317310445,0.9621175704956985,1.2621232466565,0.652196266744002,0.8384021587698325,0.8887389545896268,0.896,0.593,1.687,0.861,0
8gom,1,2.6707876962849886,4.387786458151858,2.4085116336111096,1.6299993388302505,3.137485978136588,6.379891413320036,0.431,2.542,5.716,0.346,0
2esv,2,0.9248474799427027,1.2788434033606704,0.8606389698088279,0.7958600316748052,1.3744566293028373,1.4169436461674676,0.865,0.675,1.784,0.806,0
5jzi,1,0.9330947304341717,1.1097556149444192,0.872206911511204,0.8585994807900161,0.47509465454960836,1.8609558075128467,0.774,1.329,3.024,0.873,0
7n2s,0,3.4997245949159685,7.17681649412433,1.9101593043251173,1.653268485367415,5.522320059831495,5.950710922061428,0.16,5.83,12.219,0.091,0
5nqk,2,0.8547321540095443,1.0446689018172823,0.7963630413272746,0.7872034797932064,0.9695490639406997,1.1555488513580527,0.814,0.689,4.08,0.803,0
3mv8,3,0.8249411691743005,1.0651239972971498,0.8070439831674662,0.7030425359652617,0.900605696593813,1.0074233946023348,0.879,0.514,4.256,0.941,0
3vxs,2,0.9502069546117304,1.1041568884061845,1.051274366012903,0.8788978603727453,0.929554736096449,1.1934595677929605,0.874,0.798,2.816,0.943,0
4qok,1,0.756620039484423,0.8617599987968887,0.7091007086295756,0.723734362685183,1.0075918345408352,0.9362987187386304,0.934,0.389,2.014,0.919,0
4eup,0,0.8897618109864976,1.2735013101307944,0.701067783904446,0.7462195742027358,2.1638225766708663,0.8840680123272429,0.734,1.02,7.132,0.93,0
4qok,0,0.734217674290395,0.7881758669352431,0.6790310685761896,0.7211603061489383,1.0034493191109881,0.6741854622728645,0.939,0.425,1.469,0.919,0
3vxs,3,0.9288624883301414,1.0606908697598065,1.0514072565902035,0.8633720411729451,0.9434724995379117,1.1013246626077204,0.876,0.704,2.938,0.914,0
4eup,1,0.7931637585364678,1.028628192705098,0.6485387229630045,0.7158445204796998,1.6316486207758358,0.7468575688358533,0.844,0.759,4.416,0.947,0
3mv8,2,0.8113384881622845,1.0666654244440132,0.8026953206497921,0.6777209970834943,0.8851566905400002,0.983620466853115,0.904,0.495,3.492,0.956,0
5nqk,3,0.8674566566467448,1.1091127344290235,0.7321658559894065,0.7838909955028058,0.9985908636904242,1.1693542436927624,0.808,0.677,4.599,0.82,0
6zky,4,2.6874166504999173,4.544364104821213,5.104998802810115,1.4290389246270825,3.105373037210828,5.065441090443675,0.314,2.91,11.553,0.38,0
5jzi,0,0.9006380112059845,0.9953353471499354,0.9085175124485629,0.8592031661955825,0.4170906452931533,1.4153739432449195,0.774,1.304,3.146,0.873,1
2esv,3,0.9480943374026808,1.2783723221330103,0.7986632540209201,0.8393241531921679,1.3803159241048253,1.2326384967297928,0.851,0.686,1.899,0.774,0
7n2s,1,2.0399173834752555,3.8854219209171883,1.5028559106717578,1.2106425813443202,2.769475778590842,5.092435764762199,0.376,2.378,6.48,0.212,0
5hhm,1,0.6617432160206163,0.7382409516476135,0.9960694166522552,0.5931603041923647,0.7764432263788794,0.6199236023765766,0.779,0.373,10.114,0.98,0
8gom,0,2.4786896822959483,4.174422498409178,2.119114476411927,1.4221533773804578,2.6757077160468374,6.362075173708639,0.343,2.407,9.82,0.321,0
3kpr,1,0.7738636718566151,0.9459775276614143,1.2335750293913168,0.6415677995976392,0.8301916665606354,0.8443637186654531,0.895,0.591,1.74,0.861,0
7pb2,4,2.7044197629500215,5.660811221211444,2.9578616713595114,1.1942993141933802,5.087552097063187,4.962222134009568,0.255,3.482,10.873,0.23,0
7q9a,2,0.8143127029558612,0.9392588246219378,0.8583051481713531,0.7669623388628778,0.5661667686366626,0.6726635412090461,0.937,0.499,1.947,0.96,0
3gsn,4,2.129862948756457,3.4873721681798253,2.043442621943671,1.427526543098236,3.1620368790664464,3.9941813662106296,0.36,2.449,7.388,0.238,0
7dzm,0,1.9318141748425859,3.857368315948799,1.33904176070579,1.1356482658767109,3.914590497416908,2.3031262091086124,0.392,2.273,8.118,0.349,0
7nmg,4,2.207735123330055,3.514649485869498,3.093380561117309,1.1856767707236322,2.2684823114312858,3.109424073105219,0.356,2.694,9.257,0.375,0
7n2q,3,1.9118239616470298,3.6939215689178284,2.0353003939731336,0.8731580401465103,3.7955152046784524,5.14537495790149,0.361,1.876,11.512,0.339,0
5hho,3,0.7469738560400062,0.7549131153620384,1.0042654541330962,0.710491996871151,0.7763142491353476,0.5590623026742424,0.971,0.348,1.136,0.98,0
7n4k,2,1.0677361213355514,1.5929090128112107,0.7890118820808163,0.8013775425609336,1.0766430443045738,1.8977147722029086,0.768,1.257,4.633,0.945,0
8ryp,2,3.7611101032850605,6.841979307547445,3.8008643522518337,2.0395979930696932,5.285329740640903,7.697299543771447,0.135,5.158,20.106,0.175,0
7n1e,1,3.2887660403136185,5.599750801103128,2.3847280961693085,2.0917766670397433,4.454397499640487,4.8203743327341595,0.217,3.965,16.827,0.322,0
6rsy,3,0.9409611928660611,1.1060976825760185,0.9266560451789052,0.878253513033696,1.1236612239242738,0.8627521352832377,0.837,0.623,3.665,0.814,0
2f53,0,1.0048198008239781,1.3546705815688618,0.8680516672591453,0.8417531529481658,1.155727001189964,1.58878915169946,0.796,0.844,3.671,0.787,0
3dxa,2,1.1969477023025128,1.8105419318090765,1.2832473527914174,0.8670842240132483,2.049635628141578,2.110072222734627,0.766,1.152,3.984,0.849,0
2vlj,0,0.7358774493139872,0.9080189176078025,0.9259153388754089,0.6556899476710203,0.8274673893304831,0.6416960786209253,0.905,0.477,3.151,0.927,0
9rup,2,9.765494057848807,19.88016257404824,5.740664876658708,5.073944397812814,,14.043272313725963,0.01,15.358,59.361,0.0,0
1mwa,3,0.868285997259779,1.022655951585136,0.8613791438971666,0.7999836574653267,1.0277006919668665,0.9548131032878021,0.889,0.729,2.764,0.953,0
6eqa,1,0.9665716712669228,1.0703496409950382,1.987967330129088,0.7544789766738195,0.794301040634846,1.0844551022860698,0.849,0.705,3.327,0.862,0
6amu,3,1.0228906925068004,1.2122635385189378,1.9830313563378021,0.7591800649304975,1.0582210907625587,1.0167616836255498,0.856,0.708,3.332,0.883,0
3w0w,4,1.1154347587410003,1.4999417024678938,1.7375559309168256,0.8119036189330799,1.3713418256638985,0.9440828903766291,0.734,1.197,4.852,0.838,1
8rym,4,2.0488509927774423,4.002195466348169,1.1705413553850834,1.0331424150205946,4.485597663106185,3.8053789772556446,0.273,2.8,16.98,0.396,1
6bj8,3,0.9588555604156339,1.174175544769707,0.5976118271453756,0.9062020982762523,0.5862342845786841,0.5598068499943959,0.856,1.005,1.052,0.892,0
7ndt,1,1.520954051356965,1.9151927181720594,2.6499583643702307,1.2049483773844498,2.091820640466096,1.674383501542846,0.705,1.159,3.36,0.623,0
1qsf,2,0.7110250892947354,0.6049826327232654,0.9462443894183862,0.7153153946668374,0.6233580478912734,0.8828525999562089,0.954,0.373,1.462,0.949,0
1oga,3,0.6633969799535626,0.7529049880433173,0.9139781393225104,0.6035685841180809,0.7839713794122436,0.4167591167246836,0.948,0.332,2.689,0.981,0
4mvb,3,1.022038955165046,1.2007321887185918,1.0641812708870415,0.9549880254843006,0.9748224614004029,0.7565551499465754,0.852,0.647,2.501,0.792,0
8i5c,2,2.381629824759566,4.927188863344005,1.9941236563263063,1.370234951641964,3.8455683243386436,5.179118584685632,0.329,3.553,11.356,0.476,0
8ye4,1,2.0479083402574707,3.228557091641302,3.4046447144320973,1.103913092136439,2.7555467557595685,2.9122563826187577,0.334,2.288,14.048,0.434,2
4n0c,0,1.076755419083079,1.0314982440132583,0.7169290594537218,1.1212473920939767,1.3195234570631662,0.577675237650323,0.878,0.813,1.781,0.904,0
2bnq,0,0.951430996207837,1.1402983524347072,0.9043485350164827,0.8738596903980216,0.9670017553577718,1.1089295272582207,0.789,0.708,5.035,0.808,0
7l1d,4,2.881058517789703,5.556461346514749,3.6247248980456366,1.17929290094612,6.1720906246731335,4.894059163071757,0.345,2.902,8.067,0.297,0
6d78,1,0.999802331188967,1.044674754170084,2.0992448681726597,0.795006927484251,0.28803542467723076,0.700314831450925,0.863,0.731,2.569,0.865,0
6uon,3,2.5592160454382356,4.6291038825486135,2.9963651889753233,1.4981086823749612,4.72713867809439,3.4923466156191174,0.367,3.689,9.71,0.525,0
8qfy,3,3.5775636950337266,7.410622085440362,2.5796868528319816,1.9456678822526505,3.841727202649457,9.142189273963986,0.099,5.337,22.435,0.098,0
3tpu,4,1.803860345709408,2.350083224253653,1.072161263515766,1.639522964706893,2.482206839729698,0.8275411881281012,0.68,1.451,3.535,0.671,0
5eu6,3,0.7453811881525515,0.6786413119867264,0.8161288390540723,0.7575087974632128,0.5311426219825827,0.44210161549833726,0.908,0.571,1.927,0.899,0
2ckb,0,1.034534357287124,1.2100665990770778,1.0976676489621642,0.9527860505342967,1.0736798567123356,1.5599754852854326,0.772,0.797,1.903,0.583,0
8qfy,1,3.419363479690358,7.134870359553648,2.5848794131354595,1.798083832514491,3.760569617770379,8.495329955062775,0.11,5.324,20.824,0.115,0
6uon,1,2.816850340661534,5.11056499834977,3.2457935205122768,1.6460220974813462,5.05602955687111,3.9421718539814807,0.365,3.93,9.069,0.5,0
2ckb,2,1.033492485285528,1.2233299860964795,1.176404786906382,0.9342610249718155,1.2341801798324081,1.5466634114935964,0.774,0.798,1.777,0.583,0
5eu6,1,0.8183898727118665,0.7891165690885812,0.8372759136599647,0.8253442842339808,0.7275872180152037,0.4622515457650748,0.898,0.667,2.289,0.928,0
4n0c,2,1.1079052040477364,1.0726550118026255,0.589533642223852,1.1593880848377416,1.1827011015626527,0.5594253172723384,0.882,0.731,1.462,0.865,0
6avg,4,1.0151835849728823,1.3864237849649226,1.4027260261952188,0.6909232806941786,0.9748794842336526,1.4906894186766264,0.689,0.982,6.874,0.763,1
8ye4,3,2.1173037328616524,3.3765889245940093,3.423118788729581,1.1407577274850433,3.256232698672265,3.094493855707483,0.338,2.186,13.677,0.415,0
8i5c,0,1.5818866447140418,3.058869082373576,2.13807277329825,0.9431468159363451,2.700114008661772,3.4090529051438088,0.465,2.113,8.99,0.587,1
6d78,3,0.9700135049455682,0.9957492447043403,2.1780113733188085,0.7430705591123701,0.23754356264626827,0.6194535730408722,0.853,0.699,3.623,0.892,0
2bnq,2,0.891381551907401,1.1583187052034067,0.8498766641332619,0.7700601496743826,0.8411121796460987,1.2833343841546268,0.847,0.689,2.935,0.822,1
1qsf,0,0.7145014315330305,0.6030135083205586,0.9489769519853472,0.7204028407186734,0.609537763132962,0.8771162656915165,0.961,0.348,1.096,0.949,0
7ndt,3,1.3195039888509934,1.7991459342192766,1.4185135762907897,1.116305315869318,1.4130160992567082,1.8721225667401793,0.706,1.069,4.051,0.639,0
6mtm,4,1.0125536302847011,1.474653292296861,0.8859800166095105,0.8622549361040555,1.3580747303816347,1.467954674845738,0.756,1.407,2.946,0.845,0
3tf7,4,1.186874533419231,1.973452524607347,1.0934617365669168,0.8588313475075458,1.3645051346520694,0.7759232466975229,0.858,0.783,2.556,0.872,0
6r2l,4,0.9413223013525504,1.1923705359703836,0.8358176176417643,0.8521550841468827,0.7863175837927145,0.6830755362583866,0.864,0.767,3.012,0.912,0
4mvb,1,1.268039804102952,1.7442625122960655,1.2844953240291113,1.0753696280612177,1.685247457023238,0.9672411581755853,0.743,1.05,2.881,0.66,0
1oga,1,0.6296617608204303,0.6310853829069604,0.9095029809890162,0.5934550026909384,0.7543905474766002,0.39367001644542926,0.963,0.301,2.003,0.981,0
6bj8,1,0.9920344258835981,1.1661304972306525,0.6146373198946289,0.9583833225049668,0.6739810051462906,0.7316217220171284,0.837,1.0,2.092,0.877,0
3tjh,4,2.1773885805324285,3.662854484955504,1.0953031855937134,1.3563680980689716,4.810254401915969,2.054195770909378,0.365,3.17,9.792,0.483,1
9c3e,4,4.224224668056881,5.899365395370033,3.422601830152087,3.352468097267139,4.52728171885788,6.780196698249186,0.127,5.0,14.908,0.052,0
6amu,1,1.0084634215815047,1.185745086764911,1.7903382258160851,0.7992061240370969,0.9706532223040847,0.899880422489718,0.789,0.699,5.608,0.85,0
6eqa,3,1.0472229937133661,1.224215784851815,2.0458110344546214,0.8133318613148349,1.5002083769883972,1.1442702177705377,0.871,0.738,1.296,0.831,0
2vlj,2,0.7217988901540687,0.8408727404471775,0.9138185723184256,0.6607238517327181,0.8457368934803683,0.5937347198802642,0.903,0.46,3.575,0.945,0
1mwa,1,0.90735913315209,1.046413430526145,0.9033895736397823,0.8466453426004747,0.9908598288666504,0.9420480400357019,0.906,0.781,0.748,0.938,0
9rup,0,9.784541763461629,20.148497426096363,5.742689866480126,4.845158626804951,,14.536114878872564,0.01,15.501,59.522,0.0,0
3dxa,0,1.0241313137040928,1.3391439639242615,1.2265600810529933,0.8537205553250173,1.2052193053215678,1.56790860777781,0.858,0.87,1.986,0.877,0
2f53,2,0.9079871015242783,1.2387620824370504,0.7763123234322135,0.7520455830810193,0.9390539088438661,1.6432331161106013,0.891,0.62,1.625,0.853,1
6rsy,1,0.9799296847443334,1.2287722293274463,0.9165557890351296,0.8849669996564503,1.1223331572986017,0.811522753985106,0.889,0.558,2.575,0.872,0
7n1e,3,3.292534256235737,5.615498637989199,2.494176487683799,2.0715279494045533,4.4855343877513185,4.779144714535642,0.22,3.995,16.226,0.322,0
8ryo,4,2.188601775216348,4.310547977187629,1.1404024089850675,1.0029322214579388,4.33216856788353,3.224310840472196,0.448,2.402,8.085,0.537,0
8ryp,0,3.8138253013148105,6.793542313003196,4.083698074762667,2.162308508616048,5.467695004058603,7.897365047509672,0.125,5.107,21.173,0.158,1
5hho,1,0.7403242072580304,0.7171137094553949,0.9935906258837006,0.7136205936536597,0.7310195260043144,0.5055707362990006,0.963,0.394,1.397,0.98,0
7n4k,0,1.0635704809767528,1.5381539661798853,0.933243072750091,0.8174015032188701,1.0922624307661508,1.6563139951943346,0.726,1.134,5.745,0.855,1
8en8,4,3.269492861696885,5.973196684445681,1.7442582411039573,1.6339770888387743,5.439972113529824,8.809174064780334,0.123,3.953,22.921,0.123,0
7n2q,1,1.6455163003802402,2.948877367074483,1.6197308570922324,1.0054297431457233,3.777998505171505,4.149756168556874,0.553,1.427,6.346,0.492,0
7q9a,0,0.8809697732743014,1.1565268527875192,0.9431083451322801,0.76936112049042,1.0000017011473337,0.961754379770578,0.93,0.435,0.946,0.88,0
7dzm,2,2.8863570337215987,5.5056026368087965,2.096192896229525,1.8780250444297624,5.570575350584166,6.668559810139387,0.182,3.585,12.225,0.07,0
3kpr,3,0.7581883356911306,0.9378112932442172,1.2233843322236708,0.6206713647755507,0.8866679486525979,0.849247065031363,0.902,0.54,1.972,0.873,0
8gom,2,2.4597501107510005,4.15153840120455,1.8843819659689038,1.4349467206969182,2.5389303640971685,6.280764129218276,0.397,2.39,7.685,0.358,0
5hhm,3,0.6701487604876064,0.7145138343963919,1.0455207272554634,0.6063141893406794,0.5736450849110584,0.48607600511350607,0.788,0.389,9.868,1.0,0
5men,4,0.924942626910263,0.9417020857921932,0.9575924182264005,0.9147020540626338,0.9213826985991551,0.5291945242369973,0.85,0.982,2.191,0.914,0
5sws,4,7.786570254974791,17.003065388186236,3.641309589525354,3.6688695860760907,14.669244597474911,12.197650353803631,0.031,16.744,36.962,0.033,0
7nme,4,1.9324512381527204,3.0109071073516827,1.3831466505067478,1.2849344980300432,2.485764152188819,2.768931006541653,0.517,2.164,6.949,0.627,0
5nqk,1,0.8620864747236034,1.1305213711543003,0.8017305239812246,0.7580185800575795,1.0431215241253402,1.1547899003645428,0.866,0.663,2.675,0.852,0
7n2s,3,2.7206976279508854,5.453242464321373,1.817134480047546,1.3841941067932662,3.5238681769139784,6.5542300249047365,0.217,3.719,10.658,0.121,0
5jzi,2,0.8842954914421737,0.9776127299462742,0.862709654189591,0.8463339587506749,0.32826842011146024,1.4129550391219823,0.798,1.209,2.841,0.887,0
2esv,1,0.9676021954764858,1.4182656573700476,0.8225792861727369,0.8001054520411401,1.6745205776696392,1.1476276741187572,0.794,0.794,3.192,0.726,0
4eup,3,0.8426412471978855,1.161849373116455,0.6812949392224655,0.7282235400683923,1.939352319101029,0.7732913818395152,0.761,0.853,6.96,0.93,0
3vxs,1,0.9023851246620823,1.0034355937245307,1.096863118551698,0.8379904105173274,0.9629968235534209,0.7724428654118265,0.885,0.724,3.038,0.957,0
4qok,2,0.7825913660413676,0.883806199065972,0.7663672186676617,0.748158495749783,1.0429709343603581,0.9924276580125087,0.944,0.493,1.476,0.959,0
3mv8,0,0.8298772419362033,1.0646336917953962,0.8097562773853377,0.7118940302534714,0.8745645490530585,0.9734097417216249,0.878,0.507,4.132,0.926,0
8gvb,4,1.4965275283670605,2.6820863856136397,1.36810794908573,1.0377664123043333,4.004683263641687,1.6093986263386741,0.5,2.044,6.637,0.529,0
3mv8,1,0.7900442513671103,1.010131140411902,0.7796578534172647,0.6785300083445432,0.922258438446836,0.865549081463527,0.897,0.484,3.869,0.956,0
4eup,2,0.8293534150646553,1.0943804381483406,0.684348549504032,0.7393750765237775,1.9250187662374127,0.6439187275151449,0.809,0.853,5.477,0.965,0
4qok,3,0.7601028266034585,0.8821655011658371,0.6066973422053722,0.7303046662685148,1.0654707622059985,0.9563299512822568,0.926,0.527,1.187,0.905,0
3vxs,0,0.906414927422246,1.0416776512343597,1.0942594852585075,0.8291206763551014,0.9318911494418503,0.9929653560427565,0.86,0.745,3.365,0.914,0
7n2s,2,3.0235613944785906,5.992446391956324,2.0238595314906176,1.606023457188515,4.547320090582418,5.662911373053297,0.205,4.791,10.67,0.136,0
2esv,0,0.9136987049453732,1.2765988883187873,0.8108123296655458,0.7839396962915997,1.3269922266481131,1.2646262055145914,0.869,0.667,1.611,0.806,0
5jzi,3,0.896119241821846,1.044742090739631,0.9305485956117535,0.8258925307094611,0.39088106028013936,1.7189232036157183,0.8,1.258,2.386,0.887,0
5nqk,0,0.8731891758386624,1.1160882182533125,0.8023127224673229,0.7828993613538076,0.9932619874448176,1.165802740402681,0.853,0.65,3.104,0.836,0
2jcc,4,0.8130363447290186,1.0607424008354889,0.7403149692273616,0.7322480262424987,0.6612890238074799,0.8951888207497145,0.724,2.437,1.532,0.928,0
8gom,3,2.502994658414194,4.153918422145741,2.171879653334032,1.4977753918535197,2.971332439171487,6.040911461962804,0.376,2.416,7.648,0.296,1
3kpr,2,0.8381134343031907,0.9896048713195008,1.2727393360309365,0.7219840969974952,0.8767264998678181,0.8869934052076027,0.882,0.633,1.94,0.848,0
5hhm,2,0.6698345131877639,0.6910495525616254,1.0488759378426393,0.613215369489108,0.5058410158664005,0.5659759540678145,0.754,0.403,11.601,0.98,0
7dzm,3,2.1705806252144217,4.286848056945617,1.7977070690921675,1.2754904830436629,5.624234627672259,5.504338443375257,0.317,2.296,10.006,0.233,0
8yiv,4,1.2935298383976965,1.8267530807994663,2.1230203208130267,0.8828477456958644,1.5702250442064427,1.5057992466966676,0.576,1.184,6.124,0.455,0
7q9a,1,0.8654148160847968,1.0919244298315287,0.8584386278902169,0.7834865223434341,0.772158553357517,0.8504334960219837,0.934,0.44,2.227,0.947,0
7n2q,0,1.8100312211747305,3.5187918530168587,1.3089203615100415,0.9150637344296175,3.6208670371315677,4.29103081339204,0.432,2.218,8.104,0.458,1
7n4k,1,1.053773422885411,1.5720452973366617,0.9021379011896398,0.7753949193115299,1.0055224304991857,1.7402742230536783,0.719,1.221,6.033,0.891,1
5hho,0,0.7171824221253348,0.6798249163603439,0.9945373786519297,0.69053714182462,0.4060343370185196,0.572045725249562,0.973,0.356,0.743,0.98,0
7jwi,4,8.164207315474405,17.697640920208123,3.9226443651556195,3.908928367486779,16.106757149347462,11.34480722087891,0.031,17.275,31.11,0.016,0
8ryp,1,4.004718968981767,7.218754384117636,3.856866949799673,2.275794258521253,5.547033122420205,7.996813569613641,0.106,5.528,22.358,0.123,0
5xot,4,0.8596973673876352,1.2649842591211444,1.100581840113903,0.6419875830530559,1.3181232608297133,0.9833476745777369,0.882,0.626,1.802,0.839,0
3e3q,4,0.8594850640311207,0.9657413032932906,0.9101170190042872,0.8118021438787111,1.3612581762806737,0.6646050911584848,0.872,1.002,1.281,0.947,0
7n1e,2,3.193775200461259,5.686074463854092,2.335442273521549,1.7814381743670347,4.643845785492395,4.675022890847479,0.245,3.967,15.283,0.373,1
6am5,4,0.6586442354036192,0.6487202822976718,0.7047241447836733,0.6572379948541122,0.4608496813347427,0.5807781371137305,0.914,0.41,2.398,0.886,0
2f53,3,0.9259269334866644,1.2623940247417875,0.752697192963255,0.7717817155441623,0.7742274710186166,1.7902257615082096,0.876,0.631,2.428,0.853,0
3dxa,1,0.9809179765588719,1.2538970764102484,1.214943669970858,0.826263671354753,1.2908495121547414,1.4648503063578766,0.871,0.788,1.914,0.877,2
9j4t,4,2.7190035490958033,4.650086959994304,3.501555254013365,1.3591350983361616,2.7230600353571566,6.047626187085249,0.462,2.924,6.867,0.571,3
6rsy,0,0.976208040569219,1.1704201394295992,1.174463582770107,0.8729969910592436,1.0697226638176753,0.8786927975638773,0.867,0.613,2.542,0.826,0
7n2n,4,7.900403363255997,17.82327890241673,2.444592956999918,2.331789792375256,12.28294008348547,17.424665415546723,0.026,17.384,44.038,0.035,0
7qpj,4,1.6803736338520923,2.9739887268294067,1.9420440505702217,0.7391953659674015,5.095254578109438,1.4763734527500563,0.629,1.259,5.277,0.58,0
9rup,1,9.622980869460841,19.997024135223366,5.570936575571841,4.576997013863999,,14.367095261559827,0.01,15.511,59.293,0.0,0
1mwa,0,0.8534176485891241,1.0329599397372604,0.8580597179055707,0.7705041758766218,1.081059443189322,0.91566362917919,0.903,0.744,1.877,0.953,0
2vlj,3,0.7245911470638361,0.8442989142820185,0.9295605032031028,0.6614489036732445,0.8130294438906274,0.5543700625514881,0.907,0.447,3.224,0.927,0
6amu,0,1.0123830097896842,1.1599146521294985,1.9455177856628896,0.7763163359635441,0.5647729658724452,0.8647714972359117,0.88,0.525,3.331,0.883,0
6eqa,2,1.045504195669846,1.2039059965119785,2.0121880141398436,0.828283934613134,1.1956064811949119,1.3167358743135202,0.859,0.75,1.689,0.815,0
6bj8,0,0.9694889309610035,1.1057019235210015,0.6048002138862267,0.9499360767736682,0.6952082094995078,0.5373469795555479,0.862,1.005,1.406,0.923,0
1oga,0,0.6376037933647615,0.6849644312871221,0.9104091386376402,0.5882273393148623,0.7810340020589036,0.35007562501504624,0.964,0.301,1.983,0.981,0
4mvb,0,1.0700163473579554,1.2623682678248165,1.1602663459456077,0.9925280838465198,1.0971012182887105,0.6837530622582261,0.874,0.651,1.972,0.83,0
1qsf,1,0.7218330324486026,0.620467511073308,0.9753306315545609,0.7224916271070618,0.6158141779813339,0.912842658579977,0.956,0.403,0.993,0.949,1
7ndt,2,1.4570088079057069,2.2116527399710533,1.2789002981156004,1.1394516770491796,1.7804713866703004,2.05487957592458,0.626,1.559,5.875,0.721,0
6d78,2,0.9729675616977533,0.9884195866721885,2.1898391361964675,0.7495734056261127,0.2191836859464531,0.7078685357502231,0.862,0.699,3.054,0.878,0
2bnq,3,0.785558990472691,0.9725554080761192,0.7677265083994552,0.7030083616039547,0.8726923279392865,1.000359392465787,0.904,0.548,2.149,0.89,0
8ye4,2,1.8487952859102939,2.8524618275073554,3.1603624198816185,1.0215890176377762,2.873815400508991,2.9307069249112936,0.366,1.995,12.307,0.415,1
4n0c,3,1.0189461604172247,1.1164434886106314,0.6566101982958925,1.0184910533358658,1.0959352733544843,0.6344303697649731,0.89,0.725,1.338,0.885,0
8i5c,1,2.630442389339375,5.514564587093642,2.3124670077883005,1.4431353429756026,5.275343019924352,5.763434213785383,0.277,3.642,12.379,0.365,0
2ckb,3,1.060884459523527,1.2463451837369257,1.1788685416158404,0.9675089573141279,1.059822523626335,1.6501863262212852,0.763,0.8,2.069,0.567,0
5eu6,0,0.7773335472603589,0.8310477409121647,0.793611807938648,0.7581141958416157,0.7128653982816414,0.5248438069890352,0.892,0.695,1.865,0.899,0
6uon,0,2.3885825578539084,4.245426373478551,2.960095492360547,1.4276809653524793,4.445821996231954,3.0612623001612347,0.391,3.378,9.238,0.55,0
8qfy,0,3.412889439452395,7.109563871117553,2.5858858685366717,1.80450373342876,3.2254775765650314,8.397523655984982,0.115,5.237,21.218,0.131,2
6avg,1,1.0307003289646257,1.3767503438998947,1.4714119670846375,0.7201147378530985,1.1180852983365,1.5037463784996459,0.743,0.993,5.297,0.814,1
7l1d,3,4.794179629722475,10.034465022174825,2.0773945013351196,1.6201713096313621,7.546252942114536,10.21122050436195,0.123,5.544,19.021,0.135,0
3tpu,3,1.525219948288156,1.8930974990839367,1.0440580402423154,1.42175564336652,1.9880226541870858,0.8189497799486155,0.708,1.283,4.045,0.732,0
6uon,4,2.4399849606943795,4.302522316400144,3.1095842096180206,1.4683966987670183,4.427231865484163,3.2394933166754214,0.398,3.386,8.396,0.525,0
8qfy,4,3.5211056719399147,7.474412095655817,2.502103750646276,1.754040223168268,3.485531465350337,8.760221031272046,0.119,5.489,19.706,0.131,0
5euo,2,0.7978901790943665,1.1151892364495912,0.7535987978170408,0.6751375310273895,1.6861529898513536,0.8862390967395335,0.883,0.652,2.466,0.885,0
5eu6,4,0.8091234399885764,0.774033292562966,0.8175125850141794,0.8188808697709006,0.6517890984832438,0.37537571516674456,0.901,0.639,2.589,0.942,0
7pdw,2,9.524395611859655,18.39828940244019,2.9176581086298365,2.379023182334156,10.72990596002862,15.52766325303125,0.022,16.897,34.374,0.0,0
3w0w,3,1.077906266434663,1.444518931698528,1.7480555797812438,0.7689059243247492,1.3132781930427098,1.0870113258288159,0.759,1.002,4.773,0.824,0
3vxu,2,1.5657696355273867,2.2355879913706285,1.8849558455031588,1.1012189754417236,2.9346386254779615,2.0772510497838543,0.649,1.364,3.935,0.577,1
8rym,3,1.363145597381049,2.2959293750873724,1.4840843156989147,0.9061828413511089,2.7043482487807657,2.7730713390573323,0.508,1.427,10.51,0.604,2
9c3e,1,4.443759896695881,6.188066167022552,3.6298346890446216,3.536426695403705,4.9180401845534405,6.941188156340102,0.137,5.227,15.439,0.103,0
6bj8,4,0.9850361270960087,1.2592581565352576,0.6574839256538356,0.9039192794001564,0.7019011124248415,0.5398183556942487,0.841,1.078,1.446,0.892,0
7r80,2,2.774721552875504,5.044672389832655,3.461901191624131,1.3904026830340106,5.444064250493131,4.743657818237713,0.352,3.261,8.765,0.397,0
3tjh,1,2.1506878107677183,3.693408388065334,0.9523831702603757,1.270720614135661,4.710349487129457,2.2091156292800216,0.364,3.168,9.552,0.467,0
1oga,4,0.639575065583759,0.7236412946668508,0.9226571109427796,0.5761082320013146,0.7965887321205638,0.4255844361277441,0.936,0.351,3.175,0.981,0
4mvb,4,1.115009496735867,1.3769745953556598,1.0557188529331596,1.025868346786577,1.3419932844704339,0.899521325998504,0.825,0.803,2.11,0.755,0
6mtm,1,1.1859682152008573,1.9596178935348234,0.9500249098244665,0.8996429070298547,1.7080099353003222,2.724606765740849,0.737,1.558,2.218,0.793,2
3tf7,1,1.2473144617973433,2.216860933676235,1.0684744139389524,0.8142592772115317,2.4473760346037152,0.7077892644912589,0.881,0.802,1.414,0.894,0
6r2l,1,0.8473766886674002,0.9545891942591348,0.8530497136452647,0.8077534487364387,0.7183349548328286,0.5252673973502646,0.923,0.574,1.426,0.923,0
1mwa,4,0.8678514190428591,1.044529612770552,0.8661599462983811,0.7874360968198255,1.011652935293486,0.9488938642950097,0.902,0.719,1.489,0.922,0
7qpj,0,1.5573488723106634,2.682911577153132,2.204102808744702,0.6796254180522007,5.209536719952981,1.4482882610814234,0.804,0.727,1.958,0.652,2
7n2n,0,7.517471793061779,17.17112730274929,2.1058685878939363,1.8034696710407985,11.534297369628195,16.26343795335107,0.014,17.458,44.33,0.0,0
3ffc,2,1.1976110262442432,1.503397402567003,1.0761415530903895,1.1058068903493699,1.2654552632285938,1.3530262124735888,0.758,0.966,5.371,0.853,1
6amu,4,1.0303263819452193,1.1935691301625173,1.9290228720295357,0.7982615935408118,0.6569491190123964,0.9665610507839524,0.796,0.646,6.077,0.883,0
6am5,0,0.6404980877792351,0.6035471172516442,0.6657955019467227,0.6499745630939674,0.29393027101059604,0.604671360885202,0.946,0.31,1.974,0.929,0
3e3q,0,0.8302063429946401,0.8345886947401222,0.9323395297304071,0.8166073431864224,0.8843245501315224,0.6502818366425235,0.94,0.428,1.07,0.912,0
8ryo,1,2.269871197027346,4.414917832455044,1.0921992179885966,1.1198867275262634,4.291794683387438,3.029245775440211,0.471,2.565,6.116,0.5,0
6rsy,4,1.0096606031972202,1.2561998546931776,0.9554625984380559,0.9152638703700144,1.0802274884836405,0.8664160872734719,0.822,0.616,4.301,0.814,1
9j4t,0,2.6904282209211607,4.715275153897779,3.138722914254789,1.3116617072094305,2.8250021489613846,5.695192594281875,0.364,2.85,10.961,0.5,2
5hho,4,0.75365071690629,0.7880355432584346,1.0243820718855619,0.7068736157085548,0.7536883005092943,0.5399041407641275,0.952,0.362,1.946,0.961,0
7jwi,0,8.259340298430304,17.72810530692543,4.0864352518491165,4.120308140674329,15.204589828940453,10.244699984232192,0.036,16.636,31.749,0.033,0
8en8,1,3.313071292185201,6.239071290205879,1.4792543483768572,1.4251132226899499,5.606328181333804,8.904187194659482,0.097,4.243,28.195,0.096,0
5xot,0,0.8682209331463112,1.2432266973031316,1.110912070233364,0.66975275747635,1.3153230189154088,1.0053582878464415,0.858,0.644,2.708,0.823,0
3gsn,3,2.0420102133230196,3.279175139021333,2.0356964741551464,1.4087929065073692,3.1524755471865458,3.6212152476470747,0.433,2.252,4.841,0.238,1
8yiv,0,2.094802169370961,3.2585798303352442,2.3592398377172326,1.4440151574810474,2.42539413529352,3.118755105565416,0.458,2.202,4.28,0.26,0
7nmg,3,2.0302971615903482,3.065453210740259,3.0520441428175693,1.2117116199155482,2.1293209615937174,3.0432148837220043,0.406,2.413,8.57,0.444,0
7n2q,4,3.103566588885494,6.119086576217988,1.8245638987194963,1.527697074355112,4.011942202576753,6.507173917258226,0.241,4.301,11.768,0.271,1
2jcc,0,0.8662551789335959,1.2020500014520576,0.6618947077030353,0.7613025240727423,0.9671692309292451,0.9260985115823166,0.72,2.408,1.902,0.928,0
5men,1,0.9669493503954529,1.1149854741022445,0.9439618242602222,0.9079849574455251,1.0422869472471028,0.5007467891839665,0.782,1.045,4.478,0.889,0
3utt,2,0.908156796783427,0.9824283223407952,0.6652030047494113,0.9079356355632199,0.8843627073712891,0.6548903734514957,0.861,0.748,1.197,0.8,0
7pb2,3,3.906567741501942,8.351638822413669,3.2889373874756083,1.7262508631473379,8.323316835818162,3.4876992633106187,0.083,6.132,26.48,0.098,0
5xov,2,1.3670345594958442,2.2572291582473993,1.0300752119976875,1.0232242842111008,1.0142436863035256,2.7736083861553484,0.681,1.778,3.59,0.778,0
3vxs,4,0.9001222157888566,0.9941710089062444,1.0578767689605109,0.8442680525482521,0.9194364800683126,0.9839577210639314,0.887,0.687,2.946,0.943,0
8gvb,1,1.6433493144551363,2.9717435187323744,1.6306141649386738,1.1041701011653087,4.155400871811624,1.8124968769526069,0.468,2.328,5.762,0.426,1
7nme,1,1.9732382793854124,2.9224769820353274,1.4807959190074051,1.4459690805726944,2.4165231502457027,2.998392752628472,0.477,2.254,9.272,0.667,0
5nqk,4,0.9050727579466791,1.1682392768717047,0.7771334271983176,0.8113878487381789,1.0318080208527218,1.1317035148096197,0.788,0.763,5.108,0.836,0
6zky,3,2.1879107195595173,3.312569325999198,4.85196526944613,1.2023401440230235,2.302816996172055,3.592458299338627,0.446,2.126,8.403,0.5,2
5sws,1,7.687180416420871,16.818958749510074,3.321771278807579,3.612838589276641,13.759471613475252,11.86057409122499,0.032,16.37,35.225,0.033,0
2esv,4,1.0064177106866292,1.5067930468685968,0.8166504387539318,0.8189499334076569,2.0516431495087386,1.2159182460012983,0.802,0.71,4.042,0.774,0
7nme,0,1.9451636598323179,2.8417240831584323,1.4370269427810363,1.4614753410430397,2.5382834158198704,2.809990246823865,0.531,2.156,7.151,0.68,0
5sws,0,7.748315022111565,16.911888303232512,3.4631839928008055,3.6739663390916273,13.676588473213084,11.611175082657665,0.026,16.072,35.88,0.017,0
6zky,2,2.6192402870785183,4.445765917671168,5.028499304679425,1.3609402588855,3.144461292570678,4.593719219355493,0.35,2.814,9.071,0.36,0
8gvb,0,1.6102314358551715,2.9303939521809093,1.4483595300670855,1.0914211802014244,4.15457315701963,2.0394507465089062,0.523,2.034,4.187,0.412,0
3mv8,4,0.8526848360022108,1.090090189416036,0.8130632811100299,0.7366236632479193,0.9753928387154575,0.9884099481662278,0.875,0.568,3.936,0.926,0
5xov,3,1.2197187573047323,1.860785654364332,1.108612880413662,0.9775020565269701,1.095067111411166,2.0562436363718524,0.76,1.318,3.22,0.841,0
7pb2,2,4.146772193658286,8.159998852307154,3.245529394067639,2.510518456237054,8.121657402878219,9.717841130848951,0.106,5.505,17.956,0.066,1
3utt,3,0.9271013537331803,1.0474987183022204,0.6763335159825429,0.9129876150511925,0.9119452240621669,0.7679916036575644,0.854,0.808,1.644,0.822,0
2jcc,1,0.8198427837741669,1.074713047250928,0.6918882206656168,0.742117987032943,0.6775897590974215,0.9428145191776209,0.71,2.367,2.028,0.899,1
5men,0,0.9981527542557549,1.1604995857316134,0.9435917614126491,0.9365196743815608,1.227297380885377,0.7234847974043376,0.784,1.067,4.253,0.889,0
7nmg,2,2.154303494566896,3.562114673677221,1.5892322610894545,1.3037593810618955,2.4532113796243484,3.196535590301028,0.382,2.768,10.273,0.514,0
7q9a,4,0.8492912824344118,1.0874087994634896,0.8118007705399911,0.7654113543031918,0.5591185142871178,1.0617805694013291,0.926,0.573,1.454,0.933,0
8yiv,1,1.2645292048292491,1.8216965356915866,1.6201772468321456,0.9411946302954035,1.5799187320173684,1.264074679457271,0.646,1.074,4.311,0.481,0
3gsn,2,2.04613727099377,3.293303478412812,2.0651907275331416,1.4021659445078176,3.284761539083784,3.8049375514484005,0.431,2.231,5.217,0.254,0
8ryp,4,3.6877530296230225,6.7120943024341155,2.5188617993856464,2.199073300700512,5.2379431764403535,7.62036784725324,0.159,5.038,20.247,0.246,0
5xot,1,0.8953385223290414,1.3241384682482091,1.1296966847828558,0.6671106172805853,1.3545213186023386,1.0795959168827938,0.83,0.739,3.405,0.823,0
8en8,0,3.421694774050082,6.302403663745244,1.8545131859604131,1.6392203139352974,5.685013262710465,8.884192349218733,0.091,4.213,26.536,0.068,0
7n4k,4,1.1855434206446887,1.7165154724498972,1.0103994827726677,0.9136036942627777,1.4353951001207754,1.6927655131425186,0.747,1.366,4.206,0.891,0
7jwi,1,8.223993173678048,17.85389584039538,4.084753722905737,3.8965089256969136,16.17513637940531,11.528388766804914,0.032,17.371,30.742,0.016,0
9j4t,1,2.991930778277211,5.329746783675543,3.1880747055630625,1.4404719721600896,2.931233687969814,6.306830506677583,0.313,3.497,13.508,0.5,1
3dxa,4,1.1119705675634821,1.5184574049425952,1.2395355984769025,0.9057489235480916,1.4937967239198158,1.6202519851213029,0.757,1.065,4.263,0.808,1
3e3q,1,0.8811778448028306,0.9441802088332575,0.9485587447385914,0.8494204378522592,1.137449968645269,0.6483357807682468,0.92,0.539,1.709,0.912,0
8ryo,0,2.1824620110743043,4.345219513118699,1.0525925917683467,0.9478628801050428,4.307366048293961,3.7216177577854954,0.425,2.477,8.727,0.519,0
6am5,1,0.6525226789117222,0.6204053137490219,0.658649301633534,0.6624036709751484,0.43422238982106137,0.5098562291941032,0.931,0.361,1.347,0.871,0
3ffc,3,1.148359597345327,1.4286328741513346,1.0105221787947274,1.0674086552332127,1.3914599282623943,1.7182033931961096,0.83,0.807,3.43,0.853,0
7qpj,1,1.4562583798170299,2.5888807380231165,1.0712634403893324,0.7398534406410212,4.988112559079163,1.5353437685775317,0.805,0.707,3.024,0.71,1
9rup,4,9.537603883914446,19.769237419833996,5.545797068004318,4.589201150203316,,13.704635263255408,0.01,15.348,58.784,0.0,0
7n2n,1,7.548642319957392,17.308739688898655,2.1300174388577213,1.6475984381269153,13.423632794840385,12.4329204037356,0.025,17.743,45.887,0.035,0
6r2l,0,0.8004474568210437,0.9413294970037868,0.8353147417867802,0.7435302300049262,0.8162457322013476,0.5772759328474181,0.927,0.573,1.419,0.934,0
3tf7,0,1.2220512017273542,2.083645313126212,1.0985287161332065,0.8539396125620204,1.7085553777031592,0.713540278152637,0.875,0.828,1.609,0.894,0
6mtm,0,1.0358884294849984,1.5638106982592184,0.8731258249583544,0.8597473008801025,1.3411850932307015,1.7456772163715943,0.772,1.42,1.747,0.828,1
1qsf,4,0.7458876386335355,0.7726922339096663,0.9454262441487876,0.7137541998087052,0.6443660408751398,1.0173773171658322,0.938,0.473,0.846,0.915,0
9c3e,0,4.418842739465406,5.9753341021330195,3.752179921947596,3.629252724623954,4.827551579737116,6.591956188242748,0.115,5.033,16.445,0.052,1
8rym,2,1.6892509115876408,3.2828576972955137,1.1612608509357472,0.8427878124661164,4.661775932645348,3.252578655962062,0.417,2.177,12.249,0.604,1
3vxu,3,1.5784877265247017,2.26796475498389,1.9978271549182676,1.0743607440446248,2.9249943929050026,2.1526029542490255,0.655,1.273,3.758,0.546,0
3tjh,0,2.0703683619922595,3.5492178061382402,1.0288424466517638,1.2199849744412097,3.752763834181948,2.4455978402730008,0.38,3.072,9.743,0.517,0
7r80,3,3.119638403242224,5.830857452397972,3.4395132007222635,1.4883528226831335,5.234604730589056,5.591158811698956,0.258,3.995,9.825,0.222,1
7pdw,3,1.4654602925889202,2.6538020074352726,1.2612012143484912,0.6052035373447376,4.924462079540926,0.7152320657915016,0.695,0.856,2.348,0.4,0
3w0w,2,0.981428342042741,1.0560771983101258,1.7151523861717939,0.8129938173662441,0.9490052111984257,0.7353482276176515,0.814,0.636,5.017,0.851,0
5euo,3,0.803943712876405,1.0717952553154868,0.7219303336232936,0.7097248371539213,1.6958055780380519,0.8345203755377194,0.903,0.586,1.463,0.869,0
3tpu,2,1.648702137687179,1.9074038765818293,1.0654089080114868,1.606158703937832,2.0086287598701955,0.7936518139302795,0.689,1.332,4.062,0.695,1
7l1d,2,2.9154964285393747,5.567436801532865,3.681953130021808,1.261458519846786,5.757766180643729,4.942200144305793,0.354,2.945,7.787,0.311,0
8i5c,4,2.0073024895898923,4.04367697537851,2.1137728502882567,1.179629608112705,2.9907033194044788,4.266148027051485,0.446,2.969,6.558,0.508,1
6avg,0,1.0253308458727073,1.4709449452983205,1.4013964500429104,0.6256050460617399,1.0193090311905937,2.06609536915243,0.771,0.949,3.898,0.773,1
7l1d,0,3.1607710256522554,6.103125800051151,3.8342514564628996,1.325402026849528,6.800791444111806,5.409467486877663,0.317,3.173,8.093,0.243,0
2bnq,4,0.9184133024420438,1.1999920268588626,0.8097321143472131,0.7974788307979407,1.0461713543949795,1.207347559057431,0.853,0.712,2.7,0.836,0
4n0c,4,1.0429019449036827,0.9383134491768995,0.6337312953846381,1.1066095565827039,1.171511326626423,0.3913118907643747,0.904,0.681,1.223,0.904,0
6avg,2,0.9617465413723871,1.2514953388436256,1.6107916365408959,0.6398253288990375,1.2646032775664908,1.354208592856671,0.85,0.72,3.246,0.866,1
2ckb,4,1.0393147310146484,1.2407185247803607,1.0610061975334673,0.9502913512787295,1.1722342385574593,1.4948563741241283,0.74,0.838,2.992,0.567,0
5euo,1,0.8158951310881377,1.2029715552614184,0.7206294081191942,0.662481381106113,2.013559327353611,0.713762564040722,0.89,0.724,1.811,0.902,1
3tpu,0,1.6708922217119333,2.2425796288224644,0.972884255942288,1.4850229922493703,2.039354172684433,0.7971481093366959,0.71,1.314,3.827,0.732,0
7r80,1,2.9385100751773474,5.444029449395002,3.388656552659083,1.4242777441507355,5.32602290730544,5.065340745331892,0.296,3.579,9.047,0.27,1
3tjh,2,2.2482216022525243,3.8840144232537006,0.9343349936101949,1.3076006973141285,3.8573352850016964,2.6116015518950464,0.344,3.309,10.539,0.467,0
3vxu,1,1.4852503384343347,2.1332935110299722,2.002155075349192,0.9797917208432084,2.9246987094318997,1.9883131849897497,0.678,1.188,3.95,0.598,1
8rym,0,1.7418666736964268,3.2968376107209862,1.1571269241124154,0.9687568600136074,3.819390246074187,3.38223879882533,0.411,2.274,11.128,0.562,0
9c3e,2,2.153586678605185,2.8398251624778914,1.8097067309783754,1.8220563008951072,3.7999681973381367,1.9629108659836316,0.416,1.849,8.107,0.328,0
3w0w,0,1.1284330629388641,1.5667613914976397,1.7583410663645613,0.7870525885481221,1.2693912596888457,0.9717488085608971,0.774,1.208,3.161,0.838,0
7pdw,1,1.8176558308530593,3.2010339770173593,1.8367304602178207,0.8342996025546918,5.306750105260988,1.5190346589299344,0.411,1.672,8.309,0.277,0
6mtm,2,0.925955627668909,1.1943092980962808,0.886261717722318,0.8442714075311357,1.115716533818123,1.584364565875994,0.836,0.979,1.252,0.828,0
6r2l,2,0.7884814820620418,0.9221970257224815,0.8311470770258138,0.7335895550459691,0.715511213502834,0.5538006509949135,0.919,0.652,1.718,0.956,0
3tf7,2,1.2855928734848345,2.2303467956221015,1.1024979867145497,0.879121093022543,2.842243470898018,0.722949489174524,0.872,0.828,1.839,0.894,1
7n2n,3,7.658947965334097,17.445816415882252,2.3483221717528555,1.9247492176954155,11.509733704959354,16.80140898109441,0.014,17.606,44.428,0.0,0
7qpj,3,1.416657772008041,2.553748934713425,1.1560833552767902,0.655302141131053,4.932904689722336,1.2510325610810682,0.795,0.645,3.007,0.652,0
2vlj,4,0.721523556499688,0.8697548019416248,0.9309048416233073,0.647286739452282,0.8171185659407111,0.5630695515779248,0.893,0.447,3.533,0.909,0
3ffc,1,1.2329600610270812,1.548733571926452,1.041971841733944,1.1442203529358423,1.4691565873805865,1.5042128340098684,0.801,0.935,3.838,0.853,0
8ryo,2,2.230598766436738,4.421664185466157,0.9795951933624862,1.0060755437259281,4.530692892168627,3.459990589380248,0.466,2.545,7.148,0.556,1
3e3q,3,1.1700852659596699,1.8469926679152857,0.8834823578658242,0.8355531526523626,1.3486772800921794,0.2863063128141859,0.866,1.025,1.524,0.947,0
6am5,3,0.6915319830568444,0.7844190710336767,0.7147457365799924,0.6547833108838732,0.4064751600919441,0.5829737978877806,0.938,0.344,1.631,0.9,0
2f53,4,0.9248219780907524,1.3120253486892144,0.8092749147534005,0.7292393369790701,0.9254195247358463,1.7159991608964247,0.86,0.699,2.552,0.84,0
9j4t,3,2.8380086006769827,5.003818161619829,3.3541397300519606,1.3319239202454098,2.3944431734122102,7.113173131987949,0.386,3.069,10.579,0.571,0
8en8,2,3.2671718516659047,6.110374525414959,1.5515949752531757,1.4590975398687425,5.360374304407724,9.128626627285113,0.148,3.981,23.545,0.205,0
7jwi,3,8.321727913038712,17.971650581106204,4.153054751569169,4.0382787561658,15.734620674182668,10.491677513046254,0.036,16.958,31.598,0.033,0
5xot,3,0.8856776591118933,1.2943661440459395,1.0902185095553134,0.6742505237911999,1.312474840922137,1.017412461397867,0.858,0.662,2.589,0.823,0
7dzm,4,2.152248094738371,4.3158836749801734,1.804756951160537,1.207969892174369,6.110105744103152,4.911784982454666,0.31,2.085,10.852,0.209,0
3gsn,0,2.1015379696623677,3.4294503748808283,2.0398999829176963,1.4145338276334118,3.384956305617961,3.898765856728524,0.424,2.352,5.173,0.254,0
8yiv,3,1.2669918566843594,1.7897857030105038,2.0626168695311993,0.8688212294847522,1.4193767480867294,1.7697519487459785,0.612,1.072,5.296,0.455,1
7nmg,0,2.1907118714804517,3.374960542698644,3.0192074383699117,1.312568630184329,2.1840521983246193,3.421812183014843,0.363,2.711,9.61,0.417,0
5men,2,0.9060975654467639,1.0544027305318033,0.8646144631538083,0.8487736777593866,1.0706062185614158,0.5508528858971741,0.837,0.99,2.812,0.914,0
2jcc,3,0.840325348819565,1.1260927176789988,0.6748355994939812,0.7534749500704383,0.6602070468898384,0.9089229647636781,0.729,2.345,1.529,0.928,0
8gom,4,2.6709578068221527,4.690682050414473,1.7780566217016744,1.3783061915225099,2.7017187645059493,6.247853404955283,0.262,2.685,15.643,0.321,0
7pb2,0,2.7287170098828226,5.673468083919495,3.137773321424871,1.211663922470901,6.151284010912693,3.209447531597544,0.176,3.975,18.484,0.23,1
5xov,1,1.232932664505421,1.94452518909643,1.1090107886581584,0.9539592924957258,1.0743713608245538,2.059457548436912,0.686,1.405,5.354,0.81,0
3utt,1,0.9424495998292752,1.019547496899662,0.742678151176871,0.9380962199020313,0.9095991572580717,0.7054253064823759,0.851,0.823,2.164,0.844,0
8gvb,2,1.882430739230049,3.4978824718032095,1.577552272959759,1.2433590073458891,3.64288483937738,3.8010996239489008,0.523,1.847,4.196,0.368,2
4qok,4,0.7746042434315453,0.9204175165192163,0.650455996584772,0.7327895308707996,1.0027249086015144,0.8040744327949594,0.917,0.556,1.557,0.905,0
5jzi,4,0.881106001023588,0.9825270493406532,0.8930308158459902,0.8360636147026274,0.47927700375644205,1.3917324426952062,0.759,1.247,3.885,0.859,1
6zky,0,2.5023943652225333,4.195220116534039,4.941435997110725,1.2943058350334358,2.932379622464346,4.538614032277295,0.405,2.548,7.274,0.38,0
5sws,2,7.916367100902152,17.21607664640631,3.773630999750388,3.7962616057091414,15.544205172768564,11.38030412693283,0.032,16.912,34.816,0.033,0
7nme,2,2.0016915201597056,3.0592087577810396,1.424844234329233,1.3901690480160798,2.6145925851155214,2.927739615128225,0.488,2.241,8.257,0.64,0
5sws,3,7.514671682313057,16.532297216836586,3.179684253729012,3.4405181089948327,14.576580002535318,11.18796872199547,0.031,15.868,37.064,0.033,0
6zky,1,2.514352308849668,4.378619979770577,4.088087488043258,1.4453288113912415,3.1394059834618027,4.841329830531565,0.356,2.815,9.863,0.42,1
7nme,3,1.8222820203560777,2.7211945805427877,1.3852055118061395,1.313573765473223,2.4062853682008356,2.5968493352813433,0.534,2.035,6.799,0.64,1
7n2s,4,3.6133099015556804,7.34724911154424,1.9481388560104729,1.778867172979818,5.51638220521887,6.396989361100221,0.147,5.895,13.344,0.091,0
4eup,4,0.8301485269125506,1.1183459150780086,0.6689576477854094,0.7305264250208202,1.989142031102219,0.7188534869452602,0.795,0.921,5.427,0.947,0
8gvb,3,1.6082615663991309,3.0046101076174083,1.3059561457729816,1.0565737736148813,4.523268833211221,1.8211006233999003,0.512,2.129,4.147,0.397,1
3utt,0,0.9358029688406633,1.0190341938401526,0.6729984518813052,0.9344436677503565,0.9271879161616589,0.7044760014144265,0.839,0.816,2.431,0.822,0
5xov,0,1.147140442577831,1.8235668748988678,1.0223477999644341,0.8805214160369425,1.0720330407003607,1.9071756963214035,0.741,1.286,4.192,0.841,0
7pb2,1,3.706406249038183,7.927325196311916,3.391709831378141,1.583900616753987,8.353490737118058,3.9495220426317883,0.1,6.359,25.671,0.148,0
3kpr,4,0.7820279182437209,0.9704305250136911,1.2158306028740755,0.6486541910064225,0.9143272255658639,0.8425524266695648,0.903,0.53,2.006,0.873,0
5hhm,4,0.6787326493293621,0.7149229114913029,0.9973427312929395,0.6271048688555821,0.5627852629854446,0.4721714672804906,0.744,0.421,12.219,0.98,0
5men,3,0.8816216857614788,0.8458404666659121,0.928788159438723,0.889145913590603,0.8156359295107682,0.43229020206555674,0.849,0.905,2.426,0.889,0
2jcc,2,0.8328798292657157,1.1077903149600843,0.6720868957891802,0.7501382246254514,0.8208613985130122,0.9088133590558114,0.726,2.381,1.939,0.942,0
7nmg,1,2.1927361743369964,3.5807791967791176,1.8251835560917522,1.3452538948046457,2.148347569340604,3.743474174905277,0.323,2.835,11.627,0.403,1
8yiv,2,3.1673268265483157,4.801045719816159,3.097374680673977,2.353832915767789,3.637613035632736,5.247671770435455,0.313,3.372,7.451,0.208,1
3gsn,1,2.032956998962648,3.3070826773973736,1.959895734933132,1.3786419207586418,3.2223986719738407,3.598707607358033,0.423,2.335,5.452,0.27,0
5xot,2,0.8869454763973175,1.3101115275436805,1.1434330306727065,0.6577196181440194,1.372762246292114,1.0584878340658515,0.833,0.769,3.33,0.839,0
7jwi,2,7.865724409589225,17.124416191006702,4.010801876831815,3.664857656256925,15.361980711773104,12.093580929858256,0.028,16.734,33.85,0.016,0
8en8,3,3.36220885517239,6.200360183845206,1.7485669641608923,1.6089150763121138,5.659592822102116,9.02575164229181,0.107,4.186,25.717,0.11,0
9j4t,2,6.524330893593201,12.470829117626797,4.481693636560014,2.542404559387297,10.026891246085492,7.425767691415127,0.068,9.429,24.596,0.071,0
6am5,2,0.6570533070165593,0.6175316298717256,0.7185398118760536,0.6635706715044044,0.29308114083849696,0.6450602294448929,0.919,0.357,1.547,0.843,0
7n1e,4,3.4125888257058903,5.706390295770663,2.746377010859063,2.2274616613497185,5.064868514226825,4.967938997951745,0.213,4.145,16.154,0.305,1
8ryo,3,2.2452536070423355,4.406670575511579,1.1961113547855295,1.0454897256401556,4.531885154068357,3.4131723611871965,0.473,2.473,7.03,0.556,0
3e3q,2,0.8520803928787446,0.8929678761647597,0.9594032573369772,0.8240108926311197,1.1187087863029557,0.6770288242853664,0.889,0.91,1.488,0.965,0
3ffc,0,1.2353414212996991,1.592859444616675,0.9898191747086613,1.1348190075499573,0.9982179795778215,1.605274090997099,0.792,0.954,3.923,0.84,1
6eqa,4,1.0077206267842747,1.1409807174463085,2.016988063154165,0.7888010410610059,0.6117159081448539,1.2995623085156358,0.861,0.759,2.157,0.846,0
7n2n,2,7.536097788349744,17.30252169322277,2.089638012137892,1.5905825920969334,13.283316103298484,12.569249586043314,0.027,17.746,43.052,0.035,0
7qpj,2,1.52247343273799,2.7505491400748037,1.1073838617426295,0.7167765118661822,4.998555417820636,1.6389785126412886,0.74,0.933,3.998,0.681,4
7ndt,4,8.677109246269055,18.039948080612863,3.203421274032927,1.6544828735325714,15.22104896568208,12.212771198567411,0.06,16.96,34.707,0.115,0
3tf7,3,1.276714751012228,2.1934874589863202,1.0878381429964996,0.8890117067994755,2.7122505225615527,0.8106514369209536,0.889,0.787,1.568,0.915,1
6r2l,3,0.8195993750139231,0.9406078090007375,0.8652981695110786,0.7698378674562643,0.6407712975374036,0.44768247963340085,0.911,0.587,1.872,0.912,0
6mtm,3,1.092252114530422,1.645456294547998,0.9078600471082988,0.909594909254597,1.2229640912792055,1.4229189825290895,0.737,1.394,2.274,0.741,0
3w0w,1,1.0434554922571924,1.3307832736660583,1.7149930332389574,0.781604032196365,0.9680297686243895,0.8960938397016823,0.801,1.048,3.517,0.878,0
7pdw,0,1.7116558209434962,2.975593523979891,2.0079316299192653,0.7783115050081972,5.175255438639553,1.279150589335549,0.533,1.389,4.053,0.246,0
3tjh,3,2.2464865129929312,3.8352238101052083,1.0663817983008383,1.3459055953532777,5.067039653957665,2.087711406119288,0.365,3.268,9.61,0.483,0
7r80,0,2.0036293307817896,3.3333123495812806,3.3223917356159736,1.0920701536494697,3.678088266845082,3.185996185804927,0.542,1.835,5.123,0.492,2
9c3e,3,4.502511885987856,6.317145039952201,3.601898483966765,3.5570418968176623,4.781244529058495,7.628460462683171,0.114,5.314,15.352,0.034,1
8rym,1,1.87970728135706,3.615250978417478,1.147468334417648,1.0000549126443423,3.805151689791646,3.341844113069457,0.361,2.509,11.795,0.479,0
3vxu,0,1.5393016273237772,2.1912289261113624,2.032480012869173,1.0447963071050843,3.0075189032451677,2.054790986906939,0.659,1.261,3.787,0.557,0
3tpu,1,1.8050030559921408,2.3412394455270737,1.1367092016683944,1.6405952488647664,2.078632849346228,0.8448031334183711,0.674,1.497,4.405,0.732,0
5euo,0,0.8931229137020468,1.421933022326029,0.7358681939731919,0.6671809449673191,2.4560383684563125,0.973228917776415,0.858,0.626,2.798,0.82,1
6avg,3,1.0132701902025014,1.2886994438232744,1.4409978355163795,0.7668075722429956,0.9875249709080168,1.460773435420543,0.742,1.078,4.591,0.794,0
8ye4,4,2.0860668198084564,3.361006098722336,3.4802586469350194,1.0467323927278056,3.294794291939263,3.0622162583073793,0.304,2.289,15.321,0.377,1
6d78,4,0.9682476646184397,0.9526001532657619,2.1105202769891056,0.7809118911610103,0.19582535428013284,0.625051030089053,0.832,0.696,4.333,0.878,0
7l1d,1,5.094991661583436,10.634962241352811,2.237137975874214,1.7688858352417092,7.839492771153462,10.427704588584145,0.123,5.651,19.969,0.149,0
6p64,3,1.820974840026696,3.4150334088439895,0.9915498119229158,0.7057461034908289,0.8520840152699029,0.6825744858925302,0.681,2.338,3.549,0.9,0
7rtr,3,1.8011580167325392,3.180548598344777,1.376897767389331,0.9549745609086263,2.5811209082063886,2.5007017255037223,0.438,1.985,10.174,0.54,0
3qdg,3,0.812682996275841,1.1098546016285649,0.7267006942322178,0.6819838679422658,0.7439718647494251,0.6284480330594533,0.889,0.585,1.924,0.847,0
3kps,3,0.732944444613894,0.9876337768960696,0.8468097732030421,0.6318418807385026,0.9844298655241546,0.8513360788083291,0.895,0.503,2.6,0.872,0
6vm7,2,0.7709703643131501,0.9507655863541299,0.5648562053278738,0.7110078581140864,1.0420023971248278,0.5231216388626317,0.856,0.629,5.115,0.984,0
9ru5,0,2.6259220872269866,4.434955062301176,3.1693946764153096,1.813823575903574,5.831463587615555,4.086658337466872,0.401,2.903,6.41,0.354,1
7n2r,3,2.645520586728572,5.201571961982917,1.7710652376626292,1.57532156108946,4.252363557504851,6.763250353947236,0.372,2.868,6.208,0.25,0
3vxr,1,1.0055934788084435,1.2549782802024532,1.2459267452420137,0.862477429061252,0.9103957648491938,0.9518611765543274,0.865,0.764,3.199,0.925,0
7q9b,2,1.6339888507945515,2.8998697390736594,0.7862966507634398,0.9522046560957553,5.057510491720277,3.0106146900205575,0.642,1.718,4.683,0.725,1
7dzn,0,2.2088604079335776,4.383963260442226,2.393922613309717,1.2138336162381744,5.657649808771805,2.3382434045887197,0.367,2.355,9.787,0.381,0
9d95,2,1.3688913277765715,2.1964832856469627,1.4396016846242572,0.8951963309791633,1.4768307568712638,2.9548256996208906,0.58,1.488,7.295,0.659,0
3mv9,0,0.9495576509465802,1.2273158858519884,0.8627428304058162,0.8233562648239068,0.8906902813909144,1.1988328651766986,0.838,0.711,3.917,0.871,0
1qrn,1,0.7287115990418729,0.846336333434639,0.8692283421610741,0.6588733033203272,0.5069241380457952,0.7555549535205769,0.919,0.485,1.014,0.866,1
8ryq,0,3.2103268550186335,5.931441119742777,2.077538429024182,1.7348401906533113,3.0502753318851266,6.106081390855048,0.248,4.57,12.19,0.318,0
6tmo,1,0.6507857864133878,0.6674188199107394,0.4972092728111837,0.6581763685885783,0.6495344695708185,0.6283133713343111,0.951,0.29,2.214,0.951,0
8gon,0,2.273135398259473,3.8791670636667743,1.9491065431965926,1.3169188475817604,2.6591931740209978,6.264476895117225,0.404,2.113,8.418,0.371,0
8d5q,2,1.8445949104105388,2.645388730780523,3.080394669506928,1.2199881878729584,1.8851779235918973,2.937261340988891,0.627,1.285,4.583,0.528,0
2uwe,1,0.786697770070989,1.1028436461834292,0.6433709766397275,0.6815204745489627,0.5691945740812082,0.9079258304975591,0.86,0.964,2.442,0.947,0
6zkz,4,2.3368395014392083,3.671102903458003,4.721245502863338,1.3239463911885334,2.27847442904762,3.6718134968253424,0.366,2.529,10.205,0.429,0
7n2p,1,1.5825371240165964,2.749246566955182,1.5973040829891014,1.0173165521741776,3.174719169978721,3.093704485588027,0.489,1.747,8.743,0.556,0
9j4s,3,1.4537727948037742,,3.0713232838158993,1.0675235477245228,,,0.004,40.564,88.518,0.0,0
2f54,4,0.9101380792958603,1.1914076292551916,0.7744061909821569,0.7885145397021274,1.024346189564329,0.9629091669418968,0.853,0.733,2.597,0.836,0
4g8g,1,0.7605739208614176,1.0152551743866778,0.7440459000390651,0.6412901450702367,0.9642897879564998,0.915313751126076,0.87,0.661,2.899,0.877,0
2p5w,2,0.7550681380938111,0.8187975890381982,0.5088984245307228,0.75179647436076,0.7790935900672903,0.7613840281160514,0.95,0.307,1.06,0.907,0
7su9,1,0.8892876412725699,,0.9812235711033515,0.8812426066990987,,,0.005,33.204,72.989,0.0,0
2vlk,2,0.6801556556332031,0.7608197988328417,0.9010246627190679,0.6273241368015873,0.8300067693788653,0.5604604587649986,0.967,0.356,1.843,1.0,0
8cx4,0,1.6173896794141285,2.9009142766093836,1.560881546212156,0.9532146301876272,2.904685367605258,3.684860936343773,0.478,1.865,8.238,0.525,0
2bnr,0,0.9018041999150709,1.1910637653991911,0.862085903886555,0.7666585031395583,1.0919834322325008,1.0783043347670014,0.762,0.784,5.144,0.77,0
1qse,2,0.7017043064132252,0.6643215279033305,0.7467319495181336,0.7104475101648176,0.7080202413681802,0.7629499407761308,0.947,0.471,0.848,0.939,0
5c07,2,0.705828181174162,0.8404789132098477,0.5853268103449526,0.6709555148953779,0.2715054104159678,0.720360968176539,0.956,0.32,0.991,0.925,0
7phr,3,0.9409465343588577,1.3483773381058621,0.9142744567522633,0.7646891694484954,1.450359707643306,1.0048203205649286,0.787,0.899,4.121,0.817,0
2vlr,0,0.789546432054765,0.8592681616867113,0.9674317513077404,0.7468726188237543,0.8344307829953737,0.562579793683216,0.929,0.555,2.396,0.981,0
8gvg,0,1.6909250152111193,3.030213026789241,1.3579994898298786,1.1756840441326042,4.468724136493375,1.8758176261186692,0.54,2.222,3.329,0.441,2
1g6r,1,1.003204641932579,1.1973341763645449,0.8914675642871716,0.9329709461532821,1.01722259628359,1.2421019052523545,0.896,0.674,1.211,0.877,0
8ryn,4,2.137859465465515,4.033669505951829,1.634403661764695,1.1860323742988321,4.665533125806838,4.1095757972544185,0.235,2.871,16.417,0.28,0
3uts,1,0.8176216309908404,1.184389021361869,0.4316693139816318,0.7053964798634083,0.8790721928505717,1.1513415774188607,0.797,0.812,4.677,0.85,0
6eqb,1,0.9083163551886991,0.819818090803642,2.06689691242512,0.7369693073124789,0.4011016593228422,0.5710313180482335,0.911,0.642,1.882,0.933,0
6avf,4,20.025906291501162,30.461776145459297,18.648575944710228,15.453464255038474,34.23506115539204,35.0791746108615,0.013,24.046,45.18,0.0,0
3pwp,3,0.6556495012767756,0.7640981556248351,0.5193269572520666,0.6243717921565205,0.42743936212054984,0.5378629248213728,0.963,0.402,0.831,0.966,0
7ndu,3,3.857930961132875,7.680021751874711,3.3998111448009136,2.1152420291189973,5.265317823013512,7.958141127386118,0.173,5.476,16.896,0.246,0
6vqo,1,4.232882984417783,7.855586970854526,2.542879342706315,2.086283141116204,10.293300263032236,4.112523503274576,0.163,5.653,20.629,0.277,0
7n5c,1,0.8908481459667879,1.1817780044845014,0.5964018779031725,0.774216570892065,1.0620547090795864,0.9211254958289077,0.752,0.775,6.858,0.86,1
9iky,2,2.153033444559758,4.42778012286137,2.808111992177659,1.1403420912201128,2.7837783704105856,5.394763337896134,0.371,3.046,10.332,0.516,1
7n1f,1,1.9251580720801438,3.2840179703895025,1.764626016058486,1.11213418073045,3.0024752873630374,2.2080286385143646,0.375,2.117,11.077,0.419,0
7n5c,0,0.8860754584317486,1.2423599877435707,0.6341171191489231,0.7221004149647235,1.2109517774424965,0.9703569525184838,0.748,0.771,7.019,0.86,2
7n1f,0,2.027319316833615,3.464669142210354,1.7957601253191222,1.175990895480678,3.2005597775938366,2.6195478258277474,0.388,2.354,10.282,0.468,0
9iky,3,1.5383619235810886,2.798182337364054,2.9488906719039796,0.8611201680858622,1.625371219231104,3.8636348997367875,0.532,1.773,6.915,0.578,0
7ndu,2,3.7887337112599515,7.524922275402607,3.355106719354425,2.0897948834018836,5.223539683135284,7.833701296975592,0.184,5.391,17.63,0.292,0
6vqo,0,4.278217814721557,7.930850290253827,2.5781961006609917,2.1188175542546026,10.48753993501855,4.093996132434222,0.167,5.7,19.558,0.277,0
3pwp,2,0.6988704967799332,0.8534027017527719,0.5768509306179415,0.6444823699413852,0.42488606942555535,0.5632461325912325,0.95,0.435,1.21,0.948,0
3uts,0,0.8254108797483741,1.2075520763132592,0.4797673992297852,0.7029398795821699,0.8146472721814916,1.1950138830566484,0.817,0.821,4.481,0.9,0
6eqb,0,0.9183958645730201,0.814618431754474,2.059136757258602,0.7594835218709647,0.4591579306235198,0.5549176927557204,0.905,0.646,2.158,0.933,0
3vxm,4,1.281598172248305,2.0935209605343648,1.10883703426124,0.8769485671648981,0.9248007749331019,2.444213253749736,0.71,1.447,4.585,0.836,0
1g6r,0,0.9922177974232891,1.209569589887737,0.9163313553651552,0.9067619273951455,1.2059639185587243,1.2233730622825951,0.905,0.617,1.631,0.895,0
8gvg,1,1.4099255641704234,2.3321932336360676,1.3543227293062692,1.0676603406770278,3.3705026227705357,1.7904861250970248,0.655,1.513,2.439,0.544,1
2vlr,1,0.7683699254007333,0.7684270859488102,0.9513975876182599,0.7462031482659885,0.8039902985174592,0.4819291212607203,0.925,0.539,2.715,0.981,0
5tez,4,0.8984616258793238,1.2434305985607423,0.9319636452958979,0.7549200347487688,1.0760589889906504,0.8241479144813472,0.669,0.929,5.544,0.583,0
5c07,3,0.6895322357718197,0.8138324623325237,0.5787332411811711,0.6576245454688672,0.30934193295641543,0.7210321744761606,0.963,0.298,1.068,0.943,0
9j4u,4,1.5404431824045193,2.5339201968602474,1.7925487822997572,0.9136251335409082,2.4587069072721675,2.3808910189396286,0.648,1.668,4.018,0.679,0
1qse,3,0.7433847168681279,0.7604236082171475,0.7711821995243934,0.7333145300021342,0.7017916897999348,0.8768334001454499,0.938,0.482,1.521,0.939,0
7phr,2,0.909510866014107,1.2767435744949622,0.9117460592777222,0.7508938535315091,1.5182111247208256,0.8405591231791247,0.772,0.874,4.86,0.817,0
8cx4,1,1.733520200660485,3.283568185631992,1.6266623416583,0.852783175327218,3.2351812755892104,4.007914709016848,0.433,1.942,8.774,0.441,0
2bnr,1,0.9401022186608384,1.2101364709723075,0.8172613835473264,0.8270539588710784,1.1099383956583337,0.9672312903067778,0.771,0.789,4.941,0.784,0
7n2o,4,1.8557893102626857,3.4423875137843125,1.5574131263744524,1.0528172996268703,1.850426674517779,5.417861701825373,0.382,1.86,8.253,0.237,0
7su9,0,0.878906177561425,,0.8783556513999531,0.8789516387209165,,,0.005,33.247,72.208,0.0,0
2vlk,3,0.6777406345826257,0.7705774156495103,0.9016505396453816,0.6202698457890755,0.8019974254702515,0.5374880916625695,0.961,0.363,1.825,0.981,0
2p5w,3,0.778431946856417,0.803597728058988,0.7978985817476486,0.7659707953451835,0.783800456278307,0.7097704482422177,0.935,0.337,1.713,0.893,0
4g8g,0,0.6852604845214819,0.9045454928066679,0.6137727660896876,0.5908085981855272,0.8735013593005861,0.8897931770866243,0.871,0.506,2.4,0.789,0
9j4s,2,1.366068180197906,,2.9860928773303437,0.9633680801956821,,,0.004,40.588,88.328,0.0,0
7n2p,0,1.7424626130971899,3.3293953895827877,1.5457378389856395,0.872708094539705,3.6286518512820294,4.367883662501182,0.467,2.017,8.135,0.524,2
3rgv,4,1.0568019393921027,1.2310670837374194,1.4974585672626253,0.9295019007027978,1.321979538134022,0.8241525552685238,0.822,0.814,4.257,0.894,0
8d5q,3,1.638522291454121,2.1571721409681315,3.146499993555143,1.0936947421265542,1.3192264776679774,1.9662636209199225,0.669,1.122,5.227,0.642,1
2uwe,0,0.7908805269933682,1.0974726482949093,0.6762095222886574,0.6873606312691787,0.5781913197720431,0.9657720651026711,0.871,0.961,1.137,0.921,0
8gon,1,2.7215292113411422,4.446517839835503,2.9645639083035915,1.6631533608066635,3.0452132044619,6.609035923435743,0.471,2.436,4.671,0.371,0
8ryq,1,3.557461379462066,6.733654435058369,1.8166294805704697,1.799473427230068,3.71377886992463,6.199741438722742,0.222,5.242,12.894,0.288,1
1qrn,0,0.7335672722779152,0.8426387036630871,0.8549980554970072,0.6707295350606424,0.5118107956699768,0.727070067705374,0.917,0.485,1.632,0.881,1
6tmo,0,0.6406557732892431,0.6370221628926706,0.2858613023735664,0.6669967006071545,0.6683501580759837,0.7275195355080263,0.961,0.314,1.977,0.976,0
9d95,3,1.6388949388623788,2.8238281235108236,1.6979924984683255,0.8843940726840931,1.9603824174264544,3.85941935383327,0.49,1.87,7.82,0.537,2
7dzn,1,2.0091061244003754,3.848846697026152,2.387915167308328,1.1715494149844317,4.732150341865346,2.4954049160380722,0.404,2.194,9.56,0.452,0
3mv9,1,0.925142933164832,1.1798626356945048,0.8454045515678194,0.8109829585369367,0.891790985773159,1.1437578453522466,0.859,0.689,3.361,0.886,0
3vxr,0,0.9771178903302605,1.2598826272731518,0.937967551322588,0.8605352029878879,0.8908635734993551,0.9482320814955557,0.875,0.773,2.452,0.91,0
7q9b,3,1.6735445731744345,2.9787460525349014,0.8120327842023628,0.9655998314239822,5.119035925698681,3.1765009778881566,0.579,1.72,5.819,0.625,0
9ru5,1,2.529582139604777,4.22706763769323,3.0370102135906696,1.7781321983928098,6.078345230366908,3.1469136937479614,0.392,2.925,6.943,0.367,0
7n2r,2,2.977062991059204,5.854510572361758,1.9178648550691164,1.7793943184760932,5.4177235477025825,7.3714700522369885,0.335,3.189,8.464,0.321,0
6vm7,3,0.7500783682212375,0.8610603502413826,0.704091481408166,0.7081128631829031,0.9372418629214156,0.48682990481105204,0.865,0.57,4.871,0.967,0
3kps,2,0.833183413891407,1.0445328645235603,0.8971957965657166,0.7581136664558245,0.9950060761488241,0.8713135500492617,0.898,0.57,2.238,0.885,0
3qdg,2,0.7810485422510024,0.9770158310343584,0.7088425685643085,0.7035472932445684,0.7294261987507394,0.6490948944984664,0.887,0.619,1.439,0.833,0
7rtr,2,1.9919947198452812,3.5839887925791323,1.357372729398331,1.0005747625900454,2.4970586903348573,2.6314384262312625,0.374,2.45,12.225,0.524,0
6p64,2,1.7848036329376478,3.2850688941449957,0.8949101256371291,0.8058051344558157,1.1355742441955328,0.9472685381892032,0.627,2.291,5.309,0.86,0
6p64,0,2.040603966422158,3.8149535979830183,0.9248005626227968,0.8402278598283393,1.134414643880583,0.7963409352942599,0.616,2.333,5.098,0.82,0
7rtr,0,1.8897853898191734,3.3421836902099935,1.421933293134195,0.9996352979499085,2.8174103297993582,2.2544923072788157,0.41,2.217,9.901,0.492,0
3qdg,0,0.7792395735851292,1.0332649990487197,0.69203088346309,0.6722515695212726,0.7007221953917854,0.5949545471519996,0.887,0.606,1.563,0.833,0
3kps,0,0.7745319819810257,1.047363340047219,0.8289919027290896,0.6750560945026308,0.9699106790114318,0.9469095050053125,0.895,0.56,1.99,0.859,0
7jwj,4,3.737291894233097,7.7277129364455135,1.7659840573671342,1.7502951140053813,9.679175044251426,6.3980166447457,0.202,6.366,14.483,0.298,1
7n2r,0,3.282452272299153,6.8933746242684535,1.9711612072722888,1.5756024600067007,4.468592074077888,5.541171654467038,0.246,5.072,10.668,0.268,1
9ru5,3,2.4686862107109384,4.090489656589673,2.981658998566338,1.7528129484317412,4.999442329518261,3.1662481841252688,0.427,2.609,6.374,0.392,0
6vm7,1,0.7979953896410148,0.9404958642668904,0.5959710591093316,0.7564647295954504,0.9778764732386835,0.41566319827891623,0.832,0.615,5.931,0.967,0
9hlj,4,2.5309138847537445,4.749143131760912,2.3538464218052586,1.2109977663574643,5.996541723831894,5.203627626811476,0.205,3.002,18.908,0.247,0
3mv9,3,0.9612998151557047,1.2564839292639634,0.8460441405289459,0.8287236828027733,0.9215791539367447,1.178867432363719,0.82,0.775,4.432,0.886,0
7dzn,3,2.167613318040324,4.2500758698832835,2.622052880320811,1.1762861996908152,5.604740415775463,2.6627749019064035,0.366,2.336,11.471,0.452,0
9d95,1,1.9671409004371343,3.41452031820648,1.6997468384959962,1.1005746496874946,2.787809586846307,4.1153018887338835,0.354,2.403,11.133,0.415,1
7q9b,1,1.5983536377728707,2.8442098009708436,0.8100967529127479,0.9200313807024588,5.192383945118912,3.0011300501750946,0.634,1.574,5.058,0.688,2
3vxr,2,1.0000958650516327,1.2608641100848403,1.0037397524763048,0.8892702516331101,0.9323463300420496,0.9044887924048244,0.863,0.858,2.677,0.925,0
6tmo,2,0.678411904522012,0.5903470765792905,0.49155636892674315,0.7227093590582518,0.6359682426624717,0.6504181809328973,0.963,0.311,1.591,0.963,0
1qrn,2,0.7498589277046271,0.8939029666397402,0.8623317830893029,0.6707721556406903,0.5350212563111281,0.8038923464389284,0.913,0.533,1.084,0.866,0
8ryq,3,1.1723218204844517,2.0059267511114403,1.2838414478510245,0.701930533396261,2.14842253444463,2.6537002522369453,0.71,1.172,4.483,0.727,0
2uwe,2,0.7825592880277444,1.083574632413758,0.6378471875200821,0.684547145156878,0.6276940568555711,0.9712625134849889,0.861,0.984,1.37,0.908,0
8d5q,1,1.7068138031662385,2.0743433056026324,3.556195095613185,1.1558781381879963,1.6901776840848852,1.9977512251153238,0.678,1.209,2.557,0.509,0
8gon,3,2.384548706646384,3.9511706016572594,2.3617676832286594,1.4479360238193055,2.97499586439963,5.881170156030713,0.41,2.19,6.798,0.3,1
7ndq,4,3.4711099277630924,7.654109264251839,3.6811581138089275,1.710950570204526,4.131084592563852,8.6716852068389,0.164,5.511,17.561,0.233,0
7n2p,2,3.6997132785780322,6.6149488515920325,2.8611817471255008,2.3390251306707115,2.5538720050908243,8.33905727897844,0.182,4.99,14.482,0.206,2
9j4s,0,1.3348916007937435,,2.913413244033663,0.9432474077470222,,,0.003,40.692,88.992,0.0,0
4g8g,2,0.860784238566099,1.2329635598479474,0.6824727184282472,0.6922586159789351,1.1482134474553338,0.717414300388341,0.827,0.945,3.284,0.895,0
2p5w,1,0.7319343884717779,0.7923311740051026,0.4986189766129549,0.7289536413492886,0.7664681360472909,0.7068446063768943,0.956,0.317,0.776,0.92,0
5isz,4,0.9694548300994432,1.5773303142141435,0.8739486918108916,0.6884578812990991,1.6088675217761417,2.2408978117535634,0.747,1.007,5.347,0.836,0
2e7l,4,0.9097778417962336,1.0009078717563364,1.0161997572399746,0.8593567699374749,1.131860002663309,0.35631921616839696,0.906,0.598,1.582,0.889,0
2bnr,3,0.8272923228108641,0.9944138410107393,0.8931101696025572,0.7446777063738993,1.0672237008114442,0.8909752030803115,0.875,0.604,2.611,0.851,0
8cx4,3,1.6088030647141467,2.90844756324629,1.9446049182131533,0.851338620986795,2.8967311086486918,3.735983922796541,0.458,1.726,10.372,0.542,1
2vlk,1,0.6660577333757071,0.7611009751319787,0.8940589926143983,0.6070324347384007,0.79448553501744,0.5453640594292509,0.95,0.388,2.29,0.981,0
7su9,2,0.8160724487666897,,0.9807067250699766,0.8009190703377468,,,0.005,33.41,71.73,0.0,1
2vlr,3,0.7459265830118783,0.7538925966014807,0.9713554885647513,0.715397484700835,0.8058423194230335,0.4800148825443215,0.946,0.501,2.165,1.0,0
7phr,0,0.9800497947942726,1.500447299397697,1.0567426616697544,0.7227062813174565,1.2660452690447805,1.7767760238378227,0.761,1.027,3.626,0.756,1
1ao7,4,1.0691104971120575,1.7213585694650004,0.8747761375477057,0.680361920617711,0.6923413521172649,0.7992958375797895,0.602,0.768,17.826,0.829,0
1qse,1,0.678972460294151,0.6080362363901674,0.7618676612256459,0.6948003833813203,0.7180220343888464,0.6756005093509122,0.95,0.4,1.719,0.955,1
5c07,1,0.6859886890574165,0.7799649641330326,0.58314669787917,0.6649199910673241,0.21029812124668115,0.7117770831749364,0.951,0.309,0.991,0.906,0
1g6r,2,0.9833720091091269,1.2230004919441002,0.9013498457722875,0.8872167581690431,1.1758885418388283,1.2157826276969539,0.908,0.616,1.409,0.895,0
8gvg,3,1.4980450639828682,2.6316297284955925,1.3269815913097986,1.0595281061685373,3.774071539117975,1.9468947762987883,0.645,1.66,2.387,0.559,2
6eqb,2,0.9239583831392253,0.823925133889955,2.05435580798919,0.7668794472263601,0.4164319376305848,0.5445668128782977,0.901,0.651,1.833,0.907,0
3uts,2,0.8457356209804898,1.2980544766679811,0.39321131183354324,0.6938131999493974,0.8873907076138036,1.378182403973404,0.784,0.911,5.265,0.9,0
3pwp,0,0.6679868126589594,0.7845292901142246,0.5000173720357599,0.6359841577100589,0.421166907525798,0.5642238366037534,0.958,0.384,0.917,0.948,0
6vqo,2,4.222897296554592,7.860160843125508,2.5940638929040953,2.04368491246809,10.268962808006354,4.161481163062686,0.165,5.636,20.141,0.277,0
7ndu,0,3.8510166403103647,7.62721962229138,3.4903146059743504,2.1288988563413627,4.677179067378147,8.075442573878451,0.16,5.542,19.056,0.246,0
9iky,1,1.9306131563827629,4.010032497446917,3.0092525262567125,0.8747607432784921,3.9853798680859867,5.212843736274519,0.358,2.405,11.401,0.438,1
7n1f,2,1.8614470208593386,3.172423051608752,1.687289559316421,1.0819551380774852,2.4286259236352405,2.4169475955401554,0.438,2.219,10.696,0.613,0
7n5c,2,0.9689484363718991,1.328826872708081,0.5479605445649927,0.8227760098625386,1.597584386816428,1.1364911372008493,0.787,0.76,5.716,0.877,0
7n1f,3,1.9951409370310336,3.3531497612354046,1.9594921293898626,1.1795068201989805,3.3114818231774086,2.341983759564336,0.404,2.075,9.382,0.419,1
9iky,0,1.8066225324866267,3.5545570030991556,3.065269273466608,0.9225827901809015,1.8928997705207666,3.996457743179404,0.395,2.346,9.55,0.453,1
7n5c,3,0.8936226160069238,1.1297532679587383,0.5756671932301252,0.8115670035860518,1.0920047459761222,1.1654481676051878,0.841,0.603,4.446,0.877,1
6vqo,3,4.223253513201236,7.817271468681736,2.647137863275636,2.092345445387267,10.353767929244952,3.857522213525271,0.159,5.669,19.723,0.255,0
7ndu,1,3.9206119196738967,7.79463689112301,3.3308944778897662,2.1795650236044843,5.34401326562754,7.956871587628839,0.167,5.699,16.666,0.231,0
3pwp,1,0.6950818332636458,0.851996623499764,0.5542075844056212,0.6413263486140911,0.4477880782257484,0.5311992165403379,0.958,0.442,0.97,0.966,0
6eqb,3,0.9211090378744624,0.8318700268794782,2.104355360722284,0.7448115756001717,0.4645044524149388,0.6605824464488461,0.91,0.638,1.98,0.933,0
3uts,3,0.7938241215517472,1.1549991336835774,0.45451164476854744,0.6798266526946488,0.7961638866377552,1.148839309664603,0.801,0.768,4.765,0.85,0
8gvg,2,1.8302929720086814,3.285133755974459,1.5639520623353054,1.2574534412625202,3.444756680994559,3.8551420961431395,0.56,1.923,3.216,0.426,0
1g6r,3,0.9995603650419139,1.2222673757339955,0.8880690919600004,0.9153500362199396,1.2001788528308752,1.1899911092034507,0.903,0.618,2.1,0.912,0
7phr,1,0.9250297965722263,1.3918915657350293,0.8739448404214448,0.7144554325131515,1.6252241713615185,0.9902677144961366,0.75,0.92,5.339,0.805,0
5c07,0,0.6920868901111145,0.854287083485357,0.5764550852247005,0.6451836920150062,0.23077248041648948,0.7282805124077881,0.947,0.33,1.138,0.906,0
1qse,0,0.6805070362323494,0.6288078847923252,0.7570029112685548,0.6904563015831969,0.6993220278681814,0.7244707552959041,0.943,0.408,1.796,0.939,0
2vlr,2,0.7547688569751757,0.7628720140847002,0.9642135404331352,0.7265346183702903,0.8097681765028054,0.5590489691425738,0.935,0.533,2.564,1.0,0
2vlk,0,0.6906467584557594,0.8228131983568785,0.9009850328675044,0.6214390479505193,0.818019267741714,0.6231976471267283,0.943,0.395,2.29,0.962,0
7su9,3,0.7687837193605869,,1.1052057087470264,0.7340350896012446,,,0.005,33.759,74.821,0.0,0
2j8u,4,1.017200610176412,1.6931940925063842,0.6723249008464413,0.7522653732675951,2.293897367923109,0.9396175273089938,0.751,1.229,3.458,0.797,0
2bnr,2,0.9200845940175403,1.2400324277299373,0.8697145107505639,0.7682850622670223,1.0317646552435444,1.3457120706164278,0.831,0.768,3.378,0.838,0
8cx4,2,1.2910046420319434,2.2082211365444784,1.5074148634599738,0.8077966574708905,2.543691471338447,1.526888061725093,0.558,1.617,9.094,0.746,1
2p5w,0,0.7389831196139833,0.7984797206489538,0.5145405230162172,0.7357500927502542,0.7836808679639482,0.7007825546809474,0.928,0.341,1.855,0.88,0
4g8g,3,0.6840745871350545,0.8254638395480904,0.6547740087260207,0.6262330643003979,0.9023786902234923,0.5631640153099764,0.882,0.494,2.205,0.807,0
7q99,4,0.7678438910583695,0.9985789777303213,1.03880009907485,0.6343998105626053,1.0885649923228384,0.8847069579172524,0.92,0.428,1.789,0.877,0
7nmf,4,1.8856558655480173,2.9354691680668608,1.340956918617927,1.2900353021251654,2.29720798208535,2.570061668517016,0.524,2.308,6.558,0.648,0
3tfk,4,1.0671758652175107,0.806535863346595,1.3146185563105424,1.1040629998255982,0.7192398942183929,0.5717242681220608,0.914,0.574,2.175,0.931,0
9j4s,1,1.3476608461690582,,3.000364001214677,0.9274229668747517,,,0.003,40.64,88.91,0.0,0
7n2p,3,1.9090524276349825,3.1808707601296766,2.093605024221597,1.304021841313461,3.0791632943685574,3.754156082803635,0.496,1.971,7.213,0.54,0
8gon,2,2.4822556514797958,4.1299108801465385,2.5186607924152074,1.4792339896546298,2.648756633708643,6.524960013974205,0.455,2.269,5.915,0.386,0
2uwe,3,0.801056909062424,1.121955086932291,0.6639218218024581,0.693521820201029,0.6033818510422915,0.941040258542897,0.853,0.978,1.304,0.882,0
8d5q,0,1.7531588138870988,2.1975884357921918,3.6629434813980772,1.141298288788229,1.0380394721831012,2.030465271667443,0.671,1.25,4.236,0.623,1
6tmo,3,0.625842986084489,0.5751791591117178,0.3092386581080332,0.6656767120090733,0.6577230638140039,0.6968391386814773,0.962,0.268,1.63,0.951,0
3qeq,4,1.309166069446836,2.529056144816289,1.1948860326621948,0.6427595774643093,0.4712429096097948,1.1772330009859509,0.774,1.001,3.195,0.754,0
8ryq,2,3.3581433888941246,6.276277766133065,1.985515020708969,1.7593652108391342,3.504863240769251,6.009287309578098,0.23,4.884,12.937,0.303,1
1qrn,3,0.7329697042296974,0.8875183743456599,0.8518990122047065,0.6471202596782019,0.5219640399394614,0.7110684117107245,0.916,0.524,1.345,0.881,0
7q9b,0,1.5616114246028685,2.76602631800265,0.7472917222336872,0.915965385264553,5.027427216187471,2.4684440326616306,0.549,1.867,6.878,0.65,0
3vxr,3,0.9691738314761033,1.2637796960316812,0.9752760241956966,0.8397613598688172,0.8996399901162722,0.9346316192718682,0.891,0.758,2.485,0.955,0
3mv9,2,0.9479335459000576,1.2197699129774162,0.8420382210827559,0.8277897524654589,0.9585040253888442,1.1420911669955287,0.846,0.731,3.645,0.886,0
3d3v,4,0.7644925208215512,0.8765497654908634,1.1714244739447517,0.6774576554738608,0.3703982751964309,0.572501413337561,0.931,0.629,1.223,0.962,0
9d95,0,2.5249565354580623,4.065165360122847,2.2963786445705576,1.7003317277510537,4.275465961127576,3.7923313419325995,0.326,3.324,8.872,0.329,1
7dzn,2,2.065153859007235,4.016280528867052,2.111106267045534,1.2243805211963492,4.739002057144761,2.495342833519667,0.356,2.43,10.193,0.381,0
6vm7,0,0.7863451385608523,0.8089598356068118,0.7156013470582286,0.7848059721289633,0.8644350899726735,0.4269359225675525,0.822,0.551,5.558,0.885,0
6zkx,4,2.75138645724943,4.224596102370207,2.2737111927702713,2.357775767785856,2.6592357041030086,4.2673654554375755,0.358,2.95,9.355,0.415,1
5wkf,4,0.5246318849718822,0.7418768630844089,0.4345018573706569,0.4547503722904237,1.0126943119231737,0.7124936995396449,0.962,0.418,0.883,0.969,0
7n2r,1,2.040820871390128,4.097900232466287,1.4951125161117804,1.1293998164124608,3.000008900947082,3.964974185266507,0.316,2.905,9.714,0.304,0
9ru5,2,3.1723568273544576,5.87444402961332,3.2106529187257316,1.9525015495717655,7.861652551006149,5.169224207388377,0.287,4.174,8.856,0.266,0
3kps,1,0.7753039550908154,1.0053190537189864,0.9452627945950058,0.6775054507093878,0.8708057697320527,0.8876620989833636,0.895,0.599,2.184,0.885,0
3qdg,1,0.7542533391738843,0.9006068992934183,0.7103709137442064,0.6977762709798346,0.7524847945066179,0.6049274106025968,0.884,0.637,1.424,0.833,0
8i5d,4,1.5703793213974377,3.0599165716115877,2.4100785176776975,0.8234962587618139,3.8360922352956157,2.642176555695453,0.538,1.791,6.595,0.576,0
7rtr,1,1.9979016887917191,3.6090673042217483,1.4225242373547757,0.9741644136193842,3.317740509923995,2.1670212449095154,0.349,2.256,12.156,0.413,0
6p64,1,1.851105246654616,3.3994759474493983,0.873126861278352,0.8543494940919345,1.0118972508380242,0.6611324595513923,0.614,2.331,5.186,0.82,0
8i5d,0,1.607496366192861,3.1634903714490505,2.2932113835836097,0.8568429457561001,3.813638085767808,2.7668148157486483,0.473,1.934,7.417,0.475,0
7jwj,1,3.751126274481569,7.682234600716902,1.941731820589981,1.8228708327571284,9.765298552236018,5.8387938173083835,0.181,6.475,14.432,0.234,2
9d95,4,2.8743577423792597,4.54103232351832,4.0650375371161225,1.707739833580683,4.503741405794054,5.025556822543785,0.302,3.185,9.979,0.305,0
3d3v,0,0.7616290248926039,0.8096945577409629,1.1774921832463008,0.6953319817122843,0.4434533084539157,0.4939243882854889,0.918,0.58,1.236,0.906,0
7q9b,4,1.8887725351903302,3.5148279885651266,0.7495878211841948,0.9245192619612923,5.5033221759525155,4.458714240133684,0.516,1.921,7.76,0.625,0
5wkf,0,0.4979698530743272,0.6961310128780741,0.39968839386943256,0.4364425991487033,0.9827510517360248,0.6928385869788449,0.971,0.435,0.89,1.0,0
6zkx,0,2.830997445123277,4.357641327962319,2.3266821689788184,2.4230267256488864,3.4160288555548965,4.24210984823579,0.331,3.082,9.422,0.354,0
9hlj,1,2.3244532575889227,4.263831189769468,2.3797840870708327,1.1818459366350795,5.852511870413102,3.6185312366410316,0.242,2.576,17.661,0.286,0
6vm7,4,0.7685928464046099,0.8578377586217498,0.7126221057405691,0.7376467481709682,0.9894631129889345,0.4498528027857494,0.866,0.522,3.767,0.869,0
8d5q,4,1.8351027983029435,2.738121514771642,3.063254903690925,1.131209248331638,1.7592050106706751,3.2509080226207843,0.654,1.29,4.477,0.604,0
3qeq,0,1.3252653086743196,2.561340477202051,1.2180599732529542,0.6479367755700403,0.34381272109592004,1.2182991954719087,0.83,0.994,1.61,0.831,0
7q99,0,0.8079479955830738,1.0627468761594863,1.010996784621259,0.6746998000486947,1.108751415790063,1.1215062323090168,0.94,0.449,1.815,0.945,0
7ndq,1,3.587804808943094,7.765289838594066,4.701313835146628,1.6691516490739733,4.3548836917701115,8.670863854532385,0.152,5.695,18.463,0.217,1
2f54,2,0.9281146177011615,1.2576459181079283,0.7020267558513461,0.7872146797155245,1.0312132424614024,1.26224714191795,0.857,0.786,2.192,0.849,0
3tfk,0,1.104969518275112,0.8942062031684825,1.3931872094285003,1.1260751452129578,1.0827249485070825,0.5788986672146238,0.906,0.627,1.863,0.914,0
3rgv,3,1.2021322089603175,1.4004155743585487,2.1340217208054697,0.9416158361293908,1.4558286292121452,0.8987978188404838,0.801,0.878,4.145,0.851,0
6zkz,2,2.1574990325612977,3.157453242145331,4.5831408281069015,1.308101575651175,2.351149649927552,3.129459708385179,0.488,2.074,7.153,0.536,0
7nmf,0,1.9495705107455112,2.9319417477286915,1.381338379608084,1.4263989894021913,2.4754676332566046,2.9379076204505634,0.523,2.249,6.352,0.62,0
7n2o,3,8.55194304599568,18.24896062666278,2.5979839294690263,2.0886030979167693,12.56254793730489,17.53502853791438,0.015,17.244,42.533,0.0,0
2j8u,0,1.0645876746571508,1.774624465115789,0.6584328620456413,0.7900397223331189,2.287933518454814,1.0621888578102854,0.743,1.344,2.172,0.734,0
2vlk,4,0.657803957116037,0.7667361177582176,0.9041959686646456,0.5908182941797963,0.8000859465358463,0.528376315329425,0.96,0.338,1.592,0.962,0
2e7l,1,1.0154977730732802,1.3186402246699374,1.0774734312058127,0.8642903836157628,1.3434519462102648,0.48591614703889496,0.861,0.773,2.219,0.857,0
2p5w,4,0.7598708446146232,0.828958976276214,0.7934785478176698,0.7266190105100878,0.8527401187315882,0.704601135702373,0.92,0.352,2.287,0.88,0
5isz,1,1.346715270161671,2.421698806314886,0.9714921220554302,0.7957014758736992,2.095987736901266,3.4559983036527084,0.745,1.06,2.905,0.672,0
8ryn,2,1.9245947085256072,3.549912556337455,1.432476254677488,1.1497023534973667,4.238385761282592,3.822811219210759,0.354,2.409,11.811,0.44,1
5tez,3,1.0174404266929868,1.584542119098753,0.9908573058038984,0.7608323257554739,1.6870963245921429,0.878372044778813,0.62,1.152,6.478,0.6,0
5c07,4,0.7178847655568512,0.8779717015832776,0.5676697724821946,0.6758046873576617,0.2654595701394114,0.7261393616806412,0.946,0.323,1.764,0.925,0
9j4u,3,1.6412492232468072,2.7780795998165857,1.9831208155839377,0.8736216611814642,2.520038340022176,3.931515460004686,0.726,1.425,2.163,0.714,1
1ao7,1,1.0640320219431758,1.693444186830766,0.8872907082128346,0.6941918051733192,0.689954992078832,0.8705491195596761,0.593,0.749,18.197,0.8,0
1qse,4,0.6807314310193318,0.6659262657030784,0.7561421656376209,0.6772039286068239,0.6610380606576678,0.8120978062118341,0.955,0.444,0.865,0.955,0
6avf,2,3.3857687849439735,5.569848099521285,4.461125625411498,2.0553665555544116,5.352313226976181,4.959598609374544,0.156,4.218,19.19,0.191,1
3vxm,3,1.1179242162039242,1.5610801664802927,1.1456677496361778,0.9166828190867815,0.6682584309621877,1.5496698171400731,0.793,1.098,3.181,0.851,0
9iky,4,1.8987398532010458,4.023619968123166,3.012325633448826,0.7645098724172259,1.5669684123812728,6.476966015295886,0.707,1.532,2.087,0.688,2
7ndu,4,3.8192218021609663,7.518206183221858,3.476477013858227,2.148494553380175,4.622293371076827,8.01131244477603,0.183,5.213,15.072,0.231,0
3vxm,2,1.5586237104663077,2.5840374802239747,1.3190965338784362,1.0400121387119465,1.333192443883766,2.7883158656534643,0.609,1.969,5.565,0.761,0
6avf,3,2.724432690484095,4.451548201771386,3.9518376964646738,1.5821294928156016,4.051365382822841,4.131971250383423,0.218,3.231,14.163,0.213,0
3pwp,4,0.709749553139969,0.8408405483820633,0.5443806797417478,0.671138278443472,0.44530124746506383,0.6135054169242095,0.949,0.447,1.672,0.966,0
1ao7,0,1.0577955399749015,1.7072661771810467,0.8694609662464278,0.6684229794926929,0.65984991968167,0.8513095545036986,0.594,0.769,18.483,0.814,0
9j4u,2,1.7032099065193624,2.979500938664225,1.8761372647501597,0.8348745326053343,2.420386003529223,4.168952060818209,0.699,1.493,3.376,0.732,2
7phr,4,0.9829608971513049,1.4417187854415088,1.0372043007093559,0.7688175175811709,1.4765650296736212,1.3600052826314726,0.738,0.982,5.265,0.793,0
5tez,2,1.0116631893471397,1.582066114898769,0.8990962639008329,0.7629855335541382,2.197679229511066,0.7675747487808119,0.667,1.122,4.344,0.567,0
8ryn,3,2.3402370515027666,4.6764073060005265,1.1569108054186097,1.101488739362797,4.246402260458691,3.772217362766183,0.25,3.696,15.569,0.38,1
2e7l,0,0.9504198756449734,1.0844648918422841,1.0089093877396873,0.8868704700084851,1.4347389058423345,0.5471949299353556,0.89,0.659,2.093,0.889,0
5isz,0,0.9317110030985533,1.448857420701165,0.8768469607415023,0.7026925224284586,1.4209624167343657,2.180397259661679,0.868,0.778,2.583,0.902,0
2j8u,1,1.0447786709379272,1.7568665123485228,0.7310076972357875,0.7565701170721207,2.306222227036662,0.9727455903911595,0.774,1.279,1.708,0.781,0
7n2o,2,8.401462729859222,18.06859708392977,2.109804425784009,1.7161156414827878,12.353680736297786,17.12623084682873,0.016,17.107,40.788,0.0,0
6zkz,3,1.9614080874474764,2.7280508529074337,4.550812209300985,1.1461143475324542,1.8795003206129743,3.1471008384258967,0.52,1.822,6.666,0.536,1
3rgv,2,0.998078718941803,1.337287573527172,1.1234908202049538,0.8772071816861352,1.3606351076310519,0.8159667510815345,0.836,0.759,3.424,0.851,0
3tfk,1,1.0735296546418946,0.8034283313799311,1.2448747910278206,1.1215782185476466,0.8117090780787484,0.5191117255517944,0.906,0.568,1.668,0.879,0
7nmf,1,2.0666310051320753,3.1364351710879146,1.4776117657940284,1.4860642191459714,2.5226121009243085,3.3325566976521803,0.458,2.415,8.897,0.62,0
9j4s,4,1.394698462798556,,3.0932020073079793,0.9648849829267884,,,0.004,40.441,87.843,0.0,0
2f54,3,0.8615282717570661,1.0410011646148947,0.7816920004418745,0.7891708956367944,1.0330699434918538,0.9447547911974421,0.894,0.594,2.157,0.877,0
7ndq,0,3.528774945327337,7.628265882872079,4.5791795605633325,1.6627404948001008,4.321200028472517,8.56664711268258,0.112,5.712,21.149,0.133,0
7q99,1,0.8367213405086906,1.0716028083884457,1.0339104415398415,0.7155869659990818,1.135457461975488,1.0980290135527437,0.898,0.492,2.583,0.877,0
3qeq,1,1.370298738955825,2.6586001556992502,1.1803586380658264,0.6712455956939705,0.20652888404585124,1.128799615302059,0.835,0.978,2.139,0.862,0
5wkf,1,0.5090064080651273,0.7182684322998806,0.4217950749368479,0.4418731298677448,0.9656248444492251,0.6901105271499606,0.963,0.398,0.957,0.969,1
9hlj,0,2.212393328100165,4.114918933856466,2.4320851601870297,1.019478438355771,5.786784813339825,4.836410297213035,0.349,2.39,11.588,0.416,2
6zkx,1,2.869348811312053,4.366871070394632,2.540528715962702,2.4562614099820896,2.979338329670308,4.157055877477986,0.293,3.237,12.482,0.385,0
7n2r,4,2.5607762399655063,5.0931226649694805,1.727521900399614,1.4758413141782611,4.064728580436483,6.911086299510788,0.402,2.586,6.208,0.304,0
3d3v,1,0.7795932284551943,0.8906484908843635,1.1206379139842777,0.7034546825890424,0.4550588994877637,0.7387977022830565,0.923,0.591,1.266,0.925,0
7rtr,4,1.8142987367391832,3.2169547024786964,1.2727259779191569,0.964814102668422,2.2640463900660754,2.389939846751087,0.43,2.06,11.071,0.571,1
6p64,4,1.8238218812965912,3.363397448085063,0.8650306416394917,0.820080600014081,0.8854666770914345,0.8970428963479614,0.637,2.332,3.728,0.78,0
7jwj,0,3.5730911331561352,7.332714993231585,1.822587854131191,1.7224768096998297,8.565177588783774,5.665536699633927,0.217,6.0,13.184,0.298,1
3kps,4,0.7994040274691335,0.9905110185671049,0.8817588468087763,0.7290714640116015,0.9285858893753125,0.880166974461876,0.909,0.5,2.566,0.91,0
3qdg,4,0.8759873050875961,1.2757951744387508,0.6427878997903252,0.6989278903293736,0.7531804198828836,0.6326964472094998,0.865,0.619,2.5,0.819,0
8i5d,1,1.5767353771484256,3.0782944158978895,2.468136195597855,0.8102154340252785,3.789093105546497,2.7581865217200545,0.565,1.752,6.314,0.627,0
7jwj,2,4.164320497605401,8.818553649109218,1.769487880506705,1.711220460070228,12.29261331439966,6.39923873188493,0.144,7.681,17.915,0.213,0
8i5d,3,1.5748460831468782,3.089341087275556,2.2379894804904423,0.8492739208231965,3.59227806133126,2.789832454105118,0.524,1.826,6.569,0.542,0
3vxr,4,0.9835892014481309,1.2634242668657127,0.967838609138306,0.8654332014867123,0.9195081903009341,0.91756922419561,0.887,0.797,2.143,0.94,0
3d3v,3,0.7862770887089771,0.8410271066304976,1.13697890617914,0.7280862854569312,0.4973684804579484,0.5004473362272643,0.912,0.546,1.061,0.868,0
6zkx,3,2.682516537414596,3.978254493822254,2.754550594378552,2.2918683159680886,2.423050150991957,3.826756630061743,0.311,3.031,11.972,0.4,1
9hlj,2,2.033384459953523,3.921991647494062,1.3174759811437469,0.9391885834658021,5.374287835901089,4.476409451463129,0.34,2.313,12.711,0.416,2
5wkf,3,0.5026304125983241,0.7043213815975874,0.41384816099662314,0.4388233586341286,0.8032661403028155,0.6838210171926856,0.969,0.399,0.937,0.984,0
2uwe,4,0.7753028233115474,1.0632753298002688,0.690983016943091,0.6766143788293447,0.5639765937111535,0.8990847006818791,0.849,0.947,2.428,0.908,0
3qeq,3,1.3504073732995132,2.6377178914686485,1.170428271317996,0.6400949676891292,0.4105517316082459,1.1961133864537097,0.821,0.966,2.421,0.831,0
6tmo,4,0.6334637447885753,0.6238008984277931,0.2929197675398418,0.6611397726758326,0.6482776469142327,0.6505994900838948,0.957,0.313,1.985,0.963,0
1qrn,4,0.7132431443158127,0.8247194241978661,0.8528682233563406,0.6464161317721938,0.51556314845292,0.7072600153411494,0.914,0.476,1.095,0.851,1
7q99,3,0.8057069912562598,1.0493554530234077,1.043337632417172,0.6726738231377539,1.2099733247387696,1.0562069849988744,0.931,0.429,1.609,0.904,0
7nmf,3,1.778619579677476,2.6579599473222353,1.5196609398425016,1.2838996991587777,2.2478324466809516,2.5230801622167283,0.574,2.022,5.498,0.662,0
3tfk,3,1.098715062382313,0.9059885020449243,1.2697791877455675,1.1299977708324902,0.9331502101214083,0.5982258735211698,0.914,0.608,1.898,0.931,0
3rgv,0,1.0324722602157377,1.2238116670214787,1.4571147227449401,0.9026704064475615,1.2583289036386998,0.7945364683821443,0.834,0.77,3.455,0.851,0
6zkz,1,2.5273352262800843,4.091616622199496,4.724917068964676,1.4629178831505567,2.970064604532216,4.48083989892261,0.348,2.796,9.506,0.375,0
7ndq,2,3.4455364552476913,7.574294619478716,3.5556364456683394,1.739450879580573,4.369766986858221,8.53806311094164,0.163,5.235,18.089,0.233,1
2f54,1,0.8742817542379394,1.020751898774704,0.7598918491102178,0.8223447898105596,0.9783099476464315,0.9691320157303721,0.909,0.541,1.281,0.863,0
7n2p,4,3.5080033100149994,6.446823837408597,2.700843509732191,2.068984225545436,2.6927048337368364,8.437811682027494,0.223,4.693,13.236,0.286,0
7su9,4,0.8857167425369912,,0.9698317766407968,0.8783878261028544,,,0.005,33.371,72.172,0.0,1
2j8u,3,1.0823694787071698,1.8103821250520893,0.7392324670220317,0.7922429135051068,2.395024868755108,0.9571912697964503,0.748,1.365,2.586,0.781,0
7n2o,0,1.6973172546912565,3.0349231708229394,1.57856295525993,1.0416483022162633,1.96802726275988,4.834633891529308,0.52,1.615,4.143,0.288,0
4g8g,4,0.7275260822579719,0.9377251248797428,0.7483998032179239,0.6278451884131764,0.9840601674593196,0.6057486332274312,0.875,0.597,1.821,0.807,0
5isz,2,1.3664832369780335,2.5330806137652493,0.9179553970301509,0.7389762775979887,2.727310118085949,3.0288808190414898,0.742,1.464,2.381,0.787,0
2e7l,2,0.9989182098344601,1.242765134704497,1.0700341791416057,0.8792227885729182,1.4211030564082243,0.4753481112780165,0.874,0.693,1.795,0.841,0
8ryn,1,1.3215914037281995,2.4912461316465078,1.1271243066209173,0.7157653084987421,3.8963836796383653,2.724701683265721,0.554,1.469,6.787,0.54,2
1g6r,4,0.9964130914292795,1.2079066633522317,0.8890948289279154,0.9172505457481788,1.023694188200065,1.1759740902166043,0.896,0.654,1.89,0.895,0
9j4u,0,1.7115568208999716,2.9279185811772477,1.808510378925578,0.9352671058552587,2.657375680594014,4.158974579095254,0.701,1.568,2.028,0.679,2
1ao7,2,1.061519292413445,1.6999233238605245,0.8931443078159662,0.6811286074099193,0.6831040484989979,0.8752142818972313,0.602,0.762,18.031,0.829,0
5tez,0,1.0035130652176136,1.576866518793555,0.9224304023851829,0.7482065774738179,2.0490673641899333,0.8829172328397671,0.706,1.046,3.4,0.583,0
6avf,1,4.012666928908995,6.830862822041607,2.9854804583005614,2.6778740891456265,6.387303047208918,4.390184212519394,0.102,5.347,24.704,0.128,0
3vxm,0,1.2936516250131513,2.0987609482265084,1.104827414451079,0.8990392626703972,0.9107961365935557,2.2683424387009223,0.714,1.568,4.283,0.866,0
6eqb,4,0.8995349368698845,0.8144645537088105,2.075621969007733,0.7206822186614052,0.4066988383379235,0.5516963033577492,0.901,0.644,1.914,0.907,0
3uts,4,0.8474811087163369,1.3088167370647057,0.43658057339778394,0.6878739457218181,0.9724191158741631,1.238575308625853,0.751,0.938,6.449,0.9,0
7n1f,4,2.0117131461847757,3.5333968498514228,1.6697885168260072,1.0813032596964403,3.374933429709446,2.309432672748208,0.384,2.197,11.151,0.468,1
7n5c,4,0.9442999500178425,1.3015194323955293,0.6250116347183668,0.7898463189120903,1.0990931915101612,1.1802062986631274,0.811,0.869,3.432,0.825,2
6vqo,4,4.316725916515101,8.01433228901544,2.6796349606122503,2.1116561362984507,10.252305918704613,4.155222980595134,0.16,5.884,20.939,0.277,1
3vxm,1,1.1488823586586736,1.631170565235982,1.0880126056813533,0.9402700324530227,0.7629309520053339,1.7970904355577197,0.793,1.122,3.454,0.881,0
6avf,0,3.69128137458427,6.06177710849238,4.480591861593263,2.3410962013398593,5.733128117926359,4.629362894415348,0.116,4.62,22.644,0.128,0
5tez,1,0.9371992587893557,1.2930902869977123,0.9460737363773571,0.7926695112691763,0.9364996472911857,0.9293479424774074,0.743,0.919,2.559,0.583,0
2vlr,4,0.7506864979899914,0.808566049550152,0.9586775633858379,0.7073299451110897,0.8405328001536322,0.5039295484462399,0.939,0.492,2.585,1.0,0
1ao7,3,1.084312032395288,1.741713239548409,0.8655413164426433,0.6972327053840603,0.6683813223802306,0.8784006482239316,0.591,0.817,17.62,0.814,0
9j4u,1,1.7467922865454815,3.0121856871063026,2.0431641121243245,0.8812044334034892,2.617847499519498,3.916385532326635,0.693,1.507,3.839,0.75,0
8ryn,0,1.53693426613885,2.8165955723932257,1.3401808778897817,0.9038867601505588,4.21964051399232,3.316630924613736,0.519,1.651,7.484,0.54,1
8gvg,4,1.4968192116276273,2.559358647252834,1.3364721828159853,1.0995040674580943,3.5466181499112532,1.497259419273332,0.571,1.896,4.092,0.515,1
5isz,3,1.2480437928659607,2.259914138648303,0.8880719735028286,0.7237799914187912,2.6646907230561374,3.3966595908818693,0.673,1.319,5.551,0.754,0
2e7l,3,0.9650242275200066,1.2058754179830893,1.0369004566332034,0.8461026943705671,0.9641582667177903,0.4650209013757806,0.863,0.675,1.977,0.81,0
2bnr,4,0.9558301123791317,1.2955318113953456,0.8890920137030994,0.7953566476389824,1.1091146804687821,1.2299307225365865,0.814,0.84,3.475,0.824,0
7n2o,1,1.8227199764581619,3.3347372626383156,1.6837794117228093,1.053880359640897,1.8593887456818596,5.327493193119063,0.458,1.726,5.936,0.271,0
2j8u,2,1.037709287858725,1.7174020531423515,0.6828495949591956,0.7742088422761194,2.1461738157991266,0.988404049117455,0.769,1.408,2.316,0.844,0
8cx4,4,2.033411008092359,4.016043409192941,1.2108764794888462,0.9107481471007371,3.4829808366592947,5.126144539030874,0.342,2.415,11.355,0.39,0
2f54,0,0.9889865285904013,1.2070265337068675,0.7315638978099344,0.9162684575106761,1.1380468196373597,1.0408502633423902,0.815,0.729,3.507,0.781,0
7ndq,3,3.471156091979833,7.820906061581841,3.0579736718694535,1.691627982081173,4.400978544581491,8.743712141903698,0.14,5.812,18.476,0.183,0
7nmf,2,1.86208771033717,2.7898166816003314,1.447165033358801,1.356531655448481,2.364350032230099,2.6075389800694593,0.553,2.134,6.406,0.69,0
6zkz,0,2.381224545638622,3.973900670122677,4.330841130292513,1.3233621735947647,1.9610921064333213,3.7016721739465983,0.351,3.583,8.593,0.411,0
3rgv,1,0.9619265930698118,1.285251636027375,1.0176340461021613,0.8579773404717094,1.1808076147360775,0.723342907733757,0.859,0.723,2.941,0.872,0
3tfk,2,1.1069668695353996,0.8101294243006083,1.4160871304097162,1.1441171921118554,0.8366186124918098,0.6085774520822039,0.92,0.554,1.568,0.914,0
7q99,2,0.8341780793295004,1.0502281998750445,1.0563279902737934,0.7184459262747634,1.340046341969148,1.0227121229797846,0.924,0.496,1.875,0.918,0
3qeq,2,1.3429924927977444,2.6258008201669156,1.0713491501209322,0.6478977607041904,0.3815119798436085,1.3312524876764489,0.823,1.005,2.555,0.862,0
8ryq,4,1.2783033151017247,2.2006369226123197,1.3460709510683524,0.7641566352815853,2.036727060583968,2.7858720836237865,0.677,1.387,3.034,0.606,0
8gon,4,2.465101485007824,4.202174714384986,2.1262372817880757,1.4309591339268741,2.7739599732573583,6.485692992333347,0.365,2.323,9.232,0.343,0
9ru5,4,2.5067056987078766,4.117721108229881,2.9736320635473077,1.8108930373490664,5.749363317409614,3.1522274800428822,0.421,2.729,6.23,0.38,0
9hlj,3,2.279941592863512,4.36704485424995,1.423448639608946,1.0993125451783978,5.86776024295497,4.989426839626801,0.251,2.714,17.276,0.325,3
6zkx,2,2.347836851270879,2.5196025952940913,2.9137161199682713,2.23908022968085,1.4639026641861974,2.8895931373211035,0.406,2.144,9.846,0.462,0
5wkf,2,0.5344838660721397,0.7741123967785292,0.4255592850481482,0.4563638744583199,0.9366654178049941,0.6720685428241727,0.969,0.423,1.224,1.0,0
3mv9,4,0.9573665230777108,1.2168139887192808,0.8405304937471334,0.8461930969725909,1.127237699139646,1.1564206942716033,0.838,0.717,3.869,0.871,0
3d3v,2,0.7679497843199302,0.8375771548760677,1.1123477703053446,0.7054914673265525,0.42912783153832057,0.5686040704815708,0.941,0.576,0.928,0.962,0
7dzn,4,2.088873761624088,4.0660518686129405,2.492889668911801,1.1654548403780618,5.285265770479851,2.076855978707576,0.374,2.215,10.888,0.429,0
8i5d,2,2.6421715828523555,5.316127712964034,2.868940519102555,1.482274627890472,5.121712872567481,4.881362638518717,0.26,3.639,13.139,0.339,0
7jwj,3,3.4719661543183764,7.091767577471878,1.8992973232923867,1.6966180275717577,8.447664317097535,5.432127242285353,0.198,5.822,13.082,0.234,0
8rlt,4,1.157621482797893,1.5161596496205287,1.4015348038514064,0.9866867230050131,1.2268494933006526,1.5676394270768685,0.661,1.002,7.883,0.754,1
7na5,2,2.2033846316522507,3.850479262692485,1.7484379878224496,1.5443268208779248,4.5335885545554016,3.2069447498992325,0.405,2.298,8.36,0.408,0
5m02,4,0.7582624570159466,1.1566650313009348,0.6176968120784692,0.6396180670789585,0.6969911350250209,1.8297648702377225,0.822,0.667,3.479,0.774,0
6rp9,1,2.785658152590033,5.284163715237596,4.003890523343098,1.0276639190604644,8.164053671862273,5.580563821507462,0.305,3.288,11.508,0.39,0
5wkh,0,0.5493325880367924,0.7217423453719841,0.38203223839886885,0.5055685016276386,0.967929738931213,0.6618655495693874,0.954,0.407,1.331,0.955,0
5ivx,0,0.7939514442683189,0.9669234566741045,0.8101847208011649,0.7287694798811495,0.960929746518993,0.42805694540382516,0.914,0.476,1.102,0.851,0
6vm9,4,2.080176958736695,3.842200868254968,1.6308870647634568,1.1480775764121163,1.979169890312183,2.4319297084590508,0.298,2.837,13.27,0.385,0
7ow5,3,1.5833291589935896,3.2771172804701605,1.023635286848566,0.7603644481547184,1.3937460018651961,2.683506272367765,0.623,1.712,6.618,0.812,0
6tro,0,0.8781084174222297,1.2374585028113156,1.12923342010791,0.7221284753402422,0.8619752186867937,1.318615469702205,0.839,0.945,2.487,0.879,0
5brz,0,0.5851351421778928,0.6415684480345452,0.7054504122707695,0.5562510860308941,0.6653488167265192,0.5429453378701286,0.924,0.423,3.136,0.964,0
5w1v,2,0.786178140808855,0.8324867801190944,0.7821537175711941,0.7739137047883751,0.9332957361494714,0.32875811335967486,0.923,0.531,1.345,0.904,0
6bj3,3,0.9644903610069326,1.1387199973376185,0.7391168710887807,0.9194358843212528,0.7069957295693036,0.6187866237463372,0.835,1.005,2.142,0.875,0
8wte,3,2.3439061858781427,5.24810042432806,2.853540108894061,1.1101323519651725,5.792631889714345,4.176034668623359,0.334,3.631,9.207,0.397,0
3hg1,0,0.7910168852076788,0.861896774834135,1.0294493051303462,0.73951313810032,0.7500579543894913,1.2631078209754882,0.946,0.482,0.983,0.946,0
8yj2,1,1.3959098657707074,1.9909124723236666,2.1012234612815384,0.9756818062716517,1.2630711146742548,1.5184682961109963,0.605,1.077,5.211,0.429,0
3h9s,4,1.006566555996956,0.7800585107725058,0.9053071863076996,1.074020848447798,0.22887781952925482,1.2065129917423865,0.861,0.851,2.249,0.893,1
3pqy,2,0.8781918519411543,1.0009931329355561,0.9149570685620976,0.8185237031171047,1.0607192713379656,0.9131178951200762,0.931,0.627,2.112,1.0,2
7n5p,1,1.0219462706136027,1.4830269121309345,0.6907835144130107,0.8037425641617199,1.4948501149864406,2.025243816166267,0.78,0.923,4.701,0.847,0
8rj5,1,2.176590231297498,3.6506013677176727,3.4053989603265364,1.24910462518772,4.097507798344022,3.5859541933372125,0.466,2.173,6.855,0.469,0
4ms8,0,1.9184947550162277,2.951706594499037,1.1615584203737535,1.5397942808713196,3.011412212837193,1.5503278050684643,0.548,2.049,5.062,0.556,0
6l9l,2,0.8332203162148886,1.1241868394413184,0.673905055298178,0.7282694337780161,1.4640327616154405,1.1447223469946695,0.919,0.587,1.33,0.912,0
2pye,0,0.8198451894029609,0.885700224161822,0.8131409335737232,0.7929604698030147,0.8072194865821589,0.8992458478941964,0.925,0.541,2.512,0.97,0
5c09,4,0.7204183727427684,0.8830431146871816,0.6507348852307605,0.6682780155547637,0.4376523433839165,0.33241040889510837,0.911,0.361,1.317,0.812,0
4jfe,3,0.7199175716518746,0.6615386370496495,0.8362583490792469,0.7272505343808287,0.5129462825942276,0.6679642526575574,0.933,0.488,1.514,0.926,0
5nmg,0,0.8107994770014194,0.9423899066727004,0.7378064934482967,0.7757009207221668,0.6858338781671206,0.9589219704269121,0.881,0.417,3.728,0.875,0
5hyj,1,0.7555900353289219,0.9946833204837954,0.4742865983214034,0.6949414901991788,0.7092139462770048,0.8637835622064438,0.89,0.515,2.684,0.865,0
1nam,1,1.241500503589572,2.3347443233308818,1.0188012054264013,0.85045053651014,4.445691485496194,1.1724446558673152,0.725,0.795,2.934,0.5,0
8enh,2,3.2136867225424464,5.9554164529453395,1.3800008055620416,1.538248581750465,5.214508258619094,9.240009833516675,0.17,3.729,22.496,0.247,0
4prh,1,0.7832645816343989,0.8266612776952885,0.8851040620677572,0.7490910454750407,0.6733448149526353,0.7401657011926277,0.713,0.761,10.469,0.945,0
3qdm,1,1.806624985452307,3.401501591388142,0.7694379329057085,0.9272587615771568,2.841997391917586,1.3465825995296565,0.571,2.039,7.24,0.783,0
4jrx,4,0.9120501041846593,1.19908417202248,0.49649244252395064,0.8114671732754596,0.8371773467856377,1.6519834728941774,0.708,0.979,8.048,0.896,0
3o4l,0,0.8694159951159639,1.1302065546466693,0.9492607815105588,0.7607136654521045,0.8176512535516872,0.856035635034984,0.861,0.585,3.04,0.829,0
1fo0,0,0.926728754737256,1.7154905172701334,0.7376786370083711,0.6699007460320774,4.022880915689203,0.9340305267507822,0.825,1.039,2.129,0.857,0
1lp9,2,0.827750761553515,1.0687665455945956,0.6555105736309118,0.7618458590856286,0.6281413807279336,0.8405611035195478,0.82,1.117,1.478,0.846,0
8es9,0,2.19647869431124,4.178159213423481,1.314221982252722,1.3073276069390687,4.577318196778121,4.100204689986691,0.381,3.293,7.692,0.42,0
6uz1,1,1.0546426859676794,,2.401783738750035,0.7683272804953939,,,0.007,21.856,63.761,0.0,0
1bd2,3,1.959400040555624,3.541131718944024,0.990190021666428,1.0372319898624145,2.8896602478802604,4.509841429675551,0.472,2.198,7.407,0.531,0
5nme,2,0.8102720295934069,0.8813263088496286,0.5695944545460148,0.8101473342556141,0.6388250457871356,1.0286306498523867,0.906,0.479,2.542,0.893,0
5c0b,0,0.7273016489870355,0.9132521690604761,0.5869612902578649,0.6751407669172309,0.4437402006767696,0.702872614405791,0.933,0.459,2.132,0.942,0
4g9f,0,0.6369618399111889,0.7262823908476662,0.4211686978810301,0.6217121614234052,0.4775294839108844,0.7024340551905703,0.923,0.466,2.066,0.912,0
5swz,4,8.334771150970004,17.50416027421732,4.285190184213383,4.139039552169106,15.41869707913271,11.631969044724194,0.041,16.751,31.23,0.045,0
8wul,2,2.133918816531886,4.9300782465571045,2.3140939406687604,0.8510073908821874,1.8175812989989066,4.085496809408557,0.338,2.981,11.906,0.475,0
7byd,2,3.7860369508624325,4.37008202125313,14.372553330863376,1.0759630307057684,6.450444807934941,4.904341288752497,0.495,3.147,5.248,0.576,1
7byd,3,2.0901600022145885,4.1614505005343,2.0819965251615984,0.9104759619770341,5.86658605751376,4.587821163400307,0.622,1.815,4.271,0.661,0
8f5a,4,2.281488883798334,4.265999991112356,3.0774353253031346,1.0053395890783405,5.99226907510406,3.8477091261172185,0.265,2.977,14.145,0.329,1
8wul,3,2.731484562360167,6.342560665783278,2.4116807271610057,1.1585090353987437,3.540038762019218,6.524413561599973,0.211,4.902,13.433,0.262,0
4g9f,1,0.7511482269835598,0.8594429663141911,0.4229689405778649,0.7371909348485436,0.6183087881463722,0.7428057611081341,0.893,0.62,2.327,0.895,0
5nme,3,0.8243414676005256,0.8750287870831487,0.7003338234175381,0.8212086774958851,0.6802080603838188,1.0106525136527262,0.91,0.482,2.538,0.907,0
5c0b,1,0.735355359068713,0.9101184322252744,0.5950828787588255,0.6879633138384068,0.40656596446490834,0.6975187032260918,0.933,0.447,2.163,0.942,0
8es9,1,2.3250317732652612,4.604930249116454,1.3637696739854053,1.2115958187007916,5.097660467823054,4.432592169059138,0.316,3.594,9.215,0.34,1
5nht,4,0.8832638416906275,1.110577108040802,0.8758912876450912,0.7960982851952603,0.8108339479610157,1.1704218515243319,0.801,0.718,4.62,0.818,0
1lp9,3,0.8310982823167874,1.0893220564021988,0.6723894287875981,0.7568499176048233,0.5643703307574361,0.8886950028370728,0.829,1.132,1.234,0.872,0
1bd2,2,2.558530901733626,4.756891972731184,1.108280351603005,1.200801892095909,3.2345625228700507,6.8023974986940425,0.407,2.907,7.113,0.422,0
6uz1,0,1.080539563355704,,2.3596426970498188,0.8211645297706469,,,0.008,21.93,62.979,0.0,0
1fo0,1,0.935154285073212,1.7272601083264016,0.5586851931841581,0.695830650576888,4.189267694343685,0.908957641890411,0.84,0.92,2.214,0.857,0
3o4l,1,0.8327082555503935,1.0207131658917405,0.9299755540926745,0.7537926813252983,0.8217288132444613,0.8042127782350942,0.882,0.599,1.876,0.829,0
3qdm,0,1.824517345527915,3.4393997347225107,0.7867948265244868,0.9306566868370646,2.88236816328959,1.3996935554447787,0.608,2.064,5.642,0.783,0
4prh,0,0.7408559994372467,0.755875536130988,0.8683102977327468,0.7158385593023532,0.6164529977655746,0.7309308152577291,0.718,0.753,9.897,0.932,0
8enh,3,3.21666780543235,5.817352405716814,1.4419132033244744,1.7166632294535007,5.555214055968699,8.693705885124333,0.153,3.785,22.417,0.198,0
1nam,0,1.0575928675411852,1.8862245300297273,1.0022641640572634,0.7672495231485165,3.5464458087110904,1.006722064170644,0.741,0.683,3.524,0.54,0
5hyj,0,0.7499030801040611,0.991240733645981,0.47132987708842455,0.6879448897271991,0.6786988181809152,0.8288243537639886,0.879,0.509,2.944,0.846,0
5nmg,1,0.8063616950429158,0.9707833222784448,0.7028547577968338,0.7622386034691205,0.7078897461345767,0.9574134352702746,0.881,0.439,3.808,0.889,0
4jfe,2,0.7473107040193007,0.5729211653846987,0.7884747817195883,0.7951872586157119,0.39097585007235336,0.548660241782732,0.937,0.492,1.761,0.951,0
2pye,1,0.7924418857783486,0.9276940560995728,0.5327750000580854,0.7577538917804411,0.8758313358127583,0.862209765951775,0.953,0.544,1.391,1.0,0
6l9l,3,0.8373864051194981,1.1460212704866046,0.710692147584537,0.7197880904842685,1.3524348213064323,1.1072679911271728,0.903,0.658,1.798,0.912,0
4ms8,1,1.9984267178099648,3.060381672767256,1.0572894435596683,1.6227644724680779,2.6135787535338006,1.7089230395739394,0.555,2.046,5.026,0.574,0
8rj5,0,2.307068248698643,3.8024940662033786,3.823501495059953,1.3063829315146729,4.029648994366028,3.7557022951196903,0.396,2.293,8.473,0.388,0
7n5p,0,1.035210190115709,1.5630912859713504,0.7403715706056218,0.7624363232548164,1.3044161298563208,2.09762715296393,0.776,0.905,5.164,0.864,1
6vrn,4,4.9248058309310325,8.523379087628836,3.0015991018070265,2.9841510205259176,7.474007898536287,6.830521664150337,0.097,5.995,21.208,0.094,1
3pqy,3,0.8760970499495031,1.0585440224022953,0.9765674416290634,0.7761659188597572,1.006764548656108,1.064103374194248,0.887,0.663,2.6,0.909,0
6uln,4,0.8111277321362808,0.79023548297918,0.7240666764210033,0.8222717869278976,0.6463094734568161,1.2795372905457407,0.86,0.685,1.291,0.776,0
8yj2,0,2.5504443487757036,3.800122191211743,2.732876711423311,1.8923454331340563,2.3067739349296152,3.936847308546957,0.356,2.694,5.046,0.091,0
1kj2,4,0.7383901569720855,0.8846386167763576,0.5921818712893752,0.703673007791206,0.8836220481980125,0.7348910027558927,0.838,0.458,1.514,0.632,0
6rpb,4,7.814347250295406,15.866492959709078,3.024897768589323,1.8135548973365332,12.594280091735884,11.389569967612086,0.048,13.514,30.414,0.059,1
8wte,2,2.3956613832546574,5.542748253357435,2.423700378969775,1.0636580176916677,6.088175650895748,4.654828340218948,0.305,3.925,9.642,0.349,0
3hg1,1,0.7957885694091926,0.9138334664004051,0.9497927885563798,0.7379815033039446,0.9558445310003113,1.238514964411851,0.905,0.567,2.736,0.932,0
6bj3,2,0.9174042042934066,1.1171024460324883,0.6858029909887235,0.8613106993887747,0.4602630649838558,0.5609678214996903,0.85,0.999,1.141,0.875,0
5w1v,3,0.742356212587673,0.805624362376695,0.803334881471751,0.7183443150991582,0.8400725151499641,0.4987989588345282,0.933,0.536,1.172,0.932,0
5brz,1,0.604847296322506,0.7039782711618907,0.7338640197003243,0.5627414316612841,0.6156381294756695,0.5473718174203436,0.924,0.436,3.065,0.964,0
6tro,1,0.8154171936869605,1.1025120116410903,0.9522961117123271,0.7063631582558827,0.6881848638738334,1.1553642447196557,0.826,0.889,3.238,0.864,0
7ow5,2,1.4745294482984799,3.0311068121965685,1.1588278951602036,0.704482493882226,1.2396945751392388,2.781521453402919,0.64,1.657,6.345,0.828,0
5wkh,1,0.5727572260904764,0.7306222252319866,0.545878827916605,0.5225393580096838,0.9360016611361639,0.6862024489270588,0.957,0.396,1.17,0.955,1
5ivx,1,0.7679933368288484,0.8789317463292398,0.7779234189716269,0.7282194483386392,0.8924946485086491,0.28657876113131314,0.936,0.43,1.772,0.925,1
8eo8,4,2.965618083054564,5.5310455182426805,1.344938110928199,1.4076195423159663,5.0479470255256,8.920330468826641,0.202,3.266,16.922,0.23,0
6rp9,0,3.16379554595745,5.856659961248622,4.296540327875732,1.4500582005496687,5.913241316937811,5.268490156144417,0.175,4.169,18.93,0.244,0
7na5,3,2.4813423187597823,4.620583384470139,1.8015586820919915,1.5535118820833043,4.627020766982734,4.124276984458155,0.326,3.193,8.634,0.306,0
6rp9,2,1.9677144367348933,3.2732121914306456,3.455814610536253,1.0038716990903809,3.133465408067483,4.775171342741437,0.528,1.785,5.797,0.488,1
7na5,1,2.026749688556685,3.7515502615826715,1.6214185142522197,1.2659236505461524,3.7948530174208495,2.737694413758592,0.433,2.731,7.274,0.49,0
6tro,3,0.7991759863094434,1.1100074378103708,0.9696292648706064,0.6744774729997844,0.6885500804650894,1.1318565430540823,0.825,0.918,3.32,0.879,0
7ow5,0,1.5758206315044343,2.9021155666904273,2.342462492087895,0.8653310367491988,1.4832371354403497,3.5206701246357066,0.576,2.009,6.026,0.703,1
5ivx,3,0.8390097287487737,1.0871416490815773,0.8020089039803748,0.7476717906984477,0.9554406162714462,0.5839383824842045,0.894,0.511,1.953,0.836,0
5wkh,3,0.5659667237172433,0.6936143659097378,0.5455293072246843,0.5265545284306735,0.6289911627459482,0.6685791557961587,0.965,0.39,0.923,0.97,0
5w1v,1,0.7908632768697738,0.8917990183920508,0.76383923221335,0.7647452533073691,0.9195786398126479,0.4632406602813777,0.922,0.566,1.738,0.932,0
5brz,3,0.5576275950945159,0.5383402090351997,0.7060496824583634,0.5440017674262878,0.6077682890181352,0.49494634062559606,0.944,0.372,2.411,0.964,0
3hg1,3,0.8233433919766854,0.9575779015091862,0.9650498143121959,0.7610945001559425,1.2028225396658465,1.2077570036056602,0.903,0.637,1.52,0.892,0
8wte,0,2.24889681599348,5.0202421906455275,2.900996471321599,1.0448203456889196,5.766664577883485,3.8188778542202035,0.316,3.622,9.634,0.365,1
6bj3,0,0.951091109703407,1.1639576295042917,0.7036063348134726,0.890958616765916,0.43374663585770384,0.5349731537104209,0.848,0.955,1.804,0.875,0
8yj2,2,2.632550658558502,3.8633629260311633,3.087426265160803,1.9488910676768343,2.4680388795022967,3.694965507080942,0.359,2.774,6.144,0.195,0
3pqy,1,0.9127001653471548,1.0607831943677601,0.957980544449922,0.8394437611279828,0.9163003480284453,1.0933001963748943,0.864,0.752,3.609,0.945,0
6l9l,1,0.7728366587287371,1.0004645288105096,0.686948826513407,0.6899856958842407,1.0314411024794943,1.1260955901148766,0.924,0.543,1.309,0.912,0
7n5p,2,1.043156856775339,1.5992822821642072,0.709328442360692,0.7520584947604587,1.4746683004796535,2.060997343850776,0.804,0.981,3.848,0.881,0
8rj5,2,2.2328058632688177,3.742417930200436,3.6183862679415224,1.2417593307657484,4.022307303891263,3.6988928710736793,0.37,2.278,10.453,0.408,0
4ms8,3,1.7693331909160506,2.74364446088653,1.0940793288860071,1.4056929946986845,2.26007621299048,1.3445243398363327,0.594,1.849,4.841,0.63,0
8v50,4,1.5407924453109834,2.897607808791431,1.3553301683125387,0.9070632089478304,2.666924195203294,3.858316906030587,0.647,1.383,4.77,0.641,0
2pye,3,0.8303758712542063,0.8935109401116178,0.8124668170077167,0.8059884742000495,0.8454143396411464,0.8853885614807249,0.921,0.545,2.942,0.985,0
1nam,2,1.082974648986821,2.000310736558206,0.9644735364710165,0.7544697279904813,3.604489610130958,1.3536386783025534,0.737,0.737,2.768,0.5,0
4jfe,0,0.7045125420182428,0.6435047334103632,0.8556546094092027,0.7086920147590616,0.3963491434412331,0.7621438951102615,0.931,0.486,1.675,0.926,0
5nmg,3,0.8206894147217634,0.9195551942902511,0.81077641427808,0.7906519125374183,0.6733419282710459,0.9433124737051594,0.926,0.395,2.401,0.917,0
5hyj,2,0.7690299307316193,0.9979597414937834,0.49133068947103886,0.7127377805201083,0.6743091327546846,0.8752107820489472,0.877,0.521,2.3,0.808,0
4prh,2,0.8622031730462044,1.1511883511965904,0.8794245969995357,0.6983428818508741,0.6543544574949034,0.6820294601923824,0.707,0.751,10.32,0.918,0
3qdm,2,1.7843007826684385,3.3570918856974763,0.7832341388763727,0.916661128752569,2.230816611317883,1.215400461937383,0.63,1.849,6.315,0.85,0
8enh,1,3.219448920432587,5.978438645104851,1.3796142835187895,1.5243804663199858,5.464763313347931,9.063957073304383,0.147,3.773,23.134,0.185,1
9rxm,4,3.320342109926281,6.293697801071954,3.7464896253516633,1.8001780932424027,7.216945925578651,4.948330848892803,0.138,4.574,18.036,0.136,0
3o4l,3,0.8722881413957776,1.1442163831275143,0.924470199956034,0.7615385001878971,0.8276379042743098,0.8403844768450568,0.869,0.535,2.083,0.776,0
6uz1,2,1.1031153408086307,,2.49857353873964,0.8083787671739876,,,0.007,22.007,63.628,0.0,0
1bd2,0,2.5770829797059367,4.777459051654381,1.2237659355813004,1.2173419127860314,2.662621404385969,7.10645771795659,0.409,2.879,7.515,0.453,0
1lp9,1,0.8048783732579342,1.0510184423654019,0.6570218055702503,0.7340416842658587,0.5611712241474685,0.8996342730731848,0.83,1.104,1.54,0.872,0
8es9,3,2.2469437929533096,4.301321171459195,1.6070477856673444,1.2752352670365807,4.798107762594929,4.268113971650711,0.328,3.348,9.253,0.36,0
1fo0,3,1.0164367182117537,1.924992762140726,0.7434701132988677,0.717687267790516,5.10185112363104,0.8818897279067831,0.805,1.138,2.029,0.833,0
4g9f,3,0.6422644394679147,0.7612513696700658,0.3696512107159091,0.6179602525408624,0.5719221634940713,0.5968609047150469,0.917,0.487,1.899,0.895,0
5c0b,3,0.7090040569091959,0.8975826350383108,0.5952064778022511,0.6526387585380312,0.4174294800632479,0.7617164736271347,0.94,0.449,1.731,0.942,0
5nme,1,0.8373910762160579,0.8794714066995771,0.7062532137907381,0.8374906290041442,0.6599547540928932,1.0044619266542858,0.89,0.48,3.684,0.92,0
8wul,1,2.951124789439814,6.935610150232743,2.69202656316434,1.1455747483461736,3.9418690049109957,6.434851891035686,0.163,5.778,17.208,0.23,0
7byd,1,2.419070779548939,4.911219050260721,2.7368070869713312,0.8682386729854086,6.30109092107504,5.445651666266628,0.487,2.063,7.865,0.576,1
7byd,0,2.1010157822619946,4.151268907110993,2.67870370689624,0.858727247941305,5.819638042927034,4.561038935579809,0.577,1.895,5.524,0.644,0
8wul,0,2.702286995325773,6.420816965599097,2.317392056681844,0.9926452255973663,5.564356382851354,5.671186777939375,0.214,5.013,13.017,0.262,1
5c0b,2,0.7123691984947712,0.8602840317263208,0.6973767816527093,0.6615124049803718,0.4253793855647115,0.6357675181620087,0.965,0.393,1.303,0.981,0
5nme,0,0.8101357184273092,0.8781800902319731,0.5958686326477922,0.8089945977284414,0.6936134015727238,1.005609379148916,0.897,0.435,3.587,0.92,0
3e2h,4,1.3600160645615655,2.0546408460893035,0.957453297670467,1.0580284131741613,4.011666450791036,0.9194490225819771,0.854,0.723,0.932,0.762,0
4g9f,2,0.7624500860905564,0.9832123986636716,0.37918206988645703,0.698343705594371,0.7874625790462658,0.6324913677209951,0.844,0.79,2.727,0.842,0
1fo0,2,0.9851594941700242,1.7738290905203007,0.6327838000486621,0.7528482528897253,4.555290483242397,0.8979472167680919,0.818,0.92,2.557,0.81,0
1bd2,1,2.1555105208758394,3.91108346794455,0.9916539502527125,1.1321726517089998,3.2183944357615064,4.640199656495068,0.465,2.629,6.249,0.5,2
6uz1,3,1.0803759743493375,,2.421871932696487,0.8003527659657667,,,0.007,22.047,63.259,0.0,0
8es9,2,2.7143481551815136,4.971495166267226,1.9209590219685266,1.7368789690325817,3.6941985666093196,5.801793644307918,0.277,3.702,12.139,0.36,1
1lp9,0,0.7933708468579375,1.0845246422706285,0.6538699244440349,0.7019282381779505,0.6570680042186051,0.8778752034283208,0.818,1.117,1.253,0.833,0
3o4l,2,0.9442888409826852,1.2898173182374406,0.9723931874207586,0.8025485509409809,0.9221345419258029,0.8824830116251933,0.859,0.706,2.121,0.816,0
8enh,0,3.433959681335485,6.17526222757522,1.759259416862916,1.853737390251155,5.786325491000354,9.087275108196376,0.104,3.979,23.761,0.074,1
3qdm,3,1.9033334022808441,3.598264520044014,0.8672764443944913,0.9544950840812605,3.243192559934334,1.2074408615182555,0.591,2.126,6.135,0.783,0
4prh,3,0.7406044658062327,0.807086561467076,0.8807709181126511,0.6887412798051987,0.6419227442985779,0.7637406947180739,0.719,0.751,9.874,0.932,0
5hyj,3,0.7727225854215801,1.009096924905845,0.5008835104638063,0.7129890050671758,0.719718706798328,0.8724602670740279,0.902,0.517,2.35,0.885,0
5nmg,2,0.7652596633323571,0.8755712396146564,0.7034347350622728,0.7363067177783903,0.6948296480116102,0.9379573251531327,0.921,0.427,2.475,0.917,0
4jfe,1,0.6873229031104181,0.6192806536941151,0.8114740338480804,0.696711858464429,0.4053710106962321,0.5719997026847298,0.938,0.484,1.757,0.951,0
1nam,3,1.0808485705765563,1.8278372075472749,0.9502434046379656,0.843923540845527,3.204465952754469,1.2880801277627525,0.711,0.757,4.314,0.54,0
8gvi,4,3.11325626090185,6.058968117426308,2.0176107015190743,1.936197712025749,6.429733753526482,5.274090995587901,0.307,3.953,10.163,0.382,1
2pye,2,0.835005364304131,0.9355138341738733,0.8094368212907446,0.7945481616559278,0.846202142354253,0.9642303497781097,0.932,0.549,2.066,0.97,0
4ms8,2,2.0153131070969983,3.0717728830966116,1.0511796322226807,1.645723023277547,2.729398372996442,1.6789685254691522,0.557,2.121,5.448,0.63,0
8rj5,3,2.277390039348521,3.742633358343443,3.8324028323212618,1.2780587096728908,3.9299055556197877,3.651809272904333,0.417,2.252,7.582,0.388,1
7n5p,3,1.049331529186882,1.4729570528561557,0.7922216043147382,0.8524430715455105,1.1269408336244073,2.1821727978266643,0.827,0.873,2.775,0.831,1
6l9l,0,0.8237427241174439,1.157745957866676,0.7000872686853336,0.6913092279702641,1.304272553326723,1.2675919683373509,0.898,0.706,2.027,0.93,0
3pqy,0,0.9231539119826675,1.0476568774821782,0.8299339051273551,0.8790088758522252,0.9620551983147428,1.198429668401022,0.834,0.743,4.388,0.909,0
8yj2,3,1.4453409235770593,2.0701393057865216,2.1067956909786565,1.0205452951488614,1.2832808556774504,2.2295222684717038,0.533,1.266,6.223,0.364,0
9gv6,4,2.7229102610460973,5.582667897294589,1.3428263034400403,1.0550068515801259,7.7623039416299795,7.447125933748438,0.445,2.616,8.948,0.612,0
8rlv,4,1.120389049813189,1.4287314523185346,0.9664423910431577,1.0103985585291795,1.1878866023229977,1.5260169831095929,0.668,0.872,8.377,0.75,1
5m00,4,0.7598039147946964,0.7837157332661533,1.5685706889266597,0.6330004118831103,0.6476243033082326,0.7677362543293336,0.931,0.35,3.003,0.957,0
6bj3,1,0.9485033784050458,1.1554325473249616,0.7969961720723576,0.8825220658309485,0.6047196363948688,0.4991250329760012,0.843,1.027,0.834,0.859,0
3hg1,2,0.8354088356546193,0.96657940132709,0.9589065112490838,0.7766862564341254,1.1704583422479233,1.2458200932053685,0.935,0.535,1.777,0.959,0
8wte,1,2.6411713101911025,5.99654255297432,2.9376082163688206,1.2308170108819914,6.474446465239326,4.5055473064944564,0.309,3.969,8.246,0.286,0
5brz,2,0.5728404400021958,0.5683892457335532,0.7417864870586498,0.5528520714159653,0.6332830241784199,0.5082935681220855,0.945,0.37,2.384,0.964,0
5w1v,0,0.7930887053208809,0.8339914833112158,0.768574711958648,0.7843554454503271,0.8491963150040845,0.3850536527033669,0.924,0.541,1.507,0.918,0
5ivx,2,0.764504966692148,0.9566344297205264,0.7683165447306866,0.692169066461003,1.0205096815174273,0.3394537079589895,0.923,0.451,1.45,0.881,1
5wkh,2,0.581694391144613,0.7938444004487734,0.4232545371391274,0.521584649932617,0.8896245859007671,0.6734762819338733,0.965,0.418,1.142,0.985,0
7ow5,1,1.458509763338481,2.958349500743443,1.175615382657727,0.7341236531268035,1.2975195837514746,2.4849639622623276,0.631,1.593,6.558,0.797,0
6tro,2,0.8313254427630193,1.1556453398318312,0.9653079721962934,0.7085137851166611,0.6558127151552777,1.164819107169988,0.779,0.984,4.374,0.848,0
7na5,0,2.0744781386499622,3.8505948109752377,1.793203369324157,1.2665275238636462,4.160248778580483,2.9508068985514897,0.334,2.739,11.747,0.429,0
3mv7,4,0.8454267664447839,1.031283848068715,0.7777793640125698,0.7654051386659154,0.9861449256056448,0.9417838390070463,0.882,0.503,4.165,0.941,0
6rp9,3,2.711865754098963,5.131576660265566,3.8889232389355968,1.0226313209237636,7.02469035032521,6.1148439662652745,0.242,3.521,14.512,0.317,0
6vm9,2,1.8379487739228524,3.228479041758971,1.9622820112935835,1.0863878298283565,1.6666455986966804,2.7825459723627004,0.479,2.08,9.407,0.646,1
8eo8,3,2.9590392592736845,5.5148570207380425,1.306164849911745,1.4131429994791642,5.067420035356467,8.851265833255802,0.189,3.261,18.334,0.216,1
3mv7,0,0.7995771956764338,1.0243038702243819,0.7603428344402413,0.6921742043470355,1.0324366724151388,0.8935988408743508,0.864,0.424,4.854,0.912,0
7na5,4,2.4439258307032885,4.470419125402259,1.499471979046462,1.6244818413991733,5.180247724399922,3.8251578105211066,0.389,2.828,7.542,0.388,1
8rlt,2,1.2338350288449842,1.6579689765478438,1.353809119647645,1.0497988031011591,1.6664399511498893,1.9061780842048512,0.791,0.888,3.4,0.769,1
5m02,2,0.7739589687137292,1.0876786970125665,0.5985079665089152,0.6935380993820418,0.6343968655430638,1.7483948273164014,0.855,0.612,2.282,0.774,0
5w1v,4,0.7936082284481477,0.8425497046173861,0.8055845182652774,0.7789921857286102,0.9376324421505835,0.40645865708822765,0.92,0.52,1.988,0.918,0
6uln,3,0.7006361942571832,0.8029446857292063,0.7456023325860633,0.671581786140348,0.651731509986267,1.2045213399210473,0.882,0.413,1.105,0.735,0
1kj2,3,0.7743690364402206,1.0190690645356502,0.6275876663132167,0.7019249280332953,0.8889257543170742,0.7835300804644219,0.848,0.489,1.379,0.667,0
6rpb,3,3.1133248436997745,5.838731451421727,1.4437070193367807,1.5523640984513547,4.999693972989273,3.4939111996888927,0.218,4.92,14.936,0.324,0
5m00,0,0.7679284456774033,0.7377872760088023,1.5690635131722328,0.6583969477338235,0.6039295345027045,0.7204325393600337,0.963,0.305,1.468,0.957,0
8rlv,0,1.1392761895179782,1.5221697341895584,1.1462550261202435,0.9770508900860603,1.2132519721497685,2.1695239089375207,0.785,0.799,4.515,0.797,2
9gv6,0,2.4595657304317107,4.877501846857516,1.2576229547385631,1.1727720925267686,7.728143653136148,4.160763040285451,0.415,2.737,8.372,0.507,1
6l9l,4,0.81911389887405,1.0762811437345885,0.6667321124109195,0.7301037043600748,1.211069276264082,1.1367382139656623,0.903,0.624,2.039,0.912,0
8v50,1,1.5352115187147595,2.938335700518092,1.1082606728521507,0.8925157092047422,2.897365370987718,4.27925498595459,0.66,1.286,4.532,0.625,0
6vrn,3,4.7727027772071695,8.135919124867057,3.0284568854072917,3.0003616421082997,7.122233338858978,6.892476012721227,0.097,5.695,21.677,0.094,0
3pqy,4,0.9354109508692288,1.0544342089320042,0.9832047264955651,0.8764695741774419,0.9044941744446626,1.1589590256728546,0.922,0.654,1.677,0.964,0
3h9s,2,1.0179728864188906,0.7767754751196501,0.9189826596058027,1.0884034469971597,0.22259855644264237,1.1282387912947736,0.861,0.866,1.772,0.875,0
5c09,2,0.7256461220465411,0.8450265563848508,0.7092527479207654,0.6851289591425229,0.3448156814852089,0.27331536608080903,0.932,0.369,1.305,0.875,0
8gvi,0,3.078722278485365,6.0750255722937485,2.1450564612176657,1.8330358420122599,6.190384335895708,6.094190689193274,0.336,3.742,8.21,0.353,0
4jrx,2,0.9731516186697595,1.315977726337286,0.5123799625406751,0.8439621008913277,0.9982891135878924,1.8698375336267836,0.666,0.917,10.287,0.866,0
9rxm,1,3.382983270346384,6.289423738430927,4.307014774038599,1.8218764813913968,7.306903274716043,4.992097229556828,0.157,4.554,16.69,0.167,1
8enh,4,3.1245401577288043,5.656825130515254,1.5349712675899267,1.6479587288690554,5.172482280463291,8.634789662006959,0.157,3.609,21.198,0.185,0
5swz,2,8.047201380190835,17.047212255779463,3.8108798570799824,3.875291091892076,16.474995686066286,11.701409479431891,0.041,17.353,31.124,0.045,1
3e2h,0,1.363018520005617,2.0512416896913948,0.9587846395442731,1.0658233429463198,3.9514116235550905,1.1500446725544402,0.842,0.735,0.922,0.73,1
5nme,4,0.8160125956730561,0.8862922221807724,0.5719167813641947,0.8164059122253869,0.6917744092954098,1.0264764260713461,0.91,0.529,1.977,0.893,0
1lp9,4,0.8272457486621577,1.0679423073738328,0.6769258881446066,0.7593470840439043,0.690265107622461,0.8430267781172257,0.811,1.044,2.188,0.821,0
5nht,3,0.8699485447893195,1.0916405890970673,0.8260558228140086,0.7888940527372136,0.9394675987878065,1.1546465180632788,0.813,0.68,3.753,0.773,0
7byd,4,3.771616595168246,4.460330957602147,14.057976289588447,1.160425841993199,5.621954538525899,4.695855833787783,0.423,3.237,7.429,0.525,0
8f5a,3,2.381913696139374,4.495532541672299,3.119999616284179,1.0292018408735966,6.076061329412574,3.823901750282247,0.252,3.137,13.478,0.286,2
8wul,4,2.3320323605313695,5.4320462691187865,2.6680521015191436,0.8466289722936121,4.92289533647021,4.0324409386008515,0.306,3.789,8.718,0.295,1
8f5a,2,2.333260487523221,4.455872785527622,2.9027014584929924,0.9922916366846015,6.122418715723953,3.9122295812958745,0.286,3.169,12.449,0.357,1
5nht,2,0.861644127831986,1.0158920188227611,0.8907573904681333,0.8019710249625126,0.750086338447052,1.2172554574126861,0.821,0.665,3.487,0.773,0
1bd2,4,1.7407676889023138,3.127123952691161,0.9423469929874482,0.9371963557689099,2.401752976140227,3.9229290057487938,0.504,1.92,6.672,0.516,1
3e2h,1,1.3738783056866075,2.0940254055338023,0.917939798967228,1.0609088320236624,3.941276233092571,1.1371276749160837,0.83,0.814,1.465,0.746,1
5swz,3,8.548000754116732,17.961047527286347,4.212260504203239,4.253937179208126,16.187806665370594,11.243945944101661,0.041,17.378,30.907,0.045,0
9rxm,0,3.2651785845080443,6.110017733749287,3.80102370323511,1.8132796076669406,7.28064556698351,4.775254956107928,0.154,4.352,17.652,0.167,1
4jrx,3,0.9141249638827725,1.2006488351185898,0.5129420165370562,0.8127106335710913,0.7290396343252339,1.3490404580299313,0.741,0.735,7.436,0.851,0
8gvi,1,3.0306361537745508,5.958466460211995,2.111673606045742,1.821610617100868,5.865164419262397,5.967530185993493,0.324,3.773,8.523,0.338,0
5c09,3,0.7290346248105117,0.8648660132294421,0.7016178508579853,0.6832659703241042,0.3463766205906404,0.2715759123024045,0.939,0.369,1.274,0.896,0
4jfe,4,0.7015255743678142,0.5921243624414908,0.7937339037089731,0.7266545340349648,0.4101896638457066,0.5388226698907685,0.923,0.509,2.483,0.951,0
3h9s,3,0.9900438713334963,0.6558711553591602,0.844028278833509,1.082346631689202,0.21279375447643548,1.1420172011666097,0.872,0.834,1.262,0.875,0
8v50,0,1.592797333869553,2.995808346687457,1.3380749614386436,0.9464592339894615,2.8542884373734827,3.8741292874938456,0.578,1.568,6.082,0.594,0
6vrn,2,4.70419291531152,8.011734806580245,2.9917731164325168,2.9635865026705206,6.898635463963032,6.235277255617996,0.128,5.702,16.715,0.113,2
6bj3,4,0.9858441193327372,1.2808468406107014,0.7693522045153532,0.8852131927660903,0.7186867104309493,0.7064673312640699,0.79,1.132,3.671,0.891,0
5m00,1,0.7948450551872032,0.7393882003410025,1.5683175204265247,0.6991975407204338,0.5971957558181504,0.7682584176640909,0.953,0.309,1.645,0.935,0
9gv6,1,2.8619873134794602,5.827162294903299,2.0302500847971,1.0582949755369986,6.944964567801002,8.607126252548095,0.488,2.848,5.237,0.522,0
8rlv,1,1.1692733061369045,1.5419401345195893,1.0851593553809287,1.0225201446063954,1.0407763645580161,2.138064550560124,0.731,0.828,6.744,0.812,0
8wte,4,2.285250259721704,5.067256369916496,2.7585687686033866,1.128862701555656,5.778673818555778,3.6087166805405473,0.388,3.231,7.798,0.444,1
6rpb,2,2.5938866910761593,4.769750666702748,1.5987481624223867,1.3609231486040092,3.264483087451932,3.164479423806331,0.284,4.05,12.377,0.412,0
6uln,2,0.8265301331175926,1.1844286673903839,0.803644166292988,0.723781327610894,0.5431342661674046,2.307310036843725,0.869,0.598,1.987,0.796,1
1kj2,2,0.7445962409751468,0.8878747994412043,0.6183838656907857,0.7094018208074377,0.9032032321672454,0.742052984731792,0.829,0.456,1.354,0.596,0
8rlt,3,1.1358960176721316,1.3869058946073993,1.439326679731921,1.0056525359699717,1.1515918303251451,1.3920539275804966,0.711,0.833,7.191,0.785,1
5m02,3,0.7517479577255921,1.0819378797356092,0.6134284350958258,0.6609920924975272,0.5827083463899541,1.7555997357395865,0.852,0.61,2.17,0.758,0
8eo8,2,3.2158258065980214,6.002923660558228,1.3988731930802563,1.524863053088449,5.04647762146317,9.405024437792854,0.16,3.852,20.487,0.203,2
3mv7,1,0.826967773015861,1.0407588463749633,0.7408577518090631,0.733150390000332,1.1099475355191855,0.8440406143874293,0.861,0.444,5.067,0.926,0
6vm9,3,2.0737277457572656,3.8745892404035502,1.6031866415912834,1.1015596971091188,2.057071792811296,2.6175003699806725,0.319,2.82,12.338,0.415,0
7ow5,4,1.5619954679796564,3.208800999037715,1.3387379726067503,0.7322342370798398,0.8379123815564503,2.840947709254563,0.583,1.591,7.562,0.719,0
6vm9,1,2.02397007254611,3.7120680843554883,1.694912814632362,1.127244348252682,1.895090363893453,2.8506169950739024,0.359,2.657,10.331,0.431,0
5m02,1,0.7343685345561325,1.0992022995368114,0.6132874701117689,0.6271003592629668,0.6204115473850097,1.7662378212363887,0.839,0.614,2.539,0.742,0
8rlt,1,1.2390962916038906,1.7131752600417718,1.4650236098500338,1.01497719826352,1.121254961660534,2.4701831314704163,0.738,0.858,5.9,0.785,2
6rp9,4,2.6305719867542745,4.953116528236052,3.956123286543701,0.9461079186378203,6.539158122442001,6.062841871132875,0.255,3.327,18.028,0.415,0
3mv7,3,0.8193899208536584,1.0010612240764267,0.767102173517922,0.7392218948148536,0.9655483286115657,0.889713704102044,0.883,0.457,4.148,0.926,0
8eo8,0,4.1347098797397885,7.901258305643475,1.4633237418914846,1.7227099248915854,6.684090195581281,9.224702690252824,0.061,5.734,28.893,0.041,2
1kj2,0,0.8023529174881354,1.1189383158292212,0.6097188007905363,0.7030681621955691,0.9128788627884037,0.7507032242128302,0.831,0.485,0.859,0.596,0
8yj2,4,1.417474847015883,2.1958381921343513,1.6522909065295819,0.9642043799088627,1.8380567795584124,2.066943056178354,0.515,1.315,6.92,0.377,0
6uln,0,0.8863396245702906,0.8000184971753491,0.7877201652873503,0.9119128764532699,0.3656892830988651,1.3145726384343992,0.827,0.618,3.256,0.755,0
8rlv,3,1.0639745461831998,1.4324867617912342,0.9227049318429953,0.9214253933351352,1.0047472164773847,1.8065264634171554,0.72,0.723,7.915,0.812,0
9gv6,3,2.629660579623619,5.291677618322597,1.638062037983855,1.1105741589105627,7.358251895700662,7.041784870997402,0.37,2.719,9.228,0.418,1
5m00,3,0.8023874192031422,0.7367323498360939,1.5924542391167444,0.7063731226591292,0.5932531988842962,0.7563746974424003,0.97,0.296,0.871,0.957,0
6rpb,0,3.116434756834035,5.84243147887994,1.4782304292034163,1.5530648855131741,5.062548432944673,3.583943012517048,0.217,4.945,15.016,0.324,0
6vrn,0,4.89218178944815,8.396855050844808,2.916729538012852,3.040306705932049,7.30363983964342,6.533064254098308,0.109,5.94,18.582,0.094,1
7n5p,4,1.1701862263380682,1.7439500307203235,0.6686892900807528,0.896811311753698,1.713355158009263,2.1749918827507906,0.787,1.135,3.173,0.847,0
8rj5,4,2.1999015547048537,3.6011840810647664,3.776484528627819,1.2191940023594234,4.017427415153174,3.494875667422116,0.414,2.223,7.841,0.388,1
8v50,2,1.464717536058125,2.8405829087191887,1.1699511056081122,0.8026430296187002,3.0750110847888856,3.935646464003422,0.736,1.04,4.055,0.719,0
3h9s,1,1.006808915408603,0.653026836387893,0.9086940652002438,1.0984414287039312,0.23883541452860463,1.1554858732813935,0.871,0.841,1.27,0.875,0
5hyj,4,0.7922079382362546,1.0233858484444258,0.5101391890765974,0.735855624181479,0.7631657644256262,0.8368021928465529,0.897,0.493,2.106,0.846,0
5c09,1,0.6918421909894186,0.8307054208912729,0.5677009310654973,0.6548541161042026,0.31990595898759017,0.19734458476152053,0.927,0.344,1.323,0.854,0
1nam,4,1.0748096448635283,1.9136881469987317,1.0507675954836064,0.7773547879013875,3.30381614521195,1.3595510355832137,0.772,0.662,2.865,0.58,0
8gvi,3,3.083851022165435,6.018230002095119,2.104677087539955,1.8936385791137404,6.445877407656332,5.654632459165575,0.322,3.732,8.669,0.338,0
4jrx,1,0.919226755721642,1.2141747095674142,0.5334858954298217,0.8113917706422895,0.7768393985545655,1.754163206189912,0.762,0.729,7.224,0.896,0
9rxm,2,3.425959035161092,6.352591492443993,4.497315567266865,1.8229627791548328,7.044522315421993,5.169790066281907,0.13,4.531,17.811,0.106,0
4prh,4,0.716261961350647,0.766383828576141,0.8665791463400384,0.6707309815985246,0.6176043408273076,0.590430955575164,0.714,0.77,10.022,0.932,0
3qdm,4,2.0066009572319303,3.7758161144733653,0.7885121029447847,1.037669721655213,3.414467350474162,1.3665746601013868,0.599,2.231,5.749,0.8,0
3e2h,3,1.390158448963983,2.1093956507364746,0.9373243107947061,1.0791819867996004,4.044779781324419,1.0090526668462874,0.832,0.835,1.024,0.746,1
5swz,1,8.453122328124197,17.78262631841787,4.135039177931899,4.1882252273844,16.468199837953684,11.803176779848473,0.048,17.476,29.597,0.061,0
6uz1,4,1.124056041472628,,2.454635456901862,0.8542471911605086,,,0.007,21.922,63.509,0.0,0
5nht,0,0.8186527200229512,0.9585959868431246,0.8958887030053896,0.7591873279946114,0.725814619667826,1.278550282062584,0.868,0.579,2.347,0.803,0
8f5a,0,2.322735925170221,4.392787395902326,2.9511388017001297,1.0222653102467076,6.031870295231638,3.9052173114116147,0.254,3.102,12.996,0.271,2
8f5a,1,2.2867679499866114,4.263793918919211,2.847338798638182,1.0953622627937833,6.061588897105359,3.7967885953388705,0.286,2.931,11.536,0.3,3
8es9,4,2.407422814209986,4.779762218283055,1.3187921779908036,1.255024959596433,5.336103355767905,4.367002221629412,0.281,4.004,10.876,0.34,2
5nht,1,0.8482510783770176,1.0973616436782538,0.892376919636907,0.7444593105692472,0.8581717830044491,1.3182648290373609,0.857,0.649,2.387,0.803,0
1fo0,4,0.9867923873666895,1.802807217130083,0.5683594236360107,0.7462189007240972,4.351196054476538,0.969912357106945,0.798,1.081,3.157,0.857,0
5swz,0,8.570822031188227,17.920327118868563,4.349832243800568,4.342500524310546,14.998331160782755,10.462924957456428,0.041,17.178,31.215,0.045,0
4g9f,4,0.7519226792958404,0.8868049086066855,0.4227049788361616,0.7261817021054797,0.6325432963987035,0.5274337050061924,0.876,0.574,1.588,0.789,0
5c0b,4,0.6862206841184597,0.8414110097676389,0.5955985350979505,0.6409719673663121,0.3404762355399189,0.7054741966277713,0.968,0.383,1.073,0.981,0
3e2h,2,1.3996292842661107,2.133843717291019,0.8997930218091015,1.0836712668188393,4.102884986444958,1.0809935954819068,0.826,0.816,1.343,0.73,0
9rxm,3,3.3485788846272246,6.074952722526282,4.954849277716701,1.735083476551624,7.114865313228154,4.619213106152614,0.14,4.326,19.366,0.152,0
3o4l,4,0.9196436885315723,1.2455638824366475,1.0061148994533178,0.7801865774236436,0.9374117296184863,0.8421910713964321,0.866,0.652,2.597,0.842,0
4jrx,0,0.8991120757033807,1.2248828174540638,0.5362988202117798,0.7680481655350382,0.7847923630573974,2.0128430837531264,0.766,0.731,6.791,0.881,0
8gvi,2,3.1188287838643567,6.0927918400115395,2.1552752253743703,1.9071947762202337,5.999894683511978,6.225483299208861,0.311,3.843,8.881,0.324,0
2pye,4,0.8231538042378094,0.9240855670043837,0.7984835789704787,0.7823437537825831,0.8927160188284868,0.8741833088096562,0.896,0.541,3.409,0.94,0
5nmg,4,0.8271982262019705,1.0397294488158413,0.7287370158572515,0.764414058184898,0.7021290496911108,0.9436523560218192,0.926,0.464,1.971,0.917,0
5c09,0,0.7216779805488676,0.8520037244358618,0.7202639489699262,0.675001640749651,0.29882985124185746,0.23760830852327489,0.914,0.384,1.472,0.833,0
3h9s,0,1.0037824713462618,0.6581980433108138,0.8773457522021764,1.0965862527982668,0.21876966393856018,1.1295168025284132,0.867,0.838,1.16,0.857,1
6vrn,1,4.491066516301712,7.999474582156082,2.466381214567796,2.510315171810003,6.283108109030564,5.63213884379009,0.141,6.052,18.338,0.189,0
8v50,3,1.5367628740974582,2.986209587840114,1.1152877292388284,0.8520313702220074,2.8428773161703047,4.183379689758645,0.632,1.462,4.809,0.625,0
4ms8,4,2.0839822213760515,3.2976794099866282,1.0921947436506552,1.629450739097731,3.175488584440388,1.698928076191843,0.522,2.305,5.629,0.574,0
3hg1,4,0.8692724037606294,1.1331775810043907,0.8949790321824866,0.7669913547667294,1.133085585561586,1.3349925323682708,0.884,0.687,2.011,0.878,0
6rpb,1,3.2443953019692855,6.036367998811988,1.672336263277801,1.6587734572372612,5.01974775839586,3.7090086121568646,0.216,5.067,14.375,0.309,0
9gv6,2,2.630993408143943,5.3806322987052315,1.5452234142737349,0.9998665444070249,6.980443015640359,7.473003857003739,0.418,2.736,8.469,0.522,1
8rlv,2,1.22089978990111,1.613482922424115,1.2433587103982087,1.0546336449641533,1.187098647329408,1.7170181414857666,0.771,0.998,4.147,0.812,0
5m00,2,1.0123185129215335,0.7540012055742075,1.5598469814516647,1.0034291272277915,0.612438852800171,0.7206311930264006,0.961,0.332,1.401,0.957,0
1kj2,1,0.7414268939129656,0.8850177925773551,0.6076747884783209,0.7067040587935016,0.8339699814920365,0.8072797930153857,0.832,0.477,1.391,0.614,0
6uln,1,0.8227109298328033,0.7370426624425235,0.8051031063590491,0.8421792090094784,0.45325787479893087,1.0879149949581919,0.853,0.679,1.852,0.776,0
5brz,4,0.5635134174529552,0.5532216533286718,0.7090709001081371,0.5481790773940687,0.6235146285281289,0.4274236279119656,0.947,0.434,1.853,0.964,0
3mv7,2,0.8363910383785044,1.0092954821088678,0.7805764009322876,0.7617722081457596,0.8700244351911409,0.890361822564473,0.897,0.454,4.017,0.956,0
8eo8,1,3.1075147349578995,5.815271859377632,1.34160852458388,1.4545746988005885,5.129465985561698,8.862708596465607,0.141,3.668,21.826,0.149,0
5m02,0,0.7354005446869566,1.0682046038179007,0.6095644903191352,0.6418507763299379,0.674661791807714,1.7262754218240177,0.878,0.579,1.435,0.79,0
8rlt,0,1.1765795500067953,1.5906829845169488,1.5358219866690004,0.9609552522739055,1.3170093142202164,2.253081080811081,0.792,0.834,4.091,0.8,0
6tro,4,0.7652646354921411,1.0461553190942265,0.9294843432461065,0.6524466111329223,0.7234898064243891,1.0516153020504162,0.847,0.825,2.671,0.864,0
6vm9,0,1.9011486099640695,3.51606233925077,1.605796479584767,1.0266865163867014,1.732301787587402,2.2260437562210917,0.37,2.599,10.465,0.462,0
5ivx,4,0.8283104499800341,1.0424822988864737,0.7903998052970039,0.7521426487842622,1.0375247561706917,0.2538210681933505,0.902,0.495,2.675,0.896,1
5wkh,4,0.5592424043757016,0.7294245747421717,0.35827962063302343,0.519042098134689,0.9557643679477563,0.7004372321140502,0.947,0.405,1.886,0.955,0
5d2n,3,1.0565153902920668,1.7115771644657434,1.3650582435953393,0.7430437722025464,2.427244230590905,0.6995723184830833,0.656,1.076,8.045,0.781,0
8es8,3,1.3017128189325755,2.091787130792468,1.0313519777505584,0.9919604142933727,1.8968603255168741,2.0405068472108554,0.573,1.23,9.456,0.674,0
4n5e,2,0.7341499521856405,0.7964384475453278,0.6220132086003413,0.7254894508717713,0.630388225312437,0.4161535235665118,0.92,0.49,0.958,0.868,0
5e6i,4,2.586784944950155,4.6333611907504375,1.7794995283960953,1.754229615817222,4.330913447378843,3.5371771581967972,0.416,3.08,7.893,0.519,0
4jff,2,0.8073648314008011,0.7048623874699466,0.775723863766858,0.8418948474630031,1.1116275017297124,0.7671135623394745,0.927,0.536,2.345,0.964,0
5c0c,3,0.6787767870740992,0.7579374470599737,0.5147225986680268,0.6694651101986249,0.3982478336526215,0.6398711109777524,0.952,0.381,1.402,0.943,0
1mi5,0,1.0402908394546266,0.9750420194521185,1.1292750605995343,1.048128383267227,0.7702314802355877,0.9177743922150909,0.926,0.625,1.15,0.945,0
7rk7,1,3.786859777086132,7.589093570131825,2.3198466882564173,1.9116902838370373,5.680491618340939,9.24980046237485,0.149,4.921,17.242,0.167,2
5bs0,4,0.6955978488966313,0.5981651922434253,0.6211059255536038,0.7266770866217119,0.6296689586365457,0.7207402982866049,0.925,0.386,1.777,0.879,0
6ulr,0,1.1641423389467498,1.8568132680585634,0.6755430379257816,0.9677388312075914,0.9733222731040361,3.50924319959751,0.774,0.912,2.387,0.667,1
7rm4,2,4.760240669562682,8.003889602446646,3.6024310910307498,3.0023625766113278,10.221577011238514,6.97175507847843,0.171,4.528,10.99,0.041,0
5e9d,4,1.92878739689887,3.74517825095316,1.2404812276047357,1.1594449635449433,4.163327864010375,4.969696600350805,0.562,2.117,4.155,0.545,3
7pbc,3,2.220097783613893,3.7986009831867613,2.2009263202191596,1.1552187809466412,5.596931169992589,1.8728129392680082,0.34,2.852,10.423,0.403,0
6dkp,3,0.8905175486090294,1.2880911638794756,0.7461958128984921,0.7074055139633659,0.47026874842213406,0.6310718908656177,0.898,0.627,2.15,0.904,0
5d2l,1,8.599729577955687,17.59494786374925,1.2054889788509489,1.1472287020668126,11.234104850835646,15.251443178116954,0.065,15.733,36.07,0.133,2
5c0a,1,0.796452645632158,1.088944788400973,0.39636755279500785,0.721626565595815,1.0653513626972917,0.8863844724575877,0.916,0.484,3.298,0.974,0
5nmf,3,0.7171767727626481,0.7982080566636228,0.5778331146759667,0.7054876820036244,0.439670103110903,0.9321781655716936,0.847,0.496,5.299,0.919,0
4jfd,0,0.7294419305929946,0.6103110023599407,0.6786991567407613,0.7707140958399931,0.9582233942442987,0.6992112249161628,0.916,0.512,2.23,0.917,0
4prp,0,0.8450494267660815,1.071162502615729,0.9067235144807423,0.7223188501955302,1.1069322475834062,0.9329539299889201,0.861,0.442,4.377,0.873,0
2ak4,4,1.2451101555782869,2.0330125067353135,0.7140537386634277,0.7583509071986009,1.3763660549354675,3.19493736804873,0.597,1.807,6.533,0.754,0
4pri,2,1.03408396416221,1.1791168912509937,0.9951572030633158,0.9717712540532679,0.6883699375130603,0.8572879764914709,0.908,0.503,1.425,0.853,0
7n6e,0,2.433590537637133,4.357921909476891,1.592969220663806,1.3105729104304553,4.532088659688834,1.865807606182935,0.395,2.888,8.969,0.5,0
3qfj,1,0.6696140455415529,0.7375100824645396,0.6164817051541056,0.6491814937734529,0.3552310856325103,0.5720724311750782,0.922,0.432,1.186,0.862,0
3sjv,2,1.2251164357717996,1.536126399863363,1.03104772935059,1.146739059329499,1.5747650522465484,1.051244550579969,0.737,1.016,4.039,0.71,0
8v4z,3,1.4559708022352318,2.804482301554975,0.8961028145105903,0.8118360434051017,2.781232134278905,4.108409463565249,0.645,1.231,5.545,0.635,1
6bj2,0,1.7437224403541756,2.750152213768036,1.261004331130778,1.2347024900311638,2.329713065580437,2.979760909347984,0.535,1.972,4.154,0.432,0
7ow6,2,2.1697244787089343,4.307476437527967,2.7193948096351077,1.020656108393793,1.865852336142191,4.569729129434944,0.446,2.559,7.317,0.508,0
8dnt,2,1.371528097714081,1.8230786569463897,1.184241264345882,1.1765252107527688,2.3704184981584238,1.831102786380671,0.585,0.981,6.154,0.397,0
6vmc,3,2.2420040088770485,4.440627583736157,1.603907485416777,0.992864915606278,2.4262531389583195,3.13836194778199,0.273,3.358,13.868,0.379,0
2ol3,0,1.1152160006237362,1.9993421967751652,0.963236181837846,0.7415434034117027,1.8044000041565063,2.6470147222697276,0.837,1.012,1.553,0.857,0
6q3s,2,0.9621685494370619,1.0038348338596599,1.172695979784447,0.9183791300938139,0.7845236803417316,0.653590080383775,0.861,0.767,2.242,0.855,0
2gj6,3,0.6205387332703767,0.6279453917896337,0.6602997464260436,0.6134437619170925,0.5052245291509553,0.4835968551799213,0.952,0.397,1.455,0.949,0
3qdj,4,0.7425529469624129,0.7808008265117943,1.1350970003655674,0.6827149578143357,0.7762913654231189,0.6994936486462221,0.875,0.64,2.836,0.879,0
5til,2,0.7762875726027938,1.1649071612237902,0.6575390502846693,0.6592920432236017,0.6074989588850229,1.7749293420987686,0.797,0.696,4.392,0.778,0
2nx5,2,1.4541817527137875,1.6463223388297608,3.3510164482158595,0.9224487756388874,1.5563850168551376,1.8360529814186972,0.695,1.226,4.773,0.725,1
8v51,4,1.5191553195319347,2.8743141236698784,1.051087666851141,0.9077353152629222,2.7020641352391164,4.21184672247288,0.699,1.047,4.923,0.677,0
8shi,0,3.0642698385002243,5.344617762234288,4.135191858998015,1.8212956615909177,5.3900831456987355,4.058082807635508,0.224,3.939,16.337,0.333,1
2p5e,1,0.6876389145923157,0.7380356903511182,0.6198800571430563,0.6737615771153871,0.6895333478469107,0.7156906181673578,0.963,0.314,0.934,0.944,0
3kxf,2,1.1651006652695939,1.8509141104402156,0.8033994925495698,0.7748934366617124,1.428712261004319,3.020334574181038,0.617,1.687,6.664,0.791,0
6rpa,4,1.0307769157948965,1.6332299175562675,0.8802510833892468,0.7504905107802666,2.0006820935004317,1.0196310949766916,0.684,1.106,6.633,0.782,0
6vma,1,2.0015461125693914,3.789623017374766,1.845645047035978,0.9986033510489232,1.6448047744082557,3.5412426025227184,0.346,2.769,10.457,0.414,0
6zkw,3,1.2917925390117615,2.240567249953123,0.9639763381806374,0.9557013548912626,1.6449109482551376,2.244272159359407,0.534,1.354,10.111,0.636,0
6vmx,3,0.808075878645103,0.7410229640280248,0.765023830485962,0.83266662382061,0.7557244838343162,0.5850486393549673,0.91,0.531,1.636,0.877,0
4mnq,3,1.222118627887588,1.7202035235057827,0.9064432963556528,0.9995191887076869,0.986975311984173,1.167299498632136,0.79,1.295,1.17,0.816,0
6g9q,1,0.6288626206445997,0.6965274490569743,0.6374105402505461,0.6078719045696854,0.7940327538717729,0.7899555251724544,0.956,0.36,1.62,0.957,0
5w1w,1,0.7557780790522274,0.8538351268413154,0.8263143205231895,0.7205288239459414,0.8450854565656293,0.6443897296463214,0.919,0.527,1.404,0.895,0
6vrm,4,1.0857035284290952,1.7532835584935151,0.8645469369849158,0.7771983107674623,1.4637642081847997,1.1720851802751564,0.718,1.067,4.672,0.722,0
5w1w,0,0.7807078600602652,0.8043956089544584,0.8430417481204528,0.7681174010524786,0.8665239099909694,0.56106289250224,0.897,0.496,2.247,0.855,0
5wlg,4,1.2439894463437273,1.940048202068036,0.7280097916481658,0.9534101418569281,2.4102288934996396,1.0155877630151482,0.674,1.379,5.584,0.781,0
7pbe,4,2.2810912775639625,3.882252547941789,1.986037981395746,1.3497549662053567,3.5608268596952564,3.7861122310046595,0.354,2.707,9.384,0.377,0
4mnq,2,1.2323026476376497,1.745369949050219,0.8434171294747633,1.0077019421532458,0.9675117107136402,1.2484573763720073,0.786,1.319,1.607,0.828,0
6g9q,0,0.6574868635715129,0.6890874753662806,0.6891184150576052,0.6450781061099309,0.7947516781674331,0.750580160605317,0.945,0.403,2.067,0.957,0
6vmx,2,0.8944934645634819,0.8129182553889509,0.7468766094976408,0.933984569571109,0.7526085810289538,0.7618876418840961,0.901,0.476,1.907,0.842,1
6zkw,2,1.1977319231793673,2.036868254966821,1.0412557232639321,0.8936955720049603,1.3253758119444348,1.9109271946568116,0.635,1.293,6.614,0.709,0
6vma,0,1.9555945886628971,3.7974910263041313,1.480463964725587,0.9233594879693211,1.6668237600562539,2.8964097522838514,0.351,2.954,11.214,0.483,0
3kxf,3,1.3292110161388422,2.1406018030414535,0.8840156175433479,0.8594807295787411,1.4970379226180162,3.3482243580458935,0.555,1.802,7.399,0.687,0
2p5e,0,0.7252572657348324,0.7533772380377123,0.8556305309700768,0.697775805684637,0.6976035779187653,0.7212941643925567,0.955,0.338,1.828,0.958,0
8shi,1,3.0201449131811655,5.185912922077062,4.066557345608182,1.8617977274888833,3.639980886779461,4.071277531299088,0.264,3.828,13.481,0.375,0
5til,3,0.8146679149577868,1.2575804946038576,0.6612364829976818,0.6791467105227722,0.6445642451308281,1.8783518631997733,0.753,0.768,5.287,0.746,0
2nx5,3,1.094221286701626,1.53429337494659,1.4994961958395614,0.8532683088416363,1.5493278990020274,1.303940103374869,0.689,1.025,4.951,0.637,0
2gj6,2,0.627829146636195,0.6120043732051133,0.6374210133521822,0.6322708749163766,0.39139145996414043,0.463846280534363,0.956,0.418,0.79,0.949,0
6q3s,3,3.015931106440739,5.251421857614314,1.3832683011743796,1.662340730258825,4.301055934868263,4.072740875344873,0.271,4.521,11.076,0.342,0
2ol3,1,1.1822043785887857,2.16558017996013,0.9883381955580599,0.7567062899818535,2.846544312635461,2.6709159579476522,0.843,0.908,1.658,0.833,1
6vmc,2,1.9113820517249422,3.571696394476079,1.980090481401204,0.9833714515961395,2.046795089549353,3.599628760431758,0.422,2.367,10.212,0.569,1
7ow6,3,1.8539374374382476,3.434291699846083,2.9159574100434833,0.9541851625594109,2.1366070166646187,3.3779352831787275,0.478,2.014,6.953,0.477,0
8dnt,3,1.4048926941197666,1.8890422154198099,1.2312956948021845,1.1900814409088993,2.4811431042671384,1.6330149479535627,0.544,1.088,6.461,0.342,0
6bj2,1,1.3254378758778564,2.004026682743955,1.030317193447107,0.9981336296050908,1.6201730097312412,2.034722220252377,0.661,1.437,3.334,0.595,0
5m01,4,0.6458725715302446,0.8669512676404905,0.2570680625370911,0.6061794865573581,0.6692256768772377,1.137666272717208,0.903,0.324,2.974,0.863,0
9gv7,4,13.683302707130801,24.139696720759982,9.348741765753278,9.436823289760223,34.39739545812858,31.531222428013763,0.022,19.368,34.068,0.0,0
8v4z,2,1.4381384382422282,2.7502386097884197,0.9462746425033494,0.8136451732251306,2.9592557042975294,3.941558450723729,0.731,1.008,5.211,0.778,0
3sjv,3,1.2954818983702625,1.6418273740732554,0.9661194690349229,1.2167662880641028,1.550716189707304,1.1723308319955117,0.745,1.089,4.157,0.774,0
3qfj,0,0.6192966613466205,0.6580987483885722,0.612951680455517,0.6054003839938159,0.35592086043075716,0.5948513591183826,0.937,0.397,1.094,0.892,0
7n6e,1,2.266906029598662,4.099868755382296,1.4239476413506782,1.1811603401764341,4.146625590064732,1.7167046182106807,0.363,2.697,10.498,0.456,0
4pri,3,1.1092393952239339,1.3901324676532365,0.9948271616562051,0.982751053191977,0.6820058418076868,0.815859817085413,0.889,0.532,2.186,0.84,0
5c0a,0,0.7606718478893499,1.0750239812091873,0.4265249862404702,0.6687940097798134,1.1112503812185583,0.8787325312983998,0.936,0.448,2.977,1.0,0
4mji,4,1.0689753749811515,1.8570489343693255,0.58739493111821,0.763078204229601,1.0719986290994106,1.0463639335625876,0.783,1.047,3.107,0.795,0
4prp,1,0.8485738610467701,1.054960872545537,1.0094140270084304,0.7205888347879272,1.2019879801906113,0.8347506359791397,0.855,0.516,4.636,0.901,0
4jfd,1,0.7312353624692669,0.6708128174794689,0.6835063996986481,0.7553385500186081,0.9435037253689866,0.6404509825366885,0.899,0.528,2.605,0.893,0
5nmf,2,0.7261882183580389,0.8508144441077672,0.5744010743399586,0.7009317176826899,0.5459099645904231,0.9633491382500329,0.843,0.531,5.447,0.932,0
5jhd,4,1.3399885519755659,2.5225810914861784,1.2701488528848124,0.6656605090719695,2.7935724917464113,1.8095556939932296,0.742,1.087,4.077,0.757,0
6dkp,2,0.9187505805535849,1.397152080665544,0.7412658448744679,0.6849059481271824,0.5380817751567962,0.679274596375503,0.875,0.694,3.287,0.932,0
5d2l,0,8.631991865463716,17.673781614614512,1.149913643621496,1.0892761370798236,11.222018302146315,15.204179830429451,0.067,15.803,34.472,0.133,1
7pbc,2,9.519167119198464,18.255113659901312,3.085381841799343,2.5102824361604665,9.806300865191412,15.284447814873142,0.042,16.438,33.797,0.06,0
2ypl,4,0.875626772288616,1.1060233191020254,0.8135804681676028,0.7771008747301419,1.0009567466526927,0.8534655371738625,0.883,0.65,3.587,0.959,0
6ulr,1,1.1842413914991503,1.8282001186489747,0.5415529624583056,1.0180365555606314,0.9462472131098557,2.9841295710600435,0.767,0.965,2.969,0.702,0
7rm4,3,4.760509250358515,7.886794561933063,3.70064526679132,3.098385933168342,9.879615960321408,6.871640934301762,0.17,4.38,12.323,0.082,0
1mi5,1,0.9818024566980912,0.9334619251857488,1.1118739530837967,0.9806673775582709,0.7840954270942604,0.8134902835934286,0.917,0.591,1.123,0.904,0
7rk7,0,4.022916801527703,8.224673194443984,2.2229555587772523,1.8785140280069665,4.7984318396865016,9.536256369607258,0.137,5.521,18.332,0.167,0
4jff,3,0.7702240451770913,0.6583898643314224,0.785569436991805,0.8028359641586174,1.0586845041323214,0.7995685707190142,0.925,0.528,2.066,0.94,0
5c0c,2,0.7006421304505107,0.7842945660398527,0.5546166562151482,0.6880977756021385,0.4474242310300089,0.6274877123548872,0.942,0.38,1.226,0.906,0
4qrp,4,1.111891174898017,1.2272560790448876,0.6666486926705851,1.1164637790137295,0.901892942842386,0.9543669711812661,0.792,1.028,2.867,0.797,1
4n5e,3,0.8130084465592674,0.9506706502937078,0.5088220746324054,0.7938987767287399,0.7343534531871476,0.43669488973918347,0.896,0.633,1.427,0.868,0
8es8,2,1.337342984552368,2.1988191251877414,1.230411493104754,0.9620928923629364,2.600490519282931,1.835949504984391,0.657,1.491,3.734,0.63,0
5d2n,2,1.423968146239499,2.6696871135149194,1.2953984230910636,0.8211465591065642,2.5844078927291383,2.3568563184695863,0.477,1.857,11.227,0.672,1
4n5e,1,0.7644055970029638,0.7114733006275428,0.6908495554417158,0.786090550308023,0.5708561141546105,0.34064608167452193,0.904,0.507,1.289,0.838,0
5d2n,0,1.0390541198532204,1.637135140564916,1.388717886676201,0.7507876020165292,2.268108964812603,0.8095943302671372,0.767,0.946,4.996,0.844,1
8es8,0,1.337424052930212,2.221810882347377,0.9806012706567826,0.9825846858173075,2.6723029531388964,2.0940234474066166,0.561,1.309,9.564,0.674,0
5c0c,0,0.7195048095809372,0.8031579875580487,0.6414421443654164,0.6999315009397956,0.4372268914233664,0.7412380221660406,0.946,0.414,1.586,0.943,0
4jff,1,0.7801534881196918,0.7448720191512757,0.7704886275732605,0.7925732073783829,0.9422904429425726,0.8847126061559543,0.921,0.519,2.334,0.94,0
7rm4,1,4.7563141409863245,7.983163171530967,3.461042958325568,3.0311152864418283,10.48539262770493,7.252848258024562,0.182,4.463,10.319,0.041,0
6ulr,3,1.0126167776145458,1.6523099095817702,0.6363155714112526,0.8217719405921535,1.2193738188973158,2.9377592099408414,0.831,0.793,1.797,0.754,1
7rk7,2,3.4288157838537825,7.038021139074112,2.012363752216602,1.5532008921858678,3.5606458571944364,9.174679085838642,0.176,4.071,17.161,0.212,0
1mi5,3,1.0551751805056895,0.9834242525472142,1.1846324434928472,1.0601972060109925,0.836820118638012,0.8599467058510647,0.912,0.648,1.988,0.945,0
7pbc,0,2.1544810624654884,3.7017246880694956,2.0682122535214313,1.1138450078832738,5.667890699013306,2.0915989348999844,0.33,2.682,11.257,0.388,0
5d2l,2,8.600598405175395,17.628568803666703,1.1722315945082398,0.9718883642099025,11.321234899267683,15.102533188075899,0.066,15.778,35.311,0.133,1
6dkp,0,0.901278809554864,1.4085537573723363,0.751333621754045,0.6399079904408511,0.4520777416056562,0.6922147907216171,0.914,0.609,1.264,0.904,0
4ftv,4,0.8218901072423093,1.1722095828836294,0.6682555104735145,0.650279612006775,0.5381771518667439,0.8839015719871506,0.943,0.288,0.911,0.877,0
5nmf,0,0.7175778197544875,0.7898440880779445,0.5738609603616216,0.7090816960296219,0.41943709284052827,0.931049958971511,0.888,0.437,3.937,0.919,0
4jfd,3,0.7391219460221877,0.6128181488924402,0.6971371650482845,0.7816148198891677,0.8669728056306755,0.7109692773514583,0.913,0.512,1.677,0.881,0
4prp,3,0.8734064015968785,1.0656454809841065,1.0246388217214915,0.7561915496035846,1.089580763940839,0.9121629066196951,0.876,0.514,3.835,0.901,0
5c08,4,0.930693498073703,1.0137449756178718,0.8496280051416873,0.9123955534341119,0.6245110003316555,0.8163702965485069,0.901,0.576,1.346,0.857,0
5c0a,2,0.7805745973682064,1.0490437484804047,0.3885603065603462,0.7156517234821116,1.0884472381665327,0.8628851210425982,0.953,0.423,2.301,1.0,0
4qrr,4,0.9906099426197307,1.5671356094773097,0.7320059811531785,0.7374554113687567,0.6248961729226752,1.080367301000833,0.875,0.664,3.056,0.903,0
3sjv,1,1.209368859503697,1.4840901914515414,1.0337046808768358,1.1419547273460038,1.7277014980144123,0.8927632617479755,0.738,1.009,3.592,0.677,0
3qfj,2,0.568953009764763,0.4534232503124159,0.6157336350585763,0.600181241223278,0.36197852453867,0.411166322699294,0.94,0.322,1.477,0.892,0
8v4z,0,1.3556493879257987,2.4681274515446985,1.0004077236952276,0.8613932217094579,1.425770342094734,3.6715844053647455,0.689,1.053,6.435,0.762,1
4pri,1,1.1173650789656862,1.4515630149839727,0.9724675614583997,0.9622895149182966,0.6774460236841701,0.7811309342252782,0.906,0.484,1.74,0.853,0
7n6e,3,2.371979435607286,4.250646883362417,1.6709652321633641,1.2552606634995704,4.351934173983736,1.7176610307210913,0.406,2.749,8.443,0.485,0
4jry,4,10.600478659039153,22.272544218421444,7.957115894554697,7.106775239057932,23.078140112675197,20.280068784494944,0.021,14.555,36.493,0.0,1
6bj2,3,1.8441755886007745,2.8971161633255376,1.3422079470783708,1.3142862471289634,1.6626077946873334,3.9291876413719886,0.493,2.157,5.647,0.459,0
6vmc,0,2.066707049158494,4.046688661856829,1.8486415933529452,0.9071759894144074,1.9774232802972025,2.7255590910260636,0.305,3.158,12.505,0.414,0
8dnt,1,1.489269808822671,2.121894586891257,1.2213393901013416,1.1947463769477231,2.936914846082504,1.9058861812738832,0.486,1.205,9.325,0.397,0
7ow6,1,2.1038213546195315,4.2296314418110414,2.707829637915072,0.9136465439001051,2.161824268173344,4.965322864864253,0.408,2.664,8.669,0.492,1
2gj6,0,0.6273978170986249,0.6444080923842167,0.6472937568419906,0.6190902207809272,0.5865725318567041,0.471188719020222,0.924,0.41,2.085,0.898,0
2ol3,3,1.0871751662967413,1.9611151596596235,0.8476437970567496,0.7260527165037503,2.281183463228478,2.723815724308886,0.857,0.802,1.073,0.81,0
6q3s,1,1.0598873539172673,1.244003888356507,1.153869928620414,0.9674521001795993,0.9822112637021952,0.9181839636432716,0.769,0.979,2.911,0.711,0
4mxq,4,0.8168505714159758,1.0498380352226129,0.5463328848697524,0.7580525813192708,1.4052601874115798,0.3858518034274577,0.957,0.434,0.811,0.958,0
8shi,3,2.954780330313102,5.028599845508688,4.136850098204807,1.8213430305591025,5.397022170353914,3.617271611611238,0.254,3.759,13.281,0.333,1
2nx5,1,1.8254070499089685,1.6206517391548345,5.224834644160859,0.8274767712715538,1.7242738302685694,1.6516665040439904,0.66,1.415,3.741,0.613,0
8rro,4,3.616548126921194,6.603093436233625,3.3844112696352098,2.0761237833863153,6.437317180625354,4.328984337583952,0.189,5.148,12.295,0.164,0
5til,1,0.781710797628098,1.143007157474248,0.6791331245861167,0.6749447200536122,0.6266009616224676,1.826817129863097,0.82,0.643,3.745,0.778,0
8rlu,4,1.2319964524699503,1.6784091550234903,1.3242327983454925,1.0368079827469854,1.9299187772588788,1.6674325836142334,0.645,1.006,8.198,0.726,0
2oi9,4,0.9861123409957672,0.9432520804666626,1.0527771568687931,0.9940347062758066,0.9157546627982778,0.6575324781229832,0.935,0.512,0.888,0.921,0
2p5e,2,0.7427330769078162,0.7664657039188987,0.8939973698289084,0.7143514311121848,0.6863107949318824,0.7716609255928127,0.955,0.345,1.022,0.93,0
3kxf,1,1.1351484633179076,1.8577140601815412,0.8021300093375654,0.6951091687216645,1.2582961913338486,3.1309090575681,0.716,1.278,3.96,0.746,0
7rrg,4,2.8759796241765243,6.170522916650083,3.675595175245895,1.5369991002352734,6.402541215968657,4.998216019057376,0.143,4.945,16.838,0.143,1
6vm8,4,0.7691187980017128,0.7811432767842945,0.5220482067072594,0.7861214106820503,0.8803893002001889,0.33128008301004636,0.768,0.323,4.351,0.556,0
6zkw,0,1.5086654604384755,2.797729609963415,1.1157617168092615,1.0030506743221468,1.489273181273158,2.3472662425631574,0.487,2.242,7.655,0.6,0
6vma,2,1.7817718352780842,3.242637890327184,1.9252713665044519,0.9700271721283187,1.7401795527215653,3.0115859041712767,0.465,2.224,9.152,0.621,1
6g9q,2,0.683877953517791,0.7920132720012051,0.6621566880724497,0.6530473456559585,0.8137783850716149,0.8182052236478067,0.937,0.482,1.992,0.957,0
4mnq,0,1.3074658965239456,1.8224503873414502,0.7869720465394595,1.0983693759429654,0.96508637153022,1.3512776863021334,0.761,1.339,2.498,0.805,0
6vmx,0,0.8819091670284018,0.8198669110327672,0.7756906992642075,0.9119170978588717,0.7640546468135903,0.7167360444185598,0.889,0.566,1.934,0.842,0
3d39,4,0.8342008071596229,1.1437966027650595,1.199595041291869,0.6704022967606489,0.32665419032335613,0.5590901998466836,0.925,0.56,1.551,0.929,0
5w1w,2,0.7854336887217119,0.8298389848000236,0.8235722077894314,0.7695723941067618,0.8908761614566346,0.5575076867659573,0.933,0.509,1.173,0.921,0
5w1w,3,0.7552831384256228,0.8175018644802116,0.8263617403359822,0.730797963802679,0.8374704711239868,0.5904941946527086,0.917,0.47,1.032,0.855,0
6vmx,1,0.8927636586260986,0.8793953630561326,0.7590177877238121,0.9114769180650744,0.8097264056298202,0.7857135886560574,0.893,0.59,1.438,0.842,0
6g9q,3,0.6318525626628985,0.7427212214001397,0.6316154793036303,0.5975307540683671,0.8040276053040358,0.8388084855891833,0.949,0.411,1.198,0.936,0
4mnq,1,1.3832953505832748,2.0469214815669816,0.9598343499832631,1.0674084506676687,1.7133035861214945,1.2352992979309712,0.743,1.405,2.772,0.793,0
6vma,3,2.125978095916701,4.132421267993803,1.6872345246287874,0.9852023679227239,2.040490753928549,3.0353651794242054,0.307,3.14,12.836,0.431,0
6zkw,1,1.3782783953360414,2.50558894781916,1.0622209756760268,0.9454874846887023,1.3712742932050455,2.23477306139002,0.545,1.988,7.194,0.691,0
5tje,4,0.8441537199937339,1.2596870043988464,0.8696894480932112,0.7078314763383629,0.631745482017626,1.8338923834377787,0.776,0.768,4.324,0.741,0
3kxf,0,1.2660481096259866,2.0985670420942464,0.8538225277746815,0.7516920740135614,1.331648101411621,3.7681507831496335,0.618,1.466,5.972,0.672,0
2p5e,3,0.7397194284197496,0.7435809318387473,0.8499020809665743,0.7250739183865319,0.6890833369380747,0.6633392506904029,0.951,0.361,1.288,0.93,0
5yxu,4,1.0269214139776963,1.4369108735576224,0.8068149666185115,0.8323163117828092,1.7096363522189646,1.4385113019820788,0.873,0.759,2.87,0.925,0
2nx5,0,1.0795530808336775,1.5209544785871085,1.2755805395546864,0.8769810148376613,1.522403812296761,1.5451558324365626,0.723,1.049,3.789,0.662,1
5til,0,0.7201746801530928,1.1390108145277866,0.6573651441481767,0.5800815840055754,0.6278928564966335,1.8428015914528322,0.808,0.67,4.101,0.778,0
5yxn,4,0.8542325489747965,1.048983289977061,0.9409619674941218,0.7533223890405157,0.9377208398746165,1.0297068137256706,0.835,0.601,3.765,0.808,0
8shi,2,2.966686293170477,5.059616716946901,4.248396553323814,1.7987002333798734,5.514507234473675,3.992551631232084,0.261,3.679,14.172,0.375,0
6q3s,0,3.5971756328020286,6.355401370546104,1.7834918845929337,1.852358796798576,5.857431375950684,4.200655402594617,0.206,5.507,13.897,0.276,1
2ol3,2,1.109561163613239,1.996085547829184,0.9318742404121998,0.736409662975627,1.8127695980444292,2.65181944691931,0.818,0.896,1.871,0.762,0
2gj6,1,0.6550522917065095,0.6841756414456436,0.651652075430834,0.6448577037702388,0.4313984417326728,0.540151140065537,0.934,0.403,1.868,0.915,0
8dnt,0,1.4595485630856802,2.077557708636476,1.1823926658896833,1.1739283937776404,2.7617973387528156,1.7923505567275233,0.482,1.161,8.873,0.342,0
7ow6,0,1.9231079890498137,3.806328596090649,2.6179911952077846,0.8630878913247623,2.1724036142896894,3.743961935779062,0.49,2.179,6.811,0.538,1
6vmc,1,2.1525125241049876,4.227296465402437,1.6928048088929875,0.9734624806978638,2.3188355047896403,3.393498193015058,0.306,3.18,12.827,0.431,0
6bj2,2,1.640686000684566,2.5593046285031926,1.1054668274371218,1.1931563881631373,1.548554876852722,3.589722245689325,0.567,1.884,4.793,0.554,0
7n6e,2,2.5394081189191486,4.591692801972685,1.4805752490278412,1.3406408536623933,4.826787967176322,2.0204670733753365,0.343,3.025,10.943,0.456,0
4pri,0,1.0569227302459354,1.228391196151193,0.9693542146175336,0.9873924096476109,0.678963549690384,0.9151740203637929,0.891,0.493,1.811,0.813,0
8v4z,1,1.25113141267805,2.1822781162377285,1.0777928846368652,0.8476949807900417,2.7471564826168846,2.5322723486968255,0.746,0.954,4.738,0.762,0
3qfj,3,0.6646147432399022,0.7464807745732732,0.618997790109267,0.63756033249051,0.35828697212792787,0.6086475740415098,0.931,0.451,1.052,0.892,0
3sjv,0,1.2626725407191313,1.518944096483989,1.0753497673821661,1.2030926546031204,1.6505945328406204,1.0778051033460412,0.745,0.966,3.986,0.71,0
4prp,2,0.8543148002438554,1.0542240907640306,1.0139046491154493,0.7305983235785285,1.0017101446819534,0.9449274461131758,0.891,0.505,3.647,0.93,1
4jfd,2,0.734990358848223,0.6105208848821235,0.6803121852775621,0.7780872857782224,0.9493876957786668,0.7370749733140202,0.92,0.548,1.428,0.905,0
5nmf,1,0.7221062027744309,0.8367177583918319,0.562852586208052,0.7009056851578823,0.46262200419176686,0.917942871673435,0.892,0.442,3.568,0.905,0
5c0a,3,0.8033712540921918,1.1015578167115911,0.4135218749833682,0.7254775227361426,1.0734416907500814,0.9013109337696299,0.94,0.496,2.551,1.0,0
5d2l,3,1.5028177242788683,2.484364995070779,1.0859639555638176,1.0196640716796022,1.2323439033650871,1.9805271153851804,0.642,1.925,4.719,0.783,0
6dkp,1,0.8939158337678326,1.3178173440098,0.7297182022133916,0.6952923491429821,0.523913556494199,0.6136775973811571,0.898,0.649,1.689,0.89,0
7pbc,1,2.098486478779534,3.6369748890052627,2.0013960143539826,1.046702569966535,5.574060379434522,2.269093231335905,0.341,2.588,12.266,0.448,0
7rk7,3,3.911140737930534,8.108194027557156,2.104066366585032,1.6960833003081563,4.505253492066543,8.681451637777089,0.133,5.195,19.83,0.167,0
1mi5,2,1.0767954475087247,1.053631524318671,1.1070418725737992,1.0799423896283207,0.9349639286896284,0.9567898650448795,0.878,0.795,2.228,0.918,0
7rm4,0,4.804234059409331,8.148834932826173,3.3183407135413074,3.0027226009570556,10.730068447893721,7.213340817409508,0.182,4.549,10.256,0.041,0
4l3e,4,0.9470330287389493,1.2984480154456344,0.6157634607877094,0.8075678994285177,0.7584859719042804,0.5258643137036644,0.905,0.585,2.185,0.908,0
6ulr,2,1.2759815762954447,2.148425818598626,0.8144036288369225,1.002378108533986,1.0523819863768913,3.6469342675789114,0.758,1.073,2.934,0.719,0
5c0c,1,0.7098613872153955,0.780860073082751,0.649946425748759,0.6928143433773134,0.403675452892312,0.6866910063670897,0.927,0.419,1.608,0.887,0
4jff,0,0.7584279453490316,0.6850095508713033,0.7733246329374608,0.7801003845784688,0.9268667230290715,0.8762456787846948,0.925,0.508,2.418,0.952,0
8es8,1,1.3175119310125862,2.1079353351602275,1.2994868379069082,0.971681322239807,2.4058361936190384,1.9226672776550486,0.674,1.374,4.19,0.674,0
5d2n,1,1.3087245305958284,2.3361515889840656,1.2838269811799372,0.8370257095324073,2.605027423128082,1.7883426872293993,0.53,1.496,10.388,0.688,1
4nhu,4,5.883995706210046,7.980226173134657,8.609795626445884,3.9413910850269276,3.8196230821545742,9.547241088251829,0.119,6.819,15.904,0.089,0
4n5e,0,0.7849607010507236,0.8852920275391511,0.5198517424570908,0.7757816711988085,0.6447637531420113,0.3663215184924993,0.917,0.562,1.318,0.897,0
4jff,4,0.7653264948546109,0.7134935318914711,0.7915053149056893,0.7794010959209572,0.9537714675404294,0.8843783790974815,0.908,0.547,2.616,0.929,0
4qrp,3,1.0806566383077911,1.070253559472487,0.7536967816804211,1.1115120857650467,0.8183902667607266,0.960559785743593,0.828,0.884,1.77,0.783,0
4n5e,4,0.8173487352432666,0.8455170225770844,0.614777777764865,0.8267276632815632,0.6324847105996468,0.3654076237599343,0.9,0.614,1.368,0.868,0
5e6i,2,1.881965295492086,3.128679981900609,1.5530787891471294,1.4055869525874685,4.185154920637416,2.936564704061208,0.576,1.863,4.518,0.556,1
4nhu,0,5.976774779553611,8.074236686284562,8.85783094897351,3.9937164841443176,3.8441687140202174,9.44913499145609,0.127,7.109,16.697,0.133,0
5e9d,2,2.0581119738816938,3.7821965402136613,1.5173506204148854,1.3765871593807315,4.077287654880758,3.9626703136568424,0.507,2.27,6.578,0.591,0
2ypl,3,0.8123630579495985,1.0257266496860684,0.7776043256065629,0.7181415710124142,0.8573686509740376,0.7843943337285079,0.923,0.568,1.836,0.939,0
5bs0,2,0.7175833029979821,0.651146523213276,0.4001069825788975,0.7596104878084706,0.6731006309175053,0.7443913846002905,0.905,0.391,2.587,0.864,0
4l3e,0,0.8377244070471696,1.1003690525399337,0.6947677707327992,0.7299198116715746,0.7151759343758729,0.4521928733974644,0.925,0.581,1.063,0.921,0
7rm4,4,4.6501957890427,7.72705714679892,3.4751620540750805,3.023831365644862,9.943450106085264,7.197498243961415,0.156,4.438,11.743,0.02,0
5c08,1,0.883666735708657,0.9940195858118956,0.8271554076763045,0.8531466670456326,0.4767945226500166,0.8621163957197893,0.905,0.595,1.852,0.898,0
4mji,3,0.9142855153555413,1.1379156389730674,0.6781639921584445,0.8622881252210374,1.0438109237341961,1.0940481052143605,0.834,0.872,1.973,0.807,0
2ak4,2,1.2295478113394531,1.9625906079959854,0.7436266372054752,0.7940686671828826,1.3399000441642597,3.1139591910797644,0.592,1.552,8.907,0.815,0
4qrr,1,1.027005639313444,1.6429085630285818,0.9458084564274857,0.7285379157434453,0.8904562106789101,1.0913573925942344,0.824,0.753,3.78,0.839,0
5jhd,3,1.3467237494866238,2.5416197991793417,1.1953061172215207,0.6754584441542469,2.522724503607536,1.9147667481749036,0.75,1.164,3.499,0.771,0
4ftv,1,0.8088294362196399,1.1357588566599988,0.6499841757635806,0.6533589219797592,0.5461664803717221,0.6777949199747124,0.952,0.271,1.144,0.904,0
4jry,1,4.538065505237837,10.253429304383973,3.0195602561672783,2.6562472186246464,11.16347750391735,9.610808406224413,0.091,6.779,20.293,0.078,1
3sjv,4,1.213999412541393,1.6794391469429282,1.0052313191901476,1.0770724849788385,1.6794743186189518,1.2156676472558439,0.699,1.077,5.424,0.726,1
4pri,4,1.052150661482618,1.2016076219882794,0.9658146085329222,0.9937978804108275,0.7103854540757621,0.9430301320752328,0.89,0.554,1.677,0.827,0
7ow6,4,1.9952098283335544,3.9432706290943655,2.780880800182487,0.8835284910498263,1.580317871615676,4.594721676571526,0.415,2.332,8.682,0.462,0
8dnt,4,1.3641018229018165,1.8107757917455716,1.2117433518745166,1.167662281804695,2.560889582633017,1.6496503960093403,0.582,0.967,5.976,0.37,0
5m01,3,0.7059755833949883,0.8610501757651297,0.29530625482273887,0.6900398347908082,0.6085987722559344,1.1466599360402596,0.929,0.28,1.273,0.843,0
9gv7,3,8.368907365066516,17.794952831738097,4.199151226957914,2.7828805983786546,14.286503830774372,22.795418345820625,0.021,14.853,36.202,0.0,1
8v51,2,1.4658283090593591,2.778452587702185,1.0058669599228582,0.8725354181483842,2.7511070886264943,3.928230023663197,0.76,1.118,3.767,0.8,0
4mxq,1,0.827211509977633,1.0775588662492965,0.5998267820468466,0.7583291301680678,1.4577361227598737,0.35182698791241546,0.946,0.473,0.746,0.938,0
5yxn,0,0.8323218187466279,1.0371142186276696,0.9457723047810938,0.7218818681934545,0.795819445850041,0.938946412059265,0.882,0.564,2.208,0.833,0
5til,4,0.7287066701198245,1.1737057249152938,0.6645307498167302,0.5766453910154975,0.626855042768394,1.8575907789472141,0.787,0.68,4.462,0.746,0
2nx5,4,0.9622555175375624,1.3174928636027456,1.2080346492112106,0.788383185220255,1.5580910771605618,1.2286796849593435,0.81,0.845,3.096,0.787,0
8rro,1,3.451722654754098,6.343397141469852,3.4772000762298965,1.9022144586651653,6.117560627148942,4.283711881251386,0.219,4.889,12.082,0.239,0
3qdj,2,0.7859109341445195,0.8524263932054292,1.1633749345775506,0.7173914201103943,0.8949816062926732,0.8151727744094805,0.862,0.739,1.97,0.833,0
6q3s,4,3.058477606246793,5.317038752670311,1.4103630532800027,1.6953787375317682,4.477065476829796,4.051010559780848,0.263,4.628,11.5,0.342,0
5tje,0,0.8865284965511798,1.2048490372519556,0.8777095380512683,0.7934658514108739,0.6611301438969407,1.7844862276090845,0.815,0.711,3.539,0.776,1
6vm8,1,0.8264378076364425,0.9190712039135023,0.5931161221486473,0.8114248548021608,0.9899101069436479,0.4707286242151086,0.687,0.476,7.443,0.587,0
8rlu,1,1.219689022431633,1.690228693786985,1.2883903654507771,1.0139064148064287,1.7773915531158893,2.2706023327358493,0.747,0.824,5.583,0.774,1
5yxu,0,1.0330302600920225,1.4536690935499823,0.8554086134540181,0.8271736549028965,1.7124387468763689,1.5379816432894169,0.859,0.774,2.728,0.881,0
7rrg,1,2.902560773670247,6.3726463886828295,3.472343746277704,1.4953614872297474,6.286657869034896,5.512542621050386,0.134,5.063,18.182,0.143,1
2oi9,1,0.9614481808714593,0.8309626353616554,1.0844971806917643,0.9917908835861499,0.3769375688766934,0.6230641712430722,0.945,0.479,0.819,0.937,0
6rpa,2,0.8389871531863403,1.2212048684755366,0.8188932725411481,0.6684031869495132,1.2845543775790795,1.0397112515437288,0.848,0.867,2.002,0.846,1
3kxf,4,1.2811116424101026,2.1372837882521414,0.8737665692724373,0.7429058584623048,1.4748379132058669,3.3373360916052666,0.56,1.876,6.904,0.687,0
6vrm,2,1.0044040686615816,1.5021524205677903,0.8148828864642721,0.7981988559998682,1.251074552995078,1.1589478493637144,0.768,1.092,4.028,0.833,0
3d39,1,0.90966848903446,1.3769416758913942,1.1478579349805031,0.6880407807439882,0.4008654985254859,0.7226610736383748,0.88,0.686,1.392,0.839,0
5wlg,3,1.3259408627306768,1.9901015861922104,0.6180892133258346,1.0768267572093302,2.71337892540067,1.0537272128958226,0.692,1.337,5.29,0.797,0
7pbe,3,2.0029211494854335,3.356485173209975,1.8132034956713745,1.225519124155584,3.330115081705627,2.8322641118178877,0.431,2.356,8.085,0.481,0
6vmx,4,0.9334525982478008,0.960680567725658,0.7567595143604264,0.9439380590588006,0.9269252792806568,0.8471233115260045,0.879,0.599,1.528,0.807,1
4mnq,4,1.2107777150761763,1.730775916545492,0.7916224952555193,0.9827948131077823,1.0703851106399846,1.2088212749055613,0.78,1.303,1.324,0.793,0
5wlg,2,1.3653394104290968,1.9636225986249154,0.6842406888606039,1.1566282105201098,2.0919626098110253,0.8422179752459079,0.667,1.434,6.25,0.828,0
7pbe,2,1.7767071739933025,3.061548632620376,1.6486530713186396,0.9921170125890314,3.45345211856459,3.7018825036291836,0.544,1.864,5.632,0.545,1
6vrm,3,0.9466003200646909,1.3743917726563903,0.8587394667066883,0.7665738710773917,0.9222103849725614,1.0935724945112129,0.799,0.912,2.983,0.778,0
3d39,0,0.8475732108311256,1.1263407289091738,1.212070451923495,0.6993695024186951,0.37810222791553577,0.4898767205631625,0.911,0.512,1.224,0.857,0
7rrg,0,2.5941705229334002,5.24446286813439,3.472447788067486,1.5658078637953394,4.552703791858883,5.349802357422225,0.16,4.372,18.888,0.206,1
6rpa,3,0.9523688778660443,1.4844796146598154,0.9366989307571085,0.6933465484877581,1.8715586226719556,1.0640680167160697,0.833,0.912,1.361,0.795,0
2oi9,0,1.0196195604359821,0.9524296900313035,1.1343487697122328,1.030275103117357,0.7627998489251061,0.7080229562727719,0.908,0.588,1.114,0.873,0
5yxu,1,0.9846838738341605,1.37483620379942,0.7872560546678127,0.7987890326691568,1.714806142676551,1.4012894006067875,0.876,0.745,2.585,0.91,0
8rlu,0,1.172968450065028,1.633761905589187,1.3258639975720705,0.9598745683726685,1.8760224300137234,2.0838709242287905,0.778,0.798,4.517,0.774,0
5tje,1,0.8893142206495142,1.2679660337419194,0.8966212984162872,0.7719499869029681,0.673375711460846,1.8423453926820383,0.81,0.723,3.66,0.776,0
6zkw,4,1.336660950495271,2.4294579916183556,1.027042065621159,0.9175857516078849,1.4328004060690351,2.477715296678527,0.516,1.569,10.091,0.655,0
6vm8,0,0.8047031944830166,0.8441640259943604,0.5125920917010102,0.8147849470419998,0.9310987655003419,0.3931730137662114,0.695,0.41,6.958,0.556,0
2gj6,4,0.638629189112275,0.6881341654005307,0.6574954204875713,0.618127907168561,0.4407417900112733,0.5328014383817852,0.957,0.41,0.714,0.949,0
3qdj,3,0.7283789412221598,0.757449303225034,1.0588600897465295,0.680750932481312,0.8244758867755617,0.6857498212375458,0.88,0.639,2.044,0.848,0
5yxn,1,0.8640886114988784,1.0936188639662472,0.8798593362959972,0.7524034698049624,0.8378675422956884,1.34661720210214,0.892,0.553,1.67,0.833,0
8rro,0,3.7136996937820985,6.842386760403666,3.3631126748108455,2.09056121985038,6.2255634563916615,4.8227371552808975,0.173,5.133,14.272,0.179,0
8v51,3,1.5235329948086445,2.8606364607208934,1.114893552206427,0.9216056414875129,2.691495578673692,4.1413392995931115,0.684,1.079,5.572,0.692,0
4mxq,0,0.8434120250949997,1.149629302163655,0.6747492200477947,0.7458112532751523,1.613086248678887,0.3139139232010973,0.913,0.758,1.08,0.958,0
5m01,2,0.9373095309113626,0.8635161901975896,0.24378737966226,0.9916741056575332,0.631714270550143,1.1535690628155724,0.936,0.293,1.125,0.863,0
9gv7,2,2.9489540173431092,5.238422824751585,1.989624913089927,2.010891362335587,5.333451905521941,5.174855855204256,0.259,3.777,11.776,0.297,1
6vmc,4,2.1918169753527033,4.296376062613442,1.5934964673375507,1.0232588296178842,2.1703285644448598,2.8652328049835893,0.263,3.285,14.551,0.362,0
8v4z,4,1.1571266274432899,1.9420557999174128,1.1634190316943163,0.813335613548103,1.7535031646092833,2.4408890655905253,0.694,0.995,5.293,0.667,0
4jry,0,4.379815146013332,10.073999789299565,2.790523951837943,2.456249201553188,12.197668462944861,9.332924813632813,0.093,6.949,20.804,0.091,0
6dkp,4,0.9217531510711942,1.3552114053739812,0.7473384905286861,0.7199724809181645,0.5707420166390571,0.6219294136411577,0.86,0.698,3.695,0.918,0
4ftv,0,0.8153817458524977,1.1492370436675694,0.6616319517310388,0.6549695121667414,0.535971860629207,0.9677351597726004,0.942,0.276,1.534,0.89,0
5jhd,2,1.3306462065379674,2.497556962142802,1.1558640264900542,0.6865785451452834,2.76062951376974,2.0121104204364677,0.731,1.18,4.577,0.8,1
4qrr,0,1.0657720437554317,1.6312880163307715,1.0334480381735949,0.800753797586486,0.7404101631261262,1.154551208437361,0.823,0.675,4.464,0.855,0
5c08,0,0.8446954332000793,0.9751645153555062,0.6587619772151522,0.8193498816230005,0.4855145515837633,0.8682301039786982,0.915,0.563,1.933,0.918,0
2ak4,3,1.138779216615803,1.8605986450606178,0.7597720517080374,0.6768303185501031,1.123446847006413,3.138444155525937,0.666,1.392,5.886,0.785,0
4mji,2,1.0584507612229466,1.7919078746464943,0.77672746702228,0.7707408713495333,0.939727009842403,0.9104051372458555,0.815,1.052,2.273,0.841,0
5nmf,4,0.7564460182380991,0.9142197693731231,0.5573624606366049,0.7235597895774264,0.580520285338741,0.9627540442272672,0.812,0.586,6.264,0.919,0
5bs0,3,0.6914774964580358,0.6539555876092995,0.4686510438297228,0.7205170370010299,0.6331775451370067,0.7585127272152374,0.912,0.397,2.438,0.879,0
4l3e,1,0.844601707474745,1.0452355791809835,0.6963850524364329,0.7705806766151164,0.7400131541313423,0.49479622696073144,0.911,0.611,1.187,0.895,0
2ypl,2,0.8365539877083059,1.1303875144218463,0.7396196982430358,0.704414036674741,0.7957463811087987,1.021877067775838,0.921,0.583,2.609,0.98,0
5e9d,3,1.89845008837306,3.44846946715699,1.3972083941723759,1.2974513967594798,3.5691787776651225,3.731286723149477,0.498,2.052,7.283,0.568,0
7pbc,4,1.8461622117830065,3.2453965537339373,1.7381817827412795,0.8623653632810162,5.237204674297232,1.0512848395381593,0.454,2.154,8.284,0.522,0
8es8,4,1.4047563360883906,2.340711219792754,1.0005742126585773,1.0309899463713552,2.522580798327289,1.990032669338396,0.581,1.598,6.61,0.652,0
5d2n,4,1.5960517723695775,3.0611492644085607,1.2632761222060576,0.8845963474547076,3.1813284816245155,2.106991859371359,0.424,2.141,12.945,0.641,0
4nhu,1,5.693973245043089,7.88170608524459,7.720943481803161,3.868872320062025,3.9038467723096475,9.157739544503714,0.152,6.923,16.407,0.2,1
5e6i,3,1.7720421349132718,2.833683321324517,1.5282403464385605,1.3805161874948289,4.089194378733702,1.990813214211684,0.63,1.62,3.265,0.556,0
4qrp,2,1.1462447725281935,1.3139475247356898,0.7107099277047948,1.1349400836618029,0.7304188519813293,0.9552370391285134,0.844,0.958,1.586,0.855,1
5c0c,4,0.6842233911145612,0.7373644388461739,0.51533537598135,0.684563334889825,0.34671641490052474,0.6443476880886042,0.959,0.342,1.131,0.943,0
4qrp,0,1.1365508477659751,1.273536129938946,0.5798816061636315,1.1414222402937353,0.7105143595907538,0.9236525495112797,0.836,0.867,1.708,0.797,1
5e6i,1,2.6081752470767627,4.694106916592366,1.8618237243151656,1.745136601127173,4.0997165603429515,3.100928723370466,0.398,3.073,7.035,0.407,0
4nhu,3,5.932428476220138,7.953653653018523,8.823587017226096,4.007353763364983,3.7599982454192125,9.371618085183554,0.13,6.919,16.412,0.133,0
5e9d,1,2.34833814903162,4.3509160789084955,1.6124487803091667,1.558630405525714,4.893624088111508,5.035291378705497,0.404,2.443,8.807,0.455,0
2ypl,0,0.8732585032692657,1.1735756654775622,0.7474262697364016,0.7424116954881278,0.9365701343620617,1.0214442693099468,0.875,0.703,3.036,0.918,0
7rk7,4,3.5111676622971513,7.379704251494569,1.800244151095185,1.398528356229635,4.07050868249225,7.226096775533455,0.182,4.405,17.046,0.242,0
4l3e,3,0.895171112807886,1.2219677967009852,0.7552053785491977,0.7517643164605138,0.7654689871610951,0.6786445213880268,0.91,0.586,1.828,0.908,0
5bs0,1,0.6620636585403838,0.6435043386798664,0.3812821763314867,0.6898972896215232,0.646222151339278,0.7853154916144757,0.896,0.426,3.085,0.879,0
4qrr,2,1.003958415373042,1.560127457048232,0.9173813943204473,0.745973457336064,0.6435625813412947,1.135508796692391,0.843,0.668,3.484,0.839,0
4mji,0,1.001924774921194,1.604077227376371,0.7441255934577735,0.7837761615475559,1.010139369602288,0.7630729180136533,0.8,1.003,2.426,0.784,0
2ak4,1,1.095307087648251,1.7579640542919748,0.7157815420520306,0.6895296519289292,1.1739845846722872,2.8352892392053697,0.686,1.525,4.887,0.815,0
5c08,2,0.8613100700838379,0.9839221226597674,0.7607810891293277,0.8308443023894778,0.5341359457067963,0.8564326800704312,0.93,0.536,1.017,0.918,0
5c0a,4,0.7923585423614258,1.0644432782692226,0.4281439756779449,0.7243324997318732,0.9722490095051018,0.9155787745970719,0.956,0.456,1.901,1.0,0
5d2l,4,1.5540945812415814,2.587764676804748,1.0824162318214388,1.043135639099551,1.341088541750715,2.0217570036797365,0.588,2.07,5.094,0.683,0
4ftv,2,0.8245385073304735,1.1892786775879385,0.6625404701638065,0.6436176256699847,0.5482246423874776,0.9297223765779576,0.945,0.297,0.57,0.877,0
5jhd,0,1.4247760243959535,2.691301007216024,1.3163289017275528,0.7032952069600507,2.766266312031803,1.9665415307629284,0.781,1.061,1.987,0.729,0
4jry,2,9.072705649566913,19.15005899769984,6.725800443186112,6.046205892937626,22.671448873616743,17.21523548873765,0.032,13.335,28.12,0.0,1
3qfj,4,0.5942522890830512,0.5197036823581782,0.6167128811951565,0.6165215745573736,0.37501187459541563,0.3640454440488125,0.937,0.28,1.882,0.892,0
9gv7,0,8.319588024580824,17.977579058860165,3.5815069334845075,2.3079198163402306,15.604323458803691,23.411989164989492,0.024,15.965,37.297,0.014,0
5m01,0,0.6629532831024614,0.8586061460185596,0.30442926121135794,0.6311265187846592,0.6258157175313394,1.1347817128346933,0.942,0.291,1.746,0.902,0
8rro,2,8.949814895716646,18.08273600102857,4.620714899185994,3.6668403495432496,10.463217898240373,11.068191975189364,0.044,14.756,29.336,0.045,1
5yxn,3,0.8614075489021067,1.0457126345421275,0.9740258041009289,0.7630754535713167,0.9293245007584601,1.2546500287359839,0.871,0.534,2.94,0.833,0
4mxq,2,0.8358452373964822,1.0784322506471602,0.5677733708144288,0.7733565123898645,1.496431401153247,0.33218385667498584,0.921,0.515,0.709,0.875,0
8v51,1,1.233017066841432,2.2249190223706656,0.7127178847984887,0.8354502369189812,2.6122759357317222,2.7744548277002625,0.761,0.904,3.914,0.723,0
3qdj,1,0.7641580336549225,0.8708410489133175,1.0858321104435587,0.6857729233483296,0.8465585690674599,0.8178544111892546,0.862,0.707,2.766,0.864,0
6vm8,2,0.791975230030026,0.8299830240968598,0.5600067665182525,0.7983618928126645,0.9078207844621845,0.499514015766728,0.721,0.413,5.856,0.556,0
6vma,4,2.184435189979613,4.183792911484712,1.7439366769556246,1.0847390958808214,2.6852496607228034,3.1071356571909603,0.277,3.124,13.527,0.362,0
5tje,3,0.905587633867106,1.3010621814287726,0.8741520602906352,0.7865194285548996,0.6343165478766546,1.8075241902391326,0.753,0.842,5.266,0.776,0
2p5e,4,0.7210583218119672,0.7677150774350523,0.8482037703868693,0.6858884114691715,0.735908457792319,0.7363358124545227,0.947,0.343,2.016,0.944,0
2oi9,2,1.0750475365861527,1.1158074955777542,1.1077401851838244,1.0556016808994388,0.8295902282355682,0.6563987719002545,0.904,0.66,1.479,0.905,0
6rpa,1,0.9361220579827365,1.403432902729763,0.9576539215857918,0.7137789545433729,1.6764826485202362,1.0785841141785741,0.805,0.931,2.669,0.782,1
7rrg,2,2.9936777353854325,6.507924394757872,3.581401744432015,1.59138230492506,7.053701833180312,5.271269865864819,0.143,5.069,17.527,0.159,0
8rlu,2,1.2322411595520912,1.7468268511639338,1.2540772711754544,1.0083012254683479,2.0008521432088595,1.8012740101509912,0.638,0.961,8.04,0.677,0
5yxu,3,0.997134731569292,1.3915370295936322,0.7804394572504801,0.8109949192033125,1.6886610173089742,1.4011977930067379,0.88,0.681,2.34,0.881,0
7pbe,0,2.8569460361084187,4.815652610292234,2.354632656273087,1.7595715864777952,3.9383543072414855,5.755207291995416,0.333,3.638,9.127,0.39,0
5wlg,0,1.3940557541870098,2.142593323422848,0.6724888044609325,1.0990237890721588,2.9409731879545635,1.0934700443168184,0.653,1.365,7.191,0.828,0
5w1w,4,0.780597054510148,0.8476603411610529,0.8384679544255556,0.7561456773248421,0.862984287213106,0.5906525098940403,0.92,0.47,1.167,0.868,0
3d39,2,0.8441700808732391,1.1310028332616424,1.1466060229462818,0.701896329977964,0.3656469842431749,0.5687434072860458,0.929,0.495,1.385,0.911,0
6vrm,1,0.9603334726228774,1.4498655785981924,0.826330326117424,0.7491933824835111,1.0182907180340364,1.192578719489578,0.781,1.042,3.513,0.815,0
6g9q,4,0.6859004559338868,0.8024578234124244,0.6739511873925884,0.6511996775549633,0.862989999653503,0.76992962073835,0.907,0.507,3.039,0.936,0
3d39,3,0.8918705585071506,1.2995551361705073,1.1703160406856175,0.6956128265394707,0.4149723586703113,0.4205237094739662,0.884,0.629,1.222,0.821,0
6vrm,0,1.0109377927262937,1.541880593598721,0.8788443265222895,0.7775479515277528,1.3576323221094677,1.0993225413678682,0.683,1.193,6.369,0.796,0
7pbe,1,1.7874985987726244,2.7966837985257595,1.8581322764435229,1.2283237986803215,2.9667772920494118,2.05400148611105,0.569,2.01,4.532,0.571,1
5wlg,1,1.1553061001733314,1.757884403050326,0.7129639229769928,0.9115947218179373,2.116198140105055,0.9779281601381897,0.749,1.232,4.575,0.875,0
5yxu,2,1.0050362015180951,1.405936166065468,0.8606759699284604,0.8075713939582726,1.6813222217425996,1.5521193873508352,0.869,0.682,2.872,0.881,0
8rlu,3,1.144921868127145,1.5188424447879578,1.2559662869725705,0.9815223870828935,1.6877596876908876,1.9136373644816786,0.722,0.713,6.8,0.742,0
6rpa,0,0.881848956139713,1.3494779868373,0.8104758691288125,0.6675210862516957,1.4474746653222075,1.1272975755477275,0.81,0.91,3.34,0.833,1
2oi9,3,0.9832960047829803,0.8964572265769467,1.0054041496179587,1.0114472819011908,0.33385087551637094,0.6802259595489019,0.944,0.527,0.925,0.952,0
7rrg,3,2.9826470804591327,6.545471267263872,3.526472999936125,1.5480418499509456,7.66733274558054,4.957632038166794,0.14,4.98,18.296,0.159,1
6vm8,3,0.7635714827534613,0.8591823042906259,0.6212079269886912,0.7395035494622789,0.9054175990217149,0.5894560392293818,0.72,0.42,6.519,0.603,0
5tje,2,0.8980774769717126,1.271208953259055,0.880327416063668,0.7859292563122645,0.673178114358394,1.7878313183032777,0.789,0.774,4.236,0.776,0
3qdj,0,0.7266385085226145,0.7830819585591285,1.0857381922018723,0.6639451830990786,0.8166534682264818,0.6697555242439621,0.888,0.611,1.762,0.848,0
2ol3,4,1.1058871724108392,2.0177056226639527,0.9263042103780716,0.7136803190981247,1.9561248549399122,2.5484526589154948,0.836,0.966,2.094,0.857,1
4mxq,3,0.8225263834103002,1.0298586327033719,0.5942833984996841,0.7710762221933266,1.3793382233576694,0.3099840353885015,0.963,0.458,0.647,0.979,0
8shi,4,3.039326435280358,5.286796229038722,3.9463116910838316,1.8516367123626754,6.25305467343949,3.76528190432143,0.273,3.857,12.032,0.354,0
8v51,0,1.4542566961399814,2.7015846642544474,1.1040921935871588,0.8986313043241958,2.5645582606006876,3.600048475918791,0.611,1.249,6.355,0.6,0
8rro,3,3.6797456094408796,6.831187776598205,3.4020438809455555,2.0106010361188784,6.416585042042443,4.787996756320104,0.188,5.228,13.699,0.209,0
5yxn,2,0.8432795406530538,1.079067038384235,0.8981000087311469,0.7226605953649223,0.838018228555681,1.2658760146311339,0.895,0.485,2.012,0.833,0
9gv7,1,3.330044416839813,6.100610959171951,2.253197011358022,2.130616352074243,5.405945602674385,5.535726354156438,0.268,3.92,10.3,0.27,0
5m01,1,0.6966788249614255,0.8598991343513294,0.2524983792859466,0.6792386949307552,0.6189197615660846,1.1454645793776501,0.921,0.307,2.142,0.863,0
6bj2,4,1.643350380753609,2.577226800607745,1.179131088477517,1.176587532819127,1.8387590519353585,3.540614862265068,0.555,1.908,4.493,0.5,0
7n6e,4,2.4455072859163995,4.439753496744636,1.5824427786463584,1.2462018253962215,4.392700263399912,1.7067336299043105,0.35,3.005,11.234,0.485,0
4jry,3,10.449182124669697,21.843643047498706,8.037849610883965,7.037034816570728,19.25233889721955,19.986426433620856,0.019,14.511,38.237,0.0,0
5jhd,1,1.3599336661410992,2.561979783203443,1.181064374332533,0.69132597749116,2.888832099878047,2.0428379506350653,0.744,1.123,2.979,0.7,0
4ftv,3,0.8316113978339187,1.2029489633684651,0.6512493929160234,0.6484949887140289,0.5521903002558486,0.9035423984958336,0.945,0.274,0.82,0.877,0
2ak4,0,1.1462648583863124,1.8300097894496388,0.7298302325020016,0.7349807874598363,1.2002511498587536,2.9848244833271407,0.634,1.576,6.766,0.815,0
4mji,1,0.9415821430093272,1.4452994618005914,0.6450182939279999,0.7740735058851407,0.9672055638710951,0.8716941098937457,0.794,1.028,2.524,0.784,0
4prp,4,0.8969853676216275,1.1034403358180962,0.9557576910679237,0.7876846027664338,1.0761070716579466,0.9808928728681944,0.87,0.551,3.871,0.901,0
4jfd,4,0.7457053677082793,0.6415841411926466,0.6830405855839442,0.7839669892540455,0.9730116807020587,0.6217565629621532,0.926,0.543,1.346,0.917,0
5c08,3,0.8873499534181254,1.0201995103420072,0.6416665649242409,0.8665313838689922,0.4523557824576756,0.9343178778758344,0.91,0.616,1.807,0.918,0
4qrr,3,0.9915859966988879,1.5438255018373646,0.7628194539675538,0.7520243019958096,0.6099758458977604,1.1183884471429177,0.861,0.58,3.697,0.871,0
4l3e,2,0.8289533940102054,1.0019828415408951,0.6971302865956769,0.766988624783451,0.7223697533977818,0.5649652583521523,0.907,0.613,2.067,0.921,0
6ulr,4,1.1359364178099927,1.9361390286802511,0.6229301805128686,0.8866367950549114,1.6134802643112005,3.082962435093408,0.771,0.999,3.33,0.754,0
5bs0,0,0.7009712071132798,0.6496597953812866,0.34193199511037775,0.7414376949377457,0.6840668832236945,0.7924901973735748,0.89,0.418,3.164,0.864,0
1mi5,4,1.0658574702043981,1.0296481551900767,1.1862562457227606,1.0627276419314373,0.9358195821261877,0.8365728716454429,0.885,0.677,2.744,0.918,0
2ypl,1,0.9337497192711365,1.3156561849537756,0.8144057272339563,0.7529431626882165,1.1162935484093177,0.9069464665300399,0.855,0.865,3.192,0.939,0
5e9d,0,2.31298204456901,4.345473982905559,1.7515086875408357,1.4739261794743899,5.27078169413395,4.820457392243685,0.437,2.315,7.189,0.432,0
4nhu,2,6.189275510232838,8.516741439033463,9.103077673897944,4.0168024939169245,4.118431058463752,10.001835704761868,0.13,7.629,17.103,0.156,0
5e6i,0,1.8097277074679368,2.944633899474229,1.5168400342144455,1.3864381489877944,4.058334616829229,2.5485616875925383,0.639,1.628,4.131,0.648,1
4qrp,1,1.1077633750624296,1.2169317894021694,0.7386987510207084,1.1091494737608016,0.8821713735046051,0.7946946719720639,0.828,0.856,1.986,0.783,1
