pdb_id,model_number,overall_rmsd,rmsd_TCRA_TCRB,rmsd_Peptide,rmsd_MHC_B2M,rmsd_CDR_TCRA,rmsd_CDR_TCRB,dockq_score,irmsd,lrmsd,fnat,clashes
5euo,4,1.1160533142914388,1.8751491911131475,0.5074465162093749,0.8028959924094513,3.1805611165854413,1.2402279304763197,0.734,0.984,1.675,0.541,1
5eu6,2,8.884402735425756,18.57715864094215,2.021902874323438,2.0478701262020005,20.053124972945128,13.429940475662836,0.023,16.261,33.611,0.0,1
2ckb,1,1.2913334839137989,1.816630163030152,1.3964615929085733,1.011752562409823,1.8628812522230738,1.8674211104783769,0.674,1.4,2.785,0.583,0
8qfy,2,3.338963062358322,7.061182265975775,2.2181955069735464,1.708582517236866,3.1009778193131914,8.599535390273793,0.132,6.387,15.548,0.115,2
6uon,2,2.8325755008989932,5.23611511986373,3.2492272656576717,1.5728931400503308,4.9336718623120355,4.325393641203906,0.259,4.082,10.764,0.275,1
2bnq,1,0.7361555521058782,0.7191766633509968,0.645440803931862,0.7519748294509332,0.827447607354214,0.8395472292139654,0.842,0.337,0.44,0.575,1
6d78,0,1.1498157424689681,1.2074734138210395,2.6081976800299933,0.8577069844164079,0.46584793473249375,1.523709160474167,0.834,0.563,1.281,0.649,1
8i5c,3,1.8142931160153701,3.185982505482474,2.582565795195972,1.250297431645713,2.9286118606194615,3.4771125501194113,0.522,1.815,4.325,0.365,3
4n0c,1,1.807932820142462,2.9593433022530165,1.2663321488346357,1.3161758729139137,3.3530446578867994,2.3705094612626634,0.489,2.05,4.599,0.346,1
8ye4,0,2.0547494254271883,3.4977758329578448,2.175875144468137,1.2300356650130269,4.4174064247904905,3.8435585803223185,0.48,2.143,4.644,0.34,0
4mvb,2,1.4777168205425668,2.281417084856827,1.1459913749049484,1.1522240042571843,1.8411785232541107,1.2085243381063915,0.623,1.306,3.064,0.415,0
1oga,2,1.152397088272539,2.007594520321185,0.7888625196474338,0.8077411398218298,2.79101781903665,1.8577469566339793,0.568,1.716,4.754,0.509,2
7ndt,0,1.3712003949760814,1.6567225920301005,2.8195938116926436,1.0231172721510173,1.3785244248266877,1.2816573706719656,0.69,1.107,3.116,0.541,0
1qsf,3,1.557966858119836,2.6906973611775573,1.1612912768985757,0.9898248001071481,3.1757584274241433,3.743380165561662,0.62,1.614,2.997,0.508,1
3vxu,4,1.526733147656893,2.225134145601414,2.0298352444944063,0.9831461870230034,3.0198698878726447,2.169059523804024,0.665,1.188,1.531,0.412,1
6bj8,2,1.3652436941446433,2.3441472159746564,0.6625479669173352,0.8836972684514299,4.32757807281606,1.2514808899202505,0.689,1.296,1.453,0.523,0
7r80,4,4.562119126026261,7.731513815459654,3.050343578560557,3.1809984798261794,8.001422512117468,6.996655249390201,0.175,5.305,10.705,0.063,5
7pdw,4,1.3219972259422266,1.700551708152282,2.5127701533974447,0.9398116162941836,1.884901863973001,1.2290355662746466,0.719,1.196,3.309,0.677,4
6eqa,0,1.2286809268315164,1.4507975134954132,2.537650062156006,0.9113144208251286,1.2692771895510533,1.3435856466614895,0.758,0.734,1.719,0.508,2
3ffc,4,1.9993838222407594,3.5447928400592303,1.334742926481753,1.3143067395943713,2.14410737238824,3.3353622162039986,0.363,4.032,6.823,0.36,3
6amu,2,1.5229119455894164,1.6662671806014409,3.6291138620610974,0.9581319386809265,1.1570980185578112,1.3201843849639847,0.725,0.818,2.188,0.467,0
1mwa,2,1.2132979628860763,1.7398410461266702,1.1920149572061272,0.9288718907617426,1.980378183445609,1.578761661634468,0.7,1.264,2.757,0.609,0
9rup,3,8.690705636310616,18.410861863552817,3.80338664121269,3.847455342513309,,11.099004104181606,0.015,13.784,46.689,0.0,2
2vlj,1,0.9428794956320175,1.356773046310526,0.7629309029851782,0.8126667634965592,1.6324466742936747,1.2592764917661425,0.735,0.981,2.466,0.582,2
6rsy,2,14.175112439325463,25.879742625867582,7.4945783298683635,7.381341560706672,29.20611530717851,21.554230705090482,0.028,16.659,29.871,0.0,3
3dxa,3,1.5231498088696638,2.1379200607126534,2.0582572892076416,1.1322924083605004,1.934531715013609,2.8226569304980376,0.619,1.257,2.615,0.356,0
2f53,1,0.8822789215399623,1.0343005846684596,0.568165290085996,0.8441138550274617,1.263708602473745,0.5020923298593968,0.812,0.48,0.491,0.533,0
7n1e,0,2.2839605707864554,3.822997176106765,1.7072709551899983,1.504829240004202,3.730700901090123,3.7420827066485898,0.414,2.399,3.66,0.119,3
8ryp,3,8.788808691112722,18.44733337900891,2.540004332531215,2.1630619478526794,13.556508960096814,15.441150611264527,0.028,16.97,33.684,0.018,3
7n4k,3,1.15042170669286,1.815319390986144,0.9183232580975785,0.769122973353134,1.6377995363371118,2.9204795775029155,0.664,1.096,2.469,0.418,2
5hho,2,0.9433035261189,1.2856114022335587,1.0704735069442197,0.8064162397955387,1.8229528883547417,1.1309565933646244,0.779,0.839,1.521,0.608,0
7n2q,2,1.1721854123917712,2.073853774057787,0.3163799685926215,0.8120017409890787,2.940939849311037,2.003374815170382,0.6,1.197,4.027,0.373,1
7dzm,1,1.1103619454018834,1.9088185305059306,0.8702110808677783,0.8415355968410839,2.010748852772981,1.3798210243597306,0.276,1.236,30.816,0.163,0
7q9a,3,1.0988626997313542,1.902101941287493,0.7572065677993667,0.728718938061928,2.3027640815786086,1.3176713607320816,0.63,1.219,3.217,0.413,0
5xov,4,4.1564391699725745,8.326709793318297,1.9231768169238892,2.0117791544875803,5.265614164693406,5.81352704642777,0.098,6.437,18.288,0.063,1
3utt,4,1.2277916350590112,1.7637795150302586,0.8636242264147874,1.0635145199981828,1.407466655097404,2.5714734546325233,0.685,1.109,2.51,0.489,0
5hhm,0,0.8388835377663791,1.0644976015463108,0.9833706791901035,0.7439899427642177,1.3182607161056288,0.9293191644946693,0.768,0.792,1.898,0.569,0
3kpr,0,1.2803338169352978,2.3959553989057283,0.7586441233589307,0.7617128145542729,4.721659819578589,1.4399757497071128,0.71,1.159,2.007,0.557,2
8gom,1,2.2548444034595843,3.444318866702725,1.756397450821029,1.6488016904736993,3.1644645212435045,3.3859921423680337,0.477,2.339,4.825,0.383,1
2esv,2,0.9215579639939675,1.3348412024306209,0.6968567705314354,0.7783828766567689,1.4415297164724046,1.2637559127975422,0.505,3.452,3.256,0.484,1
5jzi,1,0.9985902280721937,1.309054096433524,0.8270851973845208,0.8609203493493468,0.8678805840367483,2.2222792940499096,0.739,0.884,2.173,0.535,3
7n2s,0,2.461623889259622,4.550822021658206,1.3215189705103207,1.6054653481991668,4.787310362780762,4.29484591685489,0.353,3.041,8.271,0.348,3
5nqk,2,0.9805850995805879,1.3912199333189612,0.9237850707190117,0.8044551358496137,1.179543005759844,1.5109273418014546,0.73,0.821,2.04,0.475,1
3mv8,3,0.9902598630057591,1.1974289772307427,1.0387942270357682,0.8808218040899338,1.1034683528205342,0.9986157764516498,0.72,0.759,2.187,0.426,0
3vxs,2,1.8617285359947189,3.0910502225237666,1.5916962199771203,1.2388726001137438,2.503251528841366,4.3496601058127675,0.497,1.873,5.012,0.357,2
4qok,1,1.6156597187239228,2.6960690578980646,0.9660723538119335,1.119934559341304,3.26860667121731,2.2257692127870765,0.398,2.378,7.147,0.324,0
4eup,0,1.2210963139916446,1.9931092224704563,1.2459873774067876,0.8397605854293217,4.067989455247864,1.8950712614488983,0.626,1.14,4.158,0.439,1
4qok,0,1.516043486282013,2.4944471907768273,0.9725880662307754,1.0723891600095765,2.7150245368462294,2.41781437395827,0.451,2.084,6.288,0.365,1
3vxs,3,2.387665650005646,4.047820073287756,1.8300657130351874,1.5494110485239707,3.2883062863992882,5.0085277577052185,0.38,2.785,6.932,0.314,2
4eup,1,1.1874566236247304,1.9008030850574875,1.187293682159965,0.846850435611475,3.9810356717230317,1.7652820435044472,0.64,1.11,3.794,0.439,1
3mv8,2,0.9759819723360309,1.1392716309726392,1.0587611485739734,0.8854786161056137,1.1292477565371655,0.8599865529633914,0.728,0.745,2.12,0.441,1
5nqk,3,1.0190400927595469,1.5540958482563698,0.8850526125055282,0.7772639406724176,1.2115653728723237,2.3344125877761477,0.727,0.767,1.715,0.426,1
6zky,4,1.8048052726386496,3.624136565407899,1.102971611849654,0.976828360335447,3.394127415324642,2.6650626444655634,0.369,4.032,7.449,0.42,2
5jzi,0,0.972436452727134,1.2419154958007401,0.8237765320870857,0.8561546038343414,0.8611594019102436,2.1609767658660823,0.745,0.862,1.691,0.521,2
2esv,3,0.9085538388292627,1.3290560354263963,0.7012632924162088,0.7593914345293763,1.4412359489965696,1.246375244532824,0.507,3.462,3.131,0.484,3
7n2s,1,2.578993369777248,4.649952172981787,1.5068073264898876,1.7579749090121735,4.955220791284322,4.173153507875196,0.355,3.14,7.521,0.318,1
5hhm,1,0.8699155114067626,1.1394281653268887,1.0042866310195468,0.7584397603649159,1.4972672774137392,0.951172638908953,0.753,0.879,2.053,0.569,2
8gom,0,2.1448162211037514,3.3724418699770147,1.6227268779492852,1.494370598256348,2.9688651022960215,2.4439602796418316,0.509,2.292,4.461,0.444,1
3kpr,1,1.7177314257897351,3.386448150937654,0.8997579218743925,0.8623667916355345,4.817192821518306,4.17677809566377,0.62,1.662,2.552,0.494,1
7pb2,4,4.42633814139713,8.663619629264765,2.7445161347296874,2.7883664424968884,10.289241571975305,9.79608285986401,0.13,6.348,12.868,0.033,6
7q9a,2,0.9411525964897023,1.5353966850995797,0.7294532340688448,0.6850903094354226,2.006105023289898,1.1202029675274987,0.743,0.797,1.828,0.493,0
3gsn,4,1.436176351570663,2.318621562436926,0.9271301872043504,1.03922348196273,1.8302766841153952,2.3227289679349377,0.55,1.596,4.677,0.413,4
7dzm,0,0.7500855808504474,0.7650856104191766,0.5352487303190037,0.7650101339542172,0.6807076291662282,0.8427158375811838,0.405,0.371,33.104,0.209,0
7nmg,4,1.7287915167772587,2.736594690965832,1.0772679114810249,1.1868662897255322,2.206655588978325,2.5481927189309093,0.531,1.853,4.516,0.417,1
7n2q,3,1.3880141500474628,2.551804690675653,0.6453578995383067,0.8710361144270884,2.274809810527523,2.9181324801410047,0.486,1.608,5.722,0.305,2
5hho,3,1.5181898511619158,2.6154497712586213,1.6564368337088244,1.0003570980927832,4.024666484432764,2.2634356564448406,0.506,2.158,5.262,0.471,0
7n4k,2,1.2743984151911276,2.0180292477164232,0.9664043400746679,0.8522620495540566,1.7524307175631426,3.1754864314701288,0.638,1.165,2.41,0.364,1
8ryp,2,2.14789721943791,3.753403764857787,1.8639424108687361,1.3564217405439583,3.3094648508638085,3.9312134323909493,0.38,2.822,7.421,0.351,2
7n1e,1,3.6829655791840925,6.126646290723385,2.676826427840799,2.4687436477789477,5.031663226869325,6.796372407184249,0.242,4.033,8.744,0.119,6
6rsy,3,1.3231321903088782,2.048385114618051,1.073254160343581,0.9847826466525746,1.868874552336069,1.7506450209501045,0.7,1.114,2.701,0.547,3
2f53,0,0.8414563653750642,1.0457856880868581,0.5954288498586062,0.7702274730165966,1.3178766996879596,0.5187956592312212,0.82,0.52,0.595,0.573,0
3dxa,2,1.858900745934456,2.8796988474879726,1.965653911971613,1.2970556329477438,2.1396409376425836,4.160574513805331,0.579,1.546,3.302,0.384,1
2vlj,0,0.9111013734789021,1.2692888614223305,0.7540462774275944,0.8022099363239518,1.5032687613208746,1.1718947024111288,0.75,0.937,2.313,0.6,2
9rup,2,9.30595570079364,19.317109910494313,4.383255734770339,4.546668124549754,,18.153254003581853,0.016,13.858,42.96,0.0,3
1mwa,3,1.2331146778656845,1.7301149901671453,1.3365899052700465,0.9530533142237104,2.1913414930271595,1.6291060290877355,0.692,1.36,2.532,0.609,0
6eqa,1,1.3343177347388193,1.6778715704083371,2.579632312685733,0.980259418185582,1.6226191591425974,1.4484035780143212,0.66,1.085,3.178,0.446,0
6amu,3,1.5011796500806462,1.633565474934958,3.5301401100133734,0.9696290511791623,1.232635285201617,1.2995956378895261,0.725,0.793,2.073,0.45,2
3w0w,4,1.0997259035943143,1.292127493287429,1.9132802043631734,0.8572238453922082,1.4460392329197655,0.8815588845551543,0.767,0.738,1.113,0.514,1
8rym,4,1.4119816362697872,2.287699756015841,1.6693779953130303,0.976170224733614,3.0042843425699144,2.2755442827388066,0.626,1.382,3.17,0.458,0
6bj8,3,1.546563314629815,2.7157973425429653,0.6209546609790202,0.9542483039888042,4.002415881157552,0.97126748682784,0.559,1.774,3.628,0.415,1
7ndt,1,1.2062066537562937,1.7353177723901196,1.3188047830244245,0.969399803941554,1.3335691473459454,1.8208482570357807,0.691,1.069,2.803,0.508,1
1qsf,2,1.3025343846541584,2.1602333004436933,1.0197840219510357,0.8957597836707636,2.8926420855099377,2.5821260705839295,0.682,1.228,2.744,0.542,2
1oga,3,1.0524249118616584,1.7745497278739852,0.7691414666877098,0.7717045196220815,2.450565712885124,1.5687024113097499,0.622,1.451,3.987,0.528,3
4mvb,3,1.3355889019802538,1.9628954835138877,1.28340877174619,1.0733426622911904,1.620733961420219,1.0576084332677667,0.676,1.036,2.573,0.434,0
8i5c,2,1.6549780106655911,2.8804023903800307,2.4579184661632745,1.137124445473088,2.5237787561551674,3.298104241941392,0.592,1.563,3.555,0.444,1
8ye4,1,1.8517088928258094,3.1267772504226374,2.086428527568352,1.1034573527688192,3.925852802095564,3.636276452146434,0.525,1.864,4.677,0.415,0
4n0c,0,1.7753531474902466,2.672100637728391,1.4545641191084582,1.4203285779946617,3.7163108712403514,2.031928989385471,0.604,1.351,3.204,0.385,0
2bnq,0,0.7514670543274662,0.7355741085575932,0.8045849069915454,0.7513187106936449,0.8380560632682054,0.8349561347197935,0.839,0.365,0.43,0.575,1
7l1d,4,2.753414187052528,5.48822736850775,2.04488451081447,1.213151921115141,4.827122363179046,5.557860237124955,0.448,2.834,2.913,0.23,2
6d78,1,1.1246353885835463,1.1943429908741712,2.59979971229515,0.8163412191016026,0.5078795062053354,1.6382786248577053,0.825,0.518,1.376,0.608,1
6uon,3,2.6653932491337176,4.829350397030423,3.222769726537479,1.5327138667691556,4.463631733593628,4.254627575691462,0.297,3.676,9.907,0.325,2
8qfy,3,3.308609988377006,6.962154574728181,1.9819601683618382,1.7499971904429332,3.1179806011869693,8.342168748975528,0.128,6.33,15.436,0.098,3
3tpu,4,2.015229981135535,2.353866631583773,3.7568548613954698,1.5060778000287465,3.0251331729177013,0.827893894338522,0.568,1.579,3.705,0.39,0
5eu6,3,13.753380266319986,26.365888207599035,6.450615855124689,6.900576609147127,30.8303931995891,22.612685508766255,0.028,17.846,29.49,0.0,3
2ckb,0,1.260157888312223,1.7568351910999318,1.3530253102711622,0.9994173114217153,1.7789561863883623,1.7756985507369725,0.683,1.216,2.897,0.55,0
8qfy,1,3.3224264155579926,6.935764673236488,2.087347326980727,1.796291798472736,2.9249067981792995,8.27469592676562,0.126,6.386,15.612,0.098,3
6uon,1,3.0076921972500927,5.618667166584508,3.335560880867558,1.6388669000494334,5.6299346368197565,4.7708285358077225,0.255,4.182,10.962,0.275,1
2ckb,2,1.3181333855451158,1.880695720140329,1.4362284910994605,1.0130242296655945,1.8836678832733351,1.952702504854921,0.659,1.428,2.779,0.55,0
5eu6,1,1.9147603053834683,3.355875055701822,1.24991167541811,1.2370620011553057,4.237519104129456,3.511929924653852,0.553,1.755,2.54,0.319,2
4n0c,2,1.681711460635909,2.4887276126248827,1.2435943080083227,1.3833518464208827,2.9463028191487757,2.0590585738215386,0.595,1.378,3.197,0.365,0
6avg,4,2.610663527586914,4.040513276223983,4.004579021221461,0.9986752645816516,2.2824684482726756,7.019550946375247,0.284,3.865,8.424,0.216,3
8ye4,3,1.8836340997607655,3.2284099979474488,2.0734629462350473,1.0884587897800861,4.206960413520435,3.77552481441849,0.521,1.837,4.447,0.377,0
8i5c,0,1.553706239421354,2.72914647467352,1.8022844206057618,1.1302145476812786,1.920171817066099,3.012836037620257,0.608,1.299,3.507,0.397,3
6d78,3,1.1663028237922235,1.3326471152335244,2.6515340020448015,0.7997049462874125,0.6086955042673193,1.6932605436070973,0.799,0.647,1.778,0.595,0
2bnq,2,0.8042710550896726,0.7929314665650149,0.5112999240217893,0.8349051296208627,0.8163175850685794,0.8433765170758216,0.804,0.489,0.986,0.521,2
1qsf,0,1.340796367678233,2.212953243253131,1.050614977618451,0.9302847346377344,2.965140145706304,2.6905286309093417,0.672,1.284,3.144,0.559,0
7ndt,3,4.080719735887579,7.151683299138147,3.6198492379792953,2.479050537260914,5.1032775201634735,6.630767570630202,0.159,5.327,12.322,0.082,6
6mtm,4,1.1233868391707562,1.7037642516499518,0.8060091904978531,0.9420196371452356,2.2018218778821996,1.6688762467673113,0.7,1.123,2.097,0.517,1
3tf7,4,1.2538477923520044,2.3187742719328313,0.964040235595151,0.7615665501224402,2.7905116182679417,0.873022842929865,0.737,1.114,2.735,0.66,0
6r2l,4,2.9381929375620786,5.780284950395498,1.2442801261076875,1.123403898506405,4.921203716977741,5.381734986963536,0.165,4.268,13.055,0.088,5
4mvb,1,1.6014264270004706,2.5866581903006667,1.2681540278885404,1.171518600539687,2.036529438072674,1.3277267158050206,0.576,1.543,3.624,0.396,0
1oga,1,1.0255077896663192,1.722981201540367,0.7844457272168414,0.7522652803939929,2.6287189803871107,1.4904022882137864,0.646,1.423,3.875,0.585,2
6bj8,1,1.1066970821760334,1.7385237855637197,0.6895336732755568,0.8324950482018925,2.3162011092698243,1.116699474306534,0.661,1.385,2.5,0.523,1
3tjh,4,3.163085113630239,5.409954169598648,1.7051898284119864,1.8643050582769518,6.174290798300576,3.5234695329466343,0.156,4.914,13.581,0.1,0
9c3e,4,9.768609321940678,14.728551435501435,6.082064918419976,5.269383465400641,13.288300824487807,11.614489949524513,0.041,11.778,27.2,0.017,8
6amu,1,1.5459301099227545,1.7411815428073938,3.6286248555749245,0.9683516265504366,1.4310630272019094,1.354338618389699,0.707,0.912,2.149,0.45,0
6eqa,3,8.717734628032416,17.770399230624772,2.624177661204662,1.8006756839720381,13.43833157725903,12.423747536106369,0.039,17.765,32.64,0.046,1
2vlj,2,1.330789617112322,2.2767874671247927,0.9032411593401432,0.9675952493761532,3.150592783854307,2.1013106536877904,0.561,1.901,4.389,0.509,2
1mwa,1,1.1923805944235113,1.7061459624486515,1.1868220378300895,0.9133752219905147,1.9811042804259131,1.6441383164222625,0.71,1.228,2.486,0.609,0
9rup,0,9.686750424462913,20.66248598803838,4.379745981461979,4.08810030523182,,12.156111240152194,0.012,16.021,51.091,0.0,1
3dxa,0,1.8506422819985666,2.87729808602469,1.8619207996388043,1.300347358756366,3.4730842781741393,3.498178729461043,0.532,1.674,3.579,0.301,0
2f53,2,0.8432437599244778,1.0450068973228666,0.5793640368084524,0.7749412163740972,1.301684409042257,0.49232163836059906,0.819,0.532,0.659,0.573,0
6rsy,1,1.3419561027284548,2.097811208768739,1.0954021142210728,0.9831760541630425,1.968267271996872,1.7187258122428377,0.692,1.132,2.358,0.512,0
7n1e,3,3.903855425060434,6.3025077998609165,3.1515579576408426,2.733805923576662,6.248362625742217,6.191525284739011,0.251,4.341,8.342,0.136,8
8ryo,4,1.7372406148433315,3.1309736938062604,1.5597658573401718,1.010407887559519,4.112494996333257,2.0751524424277186,0.592,1.514,1.609,0.315,0
8ryp,0,1.318154261768608,2.008185976847528,2.129594391363885,0.8466597920630412,1.9011813828034103,2.4975517701756282,0.728,0.91,1.192,0.474,2
5hho,1,1.0749401358642428,1.6118222910789903,1.1496947582624977,0.8589391365625869,2.315608964330168,1.3587158475840013,0.715,1.104,2.693,0.588,1
7n4k,0,1.167509666947022,1.832936859313102,0.8937911876251805,0.7944529557860741,1.5500985295857457,2.92029651875691,0.635,1.126,2.51,0.345,0
8en8,4,14.583108602882854,25.62539868357774,7.903681442121871,8.428820618146645,30.419966506307958,23.2366927949193,0.029,16.909,32.1,0.014,30
7n2q,1,1.171452437423972,2.0380017322850343,0.5512220115809446,0.8240620805472082,2.774122384625958,2.166120544319293,0.637,1.069,3.676,0.407,1
7q9a,0,1.0690825905242844,1.8408210799217208,0.7358037021915803,0.7168101183729927,2.1133585266507526,1.1237367007030132,0.646,1.199,3.394,0.467,2
7dzm,2,18.764440124065594,27.614874054662607,13.884143243057888,16.45314355893774,27.196835949027193,24.85782718311528,0.007,19.494,70.917,0.0,5
3kpr,3,2.1123116017902617,4.078323214765551,1.2225018741445823,1.1393324829530358,4.3691716199448205,5.584653051454175,0.454,2.518,4.951,0.354,3
8gom,2,2.2755504555594817,3.6488679518845655,1.7028383368044928,1.5249315590431018,2.8360153747282295,4.706005139712451,0.466,2.354,5.229,0.383,1
5hhm,3,1.184554525436535,1.9499423512829965,1.099630803393136,0.8532213391880406,2.8437075848812254,1.4894720309680496,0.612,1.641,3.842,0.549,1
5men,4,1.0948635001864384,1.5707360023761243,1.237543540537788,0.8268190089427717,1.105668875436663,0.9639143819183036,0.656,1.236,3.69,0.531,1
5sws,4,11.96220565797203,22.24919329002654,7.282918668061413,8.467125718820506,14.741898720343299,16.509179230375963,0.036,14.682,25.892,0.0,2
7nme,4,1.4587481408323912,2.1902621971637464,1.2345458023371112,1.024211862699829,1.5908470653879163,2.230240752309998,0.578,1.406,4.22,0.4,1
5nqk,1,0.906071555175888,1.218837965085628,0.8790860978164743,0.7770997177185457,1.2109652787319665,1.0440016916043038,0.764,0.696,1.724,0.508,1
7n2s,3,2.257476495017841,4.471491785146511,0.8169600339544948,1.2486906938549318,4.928214486923161,3.718647498947804,0.375,2.849,7.757,0.364,5
5jzi,2,1.0136872282394673,1.296052466496836,0.8485459270352764,0.8925508835225014,0.8560132584487499,2.1700559455189583,0.734,0.911,1.932,0.521,3
2esv,1,0.9479851091348276,1.341962231289813,0.6857123775073893,0.8189158826615799,1.495724404771283,1.191077925105385,0.502,3.48,3.37,0.484,1
4eup,3,1.1570923047837833,1.886634363713068,1.265181801290682,0.7858113722805425,4.094374467817379,1.6749125712412185,0.668,1.06,3.616,0.491,2
3vxs,1,1.9129829117672907,3.2171908990082656,1.4973816415870629,1.2592998182608812,2.5533564921003884,4.497134878726332,0.482,1.942,4.971,0.329,2
4qok,2,1.506334491989257,2.483844985017828,0.9732521416660289,1.0607761072815496,2.7430048898988706,2.2056951285168918,0.441,2.139,6.555,0.365,1
3mv8,0,1.006323046539631,1.1798264414623731,1.04558950696251,0.917365880516764,1.1576678903517357,1.0096598099601395,0.725,0.763,2.174,0.441,1
8gvb,4,1.4807060428649361,2.6123376212306586,1.2543281063304792,1.0620252900490972,3.3907475158317615,1.801977109531697,0.497,2.232,4.664,0.412,1
3mv8,1,0.9764388416026217,1.1646769774994818,1.0340430130860254,0.8761187108064821,1.1636903126569806,0.9683955051817242,0.719,0.762,2.224,0.426,0
4eup,2,1.1636628733932235,1.8849821194033178,1.3276554270210965,0.79161830478144,4.107092254516494,1.6004153603648017,0.643,1.122,4.072,0.474,1
4qok,3,0.975123462114935,1.4126010889145348,0.733318081499322,0.8065607019274774,1.902964945526584,1.093856600684543,0.693,0.974,2.552,0.459,0
3vxs,0,1.928709386946494,3.210440257579876,1.6323076274867765,1.279202846172271,2.556770902704869,4.36330506632666,0.481,1.991,5.059,0.343,2
7n2s,2,2.428268682839194,4.593325632179911,1.1803931758543975,1.511896702497918,5.447191424970945,4.194102096770074,0.362,2.905,7.589,0.318,7
2esv,0,0.8047542181262203,0.9772655553171878,0.6826905102833194,0.7572068996889105,1.0119926919950835,1.0220848835991805,0.523,3.412,2.982,0.516,0
5jzi,3,0.9908724630904946,1.2765183050653373,0.8492960298507224,0.8650273814388263,0.8577659879982175,2.2138997839482313,0.737,0.866,1.887,0.507,3
5nqk,0,0.8615735850997093,1.1113060829681274,0.8671057924916254,0.7595333185732028,1.1509522989579122,0.9993681777541589,0.771,0.649,1.708,0.508,1
2jcc,4,1.4880093353181785,2.6972531771476635,0.8636862737662255,0.936656953751126,2.513530135860373,3.3914133272360147,0.556,1.98,1.468,0.333,2
8gom,3,2.806327871256134,5.056291745486296,1.4950611003960375,1.3221956007914382,2.9526546298071272,6.600195672530017,0.195,3.279,13.396,0.123,1
3kpr,2,1.8179979154726342,3.4923414527684224,1.0561501239454056,0.9981337799096502,4.409730543928062,4.2982895120497,0.513,2.033,3.657,0.342,1
5hhm,2,1.031677093040175,1.5475681322966466,1.0583752413392273,0.820848208464134,2.2692149917187625,1.3166925502484057,0.671,1.32,3.147,0.569,2
7dzm,3,1.405269995823121,2.541732736384915,0.9404308029912907,1.009580982973101,2.871701531866315,2.322856086887568,0.204,1.836,30.634,0.14,2
8yiv,4,14.618787907699755,23.431086471886278,9.198362325002496,10.504020655419435,21.003327282705577,22.40237706498497,0.034,17.187,26.193,0.0,5
7q9a,1,1.0332139396953077,1.759479349889727,0.7332110258607866,0.7056669508829407,2.0317701914795894,1.0250227295787688,0.678,1.1,2.798,0.48,0
7n2q,0,1.2176413868582636,2.073377107848442,0.5138697028428113,0.8912190769561291,2.1579951646130175,1.7872787425221068,0.485,1.666,6.23,0.356,0
7n4k,1,1.132175827836725,1.771597888512091,0.8403680406352765,0.7791863136945836,1.5918535003162992,2.8033904276656605,0.667,1.027,2.197,0.382,2
5hho,0,0.9460390384687185,1.2600680761040237,1.0890180556245344,0.8191808740123866,1.7413171821151403,1.1604812555828516,0.767,0.859,2.149,0.608,1
7jwi,4,8.19278403865585,17.579615214610076,3.9481689208335125,4.076165144775426,14.040209957821935,9.219481565252531,0.031,17.267,36.571,0.033,0
8ryp,1,1.7083548159393498,2.925249049158403,1.9212667355525168,1.0503387492209486,3.2823727686655046,2.9225798176077227,0.5,1.798,4.363,0.298,2
5xot,4,1.5400552479543477,2.769408982061996,0.7698639812187511,0.9095307574136791,4.088453754362705,1.4798911384548683,0.649,1.265,2.381,0.435,1
3e3q,4,1.0137772029508778,1.3911078895194586,0.9863367625446876,0.8407937393066922,0.895378957490711,1.5104793882579532,0.738,1.06,1.081,0.561,0
7n1e,2,3.472545242829041,5.677250203381464,2.6767794922597994,2.3911398144454616,5.106473293129768,5.177132390465928,0.265,3.889,7.488,0.102,1
6am5,4,0.8122184729257588,1.1890011472294748,0.3768231119979189,0.6757909363937938,1.2060263368527187,0.8856966140350748,0.795,0.588,1.366,0.543,0
2f53,3,0.8445687048909019,1.0497826893082132,0.5799497197906777,0.7744945397682687,1.3222076654129498,0.4993449125272031,0.815,0.522,0.63,0.56,0
3dxa,1,1.728005464903637,2.493342058340938,1.8549587201063562,1.333882752533528,2.325535086961445,3.2696656283879237,0.569,1.542,3.359,0.356,1
9j4t,4,1.8517737424798744,2.8518019052728474,2.7328987470405743,1.1278874733599453,1.9685080589362844,4.722965221836842,0.351,4.148,5.591,0.238,2
6rsy,0,1.2761667989912377,1.968261022739945,1.0354118811106277,0.955110799747277,1.602923195889979,1.952893959549085,0.734,1.051,1.719,0.57,1
7n2n,4,1.8498587822183052,3.502407638538532,0.7594445895959313,1.2293557327877953,2.1275748246231787,4.270976639491034,0.452,2.215,5.244,0.316,3
7qpj,4,2.1567214939421686,3.3852056070742544,2.7005446193679497,1.3848383564629936,2.9567423853547616,2.4752339294973127,0.407,2.487,6.834,0.348,1
9rup,1,9.576847817399356,20.396123117771527,4.093328482171882,4.115269375063171,,12.08052005684151,0.012,15.845,50.311,0.0,1
1mwa,0,1.2984659503278229,1.9684467421423786,1.163204644052504,0.9260567547346863,2.718369348679106,1.7187467401646999,0.688,1.244,2.449,0.547,0
2vlj,3,1.100099371165793,1.7448731359005931,0.8168671217322638,0.8744175590238038,2.367797348356992,1.5912819285333408,0.647,1.38,3.267,0.527,2
6amu,0,1.5425908915783657,1.7207646391078055,3.6368676963322435,0.9688876823378917,1.3453288626136066,1.2803000003203595,0.714,0.83,2.096,0.433,0
6eqa,2,1.371199022255794,1.88415272239039,2.569932108603113,0.929929593306782,2.124898135524625,1.5083756087577027,0.62,1.306,3.204,0.415,0
6bj8,0,1.3885830243080528,2.3474931275793645,0.6157614337212809,0.9349330695153422,4.333749800011713,0.9418680177810149,0.671,1.311,2.164,0.508,0
1oga,0,1.2111638970147929,2.1574318025573396,0.8279313041936223,0.8153990263766532,3.044625571896629,2.0857565354847587,0.566,1.823,4.948,0.547,1
4mvb,0,1.6339761208217665,2.6693581667623656,1.2565293375184783,1.1782969184421275,2.1121092469305323,1.3247008219825451,0.568,1.607,3.958,0.415,0
1qsf,1,1.3916885009590148,2.3277428904381656,1.0823430837609858,0.9424007625407138,2.962026431061699,2.885871046008115,0.656,1.365,3.152,0.542,2
7ndt,2,19.319347552641695,25.625969110931127,13.168572774372112,17.39821227058812,28.86277459486232,19.51666185965804,0.009,21.664,55.082,0.0,3
6d78,2,1.1500818979232756,1.3028215843342081,2.6316465971432903,0.7908789706569088,0.4846011740316281,1.7679967963213796,0.812,0.574,1.494,0.595,0
2bnq,3,0.8722985524623488,0.7840672242503874,1.240894898748312,0.8540833569401041,0.8082348569375878,0.9137693610974716,0.795,0.502,0.663,0.493,2
8ye4,2,2.0957323140681314,3.2952940609772954,3.302873114673336,1.2002531076916663,3.9284145091190306,3.7394124330515117,0.494,2.088,4.49,0.358,3
4n0c,3,1.6260654960144063,2.459283446763078,1.3124615698945576,1.2960207583446033,3.261214056200747,1.9747480031193119,0.647,1.178,2.162,0.385,0
8i5c,1,1.613357468507224,2.7232055214111925,2.542634373284251,1.1271117268773372,1.7328892581350923,3.0507529630392978,0.665,1.271,2.751,0.508,2
2ckb,3,1.279519090397019,1.7791032403127038,1.4151016267153012,1.011640616675483,1.759830965371698,1.859059992084843,0.684,1.217,2.836,0.55,0
5eu6,0,1.6549202731119057,3.0760774188217965,0.6868587910430727,0.9431729598497555,4.873217258677558,1.0754972317281892,0.57,1.696,3.571,0.42,1
6uon,0,2.5711818946268536,4.629858450393208,3.1901150616310554,1.4862406442716964,4.506853214336947,3.933157542982611,0.318,3.558,9.348,0.35,3
8qfy,0,3.4493152366723447,7.257219190122041,2.067586518682049,1.8251953763617639,3.029299393535381,8.619238783340503,0.121,6.539,16.208,0.098,2
6avg,1,2.539193101212857,3.9089691057107423,3.939803161351505,0.9916896981595319,1.1056555392911163,7.216158153781075,0.289,3.852,8.52,0.237,3
7l1d,3,2.6311997570944863,5.251726371662227,2.17262372039495,1.1113461016465973,4.727460445157621,5.502935733105767,0.475,2.714,3.338,0.324,2
3tpu,3,2.0169739836958116,2.3297584786589756,3.7713929332904392,1.5186570811548856,3.0587967069948565,0.7314510732408157,0.576,1.554,3.848,0.415,0
6uon,4,3.038068849037251,5.653978705817552,3.2868362975176733,1.6913453953113167,5.363304253199297,4.863990110376131,0.238,4.345,12.032,0.275,2
8qfy,4,2.438799474924053,4.987821904822804,1.6659439015705622,1.3911793721777637,2.7531318170850616,6.110666956318407,0.257,4.796,9.049,0.213,4
5euo,2,1.0420190157191151,1.7176742260567577,0.4755276633808216,0.7728553340146797,2.914137139551053,1.1206919214385471,0.754,0.86,1.504,0.541,1
5eu6,4,9.745309550683157,19.173022761924326,4.650026182116656,4.251995696687029,12.16453371306723,18.163459262805134,0.045,15.772,31.465,0.058,3
7pdw,2,0.9899969628061723,1.251727513046596,1.116510732360622,0.8567690213723348,1.2967679266792738,1.1564746291006753,0.909,0.561,0.982,0.862,3
3w0w,3,1.0662858537670967,1.1748140228484039,1.8824237258542122,0.8641126383148393,1.2724909031200853,0.8126090678694544,0.791,0.66,1.164,0.554,0
3vxu,2,1.5163846646607047,2.173618981645746,2.123859573220921,0.981140980172848,3.071064448417383,2.1801192268130567,0.679,1.103,1.36,0.412,0
8rym,3,2.472966065721288,4.13093503492745,2.1494654855985234,1.754488695832714,4.7667503153968465,3.02759195100508,0.382,2.557,5.822,0.208,3
9c3e,1,4.189516037117966,5.504703605305763,3.8000704574745496,3.1387259688739984,5.244030939179462,4.651993214382179,0.205,4.229,12.575,0.19,4
6bj8,4,1.3698615254218,2.2795332701727697,0.6283723392760783,0.9510237919702738,3.889843475409209,1.301432173236234,0.599,1.52,3.009,0.415,3
7r80,2,2.2660390482053714,3.9940074971201005,1.2752123155195678,1.482128906184342,1.7625241596988888,4.197684191505429,0.405,2.764,5.949,0.317,1
3tjh,1,1.4134793448812784,2.3790809757574514,0.5566002207812815,0.891827547537696,3.6483412242724076,1.2923340838368156,0.487,1.924,4.687,0.317,1
1oga,4,18.6285521314632,24.820669310073004,15.529208204053834,16.834038616106064,24.845926336320577,23.667711061169392,0.009,22.119,55.329,0.0,2
4mvb,4,2.5363857308777673,4.497050304873329,1.64720002830216,1.5814393417085169,4.508891251693954,1.7769644419830417,0.337,3.182,7.753,0.283,2
6mtm,1,1.3694777065257737,2.4918488160068892,0.8049673864400042,0.9184611321624359,4.126279550687826,1.7254640701342403,0.699,1.191,1.981,0.534,1
3tf7,1,1.2998671243691122,2.4320838791602934,0.9087013362428732,0.7773797748820586,2.833550388773476,0.9450611127035038,0.729,1.144,2.923,0.66,0
6r2l,1,2.349548255356434,4.5208991408043975,1.230783541822828,1.0276593149245952,3.602454278345107,4.496632010267673,0.338,2.592,6.659,0.143,2
1mwa,4,1.4173083277617875,2.104169305858766,1.4094134701189016,1.026929853738122,2.285250398701557,1.917817461375047,0.61,1.664,3.096,0.5,0
7qpj,0,0.9755520690741556,1.3134755210943758,0.9151285498085396,0.8247957429989254,1.5235650834150285,1.5574572674254072,0.708,0.799,2.152,0.406,1
7n2n,0,2.5188740169720503,5.147080704500935,0.8170639210656958,1.384830781825772,2.159927338954024,5.898762615212194,0.298,3.822,9.166,0.298,2
3ffc,2,1.5831460942952933,2.5706339330985433,1.1292472145359325,1.1985488434579366,2.1417499956744965,2.538684827680836,0.501,3.541,4.356,0.56,3
6amu,4,1.580778503485967,1.8157768068561695,3.54666892110848,1.0376862960179603,1.6554445485823035,1.2982415851369522,0.702,0.942,2.175,0.45,3
6am5,0,0.7556485349977851,1.089339601135276,0.3319803495300741,0.6395526178922563,0.7474602350123123,0.8400244785477893,0.817,0.423,1.179,0.543,0
3e3q,0,0.9887155736308905,1.4261654716036856,0.9818025559916937,0.7736720982316123,0.7799186121346166,1.5649934763839886,0.728,1.092,1.51,0.561,0
8ryo,1,1.7863011601504781,3.171019463101625,1.889798776723042,1.0309871464407896,4.059823551732927,2.6514635724985482,0.574,1.567,2.376,0.315,1
6rsy,4,1.3846932985729867,2.2386915290193445,1.0972634695377548,0.9614239744798159,2.2570840097049047,2.015191363312104,0.644,1.325,2.359,0.442,1
9j4t,0,2.6256895274376477,4.590703795108698,2.8110109605509725,1.3582017709621306,3.867811435056525,5.609161836958495,0.229,4.947,9.684,0.167,0
5hho,4,1.1903634728858457,1.8690477513652608,1.3995691282137417,0.8844636584496532,3.0813168344610022,1.5238085247218172,0.667,1.338,3.188,0.569,1
7jwi,0,8.051238206350959,17.327128155501924,3.832735280038229,3.959109709062973,14.824028382707565,9.355886005395938,0.03,16.942,36.913,0.033,2
8en8,1,2.6048811243387777,5.045973917910977,0.9955559103355835,0.8798279203161472,4.603986332589362,7.91595189032999,0.337,2.912,7.848,0.26,2
5xot,0,1.0673665435928559,1.59579409707136,0.9944513332692915,0.834671950727465,1.9996578400706349,1.1264945275571248,0.755,0.953,1.84,0.597,0
3gsn,3,1.8103737970748606,2.8081145078362404,1.4566089335129795,1.3638038486160684,2.6753937865114112,2.9357495761635777,0.482,2.004,4.002,0.27,1
8yiv,0,3.9411326417630077,6.303693183643542,3.5786073378675174,2.7084778201848,3.26237267161423,6.609493147932324,0.273,4.053,8.422,0.195,3
7nmg,3,1.7981694312827248,2.8289922015385307,1.125821301226319,1.2497317546751883,2.2572391208988365,2.6301920782608628,0.527,1.93,4.603,0.431,0
7n2q,4,1.605489112136587,3.046065160785547,0.7659136894682873,0.9215868525681475,2.6820740329387,2.7316862623007583,0.37,2.14,7.777,0.237,0
2jcc,0,1.3630061129384161,2.469825282849594,0.7954827566717643,0.8582382285092238,1.975804194990645,3.0696101979578447,0.528,2.179,3.492,0.406,2
5men,1,1.1826483852681586,1.7443032856609295,1.2148756930320723,0.8786730345346349,1.3846515964647346,1.2085292964188887,0.597,1.476,3.897,0.457,0
3utt,2,1.2326321705159897,1.8016373837405917,0.8687966623580408,1.0527838314209363,1.400535014707794,2.7073831291444543,0.672,1.19,2.96,0.511,1
7pb2,3,2.318586615172113,5.04804832827763,0.898744660633381,1.0534190541523214,4.056004422458141,4.364083508705377,0.215,3.548,11.715,0.148,2
5xov,2,3.117217968460966,6.138960796237267,1.7159903857391439,1.5951976111617667,3.3570063217788726,4.8282266475991715,0.172,4.653,13.155,0.127,0
3vxs,4,2.2953681702695965,3.8787233575344704,1.8303679346606845,1.48999014280608,3.33175347864874,4.732643165807022,0.381,2.654,6.909,0.3,1
8gvb,1,1.4342413003504653,2.5267349667729735,1.1906325370407678,1.0338078073484338,3.4583738331064366,1.455408287869834,0.503,2.248,4.404,0.412,0
7nme,1,1.771131840024102,2.6402043745237576,1.3924301768427403,1.2750557920204209,2.2178746793331974,2.689223736655513,0.528,1.851,4.605,0.413,1
5nqk,4,1.1594337626202862,1.9072095427758502,0.9109825999904453,0.7935838822511743,1.2388907864042855,3.3174686110510683,0.7,0.991,1.722,0.443,1
6zky,3,2.1238827305155343,4.32578132054813,1.2839748282020096,1.09203761448448,3.6385268467250853,4.734968420592731,0.329,4.167,8.312,0.36,4
5sws,1,7.759724559746378,16.90133318088071,3.6190271285594893,3.6656682540359795,13.04695043484929,12.772631934970333,0.03,16.673,37.629,0.033,0
2esv,4,1.2754486476365603,2.019195565045703,0.8651498996736111,0.9898197696496953,1.6265611525461627,1.9645267143367802,0.45,3.591,3.821,0.371,1
7nme,0,1.7228144877931062,2.574441979861935,1.3699785258018382,1.2326734978751723,2.2262627786594704,2.600421715666934,0.529,1.794,4.556,0.4,1
5sws,0,0.898618647318599,0.9952024955262677,0.9666933236563753,0.8679588296128007,1.4515208752662216,2.0214993143067135,0.761,1.024,2.266,0.667,1
6zky,2,2.138026002146837,4.5158211530169305,1.1298164965863522,0.9403900581045148,3.032779058880976,6.672543084720242,0.38,4.103,6.898,0.42,4
8gvb,0,1.5253613611969634,2.770887937923411,1.2115652490956461,1.0543672191099829,3.808604501881736,1.5899596917678676,0.481,2.359,4.622,0.382,0
3mv8,4,1.02162453002722,1.1738201526570682,0.9224547067408816,0.9633474669942795,1.3781034777062269,0.7662876257083764,0.719,0.745,2.08,0.412,2
5xov,3,3.8953825498393098,7.806155161648921,1.7787329188788565,1.8853342744057742,3.899756321263468,7.151538390810021,0.111,6.268,16.985,0.079,1
7pb2,2,1.843995332738461,3.9892820319703413,0.7962681234673971,0.8591877000402943,1.470941005076148,4.5845148586582,0.469,2.076,5.965,0.393,1
3utt,3,1.1991270686881341,1.6994575165320136,0.8578812453409994,1.0482409822490553,1.321611815095191,2.467603846945017,0.676,1.042,2.288,0.422,1
2jcc,1,1.3155441984441658,2.3762433001810126,0.7528770703485667,0.8363026807525769,1.8035649589801521,3.086663493049681,0.548,2.134,2.949,0.42,2
5men,0,1.203903830692607,1.752578551339465,1.136557738983891,0.9263693317523978,1.4717625884749637,1.0895405446701947,0.59,1.477,3.695,0.42,1
7nmg,2,1.7693223818832051,2.8100620139386505,1.1307529432320438,1.2032464098542808,2.328658406584005,2.5710627188306794,0.52,1.928,4.709,0.417,1
7q9a,4,9.324989465556902,19.606310673461724,1.7465645363097633,2.0141383329702003,13.204715390780683,12.355400619938095,0.041,18.111,32.482,0.053,2
8yiv,1,3.755381734478937,6.117732259444097,3.5864281580497406,2.459638991970484,2.8932126610627793,6.4174042062444165,0.314,3.835,7.695,0.26,4
3gsn,2,1.3552103422613382,2.119022514149647,1.0435802938499337,1.014084075123098,2.057090086692431,2.1233053309741012,0.59,1.434,3.551,0.397,3
8ryp,4,6.235944602444684,10.8604753139602,4.043788979296772,4.149771486595069,8.977576433364305,10.451432028633308,0.09,7.603,18.06,0.053,3
5xot,1,1.243988876192693,2.0168890691464827,0.7662308056182394,0.907839897604761,1.8250499849136932,1.2098051622068404,0.66,1.327,3.021,0.532,0
8en8,0,2.720852749197214,5.263145766765505,1.0161877238810546,0.9367285526570898,4.7312657121702815,8.210517502341128,0.363,2.886,6.691,0.26,2
7n4k,4,1.2617024898996074,1.9459649012628093,0.9726054052370902,0.888978547712828,1.713152858313093,2.8510866010663607,0.605,1.276,3.514,0.382,1
7jwi,1,7.857773818009781,17.00355259295098,3.593032242301904,3.7833286984046426,14.227653843749835,9.65044629476539,0.031,16.894,36.518,0.033,2
9j4t,1,2.536019879883764,4.270769073859281,2.8341781640301638,1.4585848439668585,3.773866689397165,5.570514845697135,0.28,4.775,7.92,0.214,1
3dxa,4,10.357687718717543,16.393414851115345,8.035956386895299,7.418863348951169,6.360319026857506,19.616371276533883,0.043,13.101,25.004,0.014,2
3e3q,1,0.9946998629211086,1.441208587271646,1.035711623816366,0.7671620238562713,0.8187640693845996,0.9305722280100918,0.719,1.094,1.747,0.544,0
8ryo,0,1.8822358859026134,3.39133564374105,1.6167150719596102,1.107785113387726,4.233367533021774,2.2075050598686956,0.564,1.699,2.138,0.315,1
6am5,1,0.7722232520884568,1.0872417582576208,0.3558012096033348,0.6673225321691479,0.7043489462130009,0.8215467309814526,0.825,0.497,1.395,0.6,0
3ffc,3,1.9860632702323344,3.546105170423174,1.2296309922915345,1.2952741146858848,4.5274994671731745,3.3946566612333937,0.391,4.03,5.695,0.36,1
7qpj,1,0.9118690301062458,1.0710103151716848,1.2427222494507046,0.8055936994843522,1.279223817093299,1.450874829326347,0.791,0.536,1.249,0.507,2
9rup,4,9.105160161446964,19.37214281589447,3.7549530708569763,3.9548447815879224,,11.47092950040317,0.013,14.644,48.612,0.0,4
7n2n,1,1.100616754942774,1.6812119616334034,0.25663176876569804,0.9594841172360424,1.3681076171450508,1.6161177394767878,0.716,1.245,2.741,0.649,3
6r2l,0,7.099060623922064,14.273002626355906,2.141280906089853,2.233778629775476,10.558069125588935,15.439056212796757,0.047,12.534,30.243,0.055,4
3tf7,0,1.3523611833546154,2.5247568908988933,1.010798779363767,0.8048823427372946,3.000146367776345,1.0147080727933249,0.699,1.204,3.275,0.617,0
6mtm,0,1.120246539600646,1.7886435273885377,0.7929749916450898,0.8945568834792857,2.4065073479067514,1.7931321799278566,0.714,1.103,2.144,0.552,2
1qsf,4,1.4690868197944484,2.520567177078087,1.067505890581701,0.9509425093305361,3.1034497109406174,3.7907908136558692,0.622,1.487,3.285,0.492,0
9c3e,0,4.715861845982554,6.379924966745362,3.8213637144376658,3.4220437117003337,6.892597245352752,4.213729455355947,0.186,4.916,14.768,0.224,4
8rym,2,2.5089414672830435,4.154883192441261,2.134291854735759,1.81104967148359,4.9064082223442345,3.037079094700416,0.376,2.676,5.804,0.208,2
3vxu,3,1.5272031628473437,2.2314340045953016,2.0421608670583336,0.9747132954829352,3.089508480265846,2.185669416941,0.667,1.183,1.426,0.412,1
3tjh,0,3.076911579922674,5.302003651658099,1.317285130636141,1.8017710549778958,5.99603439626209,3.5307982475030957,0.167,4.84,13.601,0.133,0
7r80,3,2.324915906446823,4.447848759427783,0.9415585019715745,1.2188241980946102,2.159567248895404,3.8032782083629293,0.31,3.271,8.201,0.238,2
7pdw,3,0.8724061480117845,1.0798412939562805,0.9450125837380132,0.7721492656784732,0.9590707516814228,1.0614648234982451,0.936,0.434,0.757,0.892,0
3w0w,2,1.0591201969486461,1.2702238310548135,1.8866077686188105,0.7984066193156476,1.1787118721293397,1.0295145203319322,0.781,0.652,1.398,0.527,0
5euo,3,1.0730455248573154,1.8060218327873971,0.48524428943083453,0.7698579627110886,3.1259950475467697,1.098934585703837,0.735,0.911,1.573,0.508,1
3tpu,2,1.9384140331492612,2.0816633773201945,3.8180321275019287,1.4828306086162442,2.664909471526222,0.7333156217890882,0.615,1.385,3.323,0.439,1
7l1d,2,2.720254108945396,5.333770606870786,3.094387775216969,1.0836790009852268,5.309866374855203,5.522584230211219,0.487,2.736,2.948,0.338,2
8i5c,4,1.6367796256304485,2.8052381117733356,2.4083011283319857,1.1514300471481433,2.0273373638744516,3.086482458914035,0.589,1.381,3.632,0.381,2
6avg,0,1.807867295449614,2.4065333796975654,3.7806981212061097,0.8423607110453504,0.6314032386787999,4.350756612715412,0.351,3.41,7.505,0.33,6
7l1d,0,2.2396188647484347,4.199345710290027,3.002794049199373,1.010899549409107,2.9026432921893064,4.787332339778636,0.526,2.247,2.763,0.365,2
2bnq,4,1.216776603820268,1.5085727178528878,1.6349047102073972,1.0207379808723167,1.2274379679952891,1.673749720944543,0.593,1.202,2.911,0.274,1
4n0c,4,1.7395023720967397,2.597757334265528,1.3433137722815633,1.4119957704762394,3.388416889722203,2.1508033385615777,0.624,1.248,2.263,0.346,1
6avg,2,2.622483395721679,3.932240728639648,4.032798765292865,1.2245402801687006,1.2007744661924886,7.158914690544504,0.29,3.935,8.081,0.216,2
2ckb,4,1.251501466860883,1.7242439548186792,1.4455380595389113,0.9902799408808309,1.8842735207170478,1.5013791644088832,0.682,1.182,2.909,0.533,0
5euo,1,1.044291758721819,1.737471411651842,0.4719355628659659,0.7636624340807422,2.995825712868174,1.0575509949043351,0.751,0.838,1.164,0.508,2
3tpu,0,1.9677876534212972,2.2117368075250106,3.762372052842023,1.4894501834105562,2.7941757083316383,0.7566812532223834,0.584,1.542,3.724,0.427,0
7r80,1,1.9521111294461113,3.4096390232674527,1.1758261749821093,1.295202824302021,1.8876496983291315,3.6442928293009667,0.465,2.294,4.974,0.349,2
3tjh,2,1.4685853780619844,2.478607246906332,0.5363767568987109,0.922576438038607,3.6066751597702216,1.363933468113767,0.453,2.023,5.301,0.283,0
3vxu,1,1.4985680469104896,2.1679368833088235,2.045993501876832,0.9656979438767954,3.018770296882945,1.9667844555959395,0.682,1.035,1.596,0.402,0
8rym,0,1.5838362286105565,2.7156345278522585,1.8144395645012648,0.9960835375293475,3.372645651893674,2.8437781962349185,0.484,1.752,5.057,0.292,0
9c3e,2,3.4980719272328518,4.7412844262573755,2.9509292432109415,2.5009065881477692,4.3855438024142845,3.8375337021221325,0.277,3.628,10.959,0.31,3
3w0w,0,1.0984979428013444,1.328508278618041,1.9146700424688787,0.8340113053991295,1.335185912453487,0.864824923336124,0.785,0.682,0.985,0.541,0
7pdw,1,0.8528383529632158,1.1166444417427202,0.8482791208899684,0.729812016078556,1.0137483239198477,1.0301747823081226,0.945,0.475,0.914,0.938,0
6mtm,2,1.1184294203278873,1.7503294246946552,0.8358178905523028,0.9074650928085048,2.4694463468905314,1.5344751255793752,0.728,1.043,1.379,0.534,1
6r2l,2,3.392776378275582,6.720304509365489,1.2907180155409266,1.2342691579417284,5.956855493601619,5.672943030246408,0.12,5.705,15.101,0.055,2
3tf7,2,1.3416048971611596,2.516910962790199,0.9608327453911453,0.793400402744502,3.1034640684087322,0.9797158074434097,0.715,1.214,3.115,0.66,0
7n2n,3,2.8385657042763026,5.5023351162729845,1.4914017121807217,1.770828122481083,3.380645175130068,6.623732558596588,0.304,3.506,8.32,0.246,2
7qpj,3,0.9305678792766539,1.0348647869006709,1.015991435791283,0.880594978007546,1.3408171118179206,1.2715225151668426,0.808,0.484,1.122,0.536,2
2vlj,4,1.3568089629377489,2.414906231372107,0.881369066530008,0.9269721576619067,3.3444422048499365,2.2426810995350084,0.52,2.075,4.999,0.473,1
3ffc,1,1.1411955731129262,1.6764817195383255,1.0759486799960885,0.9371565410842821,2.084017793408756,1.7198719704462198,0.548,3.318,3.774,0.64,3
8ryo,2,3.119313425760675,5.369868222788492,2.507477677950478,2.0748553469598816,4.8553231557156495,3.9103680805263257,0.324,3.257,6.788,0.185,1
3e3q,3,1.0629266454903787,1.539318558849754,0.9912649500370095,0.8363445636179323,0.8681701887032922,1.6919229662724669,0.718,1.154,1.624,0.561,0
6am5,3,0.8081935264322819,1.226381993436541,0.35046992283347794,0.6471262004932499,1.0585210405488863,0.8960167388833314,0.783,0.675,1.414,0.543,0
2f53,4,1.2899619129193562,1.6026450506860253,1.736889128058939,1.0739597140630555,1.259569831423161,1.2950609280250112,0.621,1.255,2.799,0.373,1
9j4t,3,2.334628133986966,4.0131340972577885,2.682102729474263,1.2361699406469528,3.010428785173051,5.643320291177125,0.311,4.631,7.284,0.262,1
8en8,2,2.998726033217178,5.46155740861118,1.3695431714754946,1.5340042947012245,4.248148465607321,7.074767478310442,0.263,3.726,8.974,0.178,2
7jwi,3,7.859786892785325,17.02573018349727,3.607270313197643,3.764613704565432,14.12236101822803,9.402776235119838,0.031,16.906,36.413,0.033,2
5xot,3,1.307542909232781,2.2419485518082527,0.8957181769925551,0.8497263048694017,3.9622967737111043,1.5467345819415421,0.68,1.142,1.81,0.452,2
7dzm,4,1.9388661739880724,3.8870737386147374,1.118542354033971,1.147139805558812,5.2437232932396265,3.477749534007454,0.167,2.861,29.584,0.209,8
3gsn,0,2.1371523933502155,3.41907017637092,1.9264523340858348,1.511563687758952,3.0590818126274404,4.163300492306637,0.459,2.228,4.117,0.254,2
8yiv,3,2.8727559293058715,4.63431211739734,3.8836665220726303,1.6874188346495544,1.9310583592682007,5.496222356375051,0.473,2.671,5.072,0.442,3
7nmg,0,1.4988642487986323,2.2758120386850824,1.0566428362528848,1.100043493797688,2.0317715422672373,1.8228066838101535,0.593,1.573,3.628,0.458,0
5men,2,1.0972266254237717,1.5038977820301325,1.1205628938717807,0.8946988399623143,1.2503244002062543,1.1795299702742388,0.625,1.332,3.278,0.444,0
2jcc,3,1.568243144782269,2.9419858596743578,0.8464923965644383,0.9036915376585396,2.6078641156593907,3.8971530587602796,0.54,2.163,2.024,0.348,2
8gom,4,9.920292528493,17.45452055833526,4.910583445349634,5.283571446677224,11.002480843152938,20.511296789588073,0.031,14.083,39.089,0.037,34
7pb2,0,6.626598441122669,15.656103476322604,0.8830294330284632,0.9940319335822371,11.935427820395018,18.56209133298341,0.025,15.21,32.316,0.0,5
5xov,1,1.9047879088595132,3.624271273222351,1.6806277117158313,1.0021286357966965,2.3810988971497618,2.995861494619835,0.333,2.621,8.024,0.222,1
3utt,1,1.266495236228154,1.8557995369017561,0.8483481516224078,1.0831163341250698,1.737112215931985,2.7169296586544722,0.708,0.981,2.247,0.489,1
8gvb,2,1.4361597906674057,2.5079848183537776,1.2559236948794246,1.0404947342255777,3.5088881029563876,1.5690340321082301,0.516,2.12,4.233,0.412,1
4qok,4,1.0360657987458848,1.5433770745126818,0.7754719851715518,0.8322224449680153,1.9260241097639832,1.2875396929239054,0.664,1.07,2.869,0.432,0
5jzi,4,1.0610946757180322,1.4340587983861903,0.8624869031739049,0.8894190758808065,0.88055256690298,2.2778655262222705,0.698,1.013,2.585,0.493,3
6zky,0,2.1335757687619914,4.432576631678591,0.7299321180510443,1.0571167663549883,2.762103638903557,2.790082461142315,0.282,5.105,9.449,0.32,1
5sws,2,7.7367594882007555,16.845664257373524,3.599308486046019,3.6616216583901617,12.918174868895349,11.340438261270252,0.024,16.631,37.69,0.017,0
7nme,2,1.7387552879412147,2.5596110560441963,1.401874449495726,1.2756700543780495,2.247096042826768,2.653962335099995,0.539,1.777,4.241,0.4,1
5sws,3,7.415738382082811,16.23745255593774,3.675445844663505,3.3897078822135427,8.812081834327392,13.89534699572164,0.048,12.339,32.621,0.067,5
6zky,1,2.622393230593319,5.43250517043084,1.6212454434548698,1.2483108557793194,4.739699321068175,6.957084546749809,0.377,4.235,6.936,0.42,2
7nme,3,1.730576832584203,2.565471423192666,1.3617856963411068,1.258332531921771,2.211782820970243,2.5511459962517975,0.534,1.803,4.533,0.413,1
7n2s,4,2.1074845164169647,4.101948389431765,0.8594729117852412,1.2260664197287918,4.998618750088448,3.8372248598533543,0.436,2.374,5.921,0.348,8
4eup,4,1.1440473404007194,1.8161366995421735,1.1150419678501795,0.8299401572481502,4.18010822210803,1.4743247650716014,0.642,1.127,4.091,0.474,0
8gvb,3,1.4816419879014022,2.597772952125305,1.2983462039025593,1.0669960464423882,3.2716731141299342,1.8008545026560705,0.488,2.229,4.663,0.382,2
3utt,0,1.2363129370627541,1.801810930161597,0.8740305619164119,1.0582244391007294,1.4285476759080808,2.7219783619618902,0.702,1.05,2.458,0.511,0
5xov,0,1.9402998284875448,3.6603269521420323,1.565743007297032,1.0807100800911047,1.3355647502324697,4.974056277306146,0.393,2.376,6.375,0.254,1
7pb2,1,3.633880660893456,8.186540869333475,1.1512239766804708,1.3250267318439717,7.0239157169125415,6.520360895009714,0.094,6.763,19.973,0.082,0
3kpr,4,1.6692008729726695,3.203319757763516,0.9732813647456577,0.9192121648170165,4.960267753347176,2.4306362323211896,0.578,1.778,3.007,0.43,0
5hhm,4,1.2929860138822913,2.1594891410173362,1.1253470643536594,0.9197795546514553,3.066608368376722,1.9325449408740676,0.559,1.901,4.486,0.51,2
5men,3,1.0403739115826243,1.4350431753132273,1.2063824530332796,0.819851911510875,1.1907274199329172,1.0580631742311337,0.681,1.136,2.826,0.506,0
2jcc,2,1.3994799558498139,2.5411943239318306,0.7997852673034012,0.8784331164622432,1.7153778162766486,3.479569774141162,0.526,2.205,3.073,0.377,1
7nmg,1,1.804612972468206,2.8376336969538283,1.1270374921030608,1.2558314354002862,2.3559431036302456,2.6326213634899602,0.52,1.942,4.644,0.417,1
8yiv,2,3.146253347264533,5.28890434564044,2.251729523145808,2.0222539683983194,2.5620026282356205,5.710451201935579,0.376,3.231,6.212,0.299,3
3gsn,1,1.1541178308744835,1.7969279946392158,0.7790097733155096,0.879210123751274,1.8072387029689077,2.0709298307932484,0.706,1.063,1.757,0.492,3
5xot,2,1.3446238859286144,2.3327993074320617,0.785422347687758,0.8635138595540971,4.055302744146198,1.3743093663495258,0.659,1.303,2.439,0.484,3
7jwi,2,7.823408532898888,16.94471709707778,3.6716073216730867,3.741821583054883,13.85724922629999,9.525393628574983,0.03,16.7,36.937,0.033,0
8en8,3,14.613450780256569,23.163764150837565,8.330314394566773,10.682755339349542,17.23060920266309,26.38504225021166,0.026,16.793,30.805,0.0,61
9j4t,2,6.699187586894123,9.774516919550791,5.896044307725531,5.3500064333991775,9.466362853263277,10.157481797936427,0.098,8.301,14.202,0.0,2
6am5,2,0.7702419362345473,1.1411695951918828,0.31637887465501224,0.6348417718607724,0.7349021270665232,0.8543285703214105,0.819,0.45,1.15,0.557,0
7n1e,4,18.693129113506302,23.564930642728,16.363890507473595,16.978943862076136,25.6897637531673,20.657676923735075,0.01,21.143,54.33,0.0,9
8ryo,3,2.438869690590212,4.05316385149074,2.1698109431027843,1.7031024283820317,4.595909887640586,2.933523122322174,0.416,2.544,4.449,0.204,2
3e3q,2,1.0831317548451114,1.5866927099960626,1.0218781855200094,0.8385142481417924,0.8288231404332369,1.716546121527933,0.708,1.186,1.616,0.544,0
3ffc,0,1.302991385581795,1.9072528325188904,1.1750715658407556,1.0795483973661608,2.1923655243423132,2.146585991964552,0.534,3.354,3.947,0.613,4
6eqa,4,8.725010512105719,17.6953465020877,2.821820223288258,2.0497008822701455,13.821325255127878,12.074125197701601,0.044,17.893,32.719,0.062,0
7n2n,2,2.3358578059148045,4.6872287247892634,0.8124637164131395,1.3568286824404172,2.002394559708265,5.471343581419238,0.316,3.392,8.125,0.263,3
7qpj,2,0.8491622048870745,1.007417277456763,0.8376063832816241,0.7846795045133951,1.1152981266720452,1.555059526531626,0.795,0.486,0.986,0.493,1
7ndt,4,18.179390533487645,29.085046251621076,12.375178525786284,13.601364608550103,37.534314973526754,23.337300236568296,0.01,20.958,52.863,0.0,1
3tf7,3,1.3131637421206104,2.4294578341699755,1.0388579646747813,0.7925988094070565,2.7902731382783865,1.0204240770072193,0.724,1.171,2.98,0.66,0
6r2l,3,3.805634345647223,7.596104412231995,1.2863230498801328,1.294212438557292,6.922673587438186,6.937707887067107,0.084,6.713,18.774,0.033,2
6mtm,3,1.1027585676559566,1.74257094133264,0.8181798030378262,0.8865647770958809,2.3844206122457914,1.5805028654673028,0.71,1.117,1.908,0.534,2
3w0w,1,1.070807724729007,1.2757028245007938,1.8964114917981167,0.815343541000922,1.244044461093709,1.074018345754531,0.775,0.679,1.554,0.527,0
7pdw,0,0.8204033598371069,1.0582789246123594,0.8318372451198058,0.7093365812469461,0.945902195828812,1.0208689019543964,0.955,0.405,0.684,0.938,0
3tjh,3,1.5559225107225318,2.62171621510558,0.5924412626737486,0.9801896408623664,3.6139352134087415,1.300561471122269,0.373,2.254,6.517,0.183,1
7r80,0,3.9833711911324627,6.744358200587831,2.6380192266159965,2.784492778207147,6.821599610307766,5.792851066694428,0.23,4.642,8.758,0.111,4
9c3e,3,12.037351755756575,6.076981436458815,16.33687036532191,13.823150607063871,4.711777100811397,5.81795920958602,0.057,10.192,20.217,0.0,12
8rym,1,1.9119365210599486,3.5161505598448923,1.6707137879233613,1.0966065235849844,3.619517027318336,3.0165271163497613,0.421,2.311,6.453,0.333,0
3vxu,0,1.4935504642007704,2.177953499345773,2.059566417771,0.9396677291796149,2.982811364673063,1.8994109608850827,0.671,1.129,1.466,0.402,0
3tpu,1,1.960858475604477,2.2002207079331577,3.7511298521126557,1.4855915213531907,2.8616836432205353,0.7293278611439278,0.587,1.512,3.742,0.427,0
5euo,0,1.0021850364320017,1.6384982531695151,0.45310581004148237,0.7527769445889031,2.7679040109144615,1.0854913226861405,0.761,0.785,1.394,0.525,2
6avg,3,2.737458136384208,4.154010435651043,4.041144855805774,1.2632051433516602,1.4878823300036867,7.458426123270277,0.274,3.983,8.63,0.206,2
8ye4,4,2.413271636240127,3.800796927412149,3.4011648937604613,1.5026098302655928,4.658332946879897,4.149302255358245,0.435,2.365,4.859,0.264,3
6d78,4,14.479766285973975,21.69223426352735,8.438253831239264,10.719821604741304,22.346100083022417,20.129947128893235,0.036,16.657,25.676,0.0,6
7l1d,1,2.8485214285158826,5.649024649635324,2.7540372700372333,1.1688619002008198,4.953625377619252,5.995328209242465,0.468,2.9,3.127,0.311,1
6p64,3,2.33810798191041,4.1601457341372425,1.3883033520008683,1.2215087582969104,1.5737103178778395,3.253060306357467,0.433,2.596,4.65,0.28,2
7rtr,3,1.7272071689909265,2.9114700366636512,1.5475274263430834,1.0297359892970064,3.251220797634799,2.0913307855071492,0.549,1.595,4.701,0.413,1
3qdg,3,1.0401260530606042,1.5845312459792522,0.729268756633164,0.7841772976347565,1.447647325817969,0.7874523165153593,0.754,0.743,1.393,0.486,0
3kps,3,2.056506181085157,3.9583925096391464,1.1118466968799272,1.18877718826024,4.6038793597905245,4.71543318314002,0.474,2.466,4.521,0.372,2
6vm7,2,3.2418125765074506,5.7063537093532855,1.8885793380621143,1.679986005318991,7.127311354717887,3.5945011846540673,0.213,4.362,12.356,0.213,1
9ru5,0,2.667348138835649,4.541247402105596,2.427345502742225,1.9525477379117286,2.411605046536311,3.130269580480949,0.391,2.858,5.701,0.266,2
7n2r,3,1.8537958425821308,3.5931868810485526,0.8766028845420827,1.166172546141901,3.565722296521512,3.736730148705024,0.383,2.163,7.06,0.232,1
3vxr,1,2.485709312821175,4.0915041288476,1.915152593123939,1.6541070800782003,3.715104568262514,4.500098880242038,0.334,3.048,7.41,0.239,1
7q9b,2,2.504541614019581,4.826242491063807,0.8511153140626899,0.9955573143331121,5.422758853045907,5.917214524958091,0.38,2.817,5.827,0.237,2
7dzn,0,2.0786807465939177,4.11794529674462,1.6699293480931365,1.2443407074351873,3.9814698954591745,2.255412620354286,0.139,2.523,28.208,0.071,1
9d95,2,2.1186673355748527,3.296470312327131,1.9390314683991268,1.5177453385046258,2.6376345586694256,4.083440311685091,0.444,2.345,4.432,0.256,3
3mv9,0,1.0937397963048157,1.4641869246599428,1.0103964820670377,0.9126049107263182,1.2809329237072378,1.0847440736407086,0.696,0.864,2.212,0.4,1
1qrn,1,1.8382422564206387,3.01711232265302,1.6807038977785538,1.0956436715481208,3.1604828879164923,4.600172790693962,0.518,1.934,4.759,0.418,0
8ryq,0,13.710640442694457,21.822694960659238,9.47757266102043,10.313934116545036,18.89960036543668,21.026941678428635,0.038,15.152,24.923,0.0,1
6tmo,1,1.173540394387506,2.0202710015731076,0.606800837681176,0.7092796638749659,0.7848432060291903,1.8958722036254962,0.693,1.208,1.748,0.512,0
8gon,0,2.331880854550771,3.7350222748929958,1.9939672990218043,1.5848182847051313,3.1447987637517034,3.379465109811692,0.488,2.355,4.765,0.414,1
8d5q,2,1.4961019151420738,2.549154474888514,1.0113747370674293,0.9625073999485899,3.271423157076481,1.64555461563102,0.642,1.04,1.047,0.264,1
2uwe,1,1.4796755568591373,2.8117506084264154,0.7138260486749745,0.8249564564020574,2.338419374593207,3.5674465047915125,0.565,1.581,3.355,0.355,2
6zkz,4,2.2051888466049814,4.2932289488449475,1.5363986073755218,1.2176037805565982,3.418110730746747,6.217288840367123,0.401,3.909,6.062,0.411,4
7n2p,1,1.5839378942779567,3.017078383719163,0.849295815535823,0.8631872759905481,2.7127388396550387,3.41426965402883,0.42,1.927,6.315,0.238,1
9j4s,3,1.0968365788854335,,2.0858492452938067,0.8852430202392182,,,0.006,32.941,65.661,0.0,2
2f54,4,1.6124402927127852,2.04060737601354,1.9689818728077524,1.3575418402820971,1.562738559715779,2.2569966024321158,0.491,1.654,4.038,0.205,0
4g8g,1,3.0118589146657544,5.361057700691058,1.1146107394797018,1.5827508506616232,5.1586180214097315,4.9795422953675335,0.189,4.39,12.86,0.158,1
2p5w,2,0.8738934890026738,1.090432910911374,0.41916581621507887,0.8128733526307405,0.7063995523297573,0.532498450825096,0.808,0.507,0.734,0.533,0
7su9,1,0.7706705557297164,,0.5636825307693114,0.785372863278216,,,0.006,21.016,70.803,0.0,1
2vlk,2,0.9490252323255571,1.4618246586628965,0.7389151887610541,0.775046195475159,2.0582169592068604,1.3665055718271335,0.752,0.959,2.125,0.604,1
8cx4,0,1.2114116256866747,2.1874430594156737,0.49532510302840016,0.7698183351362612,2.334753784878098,1.7609491412584033,0.515,1.588,5.776,0.39,0
2bnr,0,0.7847303178180263,0.7631125862954539,0.6202410794785841,0.8089091020178091,0.8968456419135368,0.840576094572265,0.812,0.366,0.707,0.5,0
1qse,2,1.2408731587043826,1.9561029806270027,0.9478115875913893,0.8501185185764973,2.7337624449157993,2.104298309711715,0.669,1.119,2.668,0.455,2
5c07,2,1.1576644470922435,1.9767602454685973,0.7091411470304125,0.7864789263126797,0.8445360580183571,2.4203781246254117,0.643,1.167,2.664,0.396,0
7phr,3,0.7962554853785728,0.9743998453818491,0.8587921287458304,0.7214618446617691,1.3882031443271696,0.5138683651369924,0.773,0.795,0.931,0.549,0
2vlr,0,0.8679424607006594,1.055016750743444,0.7384992575020529,0.8223440740594229,1.2474249632782377,0.9454591802174505,0.775,0.843,1.942,0.615,2
8gvg,0,1.5178329545817408,2.8266736113950515,1.2930816258850688,0.971725215104256,3.9377740611942973,1.739137622331706,0.488,2.292,4.678,0.397,1
1g6r,1,1.3754876410219978,1.9323834169912804,1.5261921606963302,1.0766211742617802,1.9257020140900079,1.5005153678920233,0.51,3.552,3.776,0.544,1
8ryn,4,2.473547699446696,4.1531096810019275,2.0829335045202306,1.7586334688875687,5.213146118120427,3.181171028335259,0.412,2.576,4.208,0.18,0
3uts,1,1.7132255267337477,3.0754645350786753,0.921431003801183,1.0865534940846235,2.0247289841841942,3.7995195549654275,0.454,2.301,6.379,0.425,0
6eqb,1,1.5847631170238499,2.447021782003279,2.581769736662147,0.8778993258364823,0.8585397203256112,2.4862259379547664,0.693,1.239,1.277,0.507,2
6avf,4,5.15226911724816,8.704845164498881,3.4776258029848375,3.529000250253382,6.366605810234402,7.461793736975587,0.108,6.675,18.906,0.106,12
3pwp,3,1.9729598830449402,3.094709812771913,2.421744816547975,1.2315069833826329,3.238312916098675,4.036640544518846,0.528,1.763,4.686,0.397,1
7ndu,3,2.2930294826365745,3.8371710850034733,3.372221635066357,1.5120870905195316,3.614345915781413,4.917536230758139,0.527,2.336,4.713,0.523,1
6vqo,1,4.368691441782592,8.26558237136216,2.2772194345000183,1.9872305157517176,10.859286522034544,5.111580789502758,0.136,5.668,15.32,0.106,2
7n5c,1,1.4924173626290642,2.3101764803573355,1.006073627060369,1.0510456680497748,2.123626091112814,3.1232258813436604,0.601,1.297,2.304,0.298,0
9iky,2,1.3428744250036013,2.3187280394608902,2.209342805790833,0.9049263739138173,1.3887173664260588,2.7884803081125953,0.718,1.153,2.009,0.578,2
7n1f,1,1.758387620123002,2.968060343751385,1.3454467680179782,1.092264493112704,3.6380056793439888,2.041578481577258,0.531,1.72,4.609,0.387,2
7n5c,0,1.4463175120222054,2.2498784108081837,0.9762980110583471,1.008479867581891,2.459075676606706,3.03073815383353,0.617,1.249,2.397,0.333,1
7n1f,0,1.6277827358510941,2.636804937495445,1.3917016602577432,1.0911226814866821,2.9233089686700198,2.1377280793862052,0.56,1.494,3.493,0.323,3
9iky,3,1.304857414046777,2.249102313483728,1.867941826529837,0.9306919453369249,1.2795067633744697,2.8575636811780822,0.696,1.144,1.827,0.5,1
7ndu,2,2.3127599329828743,3.8177247919618127,3.515080353110312,1.529508359211054,3.940015007803746,4.6965524120930064,0.538,2.209,4.15,0.492,4
6vqo,0,1.750272643979934,3.2727405776158554,0.8713402643061847,0.8535187324129655,3.3795649967358665,3.1535367852677623,0.451,1.998,5.358,0.277,0
3pwp,2,1.6782862284623632,2.5934188142586834,2.3309656254304447,1.0194434045193626,3.1813481132476205,3.6438693641437085,0.56,1.625,4.161,0.414,1
3uts,0,1.565714526965371,2.7530410597926607,0.7474734815974068,1.0485446769828164,1.780412556343434,3.381524612681126,0.501,1.958,5.469,0.425,1
6eqb,0,1.558519494982711,2.396424220028397,2.596600277950545,0.8571482708113571,0.90569104024274,2.370358425913696,0.706,1.155,1.064,0.507,3
3vxm,4,2.627679766925114,4.526086921000932,1.93800606630135,1.6430089639025933,2.9420155244663446,5.016804885765154,0.316,3.027,8.294,0.239,1
1g6r,0,1.466251475528857,2.189231218643439,1.5378441837146766,1.0690918193983903,2.5001037576124965,1.4832413875030999,0.488,3.533,3.991,0.491,0
8gvg,1,1.5139498317944653,2.8115516754384426,1.373614115161742,0.962916205526942,3.8689692059392233,1.6850191187971992,0.479,2.337,4.75,0.382,1
2vlr,1,0.8873789791371973,1.1159254197563,0.7511446203133708,0.8276053648657492,1.2342716347335814,0.9926942001116636,0.765,0.866,1.98,0.596,1
5tez,4,3.003391676236416,5.708735954060392,1.3952140519235934,1.5348057956074328,4.479089083964564,5.401882051284705,0.293,4.159,10.119,0.35,3
5c07,3,1.190879978112236,2.0813769263561173,0.7377976623071579,0.768104233169456,1.038592196805808,2.6391376685186927,0.621,1.313,3.397,0.434,1
9j4u,4,10.543235023629943,19.450951568812023,4.787099749656142,5.006050747725368,15.381918953970658,9.172865234156877,0.024,16.206,32.329,0.0,7
1qse,3,1.320249074276292,2.086913575792635,1.007017025725036,0.8995647563558117,2.8177350268998294,2.2973862860237113,0.644,1.189,2.914,0.424,2
7phr,2,0.8649043016978566,1.009731273138957,0.857570970032388,0.8126367290194613,1.086356724748164,0.9190885638363236,0.771,0.803,1.006,0.549,1
8cx4,1,1.0319522021322445,1.708172990362167,0.40168842980133734,0.773410480012219,1.7359974463659393,1.4016332761734265,0.601,1.26,4.346,0.424,1
2bnr,1,0.8353111225596423,0.896379554160448,0.6263364987578296,0.8311952139971608,0.9303812539237819,0.8894632226342274,0.785,0.568,1.242,0.5,1
7n2o,4,1.2875345827065057,2.3115528288882516,0.5666214495827888,0.8440524857766537,2.1958206475583313,2.8463597859680876,0.571,1.629,5.625,0.559,0
7su9,0,0.7594202959526212,,0.5597225785167649,0.7736532359118574,,,0.006,21.094,70.739,0.0,2
2vlk,3,1.3321299434263225,2.359177739063377,0.8529737033019673,0.9222083387621066,3.18952642850747,2.3404899544807027,0.56,1.943,4.523,0.528,2
2p5w,3,0.8495695055386991,1.0464216130418817,0.2996569717159026,0.8027857971484172,0.6911703771717915,0.5022811536026063,0.805,0.463,0.632,0.507,0
4g8g,0,2.63538204959933,4.767880876877912,0.8564995599878126,1.291027586253188,3.944853862910212,4.842802326649313,0.233,3.828,11.463,0.211,2
9j4s,2,1.0968181823099397,,2.04730828721721,0.897125731983448,,,0.006,33.027,65.807,0.0,2
7n2p,0,1.4594750256261664,2.78257848198009,0.6841188316477292,0.8010382881190552,2.538024720832603,3.0316770504253348,0.412,1.889,6.549,0.222,0
3rgv,4,2.328723346417541,3.5501817253773256,4.663568054384562,1.1874985995079939,2.430494364619123,5.496057131476792,0.641,1.251,3.06,0.447,2
8d5q,3,1.332592186715917,2.1368395449592117,1.0123546494267714,0.9546511565182497,2.4684635282153162,1.2363172375254077,0.672,0.866,1.667,0.302,0
2uwe,0,1.4693578789964858,2.761533570273614,0.749256562414781,0.8455635152087022,2.1956882103401325,3.3315717367717985,0.554,1.646,3.705,0.368,3
8gon,1,2.344931330292445,3.722753863819851,1.9852933832202062,1.6244001081924169,3.2235810325820156,3.2075672788338943,0.476,2.333,4.913,0.386,0
8ryq,1,13.548546127340183,21.301443606501934,9.354500373942681,10.370035975496592,18.58123077938557,20.246924693859647,0.039,15.028,24.481,0.0,2
1qrn,0,1.5611521645326276,2.490360347368442,1.6039935637091227,0.9745651449132005,3.0350349056561337,3.2590463683456217,0.561,1.563,4.65,0.433,0
6tmo,0,1.154325013887016,1.9636038047244133,0.5799218438306347,0.7227133096980866,0.6174358399453134,1.688694011424441,0.711,1.152,1.251,0.524,1
9d95,3,1.4329430573697137,2.3495459216462353,1.2537784689564382,0.9355397193507302,1.7948482755964998,2.6240163044638183,0.534,1.702,5.062,0.427,4
7dzn,1,1.6382717355427678,2.575670495163551,2.7145367728551837,1.1359307342491436,2.9011587638866225,3.153293950142074,0.208,1.804,30.419,0.143,0
3mv9,1,1.0429128034438315,1.3144615331625173,1.0253952554986632,0.9117900288477018,1.1376361601808853,1.077305179328384,0.702,0.84,2.062,0.4,1
3vxr,0,2.6341999523779394,4.349290566308002,1.9633236475478526,1.7506734521222829,3.8872492209027008,4.777427462719067,0.319,3.291,7.982,0.254,1
7q9b,3,2.5557427635460077,4.898914214516793,0.8954872258900579,1.0558511047480734,5.335698715832146,5.9446955397071815,0.311,3.203,7.428,0.188,2
9ru5,1,2.3326871509877716,3.8371771938751533,1.7466773538615101,1.8292101437956514,2.5651203299944534,2.753375724607772,0.474,2.351,4.387,0.342,1
7n2r,2,1.8112108364650512,3.579059873551769,0.9364464318748202,1.0799342760278656,3.4308985351217807,3.457555984439431,0.359,2.324,8.248,0.268,1
6vm7,3,3.2137680333600893,5.684530474784175,1.6509717053441886,1.6546191699808739,7.099601324596417,3.693146084699289,0.199,4.316,12.256,0.164,2
3kps,2,1.9220577125975227,3.6942964918784216,1.0499108909162564,1.114815049736827,4.597412531596124,4.606234189365738,0.544,2.078,3.528,0.436,3
3qdg,2,0.9940684227929579,1.4865808959257312,0.7409330082156083,0.7654108980161087,0.863548349906406,0.8664364083810918,0.79,0.61,1.078,0.528,0
7rtr,2,1.6674250669737234,2.840356224064074,1.3954335278549284,0.9805227590558296,3.1721107132244177,2.1248789655389224,0.54,1.636,4.471,0.381,1
6p64,2,2.3697019879044396,4.186270450182272,1.4272771111858922,1.27271437555941,1.0687223147954246,2.9989234670162244,0.475,2.684,3.878,0.36,0
6p64,0,1.9282780243117308,3.3906832504187037,1.2393923020435063,1.043788277540278,0.9169564958049339,2.452139107688927,0.497,2.292,3.846,0.36,4
7rtr,0,1.7464855831638464,2.9037784739017933,1.5598052572942784,1.0822621193843882,2.9495342482249716,2.104957568426164,0.54,1.57,3.925,0.317,3
3qdg,0,1.0176718909465157,1.529590635909418,0.7664644509619527,0.7773185851622341,0.861108783585206,0.8616447299351399,0.789,0.66,1.409,0.556,0
3kps,0,1.8327046029108465,3.6759951863664857,0.9440111284865553,0.9160229316800079,4.813992936720168,4.822904780810435,0.605,1.681,2.226,0.436,2
7jwj,4,2.3099532144525607,4.690525741910239,1.3256238783217391,1.143908845550413,7.083822223713374,3.8273813100020533,0.283,3.864,9.143,0.255,0
7n2r,0,2.1770131545802776,4.320863980138205,1.1087546142789733,1.2838685880066496,3.4980992196669844,4.799188154683761,0.291,2.738,8.821,0.161,0
9ru5,3,2.300526492707474,3.6971831018494385,1.7732650052156407,1.8440249420465662,2.042435415810392,2.968190222718582,0.445,2.348,4.206,0.241,0
6vm7,1,3.317259928170094,5.749772074286945,1.7247143115927122,1.8527251036333015,7.269612133657109,3.8232328334416223,0.198,4.415,12.643,0.18,0
9hlj,4,1.7656926488632485,2.8745352480111435,2.9385510895939313,0.9646357870901923,2.675068480704105,4.279642825330444,0.402,2.082,7.671,0.312,1
3mv9,3,1.0795593761678368,1.3706557647681983,1.0086266980049445,0.9455247508034801,1.165474635739223,1.0702695000339275,0.686,0.861,2.251,0.371,0
7dzn,3,18.639151846513215,26.704505264376166,14.059919902198946,16.671321021635148,27.592036574652415,27.609130842943568,0.007,19.487,70.347,0.0,2
9d95,1,1.4757209253722308,2.4511152173609254,1.4086190136037138,0.9151018082750532,1.4726906306271292,3.309803030466453,0.59,1.53,3.857,0.451,5
7q9b,1,2.440969726353316,4.702053366650772,0.8326508138120607,0.9728177253544114,5.453972081190217,5.918584951417732,0.389,2.687,5.656,0.237,2
3vxr,2,2.3376272065636026,3.867538651986477,1.7792191851012575,1.5412169680096557,3.3411853819581125,4.64365287271434,0.368,2.816,6.957,0.284,1
6tmo,2,1.1566563606309626,1.9619829056233165,0.5758914429182311,0.7300266144130568,0.6793284367284653,1.7678737295089861,0.702,1.156,1.873,0.524,1
1qrn,2,1.4734726650085574,2.317794880603681,1.5900106628050061,0.9381329722095079,2.8732100431914827,3.206872807444193,0.62,1.367,3.753,0.478,1
8ryq,3,13.079575154557725,19.761928825779595,9.288008508328426,10.493115034607044,18.797779524905707,15.577089536997194,0.037,14.914,25.338,0.0,5
2uwe,2,2.227239356897435,4.211443945456403,1.1993422082894587,1.2500962121896162,3.9332079891822755,5.063363040873467,0.49,1.999,2.418,0.184,0
8d5q,1,1.3198672818476411,2.115551893822938,0.9757224878736038,0.9494008044700873,2.3975606112025667,1.3239974514175668,0.683,0.839,0.98,0.302,0
8gon,3,2.3122593122857458,3.6490617589872403,2.0450343967386346,1.6076813101586651,2.6384669216904046,4.317389387150876,0.468,2.291,5.117,0.371,2
7ndq,4,2.1037661813437043,3.948806054686324,2.9781874485862962,1.348260178473118,3.518588266736469,4.925592337653521,0.41,3.874,4.896,0.35,2
7n2p,2,1.2693813687035016,2.36550865146973,0.7104089444084463,0.7402878137481185,2.908977795674097,2.5470402251055875,0.556,1.425,4.565,0.365,1
9j4s,0,1.0895513469303681,,2.1143368376743665,0.8658306100070596,,,0.007,32.86,63.825,0.0,0
4g8g,2,3.05678323410183,5.47638448999413,1.0754292911419367,1.5646107284942692,5.087084022468729,5.019651931915013,0.183,4.539,13.182,0.158,1
2p5w,1,0.8516849977724097,1.0127821661695295,0.3108430183434393,0.8225745832996264,0.7058261137048879,0.5229393430247097,0.821,0.475,0.694,0.56,0
5isz,4,1.149982881131798,1.995490929440464,0.7289549533578009,0.7516788655906306,2.8220007198058825,1.7269142786310194,0.637,1.356,2.828,0.459,0
2e7l,4,1.127818317753553,1.7862107680567643,1.1549848793878574,0.7304189431340785,2.3501363882819195,1.095894640841598,0.711,0.915,2.644,0.492,0
2bnr,3,1.6937828663831607,2.4032383347698665,1.8288776824741353,1.3023621718552905,1.6392014501949124,2.5037894124264812,0.416,2.097,4.957,0.162,0
8cx4,3,1.0181718818594323,1.6836840312443744,0.38580512467207,0.764727847879349,2.1939352010681223,1.2219367564593342,0.67,1.024,3.531,0.475,0
2vlk,1,0.8871462665585484,1.273114752306656,0.7243636830525293,0.7662697448891832,1.556618118047849,1.3158189308483075,0.765,0.932,1.911,0.623,2
7su9,2,0.7587054467548732,,0.5385197778506966,0.7741406334066967,,,0.006,21.093,70.882,0.0,2
2vlr,3,0.864907992814805,1.0718850150248358,0.7499040280440636,0.8107244049997455,1.2081552725666715,0.9117405532798596,0.778,0.826,1.907,0.615,1
7phr,0,0.753518311224294,0.8039279751712822,0.8344943616516122,0.7276001993358687,1.0810547610141876,0.5338241796536916,0.794,0.687,0.704,0.561,0
1ao7,4,1.5085886760268443,2.419201495141799,1.2687262598397535,0.9647618962692585,2.8934448953418497,2.8129736704305843,0.614,1.325,4.138,0.471,0
1qse,1,0.9129951797722171,1.1786105994879614,0.8881763191617291,0.7887678647524542,0.8091613894694287,1.4293375413313512,0.735,0.776,2.835,0.515,0
5c07,1,1.1358911498553363,1.9263936987204964,0.7260287545595979,0.7788922985730486,0.9312529220364532,2.232128983382036,0.652,1.133,2.434,0.396,0
1g6r,2,1.4080164708084546,2.0001956299062864,1.57732757491944,1.084778950323475,1.9388161684683767,1.4955405658570027,0.51,3.579,4.009,0.561,0
8gvg,3,1.4056085730846173,2.516328789084762,1.2685942274336146,0.9601509141030995,3.436647432655793,1.4757113942409599,0.523,2.197,4.517,0.471,0
6eqb,2,1.5498031725629842,2.3658084952484035,2.6032545952094415,0.864261550050645,0.8694355814718197,2.4812533687485137,0.696,1.21,1.363,0.507,2
3uts,2,1.6029607587874268,2.8804914577917877,0.7162132669343444,1.026196180908214,1.7447883424130417,3.6595968488498727,0.472,2.095,5.883,0.4,1
3pwp,0,1.1952186631434103,1.774045836665285,1.3667957631350576,0.8532550883488883,0.7533794494508327,1.7016392819446218,0.697,0.96,3.627,0.534,1
6vqo,2,3.994461865621253,7.219291695965064,2.5666031998883434,2.1782585259663043,9.761858144480676,4.903676221260387,0.178,4.943,12.371,0.128,0
7ndu,0,2.439135607171837,4.190133084869748,3.612489550740144,1.5323922626538558,3.713372967255688,5.603879695241433,0.554,2.195,4.184,0.538,3
9iky,1,1.3044474477869636,2.2098889132237085,2.2194737710024475,0.8867701314873744,1.3049477400901608,2.7367566565506336,0.7,1.155,1.837,0.516,2
7n1f,2,1.8078899020816557,3.010249072967423,1.531993129152997,1.1399625392935713,3.4683950336783145,2.1826651440176192,0.535,1.716,4.454,0.387,2
7n5c,2,1.2078313875812845,1.837828267453981,0.9418339561019762,0.8634197042734955,1.7191478816863321,2.705199155788478,0.672,0.92,2.511,0.368,1
7n1f,3,1.6201667134815865,2.716173871070625,1.2240187417372086,1.0265405185834888,2.872429243114831,2.3120049827778537,0.539,1.627,4.648,0.387,1
9iky,0,1.288535184978153,2.2338142598391966,1.9824355942213663,0.8892341173763741,1.334219017059512,2.7318199023373624,0.721,1.197,1.75,0.594,2
7n5c,3,1.5138028012063958,2.3074208216565713,1.2323131483091485,1.0718904231029547,2.413336927055131,3.019975224254934,0.593,1.291,2.745,0.298,1
6vqo,3,4.062576253944867,7.252953349299712,2.8742299693425135,2.2780898342520475,9.7133698707746,5.077937933617391,0.162,5.002,13.031,0.106,2
7ndu,1,2.286952645319935,3.932959281863673,3.4627724559130777,1.414285395581349,3.2492646779333976,5.167777694832259,0.614,1.717,2.282,0.477,2
3pwp,1,1.7618537808704573,2.708165895631382,2.354686792434747,1.1069732516632174,3.2503848090513956,3.6370431438540405,0.604,1.561,3.067,0.448,2
6eqb,3,1.561241552836251,2.4053640399479117,2.5947457009331685,0.8554564340546373,0.9029872395115189,2.576070541204707,0.693,1.183,1.124,0.48,2
3uts,3,1.6527829985436855,2.993721219470653,0.7363074780856629,1.037801084923234,2.034098484564641,4.006885368929135,0.489,1.985,5.517,0.4,0
8gvg,2,1.445532381422938,2.569064164399864,1.3146261871419622,0.9982432151753075,3.623057459965469,1.5279753899406705,0.507,2.211,4.517,0.426,0
1g6r,3,1.3357383790781294,1.8429603312139076,1.5217959768985045,1.0614706700257293,1.8296367649864003,1.4996721908591466,0.516,3.501,3.825,0.561,0
7phr,1,0.7922306361692777,0.8809227420708244,0.8403788186300197,0.755829056812938,1.08779382646009,0.604318291622607,0.789,0.743,0.8,0.573,0
5c07,0,1.2984346569316092,2.231839244680981,0.8069768412319401,0.8688756120502982,0.9378729937739163,2.9126432393179478,0.591,1.442,3.453,0.396,1
1qse,0,0.9644057304092823,1.254899304323397,0.8865638362321812,0.8339344366667129,0.8054251503833599,1.5677478835384488,0.719,0.828,3.226,0.515,0
2vlr,2,0.8552446893592958,1.037211231101364,0.7554479460036235,0.808442325967749,1.1721144093145308,0.909392894853303,0.782,0.815,1.767,0.615,0
2vlk,0,0.8868848637380231,1.2908323470295717,0.7190571394590177,0.7582489827251858,1.5313184417605858,1.309910947808212,0.768,0.906,1.987,0.623,2
7su9,3,0.7687044890647202,,0.7193131362976949,0.7726540824224655,,,0.006,21.059,71.068,0.0,1
2j8u,4,2.150343956548767,4.045749287416779,1.1675483496468233,1.2512549503969435,4.51144449844459,4.247774689114837,0.46,2.369,3.65,0.25,2
2bnr,2,1.4403287757133403,1.8513975437117738,1.828882079588631,1.1883803753719004,1.199628584156503,1.8473339390009968,0.526,1.658,3.854,0.297,0
8cx4,2,1.1035097617498244,1.897165249380212,0.5559232424047232,0.7699112418061097,1.5248211235194744,1.3709756071716723,0.56,1.454,5.267,0.441,1
2p5w,0,0.8161667139433544,0.8080023455392236,0.4247920821027026,0.8519666037977911,0.707377974536895,0.5206711481719836,0.821,0.433,0.672,0.547,0
4g8g,3,4.024718778216772,7.163496395602431,1.540413675878675,2.1113854756756143,6.643286364292675,6.350241701026689,0.117,6.356,14.869,0.053,4
7q99,4,1.387985771163207,2.2428027845547467,1.2592795210394612,0.9631362725227292,2.6162163511833887,1.8548948907666267,0.506,1.756,5.22,0.37,0
7nmf,4,1.6853672784162566,2.516374849284672,1.1885551932461746,1.2490436880063929,2.056528927867651,2.537879969382216,0.563,1.73,4.119,0.451,1
3tfk,4,1.7092537618156187,2.6512351174710966,0.8687359753557423,1.3991270632046964,3.101083931254556,1.8636793825109763,0.628,1.325,2.978,0.431,0
9j4s,1,1.16160372746311,,2.1876162543513162,0.9441779345529185,,,0.006,33.117,65.909,0.0,3
7n2p,3,1.7570845998572422,3.3339245258119425,0.8523234583554595,0.9782690773508227,2.6683377493257376,3.6419230283324557,0.379,2.241,7.112,0.238,2
8gon,2,2.3716156533263164,3.736312500835563,2.051780415174916,1.6606087356050665,3.135253660106195,3.8163858439929728,0.456,2.403,5.356,0.371,2
2uwe,3,1.6589214851804226,3.1009503884714933,0.8901408131962653,0.9664026254617931,2.6161882832447185,3.7324914654561328,0.551,1.653,1.609,0.237,2
8d5q,0,1.2864220563432138,2.013813057320711,0.9861524689647313,0.9567115821593061,2.437317850804827,1.2072892913613185,0.683,0.868,1.221,0.321,1
6tmo,3,1.1864795239641062,2.016762664980284,0.5937147369415328,0.7445378082082619,0.6103791813604071,1.8431368353911273,0.702,1.181,1.357,0.512,0
3qeq,4,1.8625026171067398,3.6090012563759304,1.3224116685642127,0.9564599253719229,2.712078081648898,3.2714433688350453,0.556,1.626,3.083,0.323,2
8ryq,2,1.80706050732946,3.048645354781809,1.7014909377169225,1.1683393154928703,3.2704285176463648,3.223422879328233,0.563,1.563,2.972,0.318,3
1qrn,3,1.531481930683366,2.3757789581303093,1.3382584277550238,1.0560927712527992,2.906646452879329,3.1502023644872374,0.594,1.449,4.015,0.448,1
7q9b,0,2.5936108107773137,4.954011708408852,0.9002796488529673,1.0995704253456184,5.30751288205352,5.94921875,0.291,3.415,7.925,0.175,1
3vxr,3,2.353618023735665,3.9026390781094293,1.7969677547130236,1.5431880926184627,3.3764219760831025,4.585635027737259,0.359,2.845,6.878,0.254,3
3mv9,2,1.1333696251692729,1.4799716139736627,1.025635339972995,0.9724523316816456,1.1587118266247622,1.1037330511251833,0.681,0.968,2.486,0.414,1
3d3v,4,2.2158844511223506,3.316284226357918,4.484639548762444,1.330538237999491,3.5282668237948367,4.37350290926312,0.478,1.993,5.118,0.34,3
9d95,0,1.523477048479334,2.4860097557883303,1.3741191063827418,0.9988909215676222,1.53682686642232,3.147081200654494,0.549,1.699,4.162,0.402,2
7dzn,2,18.70094630652585,27.284356767456266,14.081202345205012,16.54368705731698,28.24888175932233,26.71421846725021,0.007,19.761,71.447,0.0,3
6vm7,0,3.074487157990894,5.451995405927081,1.4850960126244934,1.5744800668432897,7.066664882337865,3.2608910521200163,0.219,4.121,11.73,0.197,3
6zkx,4,2.820314015730862,4.346174028608583,2.1276344377411633,2.429822482896044,3.689105904920241,4.08647676504074,0.367,3.085,7.364,0.338,3
5wkf,4,12.602566967415939,24.193878357964852,6.692214721535467,7.102635845632845,29.354832255657882,23.65985764701721,0.029,16.757,29.028,0.0,4
7n2r,1,1.7580753272236564,3.4398447063985387,0.7676238748807872,1.085573884072339,3.4022795608719676,3.40064134719697,0.368,2.191,7.905,0.25,2
9ru5,2,2.140392688102054,3.361954892601425,1.6895984110642848,1.7502832280582004,1.67802182085897,2.671062559228537,0.495,2.072,3.938,0.316,1
3kps,1,1.801249758425908,3.5591656063969386,0.9307327789914505,0.9568586885575636,4.8759595660190955,4.325217417884255,0.598,1.761,2.405,0.449,2
3qdg,1,0.78794344173224,0.8547447758254632,0.7465226209896977,0.7662264828922863,1.0074236245989272,0.8219212364965454,0.817,0.502,1.095,0.569,0
8i5d,4,7.092737770272777,16.22113475022737,2.6382790736481883,2.591751026048624,14.39258096099341,12.08670142212873,0.028,14.691,30.059,0.0,0
7rtr,1,1.8386070917354393,3.056749945081058,1.7475159253179837,1.1206459753315814,3.6454151994933577,1.920937802183915,0.537,1.707,4.524,0.397,1
6p64,1,2.217942461982875,3.803471140565079,1.4597064271072002,1.306256800918046,1.3765690701912134,3.2828356651789843,0.454,2.577,4.114,0.3,0
8i5d,0,1.6363339967861432,3.150766963204367,2.662763069646872,0.844829313286896,3.891848060143431,2.6457769916591913,0.476,1.864,5.608,0.339,0
7jwj,1,2.610565894846794,5.292610084698393,1.4553918403178372,1.3066301982821227,7.2358227441151985,4.260628158665204,0.239,4.446,10.352,0.213,0
9d95,4,1.7689498364836511,2.9593635607770166,1.465957084534579,1.1132844557733095,1.5488404557297677,4.006082404661469,0.523,1.894,3.662,0.341,3
3d3v,0,1.3511632817624415,2.0765547609968813,1.5736004772464822,1.0304293575257586,2.262954643509269,2.3707739587222005,0.684,1.235,3.257,0.585,0
7q9b,4,2.3043133095061843,4.3734955140728164,0.8648206911186614,1.0137359051892822,2.626832594818553,5.23690507009004,0.352,2.934,6.267,0.2,1
5wkf,0,0.767856767221902,0.9908984176449371,0.6394894577495708,0.7052783412703539,1.3579535671127585,0.9043600417339749,0.752,0.999,1.04,0.578,0
6zkx,0,2.9299639542067952,4.565624430865229,2.3332020172136323,2.492358786079642,4.117952823122756,4.6496750546152175,0.354,3.071,7.735,0.323,3
9hlj,1,2.37539726103358,4.254700237108934,2.9066186508988405,1.2048014691515438,2.5137828487769354,7.18336795288146,0.328,2.858,8.805,0.286,3
6vm7,4,2.952803440353747,5.115351817690549,1.8740117256924846,1.6145423320235441,6.764201341413243,3.5336055494807694,0.245,3.721,10.475,0.197,0
8d5q,4,1.377974878390194,2.262812550349859,1.0089528600247735,0.94991955940305,2.36002661499772,1.7548765163428472,0.662,0.886,1.176,0.264,1
3qeq,0,2.520880398390077,4.782075622704065,1.7185870204789473,1.4068271659716916,3.9064449265389056,4.510256785240489,0.353,2.549,7.149,0.215,0
7q99,0,0.8994687156052533,1.2496350321037766,1.0343446816968596,0.7286169218264791,1.2032516910881412,0.9506537517477592,0.752,0.756,2.167,0.521,0
7ndq,1,2.500904111124717,5.1517122257758174,3.130663078273348,1.4077036995157306,4.258431126741898,6.773267998664671,0.41,4.001,5.054,0.367,1
2f54,2,0.9160444411725261,1.1378740329354238,0.6445318298587175,0.8411641075826631,0.9363246068249124,1.0451650372520764,0.752,0.747,1.688,0.493,1
3tfk,0,1.4131219792572256,1.9043456190342722,0.9877643316104591,1.2772116465832113,2.6656347619770924,1.014600054103734,0.691,1.083,2.854,0.517,1
3rgv,3,2.3447283249358897,3.4292043415498594,4.910219623459504,1.1766363097820363,2.4628908037157564,5.275336902505918,0.611,1.232,3.829,0.404,2
6zkz,2,2.0597438752974657,3.9180363121714623,1.2550757542577984,1.2381567321886306,3.5387134359720833,3.999478769401998,0.349,4.0,7.729,0.375,8
7nmf,0,1.8105147588339692,2.7226489482316483,1.257181834007363,1.327601748777276,2.309869554575524,2.667536391411154,0.538,1.904,4.51,0.451,0
7n2o,3,1.127153017104376,1.9789780229354816,0.44468533688045747,0.7765645531324232,2.8412277046712866,1.2393661477307043,0.708,1.347,4.148,0.763,1
2j8u,0,1.6037144391055713,3.0085617539816165,0.7910499928233571,0.9492718205290147,3.01031083575065,3.4322820993929963,0.536,1.794,3.757,0.359,0
2vlk,4,1.2563149254180148,2.183792737975448,0.8347013539124738,0.894791166095735,2.891595981790305,2.145304047197956,0.566,1.842,4.39,0.509,2
2e7l,1,0.9202689957323796,1.3057660307431809,1.1961810910033472,0.674318802028773,1.2341175880165947,1.8172324349944227,0.765,0.768,2.015,0.556,0
2p5w,4,0.8621462830738909,1.0463422445601025,0.4068222773570431,0.8176368362573763,0.7054048073961838,0.5488157090293583,0.801,0.487,0.777,0.507,1
5isz,1,1.0445106212519755,1.7651964511874372,0.7428658329246413,0.712970316619324,2.0738652926963073,1.892022786163713,0.68,1.132,2.676,0.492,0
8ryn,2,1.3196820701600835,2.2645164687356822,1.482875926326413,0.8403182185626991,3.908318615868975,2.132352049790635,0.663,1.288,1.392,0.44,0
5tez,3,1.1387594860108843,1.72006324883535,1.003109666030741,0.8977560631716458,1.437897542861395,2.12408653977667,0.795,1.181,2.246,0.833,2
5c07,4,1.1965710364002162,2.0754889865311363,0.7275162186675976,0.786888461441181,0.798419328596018,2.9816996491859222,0.661,1.087,2.34,0.396,1
9j4u,3,1.549479545587644,2.2179861978615607,2.800061298359066,0.953602827420949,1.9616147009681457,2.4260308817559184,0.59,1.362,3.605,0.375,4
1ao7,1,1.5022551879254267,2.3887227518615872,1.1646316198892008,0.9943236700936797,2.950144125390643,2.6366673275408963,0.617,1.31,4.647,0.514,0
1qse,4,1.3705403790377326,2.178886803557817,0.9889263716272085,0.9296325035493027,2.7698539555335064,2.7622196738323868,0.621,1.229,3.492,0.409,0
6avf,2,2.751165873538054,5.084643581373276,1.3591285219030218,1.541499150426301,5.7444687664380325,4.1790697305706015,0.299,3.173,8.82,0.234,3
3vxm,3,3.0291577988401976,5.185160607551862,2.3015099917635595,1.9137988368047445,3.1616903439816846,5.71632481643234,0.322,3.021,7.309,0.194,0
9iky,4,1.2986025458846797,2.3547668900731598,1.3655116423693814,0.9349978437520803,1.389752361957761,2.8519644818311924,0.699,1.119,2.195,0.516,2
7ndu,4,2.6119044543561514,4.889117485431501,3.392842847397949,1.4644704154652795,5.8927968683504295,5.66183424511237,0.529,2.303,4.105,0.477,4
3vxm,2,8.545656097593584,17.29300424393028,2.20216415771828,2.2530094437320596,10.214542835588558,13.261426828385444,0.035,15.277,32.296,0.03,0
6avf,3,2.4909266136685777,4.5858280168548875,1.3063574787804917,1.406413434052565,5.2453441675547605,4.612838184309984,0.391,2.786,7.476,0.383,12
3pwp,4,1.7401310942955552,2.644541499834528,2.360070045120215,1.112595710824553,3.1269346500813278,3.6240318544138574,0.579,1.531,4.042,0.431,3
1ao7,0,1.50902918792975,2.458640337623408,1.191177506824205,0.9369468371916198,2.784180085365599,3.017884631769353,0.596,1.376,4.801,0.486,0
9j4u,2,1.4243405960824356,2.060406691166935,2.2477114454787346,0.952524225064463,1.9676974202971147,1.9573830537708896,0.626,1.296,2.647,0.393,3
7phr,4,0.8146514273347747,0.9409036521436122,0.8418304282564217,0.7659141881197785,1.232262715472246,0.6818137844984266,0.778,0.793,0.826,0.561,0
5tez,2,1.0006720256819648,1.4195151508341124,0.9303397418461059,0.8353519257752262,1.2430917777907,1.663658490166994,0.835,0.983,1.428,0.833,3
8ryn,3,2.7078517531865423,4.583743395060137,2.229756395522619,1.9062961869640165,5.51186001937293,3.6673417991277963,0.387,2.815,5.31,0.22,0
2e7l,0,0.9662487801594717,1.4234760502698587,1.1112984444264444,0.6953206398725021,1.1573384921893115,1.1833412257135363,0.751,0.78,2.41,0.54,0
5isz,0,0.9807787872171442,1.608110597567971,0.6948994117297164,0.7063979442944684,2.085284925045645,1.6083518158019565,0.722,1.005,1.945,0.525,0
2j8u,1,1.8231587309488195,3.531594956237575,0.86486065809842,0.9724246452711558,3.9709797718089432,3.6338933557621957,0.481,2.104,3.039,0.219,1
7n2o,2,1.0787875700490381,1.8566282140775698,0.5540082667353566,0.7622240033493355,2.676215084203916,1.1999668284695744,0.753,1.237,3.795,0.831,2
6zkz,3,1.8963407231709237,3.5714820290550677,1.131207386991634,1.171731478101219,2.1562384621324107,3.616347335704268,0.329,4.017,8.066,0.339,3
3rgv,2,2.321353977076234,3.5775851167605928,4.517129141935298,1.2266535446042999,2.705979471379401,5.401085396884561,0.583,1.314,4.242,0.383,1
3tfk,1,1.4147523088553078,1.928862236945337,1.0121530852774618,1.267045431127251,2.726659410623123,1.0644351188620262,0.693,1.083,3.009,0.534,0
7nmf,1,1.813323892485485,2.741513499394287,1.2360109384222915,1.3196549082876146,2.333940187847826,2.5981501581032314,0.533,1.908,4.675,0.451,1
9j4s,4,1.1723859604292686,,2.1424302011287715,0.9726563623764334,,,0.006,32.859,64.461,0.0,1
2f54,3,1.4305220505186051,1.822050203303788,1.6991987271653477,1.2050897780689178,1.1794537534844192,1.8958827384366765,0.547,1.508,3.504,0.288,0
7ndq,0,2.112672290700154,3.969362865059886,3.0766397994978263,1.331871422357866,3.3420443091895877,5.117762248915283,0.465,3.765,4.346,0.467,3
7q99,1,1.547736249736368,2.535451503909727,1.2891741558957341,1.0620538614547936,2.9530474940225946,2.510542257305623,0.46,2.0,6.428,0.384,1
3qeq,1,2.0860906637768926,4.060391387126988,1.4646171699764563,1.0537226287812211,2.8910718538509537,4.056248946696704,0.458,2.257,3.737,0.231,1
5wkf,1,0.7567750335859252,0.9658915860347459,0.6498015484860267,0.6975134271981324,1.3844287284947594,0.7607526943823884,0.744,1.052,1.11,0.578,0
9hlj,0,1.7627829629574754,2.8891677069811124,2.127379383260069,1.1489043220717328,2.42068318303527,4.485678368408137,0.52,2.039,3.25,0.338,3
6zkx,1,3.2520884084024813,5.683242976593043,2.3933627267839785,2.5091645278905474,4.48334254466376,7.426106814060294,0.35,3.409,7.254,0.308,1
7n2r,4,1.7829671500571913,3.609285430718711,0.6036599170295373,1.012064836963165,3.3923819072862083,3.60115030469711,0.357,2.311,8.071,0.25,0
3d3v,1,1.9064313500735781,3.335631259483415,1.6971944041174045,1.2594083511434435,3.831793626707111,4.356080889506224,0.548,1.771,5.352,0.509,3
7rtr,4,1.9724454848060355,3.2501841308651174,1.8491651472102273,1.2351491227143379,3.8112165620776466,1.909912382856106,0.463,1.872,4.76,0.238,1
6p64,4,2.155131788388216,3.7996733245507968,1.3703651814315216,1.1564687478606472,1.7049966258964215,2.6715526189346095,0.498,2.505,3.264,0.36,1
7jwj,0,2.671688109667125,5.409489758669716,1.4644176003901264,1.3474882222501827,7.309860043884417,4.430672969798528,0.243,4.571,10.435,0.234,0
3kps,4,2.0894400561322595,3.9135737032318634,1.1698602790419002,1.2977954017600561,4.878543550536284,3.9314833580288173,0.504,2.272,3.395,0.346,1
3qdg,4,1.1712595878697403,1.8373691782627222,0.7972118541288921,0.8446805752495957,1.5415768455093235,1.0112008540036115,0.695,0.952,2.363,0.444,0
8i5d,1,1.5414823099563673,2.9800029524693747,1.9533898836585522,0.9050676773850228,3.254992831408317,3.5120902368861837,0.638,1.273,3.674,0.492,2
7jwj,2,2.487607435984086,5.04837862520904,1.3731183727776228,1.2412291397509976,7.323220845480675,4.184655513677628,0.248,4.318,10.343,0.234,0
8i5d,3,1.551479219732026,2.815326846090677,2.6208857835818784,0.9068607543344368,4.034325944645118,2.7562622169273165,0.742,0.939,1.145,0.525,2
3vxr,4,2.0700617015955305,3.403346933181396,1.7139045515155948,1.362868544525986,2.8087458250927515,4.509249025105323,0.434,2.288,5.735,0.313,2
3d3v,3,2.251984003497304,3.385018480415983,4.529239603184694,1.3507440587436361,3.553862108544578,4.4850428096708,0.508,2.047,4.768,0.415,2
6zkx,3,3.1120075472605446,5.047422791546475,2.6925315385577284,2.5412217710616565,4.513833422991627,4.84240226743598,0.368,3.262,7.072,0.338,2
9hlj,2,1.8253747419601705,2.9824130682464767,2.910156788693983,1.0266926156378284,2.504526779236047,4.795866203471649,0.403,2.153,7.377,0.312,3
5wkf,3,0.7957751213612916,1.1394021684747913,0.6560306984054954,0.6832044416771986,1.7992706251596107,0.7814046622597906,0.736,1.078,1.044,0.562,1
2uwe,4,1.694558378359546,3.212019148247169,0.8145948430359605,0.9531353421842057,3.3678269297835337,3.6170991197201277,0.586,1.533,1.583,0.303,1
3qeq,3,1.9457572973126467,3.801938065609584,1.4196712837217949,0.9597715909264072,2.8140331028566354,3.7043606436875387,0.576,1.603,2.207,0.323,2
6tmo,4,1.2682970755391845,2.2336926824210463,0.5709747681848086,0.7196518233109106,0.6294758467849069,2.56994891176433,0.715,1.145,1.342,0.537,5
1qrn,4,1.7053092968964139,2.7836607848641184,1.6124397591064465,1.0237415179061728,3.0336744199906622,4.415582663329544,0.534,1.722,4.498,0.388,2
7q99,3,0.9780491248628731,1.4160853207024109,1.112220835624564,0.7600254892126795,1.3814243508447126,1.0347935322802142,0.678,0.93,3.034,0.425,2
7nmf,3,1.7888151356528281,2.6745443170729954,1.2535937679577058,1.3234693727304594,2.308779601486343,2.6629645195957954,0.539,1.854,4.264,0.423,1
3tfk,3,1.6208067813727203,2.469325002674087,0.8470739475199822,1.3493301239222026,2.985746685872553,1.385325702306858,0.632,1.291,3.493,0.466,0
3rgv,0,2.073137022225649,2.9147054180111813,4.194582826363897,1.193947165836606,2.3441099232852567,4.264262997791283,0.645,1.184,3.846,0.489,1
6zkz,1,2.569820188401152,5.095685309350434,2.0093969839266883,1.2987066077020326,4.0148927178699845,7.136791474480897,0.353,4.199,7.376,0.375,4
7ndq,2,2.123688811214753,4.026265360928781,2.9929628095295993,1.3411983508930048,3.8729441401705107,4.926949440098909,0.418,3.882,4.813,0.367,2
2f54,1,0.8185004122022621,0.9316781055998776,0.5732034501262344,0.793918887829224,0.8957087089748078,0.9523109049204188,0.807,0.483,0.725,0.521,1
7n2p,4,2.003170505448768,3.7047389354325824,1.0383071828170232,1.2010283178792291,3.3724901591070626,3.5073550391838233,0.341,2.601,7.682,0.222,0
7su9,4,0.7785382734006501,,0.5724800468017646,0.7932094779342901,,,0.006,21.31,70.897,0.0,1
2j8u,3,1.9063802633029507,3.734964016654286,0.8555569184968119,0.9758226991029603,4.16860107995593,3.605394464329951,0.461,2.28,3.611,0.234,1
7n2o,0,1.1643255957110321,2.043043246868647,0.5210961557505797,0.799315755516492,2.9219054630207886,1.147687692430877,0.729,1.338,3.786,0.797,0
4g8g,4,3.2491385208672297,5.333503084660199,2.262607917287987,2.095738859333015,6.086314296434661,4.535341633269621,0.187,4.306,10.033,0.035,1
5isz,2,1.0598761509807637,1.7895189101229134,0.7134425508138966,0.7285842866849669,2.342873618985826,1.7116057735326182,0.676,1.189,2.487,0.492,0
2e7l,2,0.8236741378340181,1.0633581969133685,1.008454303473395,0.6843289020722427,1.0047531051784178,1.016782264778273,0.798,0.572,1.949,0.571,0
8ryn,1,1.3622104852694776,2.3483396686621227,1.494169666282308,0.8662086153310079,3.7894734749073855,2.524464066064053,0.598,1.418,3.043,0.38,0
1g6r,4,1.4311216670444793,2.053684818567683,1.576175372724684,1.0924805357165397,1.974009850964831,1.5352208558288527,0.501,3.597,4.084,0.544,1
9j4u,0,1.4835495221607224,2.1306742009099624,2.611924881314375,0.9286830362787292,1.9558951991779339,2.663538906517185,0.614,1.243,3.731,0.411,3
1ao7,2,1.4124480282817709,2.3176023169126054,1.0814927819957907,0.8645436947071388,2.911764728757634,2.5343360885796566,0.635,1.212,3.854,0.471,3
5tez,0,3.9954134944841586,6.899600532998425,2.6982779456530115,2.6333411326953464,7.18178036806463,5.381097095252919,0.205,4.815,11.332,0.167,0
6avf,1,1.4261484401315048,2.501733466334818,0.8676841894288722,0.9106580927175639,3.4389013531806416,2.2541103891821876,0.675,1.311,3.706,0.617,2
3vxm,0,2.542386836425363,4.384675811495596,2.034872737636616,1.5588938620163737,3.962630194113532,3.0903401658702103,0.26,3.28,9.838,0.179,1
6eqb,4,1.6365785025575406,2.592256992847022,2.6718669435511893,0.8313461264924531,1.474626975193571,2.398818325367108,0.665,1.279,1.981,0.467,2
3uts,4,1.6747511630018648,3.0132248044795342,0.7596685975489721,1.068112774034136,2.02728782870429,3.907957112443306,0.482,1.999,5.735,0.4,0
7n1f,4,1.7320399729607192,2.6884916441560165,1.629683856511439,1.234437315185256,3.1080084259768164,2.115666532070893,0.565,1.57,3.173,0.339,2
7n5c,4,1.5017174463920007,2.3148003761123763,1.061799570225729,1.0606706951044582,2.262045172207578,3.2956303526282755,0.603,1.257,2.452,0.298,1
6vqo,4,3.988664532705688,7.547458052576638,2.0808593383353666,1.8128895071552145,10.067288732293061,4.965337280339414,0.168,5.163,13.774,0.149,1
3vxm,1,8.636080294910256,17.42786046568518,2.3556479685827467,2.3827681324842134,10.763738353496173,13.016265297193808,0.029,15.379,32.491,0.015,1
6avf,0,1.3752382436137192,2.285589855512421,0.8764303233539652,0.9768536809671312,2.8803216497112336,2.2766224339346444,0.705,1.323,3.555,0.702,0
5tez,1,1.088563161494468,1.6168637751537098,0.9810034865724326,0.8718441063078363,1.3424642693645423,2.015349407531778,0.813,1.077,2.007,0.833,0
2vlr,4,0.8790985888844673,1.10706654778284,0.7581325616205546,0.8179349244431219,1.2753261955498643,0.8682635300228264,0.778,0.837,1.82,0.615,2
1ao7,3,1.6313989720463624,2.671700684257656,1.2752301239734054,1.000339388298995,2.972790298516585,3.603248559475409,0.564,1.525,5.017,0.457,1
9j4u,1,1.5928569517233755,2.360772965831888,2.6504408105122406,0.9816146509243008,1.753750023302647,3.12203075490071,0.587,1.355,4.271,0.411,4
8ryn,0,1.6443835367997042,3.0761629058980513,1.270495277008682,0.9314859821216305,4.002540454821939,2.481294190181024,0.494,1.812,4.832,0.32,1
8gvg,4,1.4737447920147007,2.635961911882047,1.360829608935617,1.0039335780915217,3.537093507559103,1.6761678150476045,0.49,2.308,4.962,0.426,1
5isz,3,1.1811786891994467,2.074258228987132,0.7930042985118106,0.7468897561823903,2.428184442207189,2.642611065408343,0.645,1.186,2.667,0.41,1
2e7l,3,0.9505620041471956,1.374336376696662,1.1369521166521903,0.6961297886064864,1.2582103531838926,1.4322557405532212,0.762,0.734,1.484,0.508,0
2bnr,4,1.4022098472454847,1.8470541361083876,1.7872023414472982,1.1282885906562428,1.4971004097106628,1.9910327435173427,0.503,1.519,3.897,0.189,1
7n2o,1,1.0166473096828261,1.660115658703492,0.38977929106344267,0.7856855378939989,2.2756197913030887,0.9321049375613921,0.812,0.993,2.402,0.814,1
2j8u,2,1.8053997593316318,3.5174690896600525,0.7296879879325635,0.9531334740163172,3.5025120543777692,3.877097079956446,0.415,2.546,4.85,0.234,3
8cx4,4,1.9211711510350469,3.3169405372594385,1.2476346982745872,1.306614666851564,3.0965447095843555,3.3399005069963708,0.396,2.347,6.567,0.271,0
2f54,0,0.8183186008079898,0.9179188816241811,0.6349740797598873,0.7946774086365633,0.9546937272878486,0.9460100991120498,0.816,0.446,0.587,0.534,1
7ndq,3,2.208835011766462,4.286231218281317,3.070822779496689,1.3460337643326563,3.767717490235079,5.455344175337619,0.409,3.906,4.916,0.35,2
7nmf,2,1.7471528384022814,2.6255871385845544,1.223213793915127,1.281559780752938,2.1830882479930875,2.6024575949587034,0.544,1.822,4.366,0.437,1
6zkz,0,2.2701111952612383,4.505840355982055,1.2682087462528657,1.204015457309145,3.1564261378693352,6.267194261536047,0.372,4.025,6.675,0.375,5
3rgv,1,1.9435159262151116,2.040418895885198,4.524000572274827,1.1587593059953754,2.1073754378171357,2.3596548614419475,0.693,1.149,2.174,0.511,0
3tfk,2,1.6480765164352857,2.529467547732635,0.9867423449076304,1.3532206149011055,3.1576955286019737,1.3419933380441917,0.619,1.376,3.817,0.483,0
7q99,2,1.117327421419814,1.7650000545948592,1.125396801812116,0.7900997029694985,2.2746878128503942,1.2267115194631306,0.596,1.306,3.776,0.384,0
3qeq,2,1.8202796851235805,3.55385080359571,1.325857891375846,0.9014288525194702,1.3922469302759495,3.6234461156626203,0.616,1.486,1.415,0.369,2
8ryq,4,14.1498391657703,26.23877842628295,7.64554337480952,7.69222196617976,26.23251171273785,26.39265189673362,0.037,14.443,25.592,0.0,6
8gon,4,8.37498847513091,14.538821740375841,4.859717658377968,4.90669441799743,13.763017163666127,15.94362511785149,0.068,10.834,22.305,0.057,118
9ru5,4,6.839348414750974,15.386712807592012,1.6444516166796104,1.8297690207955828,22.305265251831134,13.797939157714822,0.027,14.998,30.559,0.0,0
9hlj,3,1.3274461865233977,2.1903396593748496,1.2127186001044856,0.9182772369453044,2.129711826185104,3.0963961911484446,0.623,1.382,2.434,0.403,1
6zkx,2,2.6403310683001537,3.7154777069846814,2.4598802564692273,2.3581696210606964,2.0168274885122965,2.6161297865415376,0.352,3.043,7.392,0.292,1
5wkf,2,0.7481311900377954,0.9641494937121046,0.6574281860530762,0.6844999573779319,1.3053295360327466,0.9016647588801959,0.75,1.015,1.021,0.578,0
3mv9,4,1.0945377392203655,1.44109051930561,0.8925975387367997,0.9446328686568066,1.3591014571280924,1.0244625456282423,0.688,0.918,2.203,0.4,2
3d3v,2,1.4186458941658533,2.2622781224861326,1.6296137821425587,1.0365189842970643,2.769246177531243,2.869145736927971,0.668,1.229,3.47,0.547,1
7dzn,4,1.5217800681643727,2.6880794188999113,1.4511462261600865,1.0950887917334593,3.199374792970767,3.601925897549944,0.172,2.283,30.284,0.143,4
8i5d,2,4.450918699717583,9.78353247586001,2.470387820012167,2.0299724644775567,8.68627042782531,10.277428391651235,0.094,6.853,16.799,0.034,2
7jwj,3,2.42980714168662,4.931663015363531,1.3973931541410776,1.2053206396210139,7.13290794232211,4.026884053505494,0.255,4.196,10.046,0.234,0
8rlt,4,1.0642155556834298,1.4123145602597955,1.2080389957828477,0.9090266885956289,1.4127749043617044,1.5524321444844367,0.502,3.417,3.534,0.492,0
7na5,2,2.98332653728246,5.454918104954674,1.8482775414673165,1.9827309825979726,4.847194523053329,5.735856416275167,0.309,3.365,7.275,0.184,1
5m02,4,1.3739274408418742,2.8284834967782118,0.8827352041834378,0.7119668571397115,1.5167217258617918,4.715804219733063,0.675,1.294,2.507,0.532,0
6rp9,1,2.669989484422494,4.899379966069235,4.161415180210133,1.0735417430754457,6.174804465689151,4.661965499935746,0.195,3.7,10.516,0.049,1
5wkh,0,0.7982432099264407,0.9644199187018262,0.6052906004347431,0.7626774545022054,1.2206016559390205,0.9553587040466129,0.753,0.956,1.011,0.561,0
5ivx,0,1.2075695706735496,1.8819935379311858,0.8195779821637817,0.9391417952701888,2.3021800738645055,1.4956956777041026,0.674,0.931,3.542,0.448,1
6vm9,4,13.432403505601851,25.957044883548253,6.512117970195755,6.658621089257188,25.541475719071023,26.878268725066032,0.034,14.943,26.48,0.0,2
7ow5,3,1.0297247940912926,1.9239705441521624,0.685368093452671,0.6702147976347166,1.4146706975027958,2.3129747819360236,0.618,1.383,3.19,0.438,2
6tro,0,0.8698114208114951,1.3558901390460045,1.07600663033449,0.6629005720320824,1.1372705300691222,1.3044049479267252,0.737,0.905,3.049,0.591,1
5brz,0,1.1548980329480718,2.0722918851277394,0.7860985369266803,0.8392801066751492,1.742000157310147,1.852861514642889,0.733,1.052,2.472,0.607,2
5w1v,2,3.664718228252339,7.570527763967318,1.6475439368876683,1.7084739997720422,5.997206861049129,8.030389779554543,0.149,5.749,12.557,0.068,3
6bj3,3,1.4258249447951694,2.518672485011951,0.762128474112203,0.8457275843525932,3.756848179992666,1.5355226901646668,0.616,1.481,2.99,0.453,2
8wte,3,5.7680155547782075,14.639759331852886,2.7974306135221774,1.316165614021995,12.95126543787547,12.674412498561383,0.025,15.838,31.988,0.0,2
3hg1,0,1.5579846504865253,2.6085642154242215,1.1302221925912386,1.0914124739904132,2.9473275131599066,2.593891078960322,0.436,2.224,6.488,0.365,1
8yj2,1,3.8344491720322162,6.165681543080802,3.6354676552457406,2.559432307063752,2.965380088913239,6.635989677629739,0.174,2.673,27.227,0.195,3
3h9s,4,1.728346628232088,2.7747370462714276,1.5745688976360244,1.2930837167250646,3.3712448018936882,3.6833610798292695,0.566,1.632,4.349,0.446,1
3pqy,2,1.6840255073436126,2.6006505160284066,1.2207767108844738,1.1873315291560078,2.3920472658672924,3.302902923160519,0.551,1.667,3.449,0.345,1
7n5p,1,1.270334266086098,1.9840275930267082,0.8963686267869323,0.8801305795993617,1.9070422918053955,2.9724339046342108,0.677,0.9,2.453,0.373,2
8rj5,1,1.561251180853263,2.724646383783897,2.0147517925786254,0.9292759192659834,2.514151685480939,3.671178393926131,0.55,1.747,4.3,0.429,1
4ms8,0,1.6386114537769054,2.835313292185495,0.8950135860312821,1.1104783542691021,2.6076203719771294,1.2786932351829703,0.511,1.998,5.199,0.444,0
6l9l,2,1.5844028410156656,3.009209713822642,0.8564749631914923,0.7185576191746388,3.8895669134141118,3.5488031653291228,0.49,1.707,6.989,0.439,1
2pye,0,0.8209898378225922,0.8834029041958199,0.48183532981603133,0.8254318074068732,0.8095782708137956,0.5989333423538856,0.794,0.544,0.858,0.507,0
5c09,4,1.0767368258328112,1.5946868327851804,1.0313344431105784,0.8536853588745881,0.7439352179371642,1.6899114262771613,0.739,0.694,1.306,0.417,1
4jfe,3,1.2294864549475855,2.101673044925389,0.6155230549834798,0.7822260681650182,0.9607422097592743,1.9669150545841754,0.682,1.234,1.825,0.494,2
5nmg,0,1.3540817239940803,2.3004825874421138,1.3748599710407343,0.9066571010502935,2.21014078957152,2.2484182217030053,0.669,1.145,2.765,0.472,3
5hyj,1,1.1905195485801454,2.04360800557368,0.6814335287118872,0.835893204391467,1.2645743717107394,2.92625515083078,0.612,1.558,3.771,0.519,0
1nam,1,2.220323615769861,4.595051725218623,1.3122065472962037,1.279940243787908,7.262688853337167,2.5736810416122045,0.418,2.569,7.221,0.42,2
8enh,2,10.584757948358021,20.789442722566168,3.18972016547752,3.1065556521806608,19.743432071855228,9.592030185895018,0.033,18.61,31.164,0.025,5
4prh,1,1.201825368245623,1.5159980763513559,1.536155866408952,0.9754383536892917,1.0360780024058915,0.9466455101857454,0.709,0.763,1.977,0.384,1
3qdm,1,1.7307187282982224,3.2362555534243795,0.8156466763401373,0.9075300022581277,1.6344209881865015,1.4765969940886885,0.523,1.778,5.285,0.433,2
4jrx,4,8.814679274458223,16.832647059699905,0.7618977654226678,0.9914844616997306,14.666172764672398,13.656003759491474,0.025,16.27,31.961,0.0,1
3o4l,0,1.4154195177528721,2.375073302244423,1.413519320432756,0.9275553202367774,1.3430202187999511,3.7215314883049753,0.666,1.456,1.8,0.526,1
1fo0,0,1.5848814970813694,3.317896750500648,0.8359000001112402,0.944036102995738,8.0252048712445,1.480477922959709,0.517,2.093,5.738,0.524,2
1lp9,2,1.4433852139769991,2.670059704198018,0.7669748212187044,0.8837098626409734,2.303837277365747,3.064046234504648,0.555,1.579,2.915,0.295,2
8es9,0,1.7021973387772258,3.1514262939711304,1.0713100724226523,1.079776868414811,5.2814979433460145,2.818372306544709,0.511,1.97,4.949,0.42,1
6uz1,1,1.0396426060054118,,2.2274725099622996,0.8036435563888066,,,0.01,13.33,65.64,0.0,3
1bd2,3,1.466704764670647,2.521645793874632,1.1768873667832915,0.8635162321512551,2.3060202525117637,2.8313629092211468,0.583,1.286,2.948,0.281,0
5nme,2,1.5016310912020088,2.6020040623608427,1.4110119346062713,0.9983148739144486,2.651029159105384,2.5194519774004775,0.57,1.496,3.95,0.387,3
5c0b,0,1.0459441844572184,1.6091844124803472,1.0172134549444574,0.7973553574793827,0.8610311765042274,1.7468895951730097,0.733,0.812,1.657,0.462,1
4g9f,0,1.6391433528468753,2.7821077548141737,0.740986354588334,1.0139424425194885,2.0744513718486477,3.4923873020895906,0.475,2.137,5.896,0.421,3
5swz,4,11.208772581625617,21.63280668513033,6.648424962608976,7.1015430027063715,3.8126941068670934,6.791479314860621,0.07,15.192,26.384,0.106,55
8wul,2,1.7276427809765926,3.800402643950066,1.814684412647496,0.8733035159593223,4.256236614023978,3.1529226038827365,0.409,2.708,6.498,0.361,1
8f5a,4,7.251026276823049,15.627418651666531,4.364018404613169,0.9521809094502419,14.81818955798298,13.409494192743004,0.022,17.091,33.78,0.0,1
8wul,3,1.6713178387988834,3.721946994820306,2.067264828546873,0.7450054147505513,2.736697481231447,4.0510768470745155,0.537,1.934,3.438,0.377,4
4g9f,1,3.0970343482785725,5.602416001044448,1.058496408209555,1.533047380355543,5.046788104113752,5.143357099442296,0.199,4.771,13.063,0.211,1
5nme,3,1.3941559858035735,2.375519090533148,1.359414740362631,0.9489309039116736,2.0718393978903418,2.5905734914115635,0.644,1.187,3.191,0.44,2
5c0b,1,0.998473919787523,1.5179247027585085,1.1712100428928776,0.7390115491969076,0.8221290564234806,1.6736231555279084,0.754,0.654,1.234,0.442,0
8es9,1,13.750639270392494,25.534339025484698,8.011569385395692,8.737855407661502,21.75679507883164,25.962494063032022,0.03,15.051,28.629,0.0,4
5nht,4,1.120514563476482,1.8392015054382815,0.9892046476462969,0.767756991630462,0.7306310431611729,3.375606365680456,0.7,0.934,1.483,0.409,1
1lp9,3,1.979073517674128,3.7076007559725377,1.0638180205864531,1.168553095800188,3.642436822575133,4.126870810336826,0.514,1.915,2.55,0.244,0
1bd2,2,1.5409758865131085,2.674945219911006,1.5950281393655756,0.8128870486546556,2.6202777764385106,3.3290439907672047,0.643,1.24,2.369,0.406,1
6uz1,0,1.0475677188251584,,2.231321920084723,0.8138273133994604,,,0.01,13.196,64.619,0.0,2
1fo0,1,1.5591162431293222,3.2423515356301897,0.8187637019031669,0.9449323531861009,7.912644146893522,1.5150252518264753,0.526,2.03,5.867,0.548,1
3o4l,1,1.2545513198675757,2.0621197678912773,0.9800116790555432,0.8876348940705789,1.365198587658217,2.968749477308161,0.701,1.224,1.691,0.539,2
3qdm,0,1.8290719714062895,3.415468593114076,0.9208491237634567,0.9590729012329594,2.1922129917729833,1.2979029029319147,0.486,1.882,5.543,0.367,1
4prh,0,1.1955358527818436,1.5118454055438195,1.5263013301370159,0.9681384542879601,0.9939635507469319,0.7975771743205079,0.732,0.667,1.669,0.397,3
8enh,3,13.470900175496103,24.324031512809395,7.229847978155775,7.081816713644287,26.210499985601043,14.44015414079256,0.039,17.366,27.995,0.025,28
1nam,0,1.7973051210015503,3.63591218391059,1.2172599527825139,1.0844753483382363,6.753037822663303,1.9050657665750241,0.597,1.657,4.525,0.56,2
5hyj,0,1.1794999752617552,2.0574723055598407,0.7084727690711892,0.8008415977823323,1.5129034808030104,3.105094378475985,0.667,1.274,2.829,0.519,0
5nmg,1,1.583031274905287,2.836293908916194,1.3935666635128356,0.9758394949703042,2.7757901907773443,2.5141124764743203,0.538,1.81,4.751,0.444,5
4jfe,2,1.427722275034331,2.527339189771117,0.7675588955190635,0.8172479651992974,1.5042899082647747,2.9169730179979148,0.643,1.441,1.899,0.457,0
2pye,1,0.8272477602825005,0.9039035271385981,0.37863042852012596,0.8320546460467901,0.8283813401199945,0.5852252002339745,0.789,0.547,0.827,0.493,0
6l9l,3,1.7039297867703356,3.1872061593347385,0.8233858360230891,0.8496680147401892,3.8771248190886207,3.7055959912530434,0.472,2.115,6.575,0.456,1
4ms8,1,1.7998311066377086,2.810516678666379,0.864040687741839,1.4350408042416947,2.4969452661776415,1.2715896107137266,0.508,1.937,5.495,0.444,0
8rj5,0,1.5788853179304303,2.7115600055485545,2.101952282109982,0.9580862667609771,2.313592771218977,3.5757753283509226,0.528,1.751,3.784,0.327,1
7n5p,0,1.2653337501380386,1.9476744061515805,0.9546797282250664,0.894624817901005,1.7478763461159017,2.9640829124292254,0.666,0.932,2.181,0.339,1
6vrn,4,5.03924381393924,8.388452016441583,3.439098823259639,3.3266128546475473,7.610803614930493,7.658728207552574,0.144,5.916,11.969,0.038,2
3pqy,3,1.859609359294354,2.9259310968746606,1.3110241013782953,1.2664979963514464,2.733674617124985,3.3976556318304527,0.474,2.006,6.063,0.4,0
6uln,4,1.7077065830616969,3.4246370053961543,0.8540275608371612,1.0506902424697613,4.521863835415431,3.060945908030395,0.591,1.659,3.534,0.469,3
8yj2,0,2.5170511089940835,3.9271164539159047,4.036627087272894,1.3941878615910113,1.5153537083587554,5.087867845473732,0.329,1.313,28.346,0.338,2
1kj2,4,1.8029685105016209,3.5435993614324137,0.6401395798326863,0.9148424700836235,2.8538494960897154,3.5440182268359273,0.477,2.152,6.508,0.474,0
6rpb,4,7.674528888916823,15.446360030076116,2.0536316995878505,2.2595800111636795,13.496972690982252,12.104575496514517,0.048,12.707,27.884,0.044,3
8wte,2,1.9461047840094479,4.255484226251917,2.7015294351983923,0.9298643742324402,5.019358558275994,3.492446031448996,0.339,2.954,7.337,0.238,3
3hg1,1,1.5011787858561259,2.4986475765317016,1.1011149707246837,1.0612102827620948,2.7564246953062814,2.40406598235452,0.451,2.134,6.305,0.378,1
6bj3,2,1.3357321744258737,2.2784781662684677,0.7771491492441451,0.8637169213487393,3.9262865624398025,1.2040181693493184,0.615,1.503,3.426,0.484,2
5w1v,3,3.227376478078834,6.643259115881545,1.4201886948600007,1.5349220009827156,5.040106077339378,7.553886877555954,0.211,5.54,10.118,0.151,6
5brz,1,1.1481675358642538,2.150538132005495,0.7584533868950503,0.7805655023270005,1.8596476151107642,1.8369969698621647,0.642,1.285,4.073,0.536,1
6tro,1,0.8225272051629029,1.251880976390663,1.079530747379127,0.629583901264495,0.7289109812282684,1.2815103783592952,0.746,0.828,3.139,0.591,1
7ow5,2,0.812382626517731,1.4110754830716519,0.5901770006410233,0.5942658444627145,0.8548728547688104,1.2986008241679186,0.706,0.82,3.6,0.5,2
5wkh,1,0.8012376447333137,1.0236512808416969,0.6197341894152479,0.7438212513785437,1.4195675414363724,0.9276432932263207,0.765,0.832,1.017,0.545,1
5ivx,1,1.2653512123468231,1.886394225791124,0.7669375839334904,1.0435542073022435,2.086109854331938,1.4971636977559997,0.632,1.095,3.702,0.403,1
8eo8,4,13.076714698287756,18.3694545984604,9.841056738088199,10.992829182344433,11.56710470913274,24.869597403255245,0.019,14.8,38.381,0.0,4
6rp9,0,2.5836705571596967,4.719956536389254,4.123404047325462,1.0237829825899456,6.340316516593245,5.1605234027533085,0.265,3.417,9.185,0.171,1
7na5,3,2.706415757917025,5.023137158361743,1.5608345741729628,1.7546409050611733,4.31064361703804,4.66056951489032,0.291,3.427,7.725,0.163,1
6rp9,2,2.660923701745907,5.017123084781911,3.713186051229007,1.070241513606327,6.3535978483337345,5.000767458190636,0.217,3.778,10.07,0.098,2
7na5,1,2.797567441309611,5.134916643709178,1.659410536704803,1.8524243453837015,4.721835657663548,4.844472476360945,0.293,3.306,7.753,0.163,2
6tro,3,0.8849297409562599,1.42561726276669,1.1089935544692455,0.6472105063896522,1.1085542926682626,1.3647930541438449,0.73,0.979,3.121,0.606,1
7ow5,0,0.7868969202827009,1.350383561449211,0.5905955406989291,0.583649219527038,0.7953313314794864,1.2677351847627314,0.778,0.637,2.707,0.578,2
5ivx,3,1.2481392600382901,1.876910840825219,0.7284879072028273,1.0221844321056157,2.3865858874511834,1.2286916342889418,0.669,1.027,2.959,0.433,0
5wkh,3,1.225984492853272,2.24854111539729,0.6767319259608507,0.7776300950198385,2.480762085878732,3.2255235035176524,0.706,1.224,2.13,0.576,2
5w1v,1,2.9622058184180005,6.088707633142841,1.2066811738771317,1.427108799643324,4.641192202883066,7.581613124299533,0.203,5.461,9.827,0.11,4
5brz,3,5.09693494914212,11.62249097608587,1.380054423819343,1.5926059940871846,11.973506739587188,8.709167438148219,0.051,10.234,23.832,0.018,7
3hg1,3,1.4701906177804265,2.4173159610952486,1.0667422915278388,1.061707780385317,3.044781062911242,2.086724187712019,0.462,2.051,5.91,0.365,1
8wte,0,1.9807487936867225,4.377510440450142,2.695497636891749,0.9186725686621934,5.222741988573314,3.59545210884486,0.346,2.956,7.484,0.27,3
6bj3,0,1.0933607856062557,1.676019228026818,0.7786131561416444,0.840796466559087,2.0515546882063536,1.0794490546058233,0.69,1.236,2.647,0.562,0
8yj2,2,4.084007917372053,6.055478256902647,5.560454112074352,2.8109229812922227,3.650782541030397,6.652548227596424,0.142,2.922,27.594,0.13,3
3pqy,1,2.1151354543721443,3.5365487709547283,1.0981957118681347,1.2722411330271173,2.9034429274809233,3.4592939016544832,0.358,2.602,7.394,0.255,0
6l9l,1,1.62664586933497,3.0538332005525244,0.718708492173465,0.8040453453358719,3.9438409358531685,3.4449868752017765,0.496,1.88,6.094,0.439,0
7n5p,2,1.3302485874125864,2.1255838395194306,0.8884293378253083,0.8826231234295813,2.4168782735461347,3.0747262687571086,0.66,1.021,2.439,0.373,1
8rj5,2,1.987681028686178,3.2316794898548973,3.374007618375241,1.126723410701157,2.6374976344447,4.1236997035480245,0.477,2.173,5.306,0.388,1
4ms8,3,1.7394022477675621,2.720735747446498,0.7631596190376398,1.3881691339211122,2.4947893807914814,1.1654969664100105,0.501,1.886,5.951,0.444,0
8v50,4,7.88950811208632,16.5045983923301,3.5358507106677175,3.313499716269538,17.499529240463026,9.827246854235431,0.03,13.015,29.238,0.0,1
2pye,3,1.012138824978821,1.043215478953885,1.5446086905903016,0.9200149965132012,1.0599860261646328,0.7946806196350643,0.749,0.682,1.016,0.433,0
1nam,2,1.974722921006859,4.037327151910825,1.1396448217063175,1.1796147100194798,7.1427533282172515,2.3287311094666348,0.524,1.984,5.474,0.5,3
4jfe,0,1.208896564622064,2.0482501319156037,0.6052666671911732,0.7858639257946919,0.7529471320825795,1.806700660601592,0.707,1.145,1.122,0.506,3
5nmg,3,1.4301687083218457,2.4962649723898345,1.348400496486775,0.9225094024475249,2.4231353624104477,2.3642987543568843,0.618,1.401,3.399,0.458,4
5hyj,2,1.1128006616807424,1.8868140642517046,0.664549520366427,0.7956425022240711,1.3269490140593518,2.676366291919655,0.646,1.343,3.105,0.5,0
4prh,2,1.2648773955266914,1.6187838268705435,1.5023824168757096,1.0335247993541907,1.0791761961437478,1.0619316112342423,0.68,0.906,2.451,0.384,2
3qdm,2,1.8356235712353763,3.4405593646260253,0.8812775659685923,0.9516869013140412,1.8913810082642166,1.5004752548282574,0.475,1.914,5.842,0.367,3
8enh,1,3.021375410315671,5.62539688609875,1.4124197263887532,1.3874465214368772,4.851979574541388,8.503100586174344,0.344,3.197,6.015,0.185,8
9rxm,4,2.2050954729177343,4.437017511689407,1.4111998007519924,1.131754578976378,6.15847587976424,3.4608937050464594,0.49,2.388,5.728,0.5,1
3o4l,3,1.4108660215590645,2.3585268303591143,1.2436098450467885,0.9529523819557907,1.7817736227986825,3.306439268296205,0.661,1.495,1.87,0.526,1
6uz1,2,1.0434745220364736,,2.197941188179083,0.818150211086427,,,0.01,13.078,65.707,0.0,1
1bd2,0,1.683519284786603,2.9129259226466475,1.626679205375753,0.9230848179913633,2.535471146591517,3.807194430908756,0.579,1.423,3.547,0.359,0
1lp9,1,1.5769554260691225,2.9324170785993977,0.8601796067635683,0.9497564055230417,2.6662379411482866,3.287870476207809,0.528,1.824,3.973,0.359,3
8es9,3,1.9635749033419296,3.613408640772357,1.399614528684158,1.2414469988101646,3.37870621041463,4.111750337925123,0.445,2.433,6.367,0.42,2
1fo0,3,1.6875238503917067,3.5660842431443744,0.8696441697476348,0.9817355209867339,8.365382677246425,1.7251627527388538,0.495,2.301,6.37,0.548,1
4g9f,3,3.864182475569326,6.897026339213386,1.3660135816059824,2.032934648563208,6.100455810959215,6.175231400702695,0.138,6.164,14.661,0.105,3
5c0b,3,1.146603215624769,1.8132772699624724,1.3626427798378697,0.7980861877011646,1.031917882354693,2.2820762192707496,0.674,0.994,3.048,0.442,0
5nme,1,1.4895209061147199,2.5408350675729556,1.440232433683618,1.0136065148203692,2.542301095039318,2.3021528368738187,0.606,1.389,3.522,0.427,3
8wul,1,1.5658305562491992,3.35488601974059,1.9059620346161157,0.8185090071524932,3.419302452704486,3.032114590010895,0.479,2.197,5.007,0.377,2
8wul,0,1.7869767468365947,3.9521699790038043,1.8446919919822835,0.8906883108870897,4.650344278039732,3.125470620050488,0.376,2.861,7.165,0.328,4
5c0b,2,1.0541289619948977,1.5991430522141468,1.1927001725921467,0.7903404565426797,0.7898056732691526,1.9556997411115287,0.735,0.748,1.678,0.442,0
5nme,0,1.4961849354676382,2.56179492292023,1.408064884067746,1.016827523509796,2.742304351142826,2.1888885450712516,0.572,1.516,3.952,0.4,2
3e2h,4,1.3257808307086767,2.1068425515804203,1.060310483361502,0.9414453784555002,4.210519254410829,0.7537587866579403,0.788,0.665,0.969,0.54,0
4g9f,2,2.948122888199895,5.37109909936871,0.9969652979441497,1.4065369403632249,4.9184530285309975,4.995831733821596,0.213,4.508,12.134,0.211,3
1fo0,2,1.5844188698598087,3.307513936100648,0.8612651880309672,0.9484386928451594,8.229860238158395,1.5235260891710276,0.527,2.072,5.698,0.548,2
1bd2,1,1.5776742054728918,2.7113837176292956,1.618438446382382,0.8663903359509796,2.52215503090715,3.463669914605569,0.613,1.321,2.807,0.375,2
6uz1,3,1.038862332247643,,2.1496157803632436,0.8259784221907293,,,0.01,13.159,64.895,0.0,3
8es9,2,2.202078126239709,4.143086112539726,1.3987926940895745,1.3400575258492553,3.338731602277612,4.787074775700745,0.397,2.839,7.033,0.38,1
1lp9,0,1.6319634134476622,2.976080173314486,0.9448482094149491,1.028336490294183,2.6285686153294137,3.4125609158881094,0.504,1.9,4.66,0.359,3
3o4l,2,1.2459622202137377,2.0709695442112603,0.800854654772368,0.8805351775499802,1.365332704757888,3.0221135708282225,0.696,1.287,1.461,0.539,2
8enh,0,2.7841207171651803,5.042505697053725,1.5318550106930215,1.4408918954391565,4.690585923324137,7.3308487984075645,0.259,3.376,8.679,0.123,2
3qdm,3,2.526323682649438,4.7027041789076645,1.3060993806692611,1.3381736340777874,5.171344952956864,3.707193225566994,0.334,2.855,7.163,0.2,2
4prh,3,1.3992504415874443,1.9371297904543556,1.4842554533248469,1.0688692961304727,0.9568225649136451,1.2728767731856063,0.639,1.14,3.238,0.411,0
5hyj,3,1.216149474380951,2.1110884185711387,0.7159239816117242,0.8348449447727372,1.549510829399009,3.1904564404774414,0.642,1.321,3.131,0.481,0
5nmg,2,1.3403418368147761,2.2717315225025234,1.363998957142835,0.9009630594009597,1.9720775260959473,2.6733600310616623,0.698,0.888,2.183,0.417,0
4jfe,1,1.2792094592659082,2.1925812470541453,0.6169578652495153,0.8100704680813845,0.7697394980730571,2.1602892797344104,0.684,1.261,1.43,0.494,3
1nam,3,1.9369598578953267,3.9734543727425833,1.1232231113746678,1.1463190175839357,6.97579997256757,1.9504057920614755,0.544,1.891,4.943,0.5,2
8gvi,4,6.95275085227855,15.904760574870831,1.7653713815135084,1.8306758866224937,10.22624073354628,17.38376480585926,0.028,15.202,30.014,0.0,12
2pye,2,0.8538845663965692,0.9124164655154543,0.47352594725549463,0.8629527475554466,0.8428629468091541,0.6455195601192382,0.792,0.556,0.825,0.507,0
4ms8,2,1.7038521950635523,2.662009100665357,0.8276763101800715,1.3571194306941996,2.3341869592805446,1.2733546858723166,0.533,1.811,4.712,0.426,1
8rj5,3,1.7727921420188013,2.628225103905789,3.3560620372697927,1.0656556144723373,2.3266274762532246,2.937614076587622,0.502,1.745,5.389,0.367,0
7n5p,3,1.3007148609091743,2.0698964995084164,0.8575707934103454,0.8724546760641472,1.9895623298505305,2.9922209301512264,0.65,1.056,3.232,0.407,1
6l9l,0,1.5660465885635764,2.9321846397956333,0.8228259805832527,0.7696642797763232,3.913287768209701,3.2889934672090413,0.533,1.759,5.495,0.474,0
3pqy,0,1.7183139177924718,2.686544757482178,1.1371384411587189,1.194869879923298,2.860152735301281,3.132532282649013,0.528,1.782,4.159,0.364,2
8yj2,3,2.5379148860408502,4.4053360076037835,1.458247623246012,1.5194556634174017,2.1018908187881458,5.219548147237281,0.275,1.749,27.268,0.312,2
9gv6,4,1.7484096551092152,3.038462267235852,1.730308516794372,1.120512087073632,2.2868586437509815,3.575228817229595,0.484,1.699,5.964,0.343,2
8rlv,4,1.052532253495206,1.4042249081406015,0.6336691293028301,0.938908174614463,1.4202309321830138,1.501711398921591,0.515,3.35,3.608,0.531,1
5m00,4,1.4849903330717504,2.810769033912314,0.9577809318426852,0.9837718180428818,2.5671699955181526,3.698533516495734,0.568,1.458,5.139,0.457,2
6bj3,1,1.0860511775625417,1.7914776483316472,0.7717489374582339,0.7406754083937112,2.192178164431568,1.0042860484186833,0.697,1.2,2.236,0.547,1
3hg1,2,1.4420186510286475,2.37462715406412,1.045991734292805,1.0388403075572512,2.7403094378036412,2.1759093294071645,0.457,2.057,5.949,0.351,0
8wte,1,1.9294638696846598,4.238354802906402,2.6861538402898115,0.9036396259677205,5.246189397325279,3.460710490029237,0.338,2.976,7.808,0.27,2
5brz,2,1.0331502020869947,1.8230946093706808,0.7399105599567234,0.7648411121024596,1.9140351885334175,1.7038001998818901,0.702,0.981,3.01,0.518,7
5w1v,0,3.5771079500462375,7.192754028548641,1.823244685323551,1.8613687194146635,5.887349087819658,8.60542662116039,0.169,5.438,11.794,0.096,1
5ivx,2,1.1998693358246693,1.7760834976323436,0.8209685806414218,0.9889801766889468,2.0534393813049587,1.4504636615144908,0.669,0.957,3.182,0.418,1
5wkh,2,1.1201182029130328,1.888373496953944,0.6915162274744382,0.8246041055776807,3.8888242912982465,1.0075922446858685,0.716,1.1,1.545,0.53,1
7ow5,1,0.8250082004429566,1.416175969886553,0.5911609675342653,0.6140417124181041,0.8046706342460956,1.2558219311733174,0.71,0.831,3.575,0.516,2
6tro,2,0.8644123605592661,1.3744072218773447,1.08816842481356,0.6410051859537769,1.2120606318365004,1.2758464483025007,0.745,0.857,3.206,0.606,2
7na5,0,7.587117205809975,16.882849570826234,1.416969002385357,1.6978442321534952,7.975127308335707,16.177821068711634,0.026,15.568,31.494,0.0,0
3mv7,4,1.0131131358555523,1.2317760075171624,1.0176107868961803,0.9062874621836761,1.1644409383797056,0.7926149329081649,0.699,0.863,2.241,0.412,1
6rp9,3,2.677732817367205,4.91384668892168,4.086910237142276,1.1128842944107151,5.640528304116076,4.734410452631286,0.205,3.699,10.414,0.073,1
6vm9,2,1.9653527548723875,3.451551366278575,1.866128398470042,1.2028626901563002,2.5751418770995147,3.943390833447609,0.51,2.014,3.548,0.323,3
8eo8,3,14.769942363918407,21.34303762593415,9.02048297577226,12.236248118131414,11.175978847008235,25.1484367345628,0.027,16.091,30.35,0.0,17
3mv7,0,0.9791006856625541,1.091694627990511,1.024175167730547,0.9219670423978262,1.0246069335626362,0.5732240748962291,0.709,0.789,2.041,0.397,2
7na5,4,7.866509821890707,17.55140527666638,1.4955442059933663,1.6276428086810721,8.124085530924598,16.64641125926246,0.024,16.665,32.385,0.0,3
8rlt,2,1.3481226963042647,2.1446218882972885,1.0513891312009156,1.0026942615412782,1.972733905291475,2.418004760114065,0.441,3.605,5.377,0.462,4
5m02,2,1.2450198869669993,2.3833397746189533,0.9236156488602658,0.7823380227244499,1.7621296811482388,3.3330081096352333,0.654,1.235,1.692,0.403,2
5w1v,4,3.147162885570323,6.310969091188169,1.559523035888808,1.659288556869258,5.287140760550545,7.542103079761025,0.217,5.296,9.611,0.137,5
6uln,3,1.6865600247156953,3.452570406721867,0.7693444754851433,0.9888975574577465,4.494080055526371,2.7807439336523365,0.572,1.652,4.594,0.49,1
1kj2,3,2.37813366081801,4.736400312013375,0.8494632011903288,1.1341600568956658,2.999865321577837,5.050353994765625,0.39,2.689,6.68,0.316,5
6rpb,3,2.2430903222599077,4.009510316698127,1.4970002421292041,1.288587640267004,2.8123543537180526,3.0106327926287757,0.24,3.393,9.603,0.118,0
5m00,0,1.3195486422664686,2.340641788919086,0.9013075044438813,0.9678381008714454,2.1868116767221273,2.7620966019425555,0.657,1.189,3.463,0.5,2
8rlv,0,0.9054107739530047,1.1245570506427245,0.7743058322540397,0.8307385151747559,0.8741775072455863,1.3580525892725384,0.575,3.27,2.932,0.656,2
9gv6,0,1.7669386434772585,3.0904454990271852,1.6821179772760815,1.128394788970507,2.398624158740108,2.3741933028513222,0.519,1.76,5.311,0.418,3
6l9l,4,1.5053148760393267,2.8194958900812526,0.7882239870758233,0.7388344490657173,3.72309292783569,3.463007105521244,0.532,1.715,5.236,0.439,1
8v50,1,1.6868767428943972,2.849541461157726,1.6868158345499964,1.1975525303238783,3.0533122283271066,3.10171528573114,0.6,1.629,3.001,0.453,2
6vrn,3,5.1792471488751985,8.525532817450681,3.5611261513945043,3.499605435317122,8.1129248462282,6.7804421501811465,0.127,6.102,12.826,0.019,2
3pqy,4,1.9447117095206388,3.0791888842466015,1.325842408631718,1.311791278524366,2.9778799002718523,3.5550822273297675,0.453,2.056,5.525,0.309,1
3h9s,2,2.0268986548478964,3.452352492721099,1.8921651013381944,1.3755646897834537,3.6425688668348206,4.533834796172482,0.446,2.283,5.828,0.357,2
5c09,2,1.050595164292093,1.5178272330695857,1.023738389251804,0.8527759514098892,0.6660593619003539,1.6604654659948195,0.77,0.676,1.211,0.5,0
8gvi,0,1.2359407342437525,1.9913603865320386,1.0821834073485508,0.9862523537746367,1.3142644453761003,2.4355728801618195,0.708,1.129,1.819,0.529,2
4jrx,2,1.202226218111431,1.6856511954122304,0.7480167360932414,0.9877389796593378,0.9973985442936433,2.165595547914808,0.535,1.531,3.601,0.269,1
9rxm,1,7.887925495170694,17.635944047197967,1.9799779945823466,1.8089341878037304,20.35250122967394,10.657617290703591,0.056,16.884,31.324,0.091,3
8enh,4,16.22355839426962,21.452319116634634,11.076370720356026,14.431012317277553,14.603898474758639,25.57237065855422,0.017,16.874,40.013,0.0,39
5swz,2,8.138307207208083,17.09984508091107,3.850371673028993,4.038453857661363,13.18504010841796,9.521244321226042,0.034,16.667,37.192,0.045,0
3e2h,0,1.3241847037002816,2.0830537313455117,1.084865515558937,0.9536028265570735,3.917518901767179,1.9354790638151256,0.759,0.757,0.938,0.492,0
5nme,4,2.3866696550731668,4.339934113378406,1.8226692950810872,1.4830708988816925,3.2053243024438403,4.972928246615081,0.366,2.636,6.762,0.24,4
1lp9,4,1.7793791314439813,3.3965857786117817,0.9076078078002348,0.995200313830124,3.9058898981745416,3.487872832381937,0.54,1.723,1.785,0.231,1
5nht,3,1.1455146425893992,1.897924993043749,0.985843421599009,0.774073378635013,0.7861232835715313,3.520910692882175,0.698,0.925,1.32,0.394,1
8f5a,3,18.645844824016983,24.20301153121435,16.332702947491196,16.9652362876124,24.45889324727468,18.795733432593078,0.01,22.557,53.861,0.0,3
8wul,4,1.473639682207944,2.8881110767425575,2.723423630000698,0.7573412520969599,2.5948487394922175,3.2696858822562977,0.581,1.536,3.867,0.426,2
8f5a,2,2.421218880096877,4.063525065489856,4.454908809933435,1.110132589997603,5.575306658773491,3.436585337394628,0.305,2.957,8.347,0.2,1
5nht,2,0.952492241615077,1.3172673396977712,1.0087855868857758,0.7917445580181529,0.752753096152182,1.3549423734791155,0.726,0.751,1.873,0.424,1
1bd2,4,1.9368454691607313,3.371473490344207,1.7040823728136472,1.0708806252243477,1.8628117008835114,4.68270185649431,0.513,1.92,4.231,0.359,3
3e2h,1,1.2966452471593501,2.043191178720235,1.0648026710100347,0.930802472805885,3.982642980364858,0.9271701100630805,0.779,0.657,0.821,0.508,0
5swz,3,8.249406618435325,17.28831849992584,3.9217265703760944,4.13782246921265,13.910649565439613,9.373253960669045,0.035,17.025,36.204,0.045,4
9rxm,0,2.402424197388237,4.752403765093446,1.4715062944628683,1.3228024816291595,5.601278255003803,3.2168596858748395,0.365,3.581,8.659,0.455,5
4jrx,3,1.523800395715708,2.2271621309745138,0.9604720512744225,1.181342406202086,1.334047236001238,2.890117202656562,0.41,2.147,5.278,0.179,1
8gvi,1,1.4896150818619518,2.6788392509442267,1.1706378076511907,1.0504868015282323,2.272629838510683,2.8696724688475768,0.551,1.714,4.131,0.412,0
5c09,3,1.199721840094284,1.8997984612358105,1.0356025408041665,0.8879869314067231,0.9888665930719982,2.168594847304441,0.673,1.049,2.659,0.438,1
4jfe,4,1.232951449435076,2.12241279553114,0.6975682705476359,0.7638305060750977,1.2281722722753068,1.880993972879529,0.677,1.205,1.85,0.469,2
3h9s,3,1.6433582340637578,2.587719575373253,1.5041437366931056,1.2594833104003151,3.206997691323499,3.426746615455607,0.605,1.506,3.544,0.464,2
8v50,0,1.367261542610313,2.268555486238021,1.5067500435841303,0.9759037390770373,2.3873437271871394,2.6747790804202234,0.679,1.199,2.091,0.484,1
6vrn,2,4.931197415267026,9.21638913906933,1.936677202643637,2.290618214133262,4.556575534321316,8.878654479767402,0.108,7.276,16.635,0.075,0
6bj3,4,1.2949578031329645,2.163516764401691,0.7601642147280396,0.876216069335411,3.802528618136822,1.1243348900974985,0.633,1.381,3.014,0.469,1
5m00,1,1.63899009694684,3.384572886052671,0.9255516136408716,0.8759553266081204,2.829476892226296,4.690182454199733,0.595,1.516,4.074,0.478,6
9gv6,1,1.3420093192311786,2.0973226018088487,1.304478299143422,1.0255294641317831,1.2517798496864239,1.8748660391084424,0.618,1.276,4.309,0.478,2
8rlv,1,0.998302214232788,1.2671753901998952,0.9568100873550976,0.8938126493663752,0.9540039991770636,1.6028294244442722,0.567,3.296,3.028,0.641,2
8wte,4,6.103667810602695,15.374297858486834,2.9430449736771314,1.6180738585365995,12.050128794595773,14.521960543726063,0.024,16.767,32.167,0.0,4
6rpb,2,2.476362861414012,4.453956097526494,2.027554531030444,1.3364252694947476,3.4425127843295065,3.1574800927303928,0.201,3.701,11.339,0.103,0
6uln,2,2.0289687903036135,4.107200682175752,1.0285641566917274,1.2188155171797086,4.743443603500209,3.5084816026202104,0.481,2.226,4.987,0.388,4
1kj2,2,2.2386166320323264,4.335773050569381,0.9099441541163227,1.197089335219394,3.5257274835674908,4.424050676137148,0.334,2.849,10.43,0.386,2
8rlt,3,1.2841253420216268,1.99843813245093,1.0736554721179992,0.9768283960343871,1.7841183717237095,2.4131887681752073,0.463,3.539,4.984,0.492,0
5m02,3,1.3710328575713198,2.6772688508673235,0.9589084846786013,0.8278566116626345,1.9768654813486062,3.4892367354722253,0.595,1.443,2.647,0.355,1
8eo8,2,10.469447827211408,20.64509766017006,3.1379789344455085,3.170508806552325,19.999007468994503,8.936426609830386,0.03,17.896,30.8,0.014,9
3mv7,1,0.9395472736231444,1.0910168760085097,1.0092065963040695,0.8586613198186918,1.2020456275617877,0.7660569459844907,0.723,0.713,1.849,0.397,0
6vm9,3,1.9830464296104529,3.475083414838288,1.6231207763287228,1.2585225979806371,2.7193283139840245,4.030707131852492,0.498,1.999,3.496,0.277,2
7ow5,4,12.43894999413341,25.953161885252158,5.825285713761671,5.923298062933346,27.589068500425196,27.878924837952276,0.034,15.559,26.514,0.0,12
6vm9,1,1.9371813313921922,3.3981473682520265,1.8692477970281367,1.1841923543195838,2.493890196306201,4.0071679012358405,0.53,1.943,3.372,0.354,1
5m02,1,1.674912111159275,3.4430653922861074,1.0123629306590494,0.8801821730207267,2.8881347487020332,4.924751858788728,0.569,1.535,2.911,0.323,2
8rlt,1,0.9943192698338814,1.2663041864611324,1.1467822233720792,0.8723267795686773,1.0133760703647592,1.5252169285785122,0.545,3.375,3.08,0.585,1
6rp9,4,2.3935308848647905,4.263745090463527,4.085937997928586,0.9662045371375159,4.975760674950278,5.832282634750143,0.344,2.803,6.405,0.171,0
3mv7,3,0.9345044733683845,1.1061188465042864,0.8862254803166489,0.8598513121298089,1.294766492302931,0.5704916665446018,0.726,0.735,1.771,0.412,1
8eo8,0,2.4190965034628955,4.598847043841865,0.9521242364994988,1.026835990756752,4.379257506131191,7.325891748029461,0.385,2.588,6.291,0.257,4
1kj2,0,2.174612203112505,4.327073961853622,0.8332141212967211,1.037784168057795,2.9259034665656123,4.236748588317736,0.437,2.556,5.985,0.386,3
8yj2,4,7.991291942182643,13.79938613739482,6.5337932168193325,4.594784836895894,15.085237779747715,4.984496190959365,0.025,11.214,34.304,0.0,6
6uln,0,1.8367799089904946,3.7364526853352698,0.7041628749943848,1.1028466685899965,4.4227311962919496,3.802980104359428,0.541,1.817,4.132,0.408,2
8rlv,3,1.1153833560390303,1.5223941713010145,1.0760416870830094,0.9436185168636442,1.3523922140060645,1.8173534375874918,0.516,3.346,3.776,0.547,0
9gv6,3,1.5320634361504102,2.452544887336469,1.4968990028936564,1.133746633952903,1.9805824776551384,2.366377800198438,0.512,1.585,5.883,0.388,2
5m00,3,1.39528714476035,2.5041266869779086,0.998052255414144,1.0024832983561556,3.0130152344823378,2.369787246324697,0.595,1.337,4.343,0.435,5
6rpb,0,1.5543961257274082,2.659178748720563,1.5563986343428777,0.92811798273411,2.7591980560139975,1.7022609437970335,0.413,1.867,7.877,0.309,0
6vrn,0,4.8519435955541415,8.814395421434652,2.7556659197838793,2.4994708094105182,6.125875293704049,8.038025131987393,0.092,6.89,16.338,0.019,2
7n5p,4,1.342901429313766,2.0773355363704638,1.0296220356300088,0.9383759209924727,1.9048203128075554,2.9935897346532467,0.633,1.062,3.663,0.39,1
8rj5,4,1.5543191918170962,2.218767291180108,3.280674035924831,0.8545720417714496,1.7953858833535172,3.43418115845926,0.644,1.397,2.715,0.49,0
8v50,2,1.2047148163756334,1.820350441495256,1.4899572602385942,0.9360035187983563,1.7432404365294198,2.1037965768922486,0.73,0.9,1.871,0.5,1
3h9s,1,1.7622773765010742,2.8915371814423634,1.6046937341057332,1.2785546569832227,3.491768941490542,3.9095466557787666,0.547,1.767,4.787,0.464,1
5hyj,4,1.123981546710202,1.8722287829037676,0.6768212941521787,0.8262092143481543,1.2979246215529883,2.608728263945993,0.617,1.372,3.35,0.442,1
5c09,1,1.1730900301947316,1.7850606933040316,1.0682786573171235,0.9083830270054712,0.7541276115345935,2.0586261782905995,0.704,0.898,2.173,0.438,1
1nam,4,1.9882441089587546,4.079824172409612,1.2134443464022286,1.1698191270184195,6.928827777064757,2.2566815254912735,0.501,2.159,5.862,0.5,3
8gvi,3,1.3126872032945736,2.1595291502743184,1.0970510972220338,1.0311175874375735,1.5200388654812513,2.025408842307841,0.602,1.4,3.447,0.412,4
4jrx,1,1.6426792710140141,2.5081697274764863,0.9105685761302865,1.1965787669176304,1.5259720364898488,3.120368029439948,0.382,2.203,6.049,0.164,0
9rxm,2,7.91232464444767,17.67342014572833,2.0203488236578147,1.8536525802300454,20.625896336322555,10.543666950374364,0.056,16.706,31.42,0.091,2
4prh,4,1.4249478369942392,1.9464643709767193,1.5079519947034032,1.1095615623795676,1.1113123514708283,1.4061675409162844,0.637,1.16,3.246,0.411,3
3qdm,4,1.5849747424074419,2.9023072453178607,0.9391195631802681,0.8800312768970958,1.3230693541146414,1.697359228908353,0.597,1.177,3.511,0.317,2
3e2h,3,1.3856272769052855,2.2017829637581428,1.1395843747614833,0.9801465798795048,4.125170925722052,1.5974382097833792,0.742,0.898,1.173,0.508,0
5swz,1,8.075848662598975,16.98928385795286,3.7222575037321755,3.995348481206109,13.975044897345143,9.650667125984738,0.035,16.8,36.553,0.045,1
6uz1,4,1.0407461887205007,,2.1746480759753135,0.8212570229084285,,,0.01,13.248,65.713,0.0,2
5nht,0,0.9082689492275179,1.2171947742031406,0.9709272149687657,0.7743861330085049,0.7017170910391602,1.1877059234221299,0.75,0.676,1.624,0.455,2
8f5a,0,2.4054104173093247,4.128245936965156,4.184766460266044,1.1096399195912479,5.998456432937633,3.1042984288048556,0.294,2.92,8.946,0.2,1
8f5a,1,18.79850308807845,24.910476559412942,16.58812366834838,16.877376798624237,25.253642042357153,20.215670650358103,0.009,22.832,55.142,0.0,1
8es9,4,1.8673732010819746,3.404355870994119,1.3695031530989272,1.2006566167196504,3.5427624100483857,3.7879820049697517,0.44,2.277,6.145,0.36,1
5nht,1,0.8802934018772786,1.1570148151359385,0.9484298852141104,0.7610644068014276,0.6550445032019009,1.150143664495839,0.755,0.611,1.544,0.439,2
1fo0,4,1.7041750605375798,3.6136019341617565,0.8697425426517493,0.9826125731226248,8.550447416270986,1.7169084594710122,0.483,2.333,5.824,0.476,1
5swz,0,8.408690295892141,17.54733906413469,4.084002812239784,4.284813206173083,14.246423581110824,9.365124464401099,0.039,17.016,37.089,0.061,0
4g9f,4,3.2877235954900743,5.818606842572443,1.5726225628026325,1.7548472451620716,6.075631401198176,5.346038706342172,0.171,4.856,12.379,0.105,1
5c0b,4,1.0432641542974477,1.5949908329144695,1.159040139727007,0.7781600047354398,0.9147628125322501,1.7700373909267466,0.727,0.812,1.6,0.442,0
3e2h,2,1.2968127440980062,2.0044513725006943,1.0954471115422222,0.9564553913711799,3.9275783290939748,0.8669427406010183,0.78,0.688,0.902,0.524,0
9rxm,3,2.099948168963978,4.100012031427782,1.6688509880078066,1.1509065065647213,5.884562065248147,3.115947500339149,0.566,1.987,3.551,0.485,3
3o4l,4,1.3434867084153574,2.1961427107521003,1.1053329744140326,0.9536316003602497,1.7149985179907552,3.0699817809871806,0.656,1.51,1.748,0.513,2
4jrx,0,1.0841947699434316,1.5542329025000339,0.6996701144417766,0.8625408493321186,0.7720497301042035,2.02427630053891,0.568,1.291,3.187,0.254,0
8gvi,2,1.5951647576827834,2.8741658233540552,1.2411899532835287,1.1229232093583572,2.273587128060693,3.054849581476949,0.505,1.936,5.009,0.397,2
2pye,4,2.087069032015449,3.0004526820817783,2.174324519015935,1.5714657541535142,1.8573102283391543,2.829710012284427,0.384,2.702,6.049,0.254,0
5nmg,4,1.3746790872828805,2.382699714000197,1.3357947200747904,0.8938462183764597,2.10864717786296,2.5401736064750313,0.635,1.224,3.021,0.417,4
5c09,0,1.0683666549544286,1.5609544499975956,1.0399395193050645,0.8573311931259363,0.6722349980725576,1.6661518573403655,0.772,0.656,1.294,0.5,0
3h9s,0,13.863349453976953,27.432059519707114,6.538496406747642,6.78891000645201,22.913565836314223,27.14524733954362,0.031,16.166,28.251,0.0,2
6vrn,1,5.123591046249016,9.638849200141125,2.2990811931470128,2.259952930395844,4.743019998745114,9.039695794492541,0.09,7.544,18.369,0.057,2
8v50,3,5.078485093784268,9.414769812640136,3.1595335512103038,3.2486371821016116,10.368390334521864,7.8740447299839325,0.146,6.259,15.027,0.141,3
4ms8,4,1.673652247733428,2.6114679705707187,0.812686818659733,1.3350943944485032,2.361032472186013,1.2164857355345826,0.532,1.758,4.92,0.426,1
3hg1,4,1.5246626360791473,2.5392539540494585,1.0733143962304084,1.0812087058850064,3.1015724688706956,2.2221603462004835,0.434,2.186,6.309,0.338,1
6rpb,1,1.6737585656928735,2.8095105915504606,2.2225693359544487,0.9270111355947476,3.387106587361256,1.8328077886698213,0.403,1.856,7.475,0.25,0
9gv6,2,1.9017941615436098,3.225375225619263,1.6009538342472036,1.3237398510141283,2.563463795287471,2.4645908196349398,0.409,2.263,7.714,0.373,2
8rlv,2,1.0214854494592216,1.3817080065576577,0.5764021103167162,0.9039066529643344,1.0020839230798433,1.839241289077192,0.531,3.308,3.427,0.562,0
5m00,2,1.731138248796557,3.483471137264287,0.9909128912575498,1.0034419726214476,2.5311907725999085,5.120674886842114,0.59,1.595,4.51,0.522,1
1kj2,1,2.2971243755532917,4.581375650162995,0.8353342944331589,1.0868439361392261,3.8450884411914688,4.364611973529417,0.324,2.997,10.355,0.368,2
6uln,1,1.7405242140240802,3.5304226086554826,0.8614132484946199,1.0415182345677472,4.518369933137234,2.8568282217534136,0.579,1.761,3.885,0.49,2
5brz,4,6.035016452359082,13.062026968072777,2.5953546506766574,2.756056151532716,10.129356308785079,11.903311385163569,0.072,10.699,24.624,0.089,11
3mv7,2,0.9409444710116774,1.0195484938363488,1.0225181000038281,0.894690347781638,1.0008246749369807,0.6090764149555742,0.724,0.713,1.777,0.397,2
8eo8,1,2.817025379799184,5.458772603968472,0.9585682631028731,1.0362708944585761,4.782708173503314,9.19956037306633,0.388,2.783,6.003,0.27,4
5m02,0,1.326889372599294,2.58175364956458,0.9565871885847869,0.8052518414334405,1.8778270516837157,3.2728908160057206,0.62,1.399,2.485,0.403,1
8rlt,0,0.9986324884124989,1.3253165867649042,1.1462141992239434,0.8513055108272698,1.3364678313851028,1.5249679907507436,0.548,3.385,3.133,0.6,3
6tro,4,0.9114770865789369,1.4422572011302421,1.106701160471428,0.6876902517904292,1.1266417953762597,1.4125078585265889,0.742,0.943,2.761,0.606,2
6vm9,0,1.9167574905415106,3.3308449676083978,1.9151140579397807,1.1880446790902919,2.404622735610885,3.9311915135811186,0.537,1.892,3.471,0.369,2
5ivx,4,1.2630944918538298,1.974864231693353,0.7163083385700239,0.9902913263752096,2.3358017489688288,1.6053849915423204,0.618,1.121,3.911,0.388,0
5wkh,4,0.8415580346772598,1.0996538470262536,0.688041825319475,0.7683246943820057,1.332450465127936,1.109095349234246,0.724,1.067,1.702,0.545,1
5d2n,3,2.4307548355536093,4.66577444845906,1.36496982003129,1.4072794878887458,3.103071332644276,4.818726431464676,0.347,3.225,6.76,0.25,4
8es8,3,4.340520349318931,7.940877327351213,2.814108052734716,2.681061237379486,5.124169717204452,8.147640921111158,0.205,5.13,13.097,0.239,1
4n5e,2,1.5516556181193797,2.7386030975574185,0.7893890994423564,1.0468439929753315,3.3284865246299042,1.0593597549339477,0.578,1.546,3.74,0.412,0
5e6i,4,2.549759621255881,4.505978023367812,1.7072051531336998,1.7766771630730487,6.140148646869149,3.462572205224547,0.269,3.408,8.537,0.148,3
4jff,2,1.3466748836982867,2.3342357631298074,0.8097747044503365,0.8405590894124729,1.2224716207301147,2.8038919735405208,0.64,1.42,2.132,0.452,0
5c0c,3,1.121273329003335,1.8250634697082893,0.9195895803453635,0.8031088954858425,0.8924173287092471,2.297115230217943,0.696,0.892,2.262,0.415,0
1mi5,0,2.7931412078622984,4.8658658418235285,2.0726662662055126,1.9527302952746128,5.376442649101916,5.327919969946465,0.36,4.309,5.603,0.274,4
7rk7,1,2.016420832851386,4.237617500413905,1.1185913358880648,0.7923930867308858,4.0157090181169455,2.427262530826587,0.419,2.27,7.803,0.409,2
5bs0,4,7.137830560558328,14.046811546749257,3.734983366896072,3.923596664927111,9.147491188959043,13.547924631086232,0.066,11.276,24.912,0.076,13
6ulr,0,1.858127689285019,3.5711438815581045,0.9238546469704887,1.2164002287904925,3.279683383090701,3.957884293600208,0.551,1.919,4.472,0.491,1
7rm4,2,2.3825958985977542,4.237232833320062,1.6483612862515975,1.2806550292706183,4.067345180085511,4.982399219227472,0.135,2.549,31.848,0.082,1
5e9d,4,11.795637033700753,24.137388624792813,5.7760030591763,6.1707245211200545,23.57453528581863,25.366824071891976,0.009,15.311,62.922,0.0,5
7pbc,3,0.8269422240261016,0.9433897025404586,0.8611554759238824,0.7745036927748635,1.0119350382297547,1.1006574845628176,0.799,0.462,0.867,0.493,0
6dkp,3,0.9754989148079132,1.483339879446945,0.767505840477372,0.7293268875114011,0.7469370943251753,0.9502991100330613,0.792,0.698,1.289,0.575,0
5d2l,1,1.9281550161725218,3.127871630258978,1.6696925669498086,1.3251510060111238,1.603684563176981,3.4166458440556626,0.377,2.619,6.709,0.267,0
5c0a,1,1.2446698289548996,2.0914524641019727,0.6044043524450544,0.9022996196319507,1.4354369859836724,2.7711202907877572,0.662,1.161,3.047,0.474,0
5nmf,3,1.3127734265203346,2.207940216581962,1.2321830887395446,0.9165288440817447,2.122136540134283,2.5352962670572174,0.676,1.039,2.947,0.459,0
4jfd,0,1.2198482042152543,2.0871436427109007,0.607607702451398,0.785111505146411,0.8541871745165329,1.932794783338784,0.683,1.266,1.261,0.488,2
4prp,0,0.8582903440888014,1.0301236001229885,0.9503952229482309,0.7614446463759629,1.2204842577227282,0.6930218744683445,0.734,0.668,1.753,0.408,0
2ak4,4,3.1131944732304877,5.314373664765587,1.590835743191737,1.607772881683133,5.473861754637017,5.661090991296174,0.225,4.241,8.709,0.077,3
4pri,2,1.354332273263489,1.6886296963588796,1.6428113598025418,1.1353873479869487,0.9316161850256693,0.992901942829218,0.613,1.213,3.412,0.373,0
7n6e,0,1.4920997637557079,2.3040363000312274,1.2887605449748802,1.0982239342778644,2.886415080290711,1.1167704599954265,0.6,1.411,2.817,0.368,1
3qfj,1,1.6056500929387836,2.5306359350009817,1.720450330820484,1.0752047635835222,3.014538882579585,3.680547789763046,0.588,1.508,4.391,0.477,1
3sjv,2,1.6053514377519436,2.4845790632747033,1.1389386769622134,1.3200889223835763,2.5543096372126213,1.8285669528080957,0.423,3.636,4.438,0.339,4
8v4z,3,5.8786008861178765,11.454239625975351,3.2775455074986093,3.170787197117913,11.804361958106028,8.438520707294055,0.086,8.325,20.564,0.079,2
6bj2,0,1.8878532906466392,2.9869313740364247,1.3519294473743864,1.330398472209538,3.695040511484335,1.9075092032644465,0.485,2.07,5.133,0.378,0
7ow6,2,0.8083877681064409,1.374266589864114,0.745045076184678,0.5966601050285273,0.7208596105324708,1.3893455534511676,0.781,0.568,2.576,0.554,2
8dnt,2,1.4969248871601932,1.8240450463923061,2.3162771879539936,1.2129693023052512,2.236009267332114,1.8516922479003295,0.708,1.144,3.6,0.644,3
6vmc,3,2.0366776671935174,3.7848576203039537,1.7085914884151714,1.1406121420631348,2.8941677185032324,4.333328298742049,0.471,2.288,4.663,0.345,2
2ol3,0,1.6665796016007226,3.2261541341441,1.2447027968852018,0.9413900761370403,5.043315346313395,2.5595731946037423,0.492,3.751,4.357,0.548,2
6q3s,2,0.9026607727773269,0.8451930974826486,0.9502509605471774,0.9185149375943112,0.6384270920703969,0.4339358842358367,0.793,0.569,0.812,0.513,1
2gj6,3,15.398327071538551,27.920490117158632,8.033353074011465,8.047683452379582,23.303780869195435,27.098869201375233,0.031,17.266,27.963,0.0,3
3qdj,4,1.2624614206736537,1.8465836665633601,1.3267496119866282,0.9698246266230472,2.2672686207633,1.5081133046041826,0.596,1.318,2.732,0.318,0
5til,2,1.3045653082364022,2.527121348433174,0.9283019496925148,0.7957215594997573,1.426972827206237,3.3268665489876934,0.608,1.458,2.368,0.381,1
2nx5,2,2.01929798256619,2.3637940077022486,4.990401229835397,1.0527545517178034,2.937905565589986,2.2455783726743053,0.572,1.458,2.979,0.312,1
8v51,4,6.926578719056664,14.552353188110793,2.8548379744387087,2.789932591703289,13.841726298372993,8.966048011897492,0.041,11.575,26.753,0.015,8
8shi,0,8.150950145918573,16.05503231077409,5.298386015639025,4.100951179789766,13.7546401084041,10.998406917504523,0.063,11.545,27.362,0.083,1
2p5e,1,0.8326091750798278,0.9654437019357323,0.5612056606695573,0.7997534309841866,0.6127091947383543,0.5317258205957834,0.811,0.488,0.681,0.535,0
3kxf,2,1.7163643621101738,2.8950913159155114,1.1115187185532847,0.9590506880461882,1.624349205775037,5.261402613698257,0.376,2.518,5.941,0.194,0
6rpa,4,10.201490889471078,18.06136458369079,6.711594057425305,6.093924010876641,9.479582305980447,19.337909231762424,0.031,15.08,28.17,0.0,4
6vma,1,1.9578325551481375,3.543902597118278,1.8768561775821089,1.1300063264496643,2.7104759153145044,4.116303866277518,0.506,2.181,4.462,0.414,3
6zkw,3,1.986382682512031,3.960075333208865,1.5339822012512871,1.0971584586526888,3.3221041045637394,4.281082274516161,0.321,4.146,8.186,0.327,2
6vmx,3,1.3462010592154312,2.0657315588348064,1.0410032464057202,1.0658783823780071,1.3924137838137864,2.410168412225135,0.417,3.521,4.712,0.333,0
4mnq,3,1.5458032450020656,2.3957794365507636,1.2207716223066007,1.0877186285343337,1.6107928983983313,1.4251549084438238,0.644,1.613,1.672,0.506,0
6g9q,1,1.336575545621787,2.353550259114174,1.1361440588468132,0.8922618622040495,2.678933191483803,2.653014458643872,0.603,1.392,3.61,0.426,2
5w1w,1,3.624067045681075,7.547681195936581,1.3970868937503882,1.6443745034890447,5.84147050786965,8.248956787736102,0.167,6.042,12.248,0.118,2
6vrm,4,2.1414661631618586,4.02670247015057,1.152991608138368,1.0611727702198532,5.103575958035986,4.8795788072756725,0.313,2.349,8.8,0.167,1
5w1w,0,4.234754338719541,8.51507312824411,2.061975749089271,2.2192117757470737,7.2601186227130885,8.917371914413796,0.15,5.876,13.045,0.092,2
5wlg,4,2.0802305119631175,3.797940493148752,0.8465591342188042,1.1477823446598794,3.7151490103319347,5.638960801698065,0.386,3.852,6.454,0.391,2
7pbe,4,1.2366222266775262,1.8650037082596573,1.1017376875896991,0.9323910309172497,1.8845340596860582,1.604529321851471,0.655,1.284,2.027,0.442,0
4mnq,2,1.584061190306052,2.473989101411484,1.156605769840659,1.1101414985521234,1.832937921484625,1.48691856496839,0.613,1.689,2.179,0.46,0
6g9q,0,1.2783388917326075,2.258585686139422,1.1037627627022597,0.8455298780338204,3.093321491196864,2.577869502807038,0.621,1.264,3.541,0.426,2
6vmx,2,1.17988624058705,1.5378365900169617,0.9638155791569851,1.0700864967980683,1.172090908929667,2.1258786238272434,0.475,3.371,3.25,0.386,0
6zkw,2,2.0887202490151315,4.237125803532847,1.7548858653540256,1.0645285056095515,2.9073291812136097,6.399573109919158,0.399,3.971,6.195,0.418,4
6vma,0,1.8807043009567679,3.3699676582082985,1.8844706525748116,1.102529750898109,2.553233835445925,3.9211730572025574,0.53,2.057,4.339,0.448,2
3kxf,3,14.020216855973407,8.186093649433051,16.084751732036462,15.550965339310654,8.014778605522798,6.855162840018091,0.04,14.497,24.154,0.0,10
2p5e,0,0.8339880670104816,0.9041191118150362,0.5410771271237003,0.8313369463151054,0.6076529692389742,0.525766436120352,0.81,0.455,0.647,0.521,0
8shi,1,8.218521864648084,16.205275577875188,4.9912038691866965,4.1597531128227985,14.054977009710461,10.865257903460558,0.062,11.734,27.78,0.083,2
5til,3,1.6420271851650492,3.362923007831009,1.003098984193136,0.8635065326233241,1.7995053353364354,4.978891612793193,0.595,1.581,2.832,0.413,1
2nx5,3,1.9391104809876403,2.247669860773416,4.962249783012474,0.9230686448021687,2.9870311656810147,1.8611496490927442,0.599,1.333,2.803,0.338,1
2gj6,2,15.13551597655813,27.401897207825506,7.77244053159681,7.974645762476365,22.61708000478197,26.348174482574485,0.032,16.974,27.119,0.0,4
6q3s,3,0.8851801941098456,0.7983743827468708,0.9329030634604016,0.9111740740051254,0.6235315382837096,0.43186618018433687,0.811,0.535,0.648,0.553,1
2ol3,1,1.7909538176734905,3.472573677783545,1.3067252268833782,1.0107218620693357,5.270307611623336,2.8171107443895465,0.461,3.828,4.922,0.5,0
6vmc,2,2.086693601298007,3.8893552441614703,1.6753146896192255,1.1686768034224384,3.1320016478106627,4.371752843359602,0.469,2.371,4.339,0.328,3
7ow6,3,0.801729241537624,1.3696861468189567,0.7424821511620948,0.5874589621637945,0.6992050538950464,1.2942387786313936,0.738,0.772,3.282,0.554,2
8dnt,3,1.491633878192325,1.8237407311249079,2.201987479439039,1.2274545340984806,2.2712743552747825,1.899376977012774,0.696,1.249,3.716,0.658,3
6bj2,1,1.929785882227767,3.1097849002223676,1.3249197717114116,1.3180766068984853,3.9229922462404256,2.030428626382071,0.482,2.061,5.122,0.365,1
5m01,4,1.4539557598659358,2.8720822653793605,0.7785382248060944,0.866845420258954,2.1554717940128922,3.9896631191366545,0.548,1.751,4.888,0.471,2
9gv7,4,5.936746320997517,10.871207400185034,3.8071392825587855,3.825671898325847,5.92735049467456,6.007647594988545,0.127,7.155,18.386,0.162,11
8v4z,2,1.12913863676661,1.7118322728959856,1.3846891499897036,0.8640643429746647,1.620098358288733,2.117406971613682,0.755,0.783,1.482,0.508,3
3sjv,3,8.44800600744236,18.457147673767373,2.252971531291219,2.4356996815100307,9.632821130299291,15.820293323336236,0.029,18.962,32.667,0.016,0
3qfj,0,1.5029440703125263,2.355713032666845,1.6540563794836065,1.0096863156844613,2.9607474843808683,3.282623945751856,0.583,1.457,4.593,0.462,1
7n6e,1,1.702501345082543,2.825354450404373,1.2941522052815086,1.118635369047255,3.125036272110922,3.1364003798374434,0.501,1.676,4.149,0.25,2
4pri,3,1.495349790083373,1.9613784287776772,1.6855700122530604,1.2133882330263954,0.9845102610830709,1.1410949470506428,0.569,1.453,4.028,0.373,1
5c0a,0,1.6350687819271172,2.986778357876155,1.1373582754232427,0.9473353681608845,1.4332469983183838,3.3884803094868277,0.513,1.718,4.7,0.342,0
4mji,4,8.331383739311436,18.209821311949074,2.13580017893294,1.8472261367947815,17.577404151886306,11.29389325437905,0.022,17.434,33.777,0.0,2
4prp,1,0.8704830525111321,0.9930326154483154,0.9599110205652145,0.8007340958625905,1.019168950159151,0.6224219493627314,0.733,0.718,1.697,0.423,1
4jfd,1,1.2095575154462237,2.0915865114781536,0.6147227193652011,0.757018173038544,0.9056037590592002,1.9870716408540268,0.681,1.265,1.476,0.488,1
5nmf,2,1.3952437724083575,2.3969422358731616,1.2336124688520669,0.948862567983462,2.3204634237773774,2.577203692131966,0.639,1.259,3.257,0.459,3
5jhd,4,1.998266682762924,3.6250119295361922,1.761515133804325,1.1528267684078142,4.656812254136938,2.3980708255417618,0.44,2.217,5.114,0.271,3
6dkp,2,0.8998957476986488,1.271693579840774,0.8051143191820501,0.7289371947486146,0.8063660028982067,0.9067105256768729,0.797,0.643,1.067,0.562,0
5d2l,0,1.9280965148464948,3.2338862015067593,1.2531816046432809,1.2832623131727419,1.3482085949549893,3.2666785336781867,0.371,2.752,7.174,0.3,1
7pbc,2,0.8331299106483304,0.9502829591935029,0.8513612707833906,0.7820760022652278,1.0013453896598459,1.076009313298952,0.812,0.476,0.839,0.537,1
2ypl,4,2.0563883531965126,3.392071401727322,1.7881475382787473,1.2448759114938848,4.775422703046352,2.711763310427975,0.462,2.086,5.315,0.327,0
6ulr,1,1.8442208144370353,3.7486601995971287,0.919830801214049,1.052488455359088,5.335468082099893,3.49679052628121,0.523,2.116,5.226,0.509,0
7rm4,3,4.868488080699914,8.331208667598629,2.84204977218065,3.030472760570978,6.975367940406637,5.2771421821435425,0.048,6.56,35.979,0.041,1
1mi5,1,3.904699132434161,6.964564676475659,2.7264368061808346,2.6340384605997316,6.95713433387975,7.813713553705577,0.241,5.252,8.103,0.123,4
7rk7,0,2.523608123521329,5.3171114722924315,1.4162649119960173,0.9696285580164108,4.757103143103753,4.905968343826221,0.334,2.811,10.348,0.379,1
4jff,3,1.2894896243986487,2.162570382872462,0.8354406489814922,0.8633877284389999,1.1855959204523234,1.8472439110387409,0.661,1.318,2.126,0.476,4
5c0c,2,1.0136513014955864,1.5428907751719099,0.9690504882562931,0.778534614530077,0.8728777463779733,1.6487279212383366,0.689,0.841,2.976,0.415,0
4qrp,4,14.244572995284091,28.965238853031867,6.908232219813664,7.540159680633678,25.14277977869591,30.616071155588077,0.03,16.652,28.664,0.0,6
4n5e,3,1.3675823736322048,2.3156607344997115,0.9241310501940261,0.9746426053445676,2.8588838994666754,0.882373591199182,0.663,1.126,2.479,0.426,0
8es8,2,2.092933838347711,3.67939479419106,1.5343563467850616,1.3919627357218785,2.6889654268965177,4.279445168320388,0.506,2.019,5.478,0.457,1
5d2n,2,2.4229077583027623,4.577418135577068,1.4246114870457935,1.4610343685356757,3.3362860837981922,4.45558330456429,0.367,3.088,6.317,0.266,1
4n5e,1,1.406392836354872,2.4067491659457985,0.786060337987103,0.9988438074702286,2.9761860584044593,0.8325295021721136,0.635,1.252,3.004,0.426,0
5d2n,0,4.7456599679875415,9.350037349067744,2.405540064330385,2.542594572225583,4.465377472648648,10.958461230506282,0.102,7.516,16.676,0.062,1
8es8,0,4.687879048575711,8.608412246287177,3.073453432344655,2.86288277669435,6.063258511604603,8.812036497154477,0.146,5.636,14.242,0.109,0
5c0c,0,0.9362592776462962,1.4330878907881992,0.8927111624407771,0.7143580644980205,0.7764585144936186,1.649291239802786,0.778,0.554,1.169,0.472,0
4jff,1,1.2140590339033324,2.016864450737216,0.8038874755299983,0.8271698966832595,1.1287695326259468,1.8397244037184795,0.662,1.31,2.086,0.476,1
7rm4,1,19.484103509009564,24.756076625255435,17.0004595526121,17.514268045710367,25.378707539721535,20.643208932899665,0.006,21.809,72.287,0.0,1
6ulr,3,1.7786870423582688,3.4786108875276143,0.9768881293041148,1.1156574908220072,4.835169548987323,3.4046297173811424,0.593,1.673,3.927,0.509,0
7rk7,2,1.8533770626215416,3.825758196913391,1.1287641225849665,0.8073730693645054,4.129774009057326,1.9223251187831594,0.461,2.075,7.152,0.455,3
1mi5,3,3.0083350748632314,5.327067802007733,2.131785319983276,2.053826413787262,5.765566776467535,6.390307868796606,0.332,4.394,6.117,0.233,1
7pbc,0,0.8945549773083803,1.110131040732053,0.8809009421991013,0.7987568818009284,1.2131021285691252,1.150844886758359,0.773,0.613,1.536,0.493,1
5d2l,2,2.0970876601931185,3.6515129618215347,1.2933336186818336,1.2808802294827812,1.9769076674688333,3.6494775559398858,0.348,2.977,7.577,0.283,0
6dkp,0,0.8804120119274911,1.2185167304647442,0.5692345378121654,0.748680351209432,0.5215604850170075,0.7704126538413839,0.817,0.599,1.01,0.603,0
4ftv,4,1.9539043131228244,3.3226093986508176,1.1927710548578216,1.0995560167363456,3.3063550499848215,4.088957672383047,0.464,1.898,5.667,0.315,4
5nmf,0,1.4516500022094343,2.4941666257454456,1.265842694084148,0.9893363461345616,2.5452376044390665,2.4290268531456287,0.588,1.498,4.018,0.446,3
4jfd,3,1.174481840068422,2.018874125235995,0.5962657806234034,0.7464241718373053,0.9071831770390733,1.9019043394750452,0.674,1.271,1.621,0.476,2
4prp,3,0.8854487787704649,1.0436826958109615,0.946374539754155,0.8015261968347323,1.2812928913659694,0.6714458425671667,0.74,0.665,1.697,0.423,2
5c08,4,14.053954476773855,26.750259453208177,7.323416257443582,7.363510269032213,26.495529211205014,24.669129944572877,0.032,15.889,27.597,0.0,2
5c0a,2,1.2144558063184772,1.9137893087352031,1.2292419343264611,0.8887625710485109,1.5062431113691026,2.3122669824270856,0.653,1.042,2.986,0.395,1
4qrr,4,9.51319930816498,19.29156634181374,2.2703218103460343,2.452214770848196,9.33379717781625,18.117628332682226,0.035,18.152,32.23,0.032,4
3sjv,1,1.402241072945811,1.7580941810881479,1.136134312990201,1.3163062872849862,1.7539058000057022,0.8946028023536019,0.452,3.366,3.54,0.339,0
3qfj,2,1.4942763597430118,2.2670428306451162,1.6779577454864651,1.0584678401235816,2.8863517004685835,3.023023937144757,0.619,1.331,3.758,0.462,1
8v4z,0,1.1270019978455288,1.7181629708177686,1.3679906062205716,0.8594397831621061,1.5465914395467883,2.0124171466151695,0.741,0.781,1.742,0.476,1
4pri,1,1.1749348201710446,1.40746044482372,1.5918124010060593,0.9874111743258756,1.0023803395039774,0.8623769520324033,0.69,0.867,2.488,0.4,1
7n6e,3,1.7609314320684988,3.0377076790900186,1.4791744990133988,1.0231645704460486,2.1426499766162292,3.9381258393770087,0.432,2.191,5.224,0.25,2
4jry,4,13.067515736754519,28.54142148500343,9.803682343895074,8.036263141986845,22.21135302956616,26.295624270384433,0.028,15.085,29.796,0.0,24
6bj2,3,1.901693695735623,3.029865045511172,1.3470364047487622,1.324144452979913,3.975094635354741,2.031417974591071,0.483,2.044,4.744,0.338,0
6vmc,0,1.934264521941369,3.558449152888306,1.855931708829829,1.0797940565618662,2.5984670014136375,4.107294259878962,0.502,2.135,4.281,0.379,2
8dnt,1,1.4683709302018135,1.7391799489519266,2.2380023557244084,1.2250087824868887,2.0825719946201455,1.8454563459009257,0.721,1.077,3.034,0.616,1
7ow6,1,0.8445461096567498,1.4116869258558198,0.7532455198808743,0.6395935315129617,0.6930489718375695,1.3457431507109916,0.766,0.62,2.503,0.523,2
2gj6,0,1.363783609583094,2.1055393026076166,1.7877528883177816,0.8997784122954361,2.351401085874205,2.5937473765403127,0.625,1.231,4.664,0.508,0
2ol3,3,2.712141588807395,5.528081385516918,1.4649351426969157,1.3260942882110074,5.706053794653846,6.044842862290087,0.294,4.499,9.447,0.333,0
6q3s,1,0.8990353843749899,0.840321794654528,0.9514754232017931,0.9147608447446838,0.7540099389859831,0.46134574090715114,0.804,0.554,0.68,0.539,1
4mxq,4,1.1895245537591548,1.8521198316030683,0.4331587599291356,0.9692822197703561,2.3303648688959937,0.9389591306134695,0.753,0.828,1.432,0.521,0
8shi,3,3.10049219082411,5.220787675435739,4.788012343937043,1.8334146512624732,5.073149605898502,4.51515251440503,0.219,3.642,12.278,0.188,5
2nx5,1,2.122470418734647,2.961436848046497,4.769759537251174,1.008712914736905,4.9797766438378295,1.8519974292882666,0.563,1.574,2.811,0.312,1
8rro,4,2.5640068657026927,4.795756234185623,2.2880262010747514,1.370008233644622,5.535629570028917,2.5656416795874977,0.249,3.924,9.894,0.194,2
5til,1,1.3853485617953265,2.681372020800464,0.9352533618456773,0.8523910772597476,1.8443756593698521,3.3057827995290885,0.582,1.571,2.782,0.365,1
8rlu,4,1.0474812279416439,1.4538351660444775,0.9449812089301906,0.8868093180409693,1.4644663339552575,1.439577368640005,0.507,3.443,3.424,0.5,0
2oi9,4,1.0749046191707543,1.392859160369418,0.9952178542781266,0.9382378817096241,1.2505264823090894,1.5387158839656139,0.774,0.704,1.676,0.54,1
2p5e,2,0.8356742516106346,1.0316687246610012,0.6248839605710501,0.7657776426942366,0.6196924154260343,0.5336833433446178,0.807,0.525,0.663,0.535,0
3kxf,1,1.499418834943658,2.5202397567575416,0.9931245959156864,0.8453429243018943,1.4344625414259276,4.6510266513143845,0.48,2.158,4.03,0.299,1
7rrg,4,1.980204327897521,3.772984574266936,3.202555264521064,1.1970612448878566,4.936986171393152,4.2896537192078625,0.572,1.73,2.451,0.365,3
6vm8,4,2.9854220143940764,5.326794641443242,2.0672034354990307,1.510094345387217,7.0561963299815975,3.508803875342724,0.061,4.216,35.229,0.016,3
6zkw,0,2.319041427535036,4.866052051018622,1.558795297856042,1.0712346394519177,4.020685591808172,7.1677543068780185,0.398,4.093,6.403,0.436,2
6vma,2,1.8644543777051876,3.3713058045169673,1.8468290393800788,1.0688181432161752,2.401297640397164,3.9630708012576874,0.515,2.051,4.704,0.431,2
6g9q,2,1.1655376580472259,1.9196837294806015,1.0815423028911375,0.8557481887728586,2.0281069809123458,2.2885769447335926,0.663,1.14,3.013,0.468,2
4mnq,0,1.6391800380400796,2.609166281086486,1.1947270731741375,1.104964348646858,1.8060436752912394,1.4798529237405047,0.595,1.762,2.376,0.437,0
6vmx,0,1.116524810255132,1.4034194501237405,0.8943505640487673,1.0369698704964954,1.0037777172953883,1.926001703290521,0.508,3.342,2.851,0.456,0
3d39,4,2.226762338223186,3.3392331182593944,4.516885865207524,1.3115582504153358,3.5239991222478957,4.493854638172532,0.489,1.939,5.82,0.411,4
5w1w,2,2.3098115543316693,4.443366236240075,1.1780344218317924,1.3902590544710525,3.9233440080023834,6.50622477226691,0.383,4.09,4.515,0.25,1
5w1w,3,2.595322301514348,5.0713556536632804,1.342498070862456,1.4924834590900609,4.4180329105471685,6.591322565734809,0.359,4.259,5.344,0.25,3
6vmx,1,9.305070078261208,19.64923763438867,1.8643158982797166,1.8442722413908863,13.237013266616765,14.610694101485835,0.022,17.908,33.754,0.0,0
6g9q,3,1.0474159258487243,1.5132560744301182,1.0790061053921642,0.8713183557068205,1.781839052477958,1.5035422990348424,0.715,1.044,2.543,0.553,0
4mnq,1,1.7091062439507911,2.7462070030930508,1.2529800871961645,1.127012136307521,2.7022358207438417,1.4469684084572276,0.604,1.728,1.807,0.425,0
6vma,3,1.955425135932896,3.5473209862387556,1.86199954981767,1.1235526092487693,2.7369176489857248,4.062894512094333,0.495,2.195,4.653,0.397,2
6zkw,1,2.0682942494462266,4.154857988133104,1.4091982186179641,1.1382453944863016,3.865645078557057,5.1322759702573,0.33,4.054,7.813,0.327,4
5tje,4,1.6553008416179154,2.7372195663192733,2.7007057178153366,1.078157156858007,2.4046338487456262,3.9066951339512634,0.631,1.356,2.024,0.397,2
3kxf,0,1.3643265129551916,2.2928261905088827,0.9150623454548525,0.7677039022404439,1.1924436375349017,4.384547872486626,0.523,2.006,2.892,0.313,1
2p5e,3,0.8082175989305844,0.9856294353171734,0.5460598441458646,0.7519570723643798,0.5880282905079118,0.5170783687381417,0.809,0.471,0.626,0.521,1
5yxu,4,1.1741243592747956,1.8015920115919009,0.8098272721850874,0.8410968449940005,1.6281580916686036,3.2937404104017185,0.718,0.862,1.535,0.433,2
2nx5,0,1.7262104582253943,1.930116838362065,4.325748743789147,0.9250918368552449,2.408733995669537,1.7104832496716782,0.648,1.183,2.596,0.412,0
5til,0,1.6570340362539115,3.3849437429309313,1.0023967842204045,0.8808093807006598,2.1557784739757984,4.771726446125596,0.562,1.679,3.204,0.365,2
5yxn,4,1.150928334244485,1.773847296572116,0.711650706321557,0.8280199400988562,1.254387624208553,1.8151744068188431,0.619,1.163,3.581,0.385,2
8shi,2,8.018929743802628,15.8637827663687,5.066443855577264,3.97725854758345,13.708131983861957,10.866399719964889,0.063,11.369,27.314,0.083,1
6q3s,0,0.8852625422137551,0.8135433400279186,0.9447844168915159,0.9047047162093745,0.6468435444634336,0.4250006908385383,0.814,0.542,0.723,0.566,1
2ol3,2,1.8198440001347487,3.5718118949995303,1.2107618095731363,1.002292564633942,5.246079742775319,2.94898221481991,0.447,3.853,4.811,0.452,1
2gj6,1,1.7494150106885997,2.826504654441751,1.9602760782131277,1.1138837111042799,3.3327976432143664,3.5019315007443863,0.528,1.717,4.975,0.407,1
8dnt,0,1.4878097694590438,1.8160873953589862,2.2088589893418873,1.223443114276781,2.2557099482623326,1.8617808891726662,0.717,1.153,3.537,0.671,2
7ow6,0,0.8290157908613228,1.3695703618135,0.7373322460335141,0.6367883925640536,0.7503192275218497,1.2965251551849442,0.781,0.601,2.627,0.569,2
6vmc,1,1.9458478497633611,3.552050453333899,1.8600395424669345,1.1137089670446356,2.4534579187646255,4.177760174356573,0.5,2.146,4.557,0.397,2
6bj2,2,4.813726739308249,8.190428169929264,2.7551546214327485,2.934994054534708,8.798571013978396,4.176436801375583,0.084,6.967,19.953,0.054,1
7n6e,2,1.6168630181555455,2.797118690980489,1.0696619646549264,0.9762122854580163,2.1205338419282147,3.7244023964743387,0.477,1.947,4.338,0.265,1
4pri,0,1.175734729732277,1.4233779378585976,1.5915891076797817,0.9792034925928711,1.0478952475166907,0.8388381970761843,0.691,0.849,2.332,0.387,3
8v4z,1,1.2243807945848242,1.9956976609472226,1.364892046226207,0.8766100345858403,1.9593999760068286,2.5192100265371415,0.72,0.972,1.978,0.508,2
3qfj,3,1.567253370758729,2.4683581177918557,1.6628170466407175,1.0538668130432276,2.9961610247367734,3.5582771481463937,0.584,1.45,4.4,0.446,1
3sjv,0,1.407909976707312,1.723253863703443,1.1161206345481325,1.3384181452802497,1.51491445626121,0.9832513345877721,0.481,3.359,3.704,0.435,2
4prp,2,0.9523146122595642,1.1409808606130003,0.9704512488139694,0.8592298325322718,1.0849997224236059,0.6915434792751843,0.699,0.86,2.238,0.408,1
4jfd,2,1.2844977938321736,2.259376771946172,0.7033112455880205,0.7620403013722244,0.8280857128273519,2.753162538670507,0.677,1.261,1.151,0.464,0
5nmf,1,1.4236094608825889,2.43184743305635,1.2759277437314904,0.9757918296882063,2.476748846385618,2.3622870161631404,0.642,1.323,2.996,0.473,3
5c0a,3,1.0646602728829737,1.7131267929339482,0.5777965963263992,0.8186813036631486,1.1954052828384154,2.1032476652969683,0.669,0.972,3.119,0.421,0
5d2l,3,1.8304321597449982,3.020762499088253,1.188135478993398,1.2594386659358252,2.7377257794429894,2.2544888358161312,0.381,2.506,6.544,0.25,0
6dkp,1,0.9276494165782522,1.322146779320862,0.8029479128639873,0.7470954539299342,0.6692397069108075,0.8866137091283486,0.803,0.633,1.01,0.575,0
7pbc,1,0.8226067330822885,0.9846190012222732,0.8438782373125053,0.749561771546062,0.9387294747584889,1.0955200819542847,0.799,0.495,0.97,0.507,0
7rk7,3,2.2833702582081985,4.884594033104824,1.0930597184473339,0.7894182813988655,4.755943461568421,5.164937993108557,0.407,2.325,7.93,0.394,3
1mi5,2,2.718350365743441,4.712822487722326,2.01532155327674,1.916051354240548,5.507195014699556,4.768861814794983,0.381,4.192,5.358,0.315,4
7rm4,0,8.879563682762793,16.823600066301843,3.5716870302683996,3.684797973217691,7.090633564822395,16.85638440806628,0.033,10.889,42.72,0.041,2
4l3e,4,0.9965720488283262,1.5572730589539288,0.5568324275298417,0.7240356679202916,0.940075251866014,0.8111250392644576,0.832,0.507,0.713,0.605,0
6ulr,2,1.8457223907647036,3.6884132908100216,0.9021099446954328,1.1057616416078173,4.631665048590228,3.4206936862534025,0.529,1.806,5.035,0.439,3
5c0c,1,0.9503517957886138,1.4384167599920321,0.8909902182331549,0.7376303395321229,0.8542665252620333,1.3185511304706758,0.732,0.818,1.875,0.472,0
4jff,0,1.2277005270951635,2.0047768452504333,0.8406134255298723,0.8616081885849899,0.8240610435403118,1.9347365304523894,0.676,1.279,1.447,0.476,0
8es8,1,12.434460152830143,20.175713549456677,8.617340678760083,9.505689727288646,19.549968914432792,18.43341274981816,0.038,14.038,25.117,0.0,6
5d2n,1,2.1461264898887187,4.060837492158729,1.2288449184199817,1.2917653192876124,3.2034231746919715,4.227698227251906,0.455,2.446,4.524,0.312,1
4nhu,4,5.629756654223852,8.539893154137276,4.207116854993513,3.939354236993161,3.677310791280946,8.943738549474997,0.1,6.914,17.639,0.067,0
4n5e,0,1.550920489032587,2.719671041375056,0.9249990950435864,1.0486243373348085,3.430383475883348,0.9960939368125123,0.588,1.52,3.467,0.412,0
4jff,4,0.9597383691513341,1.3007893807582693,0.753990329098892,0.8347508638138498,1.1111847819776244,1.8747879166998986,0.703,1.029,1.906,0.476,0
4qrp,3,1.5153323351222419,2.245945371054544,0.93538767344656,1.3202478183276216,2.8585417198953214,1.776223032650672,0.436,3.526,3.945,0.333,0
4n5e,4,1.4058373817418146,2.315172622620547,1.2417438629603366,1.0145550308568452,2.9970418657392197,0.7469407000638798,0.669,1.109,2.271,0.426,1
5e6i,2,2.697201508465972,4.875735225053406,1.7530502535395192,1.8077605565159378,6.403741960389441,4.207565214379441,0.228,3.705,9.719,0.111,2
4nhu,0,5.56329030030583,8.540812031144656,4.127307782774869,3.797921181427654,3.9164066453840185,9.476434194742566,0.1,6.891,17.599,0.067,0
5e9d,2,1.3179384285533982,2.510892461472582,0.5177886771720179,0.8565013883628619,2.6999122453214843,3.48431687553436,0.576,1.444,4.869,0.455,1
2ypl,3,2.0244510995196676,3.30263120365563,1.7461330742216141,1.2658537930184521,4.544765612542385,2.705769187302539,0.475,2.084,5.07,0.347,1
5bs0,2,11.790827762939111,19.873967859078547,7.194844207876652,8.903091363230027,18.74722876897286,17.428541032299144,0.039,14.018,24.603,0.0,6
4l3e,0,1.0212067789020973,1.5901621628059075,0.7579990987717586,0.7300601075111521,0.9589629676401222,1.603741493542423,0.834,0.526,0.743,0.618,0
7rm4,4,8.947158340712088,17.323522956203448,2.7707297521366097,3.136613858638394,8.381906423102356,15.925150258258352,0.031,11.457,44.329,0.041,2
5c08,1,1.1817039918193364,1.9797404564006118,0.9792780324879674,0.8183132525146293,0.952333888918109,2.3234209502604934,0.674,1.142,2.837,0.49,1
4mji,3,1.1878365783427876,1.8079766269643114,1.5146835525341256,0.9082189056935004,1.4705255951948089,0.8543728641575401,0.741,1.007,1.298,0.557,2
2ak4,2,1.7776842087019136,3.0982491482069277,0.9363704132346611,0.8153651260674741,2.4099222060878684,4.830463900820511,0.458,2.545,3.29,0.246,1
4qrr,1,3.048512582153275,5.209139511999281,2.611194994182926,1.9035266700212379,6.8543265711074355,4.560534800335435,0.272,4.05,8.748,0.21,5
5jhd,3,1.6854924592889475,3.0426910879259963,1.5441053032047751,0.9781031336646147,3.9594346505368345,2.3020731016037304,0.532,1.795,3.676,0.343,2
4ftv,1,1.701123175359317,2.8568546359389706,1.075190154011778,0.9949747500085668,2.953554612409401,3.788766326790009,0.612,1.384,3.263,0.425,3
4jry,1,6.118372410109589,13.587014799206122,4.564926580734897,3.6192621524924777,11.144980427424652,12.862197237970717,0.097,7.61,14.53,0.0,6
3sjv,4,3.045881705322204,6.08407136285432,1.524402319762869,1.5967793444379184,4.429019897390582,4.2959407406790975,0.178,5.882,13.699,0.194,4
4pri,4,1.2851275819051164,1.5510766769068975,1.6032855834501183,1.1005362101723186,1.0398581190714276,0.8068431756963023,0.65,1.027,2.911,0.373,3
7ow6,4,0.8257837994308976,1.4044242188229596,0.7396944879047146,0.6115733766399344,0.7612219078589068,1.3142489742095815,0.747,0.684,3.235,0.538,2
8dnt,4,1.5774157853577584,1.9745006437013204,2.4635660434817286,1.2422327475801174,2.3429425692518584,1.9319744085565644,0.69,1.163,3.463,0.589,2
5m01,3,1.3495562941407107,2.508235904315006,0.9068730567612411,0.9053030873452805,2.457928855940354,2.6699566754642343,0.65,1.307,3.252,0.51,2
9gv7,3,12.942831347253062,20.84148669283378,8.781888291529178,10.187167702790065,15.913394996810682,19.528729715441823,0.033,14.82,27.143,0.0,10
8v51,2,1.2410457337986835,1.8978740303127004,1.3248126443320936,0.9804683647833649,1.5362669134616664,2.270503956966954,0.717,0.895,2.198,0.477,1
4mxq,1,1.187850608355789,1.84330037924093,0.4517258005883858,0.9705622055587245,2.1781235339767875,0.8770075519893417,0.78,0.765,1.645,0.583,0
5yxn,0,0.8112749977327969,1.0716128534333929,0.4831511528285563,0.7118263798392833,0.7813160616600735,1.2172764055883103,0.794,0.501,1.827,0.526,1
5til,4,1.3480030208934002,2.7703325846201516,0.8957052213157496,0.6908039954575775,1.4717111808176402,4.763568093151851,0.698,1.044,2.044,0.476,0
2nx5,4,5.817300506823446,9.654931368718776,6.718296410817473,3.8205770105608017,10.753962991637557,10.251662172835562,0.117,7.087,14.945,0.062,3
8rro,1,2.5825232996157768,4.824068141027479,2.179969794869775,1.405248763434048,5.484751943452861,2.5532012907616224,0.254,3.849,9.685,0.194,4
3qdj,2,0.9490033156679312,1.29905871383895,1.1592833449335551,0.764790432551706,1.2798559860170113,0.8786308458190242,0.761,0.772,1.678,0.53,0
6q3s,4,0.9107302667708437,0.867182775844215,0.947338673085522,0.9228647953572985,0.767843647960225,0.42901848503490964,0.796,0.583,0.778,0.526,1
5tje,0,1.6218879850649999,2.891459821535408,1.9494855414029935,1.0731362723953222,2.943774077039607,3.420884042092395,0.569,1.621,2.562,0.328,3
6vm8,1,3.0045137749607997,5.241195711195798,2.266241872067337,1.6399130836867792,7.098870347401487,3.717549619157549,0.055,4.271,35.216,0.0,0
8rlu,1,0.9814447429103383,1.281781464827514,1.0583523338745575,0.8533118907282506,1.171452338551842,1.3921712786653175,0.556,3.402,2.971,0.613,2
5yxu,0,1.155628534231422,1.7807231861183197,0.7848615853263792,0.8225789305854239,1.5556481177617565,3.3710808498449585,0.745,0.799,1.264,0.478,1
7rrg,1,1.6816279640777168,2.83434044615737,2.814701350763748,1.1793386138025626,4.326215806933968,2.5766978837545587,0.625,1.535,2.67,0.476,3
2oi9,1,1.247201112128103,1.9212316631566388,1.0050007206801936,0.9041547639552953,3.6309819703335413,1.5603224921937282,0.756,0.85,1.488,0.54,1
6rpa,2,2.9586407021816683,5.044519706181267,2.2811568902231385,1.9035487964331044,4.852335701222483,5.699247439543629,0.334,3.527,7.243,0.269,1
3kxf,4,2.5634286273578692,4.195374663199777,1.8178635786886364,1.5591211145481376,5.01105548595636,5.082891584525475,0.337,3.369,4.82,0.09,3
6vrm,2,2.164938896264299,4.083054070766255,1.1984400040037944,1.0534694190327158,5.6064520019894415,5.058375349897405,0.336,2.31,9.025,0.241,1
3d39,1,1.8510136183983565,3.301303441440685,1.774087055917287,1.139605803465917,3.6100515273298,4.1870256391849745,0.56,1.879,4.839,0.536,3
5wlg,3,1.7783005441466315,3.023131037400468,0.9703075582576055,1.1784811547987333,2.756558509256411,2.5445762413904838,0.415,3.834,6.327,0.469,0
7pbe,3,1.1362387671626586,1.6231421089692695,1.0949445602736334,0.9062012474349098,1.4680249022803658,1.2649464394084555,0.666,1.149,1.91,0.416,0
6vmx,4,2.920291650895755,5.546618658528257,1.1343516142267938,1.5749353470900596,4.778260431178041,4.994961739965293,0.17,5.228,10.818,0.053,0
4mnq,4,1.5168452311334566,2.275253196982763,1.1851323389704636,1.131248843293558,1.385623201745264,1.5307834459432932,0.621,1.643,2.593,0.494,0
5wlg,2,1.5581004529593037,2.622713392214717,0.8132690391825084,1.0573703740656204,3.015343578065367,1.9569195359659401,0.44,3.791,6.635,0.562,2
7pbe,2,1.156005313770602,1.6963170814875685,1.0985346803309641,0.8945732656131109,1.387024282376496,1.5464829603814232,0.665,1.183,1.965,0.429,0
6vrm,3,2.2473670564627657,3.9601881704023194,1.4872285483014414,1.3682504485503642,5.531618207699631,4.723308192319271,0.411,2.111,5.178,0.167,2
3d39,0,1.3871473060443353,2.1644517085812502,1.6300265989883183,1.0293125495862536,2.375140362744794,2.7856354928157523,0.68,1.224,3.56,0.589,2
7rrg,0,2.3031744719178557,4.6311131798797325,3.3859233070887287,1.3300092745063843,6.12607483163093,4.029573360056598,0.493,2.205,4.7,0.397,0
6rpa,3,2.7231243154091422,4.6419104050818145,1.89363020884188,1.7792409380755134,4.669153169953978,5.266991226144844,0.362,3.185,6.245,0.256,0
2oi9,0,1.0422175903783988,1.3296557355195366,1.015049917312157,0.9150632548484195,1.1400254731386876,0.903480816459762,0.789,0.593,2.051,0.556,0
5yxu,1,1.1333803767640356,1.736623226374452,0.7844568397200554,0.8137318344195418,1.5409084532480422,3.2091288055217864,0.755,0.773,1.127,0.493,1
8rlu,0,1.0275037036465025,1.3755888577258057,1.0549452096676832,0.882654640277757,1.1442370390183647,1.5149969580010396,0.547,3.42,3.091,0.597,2
5tje,1,1.7766497985721117,3.2792617275354177,1.9320260111214185,1.1363133141976993,2.9230138833665356,4.6009277344816875,0.584,1.538,2.222,0.328,3
6zkw,4,1.8613702470119031,3.647065405634629,1.4089332263339551,1.0866009737603268,3.7580167063256633,3.9975845673414936,0.376,3.865,7.522,0.436,6
6vm8,0,3.082803073828244,5.512543918413234,1.83198778674907,1.5838042043367717,7.262595048916364,3.3236990140208578,0.053,4.386,35.401,0.0,2
2gj6,4,2.03843752735139,3.2762127138294725,2.131268179292671,1.3406653221133005,3.46244132936717,3.816048501604282,0.433,2.151,6.732,0.356,3
3qdj,3,1.1158845998291043,1.7217158898050429,1.2103497885268473,0.7882636266949221,1.8417925255118315,1.0550901318746055,0.658,1.247,3.327,0.515,0
5yxn,1,0.8607008789059992,1.141464488760315,0.5258454838137497,0.7515485468758851,0.6606247182103822,1.3161026531302142,0.785,0.558,1.667,0.513,3
8rro,0,2.498018780459638,4.733083189662227,1.6492770495331595,1.3512181103321286,5.902628546928972,2.487198902011904,0.261,3.751,9.644,0.209,3
8v51,3,8.2361927083215,17.405498159056563,3.423314024695273,3.167266544283155,17.144145495171678,10.272444901919489,0.027,13.959,30.818,0.0,2
4mxq,0,1.2463744747210925,1.975529576219189,1.0167496665611702,0.954736245128341,2.5710816749342182,0.8532874319526336,0.737,0.902,2.617,0.562,0
5m01,2,1.7710840986973422,3.650936891514662,0.9537579545355539,0.9208728480430569,2.620856220608365,5.451844685391617,0.614,1.602,3.615,0.529,4
9gv7,2,10.445553774170378,19.511090271460514,6.723562210238605,6.417708687230242,11.677322607569339,14.594264921453256,0.056,13.636,29.719,0.081,5
6vmc,4,2.1660195208104045,4.054173330049692,1.7406678085046154,1.1962181233325524,3.185011767463596,4.9167847667466384,0.45,2.379,4.824,0.31,3
8v4z,4,8.899836896693655,18.778440781863907,3.5791866358893762,3.1268923537392888,18.864208129613385,11.576536384491622,0.025,15.478,31.838,0.0,5
4jry,0,4.7239105541766016,10.739679121473394,3.4915509067425896,2.623429569035694,11.345921980672962,10.898688694720255,0.105,7.171,19.862,0.117,9
6dkp,4,0.9015273528112062,1.2721656967039325,0.7828101164936158,0.7339376688404546,1.1244718808373888,0.8045738965994238,0.783,0.736,1.523,0.575,0
4ftv,0,1.4925527578923599,2.476990141505397,0.9388465179309584,0.9064945739616188,2.9017283296960787,2.8679890131157544,0.641,1.265,3.246,0.466,2
5jhd,2,1.1147481793593175,1.870196941052436,1.1564468677108992,0.7464583347223949,2.9343095051014156,2.05433073992304,0.725,1.007,0.981,0.5,1
4qrr,0,4.140678030636341,7.920627279926176,1.498368630957605,1.894097497290219,4.681199943006092,6.560039981507108,0.12,6.288,14.391,0.048,2
5c08,0,1.075954004498363,1.7394470997286353,0.9242364261793437,0.7856943895867686,0.9106926869084098,1.980158742584375,0.717,0.9,2.017,0.469,0
2ak4,3,2.560377270103553,4.012017061069394,1.9696922348427939,1.6609159382767162,4.371887209393894,5.509737980304249,0.371,3.009,4.784,0.154,4
4mji,2,1.41494891114649,2.4033620330403056,1.5274670165156758,0.9698010039063121,3.2529311826869125,0.8226379131653628,0.705,1.161,1.561,0.523,1
5nmf,4,2.543510617274017,4.605842020850112,1.797153055735003,1.603754589408365,3.100105923719583,5.476076261484213,0.343,2.798,6.908,0.203,3
5bs0,3,4.910048144922819,10.334773115683461,1.7146426545000395,2.011969878589168,9.385114142984722,8.895303222613514,0.073,8.833,20.654,0.045,11
4l3e,1,0.9599720422156035,1.4588918123369425,0.5460898011657174,0.728671437494745,0.9635337196192396,0.712423306153805,0.84,0.517,0.665,0.632,0
2ypl,2,2.0662332614442054,3.4027497309617414,1.7821053576080272,1.2592567132252057,4.699234185771041,2.517499892059926,0.495,2.125,4.993,0.408,2
5e9d,3,0.928060872611999,1.1778199249051284,0.484675652502436,0.8893548818412327,1.018293786073202,1.615042743970768,0.772,0.756,2.78,0.614,0
7pbc,4,14.728670051121236,6.867499009002067,12.802728367546077,16.929609533430583,4.772509607819639,6.378352120046298,0.036,14.47,26.026,0.0,2
8es8,4,4.3774550436758375,8.093844241859767,2.7485375768421454,2.6398418082984376,5.301097775007768,7.940312870623105,0.171,5.366,14.132,0.174,2
5d2n,4,3.7473391969816467,7.7412364518388594,1.4004328467310116,1.6476563840285547,7.385209333859144,6.199952250926868,0.126,6.551,16.852,0.125,5
4nhu,1,5.543737532915214,8.46445308850158,3.852908231835884,3.8723967194644664,3.8135173392195005,9.246220431044094,0.1,6.922,17.574,0.067,0
5e6i,3,2.5017251634250717,4.467903268239196,1.650407892356589,1.7132304495703785,5.8316266032852475,3.1468436577940118,0.279,3.394,8.393,0.167,2
4qrp,2,1.7144266185803752,2.8872454581550597,1.0863110283545137,1.3213237507457583,4.298953009923938,1.967803211760956,0.433,3.547,4.055,0.333,0
5c0c,4,0.9329541257500392,1.381862498657973,0.919513328202581,0.7359085631806007,0.8373063217255368,1.3826494484753755,0.779,0.55,1.126,0.472,0
4qrp,0,1.5144811007205852,2.2640947696805025,1.0167026568053708,1.3046977866339982,2.7413063528619848,1.9410188696605715,0.432,3.52,4.31,0.348,0
5e6i,1,2.289350160989967,3.85858143710065,1.705764232515443,1.6984337673546424,4.7069767641675755,4.3881487528805465,0.349,2.811,7.423,0.259,0
4nhu,3,5.63494629906002,8.381843403266576,4.402727177336439,4.066989017616248,3.5582603127469015,8.486082416401606,0.115,6.699,17.838,0.111,0
5e9d,1,1.0849165568494765,1.753653759045892,0.5096736719276236,0.8890342248589572,1.1831891350524923,2.795056931552817,0.662,1.063,3.685,0.477,0
2ypl,0,1.9705316332778522,3.24304698255255,1.7455675543701175,1.1948666194290651,4.620008722927916,2.489718583358499,0.529,1.859,4.202,0.388,1
7rk7,4,2.2005620270634734,4.644895205220792,1.161171682229382,0.8435660206284901,4.4128076740855,3.8328621837383157,0.404,2.35,7.784,0.379,2
4l3e,3,0.9813727312572633,1.477941720245111,0.7366120565827065,0.7398981721305621,0.9812852495737641,0.8245974088228569,0.837,0.537,0.698,0.632,0
5bs0,1,6.364043050492459,12.560303214079227,3.280946865189423,3.4679968320014725,8.713958302618192,11.310000787948741,0.082,9.863,23.262,0.106,5
4qrr,2,12.513593172703143,17.757986853892092,8.753081870325355,10.603290846983038,19.547643120399453,15.730273384657,0.043,13.364,23.248,0.0,6
4mji,0,1.2496771754643519,1.9165337739218142,1.5895511569396994,0.9481717650892345,1.7446445153277734,1.2603427245254206,0.724,1.029,1.242,0.511,3
2ak4,1,1.7639359234339262,2.9127604176024655,1.1698988546357865,1.0032471892032209,1.4351862806620745,5.173925380836146,0.387,2.441,5.531,0.185,0
5c08,2,1.0888857777687593,1.7770886724385202,0.926975750364539,0.7847132501144185,0.9157714802331121,2.0851132533242334,0.705,0.964,2.166,0.469,0
5c0a,4,1.2667332604959067,2.1781049575920814,0.5873542838529778,0.8836812036125107,1.2485890655400707,3.203498632457829,0.682,1.033,2.527,0.447,0
5d2l,4,1.6485557581192893,2.6131658821778925,1.142908188837928,1.210286482735456,2.517211178691686,1.8525973934671025,0.44,2.108,5.554,0.283,0
4ftv,2,1.5183318227903864,2.5113044449098636,0.934295854001438,0.9336295110607636,2.9247679655157275,3.062912662385193,0.63,1.235,3.485,0.438,0
5jhd,0,1.1013283182021167,1.8271148839693288,1.165015684666033,0.7495338630899415,2.750305158849991,2.044739896804045,0.699,1.047,1.537,0.457,1
4jry,2,6.36006324093806,14.734731239065747,4.501089684688517,3.358025393701236,16.129416637147404,11.784108126070597,0.086,9.386,18.846,0.065,2
3qfj,4,1.5851305439264725,2.5272541433628746,1.6391332503796023,1.0468950038028424,2.9904054192655183,3.677186026470755,0.574,1.524,4.648,0.462,1
9gv7,0,9.37465621005813,17.78199438545419,5.771818713986371,5.556326270098247,8.638257778389892,15.79883860470832,0.056,12.128,28.085,0.068,4
5m01,0,1.3343388048095708,2.4646200224207018,0.8801342916391285,0.9068274858183117,2.1481081068513994,2.799794395838813,0.659,1.268,3.073,0.51,1
8rro,2,2.398019458006553,4.57354663741088,1.3549946649608011,1.2905895172529038,5.689393374090443,2.5695103805185475,0.28,3.602,9.358,0.239,3
5yxn,3,2.293642970745586,3.8956738694323505,0.9816313198551028,1.3294511974118564,2.0488728471644246,3.6169778856951336,0.367,2.995,6.659,0.282,0
4mxq,2,1.1397183716058708,1.8632404034038452,0.4028358517952589,0.8766014839995308,2.3566176874960125,0.8918429963879847,0.781,0.829,1.421,0.604,0
8v51,1,1.3366038714178103,2.20627591482674,1.3275200157787808,0.9780526555043401,2.126968139788012,2.5600539433895846,0.672,1.178,2.48,0.477,2
3qdj,1,0.8086846106507194,0.9434989458133521,1.1697298306708692,0.7128176179593306,0.9073594591731778,0.8445198579943304,0.818,0.593,1.525,0.621,0
6vm8,2,2.987152812120574,5.225041035692801,2.10403479277814,1.634669019046653,7.11674074801593,3.418872927281081,0.055,4.284,35.403,0.0,1
6vma,4,2.0246152740253383,3.713155770673278,1.8280795696049228,1.142126771659425,3.1535003633904037,4.1515307441389915,0.477,2.287,4.432,0.345,3
5tje,3,1.6972852463591948,3.082586958207459,1.900171702696557,1.1102775952384702,2.466131439220687,4.569682036077082,0.603,1.393,2.068,0.328,1
2p5e,4,0.8396107976070726,0.9893573409141595,0.6184788706879564,0.7945161564991864,0.5977671860372663,0.5394743513753754,0.803,0.478,0.623,0.507,0
2oi9,2,1.020696454477653,1.293401032344087,0.9698058447260688,0.9038898076106893,1.0953036669627834,0.6445879811342374,0.79,0.584,1.69,0.54,0
6rpa,1,1.1729077528036982,1.8927953035572345,1.1216673365718963,0.8110305182679082,1.847855306494288,1.3734498014649916,0.595,1.382,4.305,0.449,1
7rrg,2,2.915250808187766,6.593696739212528,2.2633030380913324,1.56034206235061,5.593322330583176,5.830446972794927,0.203,5.198,12.269,0.206,4
8rlu,2,1.0544812711882978,1.3582183917746447,1.2220040371125152,0.9158397848043633,1.288310892710542,1.5145531127398921,0.532,3.416,3.04,0.548,2
5yxu,3,1.137597456910426,1.7359138144748965,0.7827712840733654,0.8232598198018984,1.5791204040124724,3.1569772618960856,0.735,0.819,1.443,0.463,2
7pbe,0,1.1088122844402015,1.5900177820984907,1.0539953289978958,0.8825152823311088,1.3450545142708406,1.2725416426573104,0.685,1.072,1.923,0.442,2
5wlg,0,1.6076288347312895,2.7511557634379087,0.6490797484611154,1.0658855965937133,2.740910801583221,2.1498540588624446,0.452,3.759,6.586,0.594,1
5w1w,4,2.7020913713132684,5.253648594101132,1.406096406414993,1.5764119227555962,4.519527311111796,6.715855327353673,0.318,4.343,5.874,0.171,3
3d39,2,2.005330259170812,3.595596242705961,1.7110960725781252,1.2477842551697182,3.586051092853679,4.814819924760051,0.52,2.077,4.852,0.464,3
6vrm,1,1.9818367374708519,3.666070539280003,1.2203320894447731,1.0358268996600155,4.950111486413331,3.8407953583047094,0.396,2.118,6.215,0.204,2
6g9q,4,1.5337330353345913,2.886096762742613,1.072272520882896,0.9041654708146935,1.8143196180027188,4.272560943770044,0.56,1.792,4.269,0.468,0
3d39,3,2.2167043920803584,3.2905527823756495,4.635794954901651,1.2841325905938155,3.546492285064652,4.1740248258607595,0.498,2.006,5.256,0.411,2
6vrm,0,1.599627241389444,2.9543694811609855,0.9893303370400407,0.8409132894421102,2.362665826713784,4.3319468424252765,0.395,2.11,7.625,0.296,3
7pbe,1,1.186722959149544,1.7795213696771395,0.9781021813050456,0.9126322904255493,1.7650395690223304,1.3205421408677553,0.678,1.15,2.206,0.468,1
5wlg,1,2.6270916471946832,4.619663708428642,1.2125361861275832,1.619709709128738,3.0044471839024522,5.179896349224788,0.356,4.39,7.813,0.422,3
5yxu,2,1.1754457551146256,1.8101651188414682,0.8211627941959668,0.8354096531810946,1.655505155806566,3.365436029397788,0.726,0.824,1.284,0.433,3
8rlu,3,1.3565959318848728,2.116911237945095,1.037346491118396,1.0269048980618634,1.7127174122991673,2.2794744143703896,0.442,3.617,4.978,0.435,2
6rpa,0,2.481674143327653,4.31605996014252,1.9182454293816915,1.51894720256318,4.292862985595925,5.174987770984651,0.372,3.012,6.461,0.282,1
2oi9,3,1.3168778638756102,2.0518522501023315,1.0282292801092363,0.9399720635395729,3.9201461022445847,0.8651129653713757,0.719,0.887,2.17,0.476,0
7rrg,3,2.1664327994518304,4.261409362007006,3.3805757892945576,1.2615473210104728,5.909421684770643,4.443463111197494,0.607,1.631,2.511,0.444,0
6vm8,3,2.9318672897295404,5.2215929358194515,1.946913759208264,1.5068731298229265,7.047064371821306,3.30722359815021,0.057,4.145,35.235,0.0,1
5tje,2,1.5364769459689944,2.6422379900346114,1.9445031051264368,1.058994222499143,2.0935182357733657,3.365708981158153,0.583,1.568,2.418,0.345,2
3qdj,0,0.818200412051238,0.9462944974297521,1.0503885484472348,0.7428526490463321,0.9402006006489894,0.8978366455948841,0.806,0.683,1.543,0.621,0
2ol3,4,2.492310372200724,5.048995323780842,1.429083115523921,1.2426296734291236,5.348805955449709,5.857746097112378,0.318,4.315,8.671,0.357,0
4mxq,3,1.1855735201898387,1.8576807458306386,0.3858167370515631,0.9613075752201512,2.423313446620287,0.9134241728148111,0.771,0.725,1.162,0.521,0
8shi,4,8.72743917515061,17.22383520699745,5.103005925963171,4.42402451161187,15.431118736362867,11.891984713500786,0.06,12.456,28.499,0.083,1
8v51,0,1.4025439670557227,2.261386855644172,1.3960109616650493,1.0577719333546525,2.033604423984714,2.49556145269565,0.632,1.345,3.117,0.462,2
8rro,3,2.4554801954615666,4.5835062454923206,2.170140935222168,1.3247629820534341,5.3726765951501045,2.5424621199417,0.266,3.733,9.383,0.209,3
5yxn,2,0.8503301053414367,1.1572268266356671,0.5010990006459074,0.7255972579706021,0.6627714356791099,1.5326906930733548,0.786,0.557,1.857,0.526,4
9gv7,1,12.596177359377378,20.482065119368556,8.850946567287947,9.771575217810707,19.69722649691253,20.027053920122956,0.031,14.875,28.432,0.0,7
5m01,1,1.3244347890066777,2.459082777337881,0.9051990678859001,0.8887392600683586,2.0668230469307765,2.851019223412885,0.661,1.295,3.114,0.529,2
6bj2,4,2.05479487310985,3.292780305501641,1.4639690841042954,1.4135978396491307,3.7727646969641313,2.264364647373504,0.407,2.295,6.407,0.284,2
7n6e,4,1.7804748991437431,3.0662329033210765,1.5099822646194163,1.037387979482426,2.3466440697816426,3.845221378143781,0.44,2.212,5.208,0.279,2
4jry,3,2.3258100820896708,4.75693209376711,1.6002989489699162,1.639653046006734,2.8530423439646104,4.387418415716389,0.449,2.581,4.314,0.299,5
5jhd,1,1.183365900265972,2.046829134845398,1.1610901749781202,0.753666182754513,2.548331938053578,2.2274367474864913,0.709,1.052,1.799,0.5,1
4ftv,3,1.6415076092378735,2.7881946701509968,0.9294218875913628,0.9359174682218487,3.2075624346710656,3.457185037438916,0.608,1.387,3.439,0.425,5
2ak4,0,1.484199613342722,2.5725496630757507,0.8491664614192077,0.6928263621449646,1.117143187520147,4.875755742539367,0.511,2.074,2.868,0.292,0
4mji,1,1.4481745894370437,2.437627112639448,1.529312877206741,1.0120190726068459,3.282247802157178,1.2725221117118288,0.709,1.168,1.496,0.534,2
4prp,4,0.8636335398791352,1.0403830247220411,0.8188794760892636,0.7849290195526586,1.2889818570892584,0.6044810912922072,0.723,0.692,1.631,0.38,0
4jfd,4,1.2908333114740256,2.300613701508489,0.7377501312576927,0.7312833629406058,1.261209677265403,1.8791655472918032,0.656,1.345,2.207,0.476,2
5c08,3,1.1445605677338,1.9048010243129956,0.9786157392420836,0.7979612257155956,0.949785447419185,2.3525707855907925,0.683,1.094,2.718,0.49,1
4qrr,3,1.5234482406358183,2.6250809298977065,0.8813017314152911,0.9835354182464974,1.9848221957159087,1.8607130894881105,0.572,1.653,2.917,0.371,4
4l3e,2,0.9877895649367878,1.4648060984346871,0.7650211512872926,0.759172610186464,0.9946607298747628,0.8089622936109558,0.825,0.527,0.672,0.592,0
6ulr,4,1.8166429877529966,3.5892275919442973,0.9392031726473137,1.1164769624643573,4.660300596851095,3.62042320811175,0.626,1.51,3.516,0.526,1
5bs0,0,1.1188221859250198,1.8901300485605135,0.6823937845802194,0.8422334677449967,1.861544481117601,1.3692286465978734,0.659,1.142,2.534,0.424,3
1mi5,4,4.474680227394781,8.171859763370117,2.9488973250878834,2.894288115531682,7.711391880055325,9.40631144464303,0.185,5.844,10.466,0.096,3
2ypl,1,2.0452002397083833,3.3892039348047165,1.6932530833265238,1.2365819047603968,4.947594050427591,2.433618693823244,0.504,2.098,4.989,0.429,1
5e9d,0,1.0092423692124501,1.5016454003509119,0.46094248988606423,0.8873299289237905,1.0820551824319773,2.2951591844179746,0.728,0.947,3.184,0.591,0
4nhu,2,5.6331384110987095,8.399850865925359,4.16047284781524,4.086101410638746,3.3766069602729565,8.241907851017933,0.124,6.667,17.533,0.133,1
5e6i,0,2.1660938793354654,3.6010234419257996,1.6486160866462807,1.6333776274134792,4.444944144955349,4.063857012506154,0.398,2.419,6.398,0.278,0
4qrp,1,1.4696444422602355,2.1183990554881933,1.0043626422423693,1.2983863394639046,2.7022248525875416,1.6300267169453142,0.447,3.485,3.945,0.362,0
