pdb_id,model_number,overall_rmsd,rmsd_TCRA_TCRB,rmsd_Peptide,rmsd_MHC_B2M,rmsd_CDR_TCRA,rmsd_CDR_TCRB,dockq_score,irmsd,lrmsd,fnat,clashes
6avg,21176,5.996941282708707,8.969780459717825,4.724019525111302,3.9361662766622594,5.51964151024254,9.467572045983287,0.068,6.78,19.739,0.0,0
7su9,12218,8.562706606062452,,3.299312601928086,8.859539512348169,,,0.004,32.796,79.512,0.0,3
2ol3,23018,1.6564767993595648,2.803602668406723,2.649194270238414,0.9739481321189759,4.011502241857896,2.8600533756792146,0.573,1.283,4.157,0.333,1
5c0c,6503,13.074691301089823,8.819720614591883,5.994115214228944,14.733945289233539,6.683328787404938,10.416933616902533,0.038,10.963,26.087,0.0,0
7n4k,4496,15.201756445208451,18.57094793249142,5.322211346543994,14.470023380226232,12.32679457690971,13.826545384960268,0.067,10.766,20.645,0.036,0
2uwe,18065,3.488905513143994,6.2757807446123,2.851417947249374,2.13354447706831,7.223178112509532,4.348652274823295,0.191,4.005,9.91,0.026,0
6rp9,30509,3.0139378772183507,5.097533523426887,4.6357241236986555,1.688725413624509,4.905272678441742,2.700749347451632,0.163,3.386,15.678,0.098,0
2esv,11623,5.638027644835751,10.272777923028832,3.149286289415314,3.4458730741261174,8.685684898676149,10.695789431201597,0.084,6.59,18.676,0.032,0
9c3e,8964,8.721884812643575,12.767945659216572,5.510674123632698,6.641613975446286,14.859603845691609,9.51340760149942,0.067,8.724,18.541,0.0,0
5hhm,19898,14.051124721550243,8.576695237211727,5.740382778274091,15.812797188487634,6.889174080925747,7.9180250489135995,0.047,12.137,22.253,0.0,0
8d5q,15285,13.574833955949488,17.417622839840874,4.399835640420241,12.74567100192123,16.72733649023933,8.491451189494727,0.06,12.206,27.067,0.075,2
1bd2,7775,13.771043548280636,7.9336017638027805,6.638162759464012,15.839812157585467,7.807967435174791,6.350643033169369,0.046,9.516,23.593,0.0,0
4n5e,24061,3.6373294284671127,6.706368492634264,3.217032778970135,2.055458034290272,5.53519335286522,6.915501155099419,0.155,4.648,11.075,0.0,0
5hho,2120,22.466873354507182,37.93386798030343,14.265630509271393,16.459311077387436,36.59802789925797,37.703610184996116,0.004,24.135,96.379,0.0,0
3tfk,16433,4.259137942675397,8.090989514770428,3.261888345250268,2.2838962149109445,7.697563064642364,6.95252249718999,0.1,5.107,15.981,0.0,0
5w1w,31036,5.61048222658484,9.508208044662688,3.36967243911177,4.235722928211811,6.924636430420706,12.064366183735656,0.067,7.664,19.171,0.0,0
4g8g,22765,6.085964057584946,9.128470818937172,3.878339585095715,4.704601365540849,6.132403185922616,10.142132415567046,0.03,6.395,42.809,0.0,0
1ao7,26294,1.5997372217739845,2.6679477935492812,1.0884665549179537,0.9507361818459761,2.375103584532602,1.2984991359656408,0.418,1.042,11.948,0.243,1
5yxu,26482,26.232492660687367,22.764647716913665,13.141029829061994,28.4166931292359,18.156706165314922,10.068703808669651,0.01,14.185,59.173,0.0,0
7ndq,16166,3.840683858907377,8.684552222676432,3.151320556358841,1.8855614483306375,9.451623482343216,7.503375677101882,0.085,5.767,19.494,0.033,1
7rm4,23986,3.47106665715977,5.9948678128346575,2.1005936040994064,2.0978682105870043,5.164912305384715,9.290942610054877,0.178,4.286,14.276,0.163,3
2vlk,16216,19.309561061199478,6.625468346402612,7.789626441691729,22.294951761127624,4.643165997303524,5.570789983779673,0.028,14.664,30.103,0.0,0
2oi9,1085,10.20317481980854,20.119712038197765,2.50899812964923,1.5967931052091469,12.898486290464632,12.750152091179707,0.027,13.115,31.283,0.0,1
2f54,17780,3.1913655518356614,5.112307659302733,2.2800692143793886,2.116006119949761,4.427131693394341,5.173865370932731,0.175,3.145,12.636,0.027,0
2vlr,23541,9.979326982747969,8.738817799897447,4.504885745137863,10.702939978207668,7.961013649908984,9.06408566044018,0.062,6.263,21.731,0.0,0
7pdw,7872,3.512791570938959,5.356175461554216,3.6177303867768327,2.4786042779489157,5.58796401177343,4.74775270836669,0.145,3.731,13.081,0.0,0
7n1e,6387,4.352566738163678,7.842221509312384,2.4527395631778357,2.4209329018830132,3.9048288745560327,8.839453001287986,0.098,5.572,18.386,0.051,0
3kpr,15290,7.157124379577818,13.227494390960944,3.5431040008376113,4.477034968488117,9.716849442382932,11.602130513179592,0.032,9.252,31.214,0.0,0
6tro,2578,2.8611051126278007,5.2606762701942875,2.430548522215499,1.9020525245670505,5.33768026782482,4.7866423931554944,0.156,2.96,19.625,0.106,3
6rpb,32233,4.9590118374596015,9.374869908599662,2.300288174032495,2.3765007829764997,8.694854901093956,6.174284586178957,0.051,6.797,32.955,0.044,3
3qfj,9533,3.079780832627877,4.8812336370128495,2.2168005116526706,2.194245105890233,5.007942437987639,4.2738008214204655,0.302,2.857,6.523,0.062,0
2oi9,30537,10.20317481980854,20.119712038197765,2.50899812964923,1.5967931052091469,12.898486290464632,12.750152091179707,0.027,13.115,31.283,0.0,1
8rro,31001,13.211461588078938,10.629647300215266,6.796261101445147,14.303173397213962,7.38769542007463,10.00917501780972,0.031,12.815,28.688,0.0,0
8gon,20945,5.954781402960936,10.336000201235532,3.5699960058620506,3.4773688370688918,9.408564846194627,9.893686046408874,0.073,5.696,20.011,0.0,0
5tez,15777,3.7623942580873773,6.775537525133017,2.28277134088213,2.2623589146759233,3.9640607638413146,8.506685325529652,0.137,4.586,13.024,0.017,0
3qdm,23838,15.672561568697574,20.322777159955592,5.848894425798437,14.586206717894518,12.914777951828547,13.078747592928654,0.06,13.204,23.431,0.05,1
5men,12038,3.1917104646906287,5.398855357336327,1.5657802181195404,1.9917867497471806,4.577628961778067,6.303753222287497,0.12,3.533,17.918,0.025,0
9gv7,31989,8.33825550666179,18.240827480192944,3.6198252997066,1.760195411467126,21.71256829569437,24.206273832115627,0.017,14.745,40.624,0.0,0
6d78,27383,2.3607777287103926,3.657024490620756,2.8148773318406874,1.4534673650020022,3.144595875606384,3.919454677997089,0.333,2.672,5.319,0.041,0
1qsf,499,3.134386877214929,4.941674333098634,2.4957884766461373,2.338105522012473,4.812539633055146,4.587028522909037,0.24,3.178,7.883,0.0,0
3kps,1533,4.5042402688341,8.607213978940306,3.8220700932895375,2.50578017341295,5.404762183882184,8.8519524724042,0.08,6.266,18.585,0.013,0
5c0b,2666,6.778806986120019,11.972493550310002,2.7678715572963526,4.491227509825198,8.399222481618022,13.665309300087044,0.081,6.504,21.661,0.058,0
7rrg,19633,3.5139324730843375,7.381498980119797,4.25951210681428,2.0362684601965175,6.939687768051553,8.387702541314196,0.084,6.377,16.971,0.0,0
2p5e,28800,6.1871425914806215,9.755760677842899,4.595367085298915,4.185655656167196,8.701453807076208,9.84428601971231,0.053,5.454,27.199,0.0,0
3qdj,12845,3.0372317504337336,4.861279753443412,2.4120441946442135,2.111395225670575,4.374889631544371,5.058450468530667,0.274,3.17,7.049,0.045,0
3pwp,28187,3.4905590882363984,5.253617668106642,3.0390627713992795,2.5855523838838947,5.447634971037871,4.808228862423484,0.275,3.41,6.767,0.052,0
4jff,4010,3.89646651712747,6.596022659214347,2.681693383373632,2.5408093290002407,6.188334742574994,6.739976815502925,0.118,4.36,14.802,0.0,0
2ol3,9082,1.6564767993595648,2.803602668406723,2.649194270238414,0.9739481321189759,4.011502241857896,2.8600533756792146,0.573,1.283,4.157,0.333,1
5d2n,9735,4.95546846350221,9.51020503164114,2.9831287917731046,2.8512811954155994,5.671654280331127,10.279208063719956,0.098,6.0,16.87,0.031,0
5w1w,32728,5.61048222658484,9.508208044662688,3.36967243911177,4.235722928211811,6.924636430420706,12.064366183735656,0.067,7.664,19.171,0.0,0
8gvg,28069,4.516283874617919,8.30328302110505,3.3250549079273894,3.0361207327899944,9.846055222312359,6.8523217732884065,0.128,5.654,13.337,0.029,0
1nam,5071,1.2774492617812916,2.1689227801717696,1.5107473365173256,0.9420471135227088,4.32639351335906,1.1261699933111797,0.675,0.683,2.904,0.3,2
3w0w,2638,4.670159319499641,7.1951140690294935,4.096614906143377,3.408851182517156,5.627541481650221,7.077899256787279,0.146,5.528,11.131,0.0,0
3vxr,12316,3.4521721991145267,5.26378656096071,3.193611491910645,2.5593519058551024,5.075892630621352,4.604724451385282,0.191,3.71,10.047,0.015,0
3pqy,2318,14.042093413436536,13.149639251051555,8.06538019443119,14.929399067669774,12.589208840156799,11.924562784869478,0.058,9.616,23.54,0.036,1
6am5,8487,2.501425440246382,4.190988242970125,1.7626298262412268,1.6600216672302808,3.336994882747637,4.327900282092037,0.323,2.531,6.223,0.057,0
9j4s,22285,1.412102430429331,,2.949980235533276,1.0495265208905276,,,0.003,44.116,99.109,0.0,0
4mji,32532,4.590407015718856,8.49023127283685,3.678613120889531,2.7897601250393764,8.22035482193059,8.420396890958854,0.125,4.499,13.771,0.0,0
3e2h,25489,2.813509701434445,4.867732132574356,2.3034098683222606,1.632640688109625,3.547514870352356,2.7557740715336956,0.234,3.245,9.762,0.095,1
3qdj,6448,3.0372317504337336,4.861279753443412,2.4120441946442135,2.111395225670575,4.374889631544371,5.058450468530667,0.274,3.17,7.049,0.045,0
6g9q,10796,4.542758096114251,8.214136086441082,3.0706478399689803,2.9682467048766177,8.755582412876478,8.483009021408126,0.128,6.047,12.254,0.0,0
8cx4,4143,3.039060940958541,5.548298901906109,2.3198908655934933,1.790342942459649,4.708823269509911,5.439126929048492,0.196,2.892,14.416,0.119,1
3sjv,336,3.555578440750974,6.533973879595301,2.484902483629109,2.292941305194878,6.914943538011723,5.431076578557876,0.095,4.39,18.184,0.0,0
2nx5,16002,3.6383329482294537,6.499125428736039,3.5374185613417306,2.1681170474862816,7.401908225334567,4.725116206008299,0.164,4.106,11.615,0.025,3
9hlj,3372,6.480362297588738,11.607054854931544,3.7718071339980743,4.0015785808094355,11.614878997592168,6.0637558098495665,0.057,6.717,22.768,0.0,0
6zkx,28822,3.553763511050572,6.129059448490932,2.9871604759981465,2.7433398465762173,4.167432702454078,4.744048083253628,0.13,3.931,18.725,0.092,2
9hlj,28312,6.480362297588738,11.607054854931544,3.7718071339980743,4.0015785808094355,11.614878997592168,6.0637558098495665,0.057,6.717,22.768,0.0,0
6vrn,16635,2.585058833405272,4.66714927617185,1.449381308268398,1.369228419364732,2.8076948019163352,3.583753930772609,0.2,3.309,11.501,0.075,0
8en8,9215,15.108373695708174,18.483706168533853,7.020751469679135,14.376855924353379,13.529314503135216,11.130404527595422,0.058,13.905,26.519,0.068,3
7ndt,30570,13.324870582422013,15.7739698075766,7.836167020668949,12.880911452101286,13.240718032994106,16.46386403948286,0.045,12.172,27.748,0.033,1
4mji,30245,4.590407015718856,8.49023127283685,3.678613120889531,2.7897601250393764,8.22035482193059,8.420396890958854,0.125,4.499,13.771,0.0,0
1kj2,12084,1.3580711400933632,2.115552738072352,1.344338200274826,1.0446342418795571,1.172159583878098,2.500198191441961,0.546,1.564,1.97,0.211,2
7qpj,11905,3.1123669631726116,5.035841295230891,3.147084158293801,1.9927162678542791,5.424798487206957,4.228853212026049,0.187,3.294,10.958,0.014,0
7n5c,1641,14.707355615751407,15.882482066954864,5.953604290909363,14.923068623469629,11.800511816572387,12.16486607486158,0.07,10.305,22.958,0.07,2
6uln,23192,14.267876508135684,16.31589693434317,5.217724081205343,14.26586338532773,12.951984645219435,8.985024885915498,0.031,13.42,28.477,0.0,0
8rlt,22364,4.916472835479031,8.213271090519331,3.5534274339557133,3.4034180901379263,8.105145196062798,8.585758369287692,0.088,5.025,17.961,0.0,0
3d39,7208,3.1109384016637396,5.3377739980244545,3.040714079913416,2.072623398126046,5.592589959718195,5.143928345281463,0.307,3.157,6.027,0.071,0
6uln,30461,14.267876508135684,16.31589693434317,5.217724081205343,14.26586338532773,12.951984645219435,8.985024885915498,0.031,13.42,28.477,0.0,0
1mi5,6842,5.01206802362866,8.791895237945,2.7783425173449467,3.5578306901258663,6.212984258862958,8.70340694730711,0.056,5.757,27.069,0.014,0
5nmg,13808,13.096257889143775,7.8364670636416776,6.14816391918806,14.731594977416227,6.77134561751017,7.751353343457769,0.046,10.583,27.105,0.028,0
7ow5,29830,2.540939997838955,4.971391106336711,2.4522152962315378,1.3937535697489225,3.984243905743061,4.104546047412982,0.147,2.324,20.607,0.0,0
4n0c,30950,4.566378399218881,8.008883849236632,3.958001802179861,2.8103360188092097,7.966607018836697,7.219836948211752,0.144,5.117,11.533,0.0,0
6p64,10702,7.155424180222762,11.970408172509382,4.992408121280933,4.491676408342407,10.034245340106775,9.42563067987659,0.084,5.245,18.329,0.0,0
5tje,22538,3.1383023111764836,6.082219172881251,2.7031152782620618,1.9131816681425562,5.7473525877205525,6.153731436832496,0.194,3.453,12.366,0.103,0
5c07,7476,12.704361420229361,7.928099658686144,6.778985428188684,14.380292376896557,6.390924249309849,9.754133398260649,0.042,10.956,27.364,0.019,0
7nmf,22314,15.982698219257184,20.769623013992554,5.540553948204336,14.434922609447574,15.330733431379404,14.658020161079518,0.045,12.602,22.932,0.0,0
5hho,32100,22.466873354507182,37.93386798030343,14.265630509271393,16.459311077387436,36.59802789925797,37.703610184996116,0.004,24.135,96.379,0.0,0
4qrr,26071,2.534998863660765,4.508862065734161,1.7838414046536544,1.4828462103917583,3.9766472122418666,3.9922752854750785,0.218,3.082,10.106,0.048,0
7nmg,28629,4.920631285364257,7.281315183987466,4.351095758743746,3.665002418320226,6.530667945709801,5.264034239135232,0.138,4.676,12.336,0.0,0
8rym,27103,2.2681467887869737,4.094464124866929,2.077116619775702,1.3577489642004295,3.4604389873583226,4.0827307529354755,0.291,2.65,8.78,0.146,6
6l9l,10988,3.153946408736167,5.680255353615162,2.610344635020773,1.6787685788748667,3.5612958691205883,6.014725988017867,0.155,4.293,11.86,0.018,0
5isz,12264,3.9546038336723672,6.744946346360198,3.009543404746831,2.6371935889381923,6.570580477461761,6.434992644900759,0.162,4.44,11.128,0.016,0
3uts,29613,12.749381278833539,8.165913553610464,6.121223301985946,14.319934110687772,7.170597438097011,10.27701899228237,0.053,11.19,26.586,0.05,0
8yj2,13815,5.258915635362082,8.541207312819292,5.103275207960739,3.4325420877971164,6.076074458630582,7.648391731747337,0.072,6.016,23.094,0.039,1
2p5e,11661,6.1871425914806215,9.755760677842899,4.595367085298915,4.185655656167196,8.701453807076208,9.84428601971231,0.053,5.454,27.199,0.0,0
5w1v,24953,5.275127116777654,10.006682733270019,2.4648371556877957,3.302990443699717,7.094451528341057,12.837050919198044,0.068,7.745,18.987,0.0,0
7n5p,8866,15.3738480466815,17.238296962532544,5.0122592934820975,15.370780113415325,10.016082738382863,13.686206443610647,0.059,10.481,19.599,0.0,0
1bd2,26555,13.771043548280636,7.9336017638027805,6.638162759464012,15.839812157585467,7.807967435174791,6.350643033169369,0.046,9.516,23.593,0.0,0
4qok,9215,2.1389819589678916,3.774694238247901,1.083525679327176,1.3232972386174786,3.320748413991281,3.770435853245285,0.253,2.433,10.682,0.095,0
6ulr,1994,7.833054972469632,17.824121180216416,2.604694007103911,2.367759927274304,13.712949406363823,12.464645693444513,0.037,10.741,34.74,0.035,0
7n5p,17434,15.3738480466815,17.238296962532544,5.0122592934820975,15.370780113415325,10.016082738382863,13.686206443610647,0.059,10.481,19.599,0.0,0
5nmg,10640,13.096257889143775,7.8364670636416776,6.14816391918806,14.731594977416227,6.77134561751017,7.751353343457769,0.046,10.583,27.105,0.028,0
7phr,4068,6.368144146673243,10.713167181132055,4.9231058072412255,4.225149802249534,11.664746662369724,9.7746065516028,0.09,6.068,16.374,0.0,0
4qrr,3337,2.534998863660765,4.508862065734161,1.7838414046536544,1.4828462103917583,3.9766472122418666,3.9922752854750785,0.218,3.082,10.106,0.048,0
8gon,5145,5.954781402960936,10.336000201235532,3.5699960058620506,3.4773688370688918,9.408564846194627,9.893686046408874,0.073,5.696,20.011,0.0,0
6tro,8693,2.8611051126278007,5.2606762701942875,2.430548522215499,1.9020525245670505,5.33768026782482,4.7866423931554944,0.156,2.96,19.625,0.106,3
5m01,6299,4.193682566477944,8.103848500718586,2.978721865889282,2.594912433325853,8.6189371665455,7.7124017100199564,0.127,5.304,12.764,0.0,0
6dkp,2983,3.816639679008011,6.121055444844318,2.8097106265854244,2.621505480597157,5.494985937880527,6.076147585711127,0.205,3.974,8.653,0.0,0
7nmf,1590,15.982698219257184,20.769623013992554,5.540553948204336,14.434922609447574,15.330733431379404,14.658020161079518,0.045,12.602,22.932,0.0,0
5jhd,24081,4.030299649476232,7.100681420791528,3.1699003198340203,2.562383977753054,8.058476668946701,7.734251366856986,0.145,4.556,11.952,0.0,0
7rm4,16123,3.47106665715977,5.9948678128346575,2.1005936040994064,2.0978682105870043,5.164912305384715,9.290942610054877,0.178,4.286,14.276,0.163,3
5e6i,13598,4.2052235557528235,7.382237190669666,3.098539021902912,2.9335559645609948,7.0206320068453145,7.977562859982127,0.138,5.089,12.0,0.0,0
5hhm,9397,14.051124721550243,8.576695237211727,5.740382778274091,15.812797188487634,6.889174080925747,7.9180250489135995,0.047,12.137,22.253,0.0,0
6bj8,17038,7.365013885318128,10.0302619136799,3.775497816227692,6.530391796039945,8.626683609880478,10.517865899394778,0.033,6.123,40.723,0.0,0
5xov,5039,2.491404221560895,4.221162229229788,2.3810276653977422,1.7193658065034123,2.80972202971328,4.611049883786954,0.269,3.43,7.439,0.079,0
3tf7,32150,2.2076283058647257,4.097318214413481,2.042785354658764,1.2735298313243306,3.7489524225794493,3.4820404305956494,0.462,1.917,6.041,0.34,4
2ak4,23664,4.094314110890014,6.133633343980734,3.5222427298038745,2.8851167527873267,4.878541029392051,6.696335564830307,0.102,5.412,15.374,0.0,1
7ow6,13329,2.419003193650818,4.404946404598012,2.832856960411648,1.5183116301428445,4.189812927682794,4.284080097892224,0.218,2.778,11.195,0.062,0
7byd,7272,5.690287887935975,10.970969814899478,3.222345426027889,3.109993841757899,5.070642775019304,9.652801771053314,0.041,7.32,28.36,0.0,0
4g8g,23120,6.085964057584946,9.128470818937172,3.878339585095715,4.704601365540849,6.132403185922616,10.142132415567046,0.03,6.395,42.809,0.0,0
8enh,27501,10.411335439616517,19.987598125219073,3.732203060287473,3.985659353893476,15.064620048096454,12.254742989304244,0.042,10.835,30.606,0.037,0
8ryq,27203,3.3074875780848187,5.48141510163772,3.052313355684351,2.2347024601249097,6.116598077560003,4.332026726237052,0.194,3.559,11.095,0.061,0
8qfy,25640,5.304013734113898,11.512998643566684,2.4304487559329435,2.5392654833393205,13.86601007325332,8.412821120069575,0.043,7.933,26.329,0.0,0
7pbe,25473,4.237805341378453,6.636172784312584,4.2766104642670815,2.9302165544643115,6.990496423042887,6.158975609595562,0.179,4.48,9.65,0.0,0
2gj6,17782,3.1382087511313266,4.9703528296471795,2.418026798009156,2.247238280075186,4.913786912234561,4.524434602504442,0.298,3.06,6.732,0.085,1
5m01,19529,4.193682566477944,8.103848500718586,2.978721865889282,2.594912433325853,8.6189371665455,7.7124017100199564,0.127,5.304,12.764,0.0,0
7dzn,17500,5.483349099733636,11.473529981305589,3.5917917316002557,2.8823001485267343,10.96827144611333,14.524389341455548,0.044,8.384,25.255,0.0,1
8ye4,12193,3.5565779393204755,6.123764056606979,4.479048266361486,1.8821435101257111,5.604452026431484,5.597872956813597,0.1,3.786,19.264,0.0,0
8cx4,2901,3.039060940958541,5.548298901906109,2.3198908655934933,1.790342942459649,4.708823269509911,5.439126929048492,0.196,2.892,14.416,0.119,1
8ryp,29201,3.4342310999158228,5.863880019685941,2.754867684567202,2.3207491208790754,5.9111080415059645,4.9344896506878095,0.17,3.751,12.416,0.053,0
4ftv,11055,2.966384907610802,4.543197429758042,2.338908616732157,2.110906743282526,4.309215663737472,3.98763303419482,0.282,2.824,7.572,0.068,0
6vqo,25215,4.474818044592052,7.10121095675954,3.308209559305645,3.2759810824415325,4.856501490664925,8.3622618740726,0.174,5.021,9.566,0.0,0
6bj3,28488,5.715854087303847,8.831189629696274,3.465737435579509,4.402217402035082,8.009373115666788,9.115127689372246,0.043,5.267,36.092,0.0,0
4n0c,7839,4.566378399218881,8.008883849236632,3.958001802179861,2.8103360188092097,7.966607018836697,7.219836948211752,0.144,5.117,11.533,0.0,0
5m02,29459,4.592510870842475,9.016441766548743,2.79607943677739,2.7948365694965625,9.586403564464687,8.936934216727265,0.105,5.755,14.642,0.0,0
4prp,6566,5.4190741821628325,8.561606941113078,3.7230347683669858,3.652307771012159,7.893861495897065,9.214282992599497,0.114,5.557,14.284,0.014,0
5d2n,18628,4.95546846350221,9.51020503164114,2.9831287917731046,2.8512811954155994,5.671654280331127,10.279208063719956,0.098,6.0,16.87,0.031,0
8v4z,18676,4.474666940678593,6.450813416472148,2.96053169771338,3.896507066839774,5.919310447838043,6.716808033841953,0.099,3.947,19.904,0.016,0
7n6e,30157,3.842008457009518,6.259611707918118,3.4444576796410704,2.5460542486937214,6.843466517082121,3.8404481331229494,0.168,4.088,12.203,0.059,1
8enh,23028,10.411335439616517,19.987598125219073,3.732203060287473,3.985659353893476,15.064620048096454,12.254742989304244,0.042,10.835,30.606,0.037,0
1qsf,2404,3.134386877214929,4.941674333098634,2.4957884766461373,2.338105522012473,4.812539633055146,4.587028522909037,0.24,3.178,7.883,0.0,0
5c0b,10328,6.778803048066498,11.972419804416043,2.7679095490282974,4.4912772360856765,8.399161117620341,13.66517693068315,0.081,6.503,21.663,0.058,0
2p5w,16129,5.577733495578382,8.993626480513429,4.057996789477803,3.6047374033567396,7.972618973562059,8.869778890737047,0.093,5.163,16.95,0.0,0
9iky,16659,5.209927985046915,11.186327751832975,3.2978469623849924,2.8789555274617253,11.039290611451081,11.310733853256478,0.055,6.657,23.475,0.0,0
7nmf,8402,15.982698219257184,20.769623013992554,5.540553948204336,14.434922609447574,15.330733431379404,14.658020161079518,0.045,12.602,22.932,0.0,0
7n2o,25577,2.677264394561628,5.0974176231125705,2.3459510925823936,1.3709217509426699,3.9417417576890923,5.593265763798564,0.156,3.219,15.165,0.051,0
8gvb,21071,3.437243121195504,6.80872740368996,2.681982374147244,1.979785484246113,8.282119346937309,5.331546443087445,0.204,4.555,9.549,0.074,2
7nme,22789,5.259117655994424,7.208777620422325,4.506208092596531,4.248352870518568,6.383595021915881,5.775570524736863,0.148,4.986,11.323,0.0,0
4g8g,14438,6.085964057584946,9.128470818937172,3.878339585095715,4.704601365540849,6.132403185922616,10.142132415567046,0.03,6.395,42.809,0.0,0
6uon,23591,3.566152907138557,6.871323271747973,2.2638414540486287,2.008494318112435,8.160135247648077,4.602648730794498,0.084,5.172,20.31,0.025,0
8rlv,15999,5.175070118897049,8.509089034937988,3.789193859346363,3.5510037031191892,8.448765391406642,8.999692558406277,0.082,5.275,18.662,0.0,0
5euo,17213,5.2845301132065865,9.096870042888701,3.884402599311586,3.504105801585132,9.041496035954548,9.436580982531806,0.097,5.936,15.508,0.0,0
5nmf,7901,5.02311791666,7.177891420475837,3.997888422359467,4.317450609396011,6.926302392398315,6.780091936097314,0.119,5.299,13.545,0.0,0
2gj6,21153,3.1382087511313266,4.9703528296471795,2.418026798009156,2.247238280075186,4.913786912234561,4.524434602504442,0.298,3.06,6.732,0.085,1
2f54,3443,3.1913655518356614,5.112307659302733,2.2800692143793886,2.116006119949761,4.427131693394341,5.173865370932731,0.175,3.145,12.636,0.027,0
5wkh,12364,4.800141732964324,8.588624584503844,2.8205688903994406,3.201810386782293,5.768003391873319,8.808747169303269,0.09,5.589,17.769,0.015,0
1mwa,12872,3.994848116292136,5.9967986005191705,3.0013704009758886,2.9725347717420774,5.290953129087853,5.705192797225666,0.205,4.789,8.074,0.0,0
8enh,23438,10.411335439616517,19.987598125219073,3.732203060287473,3.985659353893476,15.064620048096454,12.254742989304244,0.042,10.835,30.606,0.037,0
3qdm,6690,15.672561568697574,20.322777159955592,5.848894425798437,14.586206717894518,12.914777951828547,13.078747592928654,0.06,13.204,23.431,0.05,1
7n1e,19618,4.352566738163678,7.842221509312384,2.4527395631778357,2.4209329018830132,3.9048288745560327,8.839453001287986,0.098,5.572,18.386,0.051,0
6p64,4383,7.155424180222762,11.970408172509382,4.992408121280933,4.491676408342407,10.034245340106775,9.42563067987659,0.084,5.245,18.329,0.0,0
3o4l,18722,6.121868621738389,10.36679654522645,3.6392170156065613,4.205514695586073,12.229249251675894,6.669004661813505,0.096,6.573,15.8,0.013,0
7jwj,26179,6.58740377715437,13.824233039789878,3.1210682987348495,2.8372163700225745,13.224479203746988,10.228724374635433,0.044,7.958,29.78,0.021,0
5w1v,5124,5.275127116777654,10.006682733270019,2.4648371556877957,3.302990443699717,7.094451528341057,12.837050919198044,0.068,7.745,18.987,0.0,0
7ndq,12070,3.840683858907377,8.684552222676432,3.151320556358841,1.8855614483306375,9.451623482343216,7.503375677101882,0.085,5.767,19.494,0.033,1
7n1e,5298,4.352566738163678,7.842221509312384,2.4527395631778357,2.4209329018830132,3.9048288745560327,8.839453001287986,0.098,5.572,18.386,0.051,0
3ffc,25182,19.770826492887167,13.856724910002416,16.84156707511531,21.424668000439343,13.964514575713116,13.669227243611834,0.01,19.449,54.841,0.0,0
4nhu,22162,5.443206957963242,8.409205589656084,6.682381443378378,3.000216843616484,7.26306611898754,7.990885310581988,0.071,6.867,18.994,0.0,0
7phr,16973,6.368144146673243,10.713167181132055,4.9231058072412255,4.225149802249534,11.664746662369724,9.7746065516028,0.09,6.068,16.374,0.0,0
8v50,23545,3.6478725649936203,6.492520842588599,2.3056711727164485,2.532956046368868,5.445230732978779,6.890060423219321,0.098,3.922,20.11,0.016,0
6vmx,20128,12.671256763291636,9.3909654743844,7.104427804966112,14.006807844706882,8.948003424246712,7.295494570108189,0.039,10.662,25.863,0.0,1
2pye,9894,4.107705675111212,6.66011522948293,2.954951317956137,2.6221775839411574,5.863351606016615,6.666807374187147,0.101,4.218,17.595,0.0,0
6vmc,31741,5.944944980370061,10.1875,5.100668069549501,4.037802799802131,9.382271485582086,10.42075691118475,0.099,5.485,15.651,0.0,0
5bs0,21611,13.027578522500889,10.518833182385523,6.420715643610169,14.113965206394175,13.568811602083068,7.6850919134401545,0.044,10.816,23.95,0.0,0
1g6r,32731,4.1615089932574625,6.186898093819996,3.787155620123324,3.138195086671571,5.302934000040833,6.161427357477585,0.207,5.076,7.853,0.0,0
3utt,8748,5.256523306500149,8.33854630287481,3.3239257750898297,4.177602224616035,6.917517674805754,10.680046147815876,0.072,4.563,23.326,0.0,0
2oi9,30874,10.20317481980854,20.119712038197765,2.50899812964923,1.5967931052091469,12.898486290464632,12.750152091179707,0.027,13.115,31.283,0.0,1
5hho,14467,22.466873354507182,37.93386798030343,14.265630509271393,16.459311077387436,36.59802789925797,37.703610184996116,0.004,24.135,96.379,0.0,0
9rup,4378,9.34451042790428,19.53958439823842,4.2351053133500045,4.471898442365394,,12.777556516049277,0.013,9.936,65.838,0.0,0
8rym,2022,2.2681467887869737,4.094464124866929,2.077116619775702,1.3577489642004295,3.4604389873583226,4.0827307529354755,0.291,2.65,8.78,0.146,6
4pri,4939,4.886471339337409,6.91857466255586,3.8777387022145944,3.8620158368048076,6.101494978019475,7.252290561180589,0.162,4.454,10.784,0.0,0
5xot,6788,3.3139551262927434,5.773560563737925,2.4651821741012765,2.0530001269884326,5.414333056010339,5.7656752834866944,0.157,3.76,12.968,0.032,0
1nam,16193,1.2774492617812916,2.1689227801717696,1.5107473365173256,0.9420471135227088,4.32639351335906,1.1261699933111797,0.675,0.683,2.904,0.3,2
6eqa,2040,2.022620215825182,3.4706786956664013,2.41096038369556,1.1336086561042247,3.337472463854437,3.176255791379644,0.255,2.418,10.906,0.108,0
5tez,30718,3.7623942580873773,6.775537525133017,2.28277134088213,2.2623589146759233,3.9640607638413146,8.506685325529652,0.137,4.586,13.024,0.017,0
3rgv,23225,4.953419445685507,9.569303344289406,5.0766780518835075,2.8867267936876813,10.070232076199119,9.278836909105356,0.079,6.08,18.219,0.0,0
5eu6,28624,4.962184903574327,8.579099935534234,4.442398111317213,3.14398148581953,8.587326242725842,8.940483125671015,0.149,5.119,11.136,0.0,0
7ndq,31252,3.840683858907377,8.684552222676432,3.151320556358841,1.8855614483306375,9.451623482343216,7.503375677101882,0.085,5.767,19.494,0.033,1
3uts,1979,12.749381278833539,8.165913553610464,6.121223301985946,14.319934110687772,7.170597438097011,10.27701899228237,0.053,11.19,26.586,0.05,0
8wte,19153,3.0985805902892802,6.546834962459211,2.2961635665179174,1.9529707499717412,5.581021320364704,6.1218519765282515,0.207,3.404,9.24,0.0,0
5yxn,19306,21.464040632503014,21.914132971694293,9.777613836563424,22.12443195045773,22.836711466956007,9.04532136198967,0.009,13.744,65.487,0.0,0
2f54,21793,3.1913655518356614,5.112307659302733,2.2800692143793886,2.116006119949761,4.427131693394341,5.173865370932731,0.175,3.145,12.636,0.027,0
7n5c,28193,14.707355615751407,15.882482066954864,5.953604290909363,14.923068623469629,11.800511816572387,12.16486607486158,0.07,10.305,22.958,0.07,2
9rxm,10854,2.727916631923122,5.141496959600086,2.4358804008419384,1.6333326233268384,4.5773707654423745,4.747439688268825,0.144,3.298,15.605,0.03,0
8i5c,10806,5.552132191780019,11.588526745950427,3.229465396968516,3.2554575544676014,11.176319244760121,11.358281937704703,0.051,6.962,24.454,0.0,0
8enh,12554,10.411335439616517,19.987598125219073,3.732203060287473,3.985659353893476,15.064620048096454,12.254742989304244,0.042,10.835,30.606,0.037,0
5xot,5068,3.3139551262927434,5.773560563737925,2.4651821741012765,2.0530001269884326,5.414333056010339,5.7656752834866944,0.157,3.76,12.968,0.032,0
6l9l,30255,3.153946408736167,5.680255353615162,2.610344635020773,1.6787685788748667,3.5612958691205883,6.014725988017867,0.155,4.293,11.86,0.018,0
6d78,29395,2.3607777287103926,3.657024490620756,2.8148773318406874,1.4534673650020022,3.144595875606384,3.919454677997089,0.333,2.672,5.319,0.041,0
7na5,8485,12.686799900628381,9.42578712822862,6.681874618508488,13.914234276663057,7.428893212847909,7.778093297946644,0.053,11.546,22.915,0.02,0
3vxr,16406,3.4521721991145267,5.26378656096071,3.193611491910645,2.5593519058551024,5.075892630621352,4.604724451385282,0.191,3.71,10.047,0.015,0
3qeq,27764,4.903716204911727,9.172099915275458,2.5015402272699023,2.933606160904742,7.5623799218193195,9.073282418638783,0.115,5.02,14.255,0.0,0
7ndt,23126,13.324870582422013,15.7739698075766,7.836167020668949,12.880911452101286,13.240718032994106,16.46386403948286,0.045,12.172,27.748,0.033,1
7q9a,32048,1.9498671223252035,3.3779096727023847,1.1883556769763528,1.306307242827614,3.3725767858597777,2.675277197318216,0.412,1.911,5.649,0.16,1
3mv9,53,5.3006076529758,7.991088920817423,4.2254634698543,3.871060376034794,6.912184653637944,8.817792090215677,0.123,5.496,13.452,0.014,0
4eup,21099,2.0709287043437064,3.331252786325342,1.5800149646075734,1.5179232833564724,2.4963708093986314,3.240329898174108,0.292,2.235,10.616,0.175,0
2jcc,7797,3.4266542327898204,6.183641918095772,2.840627148651553,2.075028496884157,6.974577525839533,4.58339181768408,0.213,3.942,8.532,0.014,0
6bj3,28857,5.715854087303847,8.831189629696274,3.465737435579509,4.402217402035082,8.009373115666788,9.115127689372246,0.043,5.267,36.092,0.0,0
6d78,22968,2.3607777287103926,3.657024490620756,2.8148773318406874,1.4534673650020022,3.144595875606384,3.919454677997089,0.333,2.672,5.319,0.041,0
4mji,1913,4.590407015718856,8.49023127283685,3.678613120889531,2.7897601250393764,8.22035482193059,8.420396890958854,0.125,4.499,13.771,0.0,0
5men,6412,3.1917104646906287,5.398855357336327,1.5657802181195404,1.9917867497471806,4.577628961778067,6.303753222287497,0.12,3.533,17.918,0.025,0
7nme,26298,5.259117655994424,7.208777620422325,4.506208092596531,4.248352870518568,6.383595021915881,5.775570524736863,0.148,4.986,11.323,0.0,0
3d3v,27255,3.1447743377392854,5.409050061485347,3.0903795166031993,2.1080656772174966,5.521149391930661,5.194186786583865,0.299,3.156,6.139,0.057,0
5wkh,27292,4.800141732964324,8.588624584503844,2.8205688903994406,3.201810386782293,5.768003391873319,8.808747169303269,0.09,5.589,17.769,0.015,0
4nhu,19240,5.443206957963242,8.409205589656084,6.682381443378378,3.000216843616484,7.26306611898754,7.990885310581988,0.071,6.867,18.994,0.0,0
6vmc,26406,5.944944980370061,10.1875,5.100668069549501,4.037802799802131,9.382271485582086,10.42075691118475,0.099,5.485,15.651,0.0,0
7n2n,20356,2.0489594954924235,3.9658999431328286,2.0936070260254795,1.1716635113064475,3.4979000928448216,4.321030540466085,0.237,2.201,11.378,0.035,0
1qrn,7370,2.987195783168929,4.4326077686435434,2.3771785549636473,2.2548185325597303,3.934307380216563,4.1466417286230595,0.289,3.042,6.762,0.06,1
3mv8,27671,4.522181779519278,6.564149637383088,3.592592031295019,3.4587870618796077,5.68150715717308,7.102889820434322,0.169,4.275,10.436,0.0,0
5sws,31849,14.247635308967787,15.257075650240182,6.671031973792244,14.550131638683306,5.544384894415419,6.906249631763753,0.035,14.626,26.179,0.0,0
6vm7,22733,7.447634900083877,11.86660624399411,6.073088828932699,4.983042069023602,9.945427093395391,12.20177824474713,0.024,7.874,43.898,0.0,0
4qrr,14210,2.534998863660765,4.508862065734161,1.7838414046536544,1.4828462103917583,3.9766472122418666,3.9922752854750785,0.218,3.082,10.106,0.048,0
3h9s,22888,3.4501971188596037,5.753331777314347,2.6558080581958285,2.506811116764094,6.073022919462691,4.993577214300615,0.273,3.449,6.336,0.018,0
1qse,29540,3.033362696049007,4.51409451929315,2.462245436159975,2.282163369365707,4.553708548116928,4.4420968943324945,0.297,2.931,7.284,0.106,1
5m02,17820,4.592510870842475,9.016441766548743,2.79607943677739,2.7948365694965625,9.586403564464687,8.936934216727265,0.105,5.755,14.642,0.0,0
8d5q,32615,13.574833955949488,17.417622839840874,4.399835640420241,12.74567100192123,16.72733649023933,8.491451189494727,0.06,12.206,27.067,0.075,2
9j4t,13406,2.9508506648963815,4.931913406201508,3.46683342897774,1.6984384589620671,3.097137402221509,4.69044007864973,0.221,2.511,12.146,0.071,0
3w0w,28748,4.670159319499641,7.1951140690294935,4.096614906143377,3.408851182517156,5.627541481650221,7.077899256787279,0.146,5.528,11.131,0.0,0
7nme,31684,5.259117655994424,7.208777620422325,4.506208092596531,4.248352870518568,6.383595021915881,5.775570524736863,0.148,4.986,11.323,0.0,0
4jfe,30051,3.8926492690951724,6.352157134860366,2.847813493139382,2.6612892344417607,6.056336377386178,6.477854716282268,0.162,4.228,10.99,0.0,0
2p5e,27894,6.1871425914806215,9.755760677842899,4.595367085298915,4.185655656167196,8.701453807076208,9.84428601971231,0.053,5.454,27.199,0.0,0
7n2n,7013,2.0489594954924235,3.9658999431328286,2.0936070260254795,1.1716635113064475,3.4979000928448216,4.321030540466085,0.237,2.201,11.378,0.035,0
5d2l,29281,2.9402075247428434,3.624930059835903,1.6527170611786257,2.7754283216963875,3.573621537749912,3.321993886153808,0.163,2.993,17.714,0.1,0
5eu6,15822,4.962184903574327,8.579099935534234,4.442398111317213,3.14398148581953,8.587326242725842,8.940483125671015,0.149,5.119,11.136,0.0,0
8dnt,5318,3.6399903501376976,5.723210164105415,2.727000599841477,2.540872596754594,5.749704973924899,5.940738504755251,0.15,3.912,12.324,0.0,0
4l3e,4113,3.1799493072158835,4.946376484540272,2.428202715653869,2.2706823964624583,4.1329145175076505,5.198804088948688,0.281,3.267,6.511,0.039,0
5nht,20114,3.9044098165567864,6.511034614050232,2.7641534360768674,2.671359784016644,4.359129299932295,6.6454132752865425,0.125,4.308,14.104,0.0,0
7pbc,25773,2.9924089154465694,4.544490278392608,2.84756270343991,2.144570516287182,4.594802175420614,3.9428809802991376,0.203,3.472,9.681,0.015,0
3vxu,16710,5.63630566609124,8.24995673316763,4.305697067286905,4.237844246841131,6.542697356853442,8.581473085522108,0.077,5.925,18.797,0.0,0
6eqa,32312,2.022620215825182,3.4706786956664013,2.41096038369556,1.1336086561042247,3.337472463854437,3.176255791379644,0.255,2.418,10.906,0.108,0
6avg,315,5.996941282708707,8.969780459717825,4.724019525111302,3.9361662766622594,5.51964151024254,9.467572045983287,0.068,6.78,19.739,0.0,0
2esv,8500,5.638027644835751,10.272777923028832,3.149286289415314,3.4458730741261174,8.685684898676149,10.695789431201597,0.084,6.59,18.676,0.032,0
1nam,18585,1.2774492617812916,2.1689227801717696,1.5107473365173256,0.9420471135227088,4.32639351335906,1.1261699933111797,0.675,0.683,2.904,0.3,2
4jfe,20718,3.8926492690951724,6.352157134860366,2.847813493139382,2.6612892344417607,6.056336377386178,6.477854716282268,0.162,4.228,10.99,0.0,0
5sws,1438,14.247635308967787,15.257075650240182,6.671031973792244,14.550131638683306,5.544384894415419,6.906249631763753,0.035,14.626,26.179,0.0,0
7ow5,20145,2.540939997838955,4.971391106336711,2.4522152962315378,1.3937535697489225,3.984243905743061,4.104546047412982,0.147,2.324,20.607,0.0,0
4mxq,253,4.154460529577171,7.673482349255081,2.8310321754861882,2.4269118230309155,7.054952005447067,6.991963596275414,0.145,4.915,11.601,0.0,0
6zkw,16593,2.2040895433792036,4.280038447722311,1.5894196318554903,1.3274884797809177,3.3341746857907486,3.713272291831189,0.156,3.088,15.856,0.055,0
3rgv,4019,4.953419445685507,9.569303344289406,5.0766780518835075,2.8867267936876813,10.070232076199119,9.278836909105356,0.079,6.08,18.219,0.0,0
7dzm,21600,5.450677488898553,11.227563797807674,3.248112996357943,2.9739134958636964,9.041699924053129,13.239819570735282,0.089,7.891,16.523,0.023,1
3vxu,13859,5.63630566609124,8.24995673316763,4.305697067286905,4.237844246841131,6.542697356853442,8.581473085522108,0.077,5.925,18.797,0.0,0
3o4l,14876,6.121868621738389,10.36679654522645,3.6392170156065613,4.205514695586073,12.229249251675894,6.669004661813505,0.096,6.573,15.8,0.013,0
8qfy,14706,5.304013734113898,11.512998643566684,2.4304487559329435,2.5392654833393205,13.86601007325332,8.412821120069575,0.043,7.933,26.329,0.0,0
8v4z,21386,4.474666940678593,6.450813416472148,2.96053169771338,3.896507066839774,5.919310447838043,6.716808033841953,0.099,3.947,19.904,0.016,0
6uz1,5790,0.9420510804118353,,1.6363361641272665,0.8287315760781503,,,0.026,13.289,32.486,0.0,0
7qpj,32672,3.1123669631726116,5.035841295230891,3.147084158293801,1.9927162678542791,5.424798487206957,4.228853212026049,0.187,3.294,10.958,0.014,0
6zky,19545,2.672074451979839,4.889778936651063,4.39742462619872,1.3209783266147332,3.257836113835782,3.3499379925659007,0.164,3.227,17.232,0.12,2
6rsy,24446,3.88274758450467,6.417524315510144,2.7419503137238275,2.6200928783243733,6.282341564314312,6.192731285859126,0.225,3.83,8.759,0.058,1
7na5,24516,12.686799900628381,9.42578712822862,6.681874618508488,13.914234276663057,7.428893212847909,7.778093297946644,0.053,11.546,22.915,0.02,0
5hhm,16402,14.051124721550243,8.576695237211727,5.740382778274091,15.812797188487634,6.889174080925747,7.9180250489135995,0.047,12.137,22.253,0.0,0
2ckb,1690,3.924513686552175,5.990419368169725,3.0037156893934442,2.9025586758915045,5.05957291095747,5.565365695440774,0.223,4.856,7.184,0.0,0
2ak4,25993,4.094314110890014,6.133633343980734,3.5222427298038745,2.8851167527873267,4.878541029392051,6.696335564830307,0.102,5.412,15.374,0.0,1
3mv9,30309,5.300618949667795,7.9911031503213215,4.225469616490807,3.8710713671494505,6.912181235540899,8.81779655590389,0.123,5.496,13.452,0.014,0
7ndu,19043,4.5255381054169765,9.038363647916187,3.1328983718808456,2.5855524176674147,9.773483088422854,7.8874345397817835,0.089,5.528,17.97,0.015,2
7pdw,14367,3.512791570938959,5.356175461554216,3.6177303867768327,2.4786042779489157,5.58796401177343,4.74775270836669,0.145,3.731,13.081,0.0,0
4mvb,13678,5.0691042891219045,9.266508158552716,3.7172479240570233,2.8472356031400405,8.839140687009897,7.417394480908823,0.086,5.975,17.078,0.0,0
2gj6,16129,3.1382087511313266,4.9703528296471795,2.418026798009156,2.247238280075186,4.913786912234561,4.524434602504442,0.298,3.06,6.732,0.085,1
7su9,5186,8.562706606062452,,3.299312601928086,8.859539512348169,,,0.004,32.796,79.512,0.0,3
2vlr,23578,9.979326982747969,8.738817799897447,4.504885745137863,10.702939978207668,7.961013649908984,9.06408566044018,0.062,6.263,21.731,0.0,0
5c0a,13119,12.574743653470284,8.255433140622346,6.632735629169021,14.141441594489947,6.376023996372255,8.811766970473464,0.049,9.81,25.992,0.026,1
3tpu,14831,5.244879187725304,8.454702897191387,5.15640500759071,3.4020373267292645,8.28051534573446,6.009883292203403,0.113,5.528,13.95,0.0,0
8i5d,3681,4.086835383231969,8.27318027112122,3.106683335302747,2.4260191569710745,8.034750422724327,8.25974089033498,0.155,4.6,11.097,0.0,0
5nme,11467,4.453502356766072,7.308359223655974,2.9776539028898608,3.3762592518108896,8.258828000764336,5.884779191567857,0.148,4.74,12.25,0.027,0
8ryn,20237,1.8566759353255633,3.3289908245421045,2.1160955224208964,1.059677261372466,3.771314654513143,3.125565397687857,0.34,2.302,6.908,0.12,0
8cx4,19021,3.039060940958541,5.548298901906109,2.3198908655934933,1.790342942459649,4.708823269509911,5.439126929048492,0.196,2.892,14.416,0.119,1
4qok,5777,2.1389819589678916,3.774694238247901,1.083525679327176,1.3232972386174786,3.320748413991281,3.770435853245285,0.253,2.433,10.682,0.095,0
9iky,19035,5.209927985046915,11.186327751832975,3.2978469623849924,2.8789555274617253,11.039290611451081,11.310733853256478,0.055,6.657,23.475,0.0,0
5w1v,7650,5.275127116777654,10.006682733270019,2.4648371556877957,3.302990443699717,7.094451528341057,12.837050919198044,0.068,7.745,18.987,0.0,0
9ru5,7640,5.2959748946213345,9.879397427136741,2.5747515808568795,3.5691970565700024,8.131062669257448,6.775746975080497,0.084,6.895,18.775,0.038,0
3vxs,20173,3.539400701583849,5.4847163072223974,2.796204121783363,2.6918968342920793,5.059619387597823,5.469436148457919,0.135,3.914,13.758,0.0,1
7n2q,7614,4.492271320798047,8.524803672723001,2.638290017303937,2.556524690629959,4.110968938436894,8.79428755849822,0.089,5.211,17.562,0.0,1
3pqy,4590,14.042093413436536,13.149639251051555,8.06538019443119,14.929399067669774,12.589208840156799,11.924562784869478,0.058,9.616,23.54,0.036,1
9j4s,27851,1.412102430429331,,2.949980235533276,1.0495265208905276,,,0.003,44.116,99.109,0.0,0
6rpa,32508,3.017099537116697,5.17931780440572,1.8590193549932672,1.9669332111632938,4.969993936635761,4.7213443231919925,0.225,3.031,9.349,0.026,1
6rpb,14233,4.9590118374596015,9.374869908599662,2.300288174032495,2.3765007829764997,8.694854901093956,6.174284586178957,0.051,6.797,32.955,0.044,3
5nmg,3134,13.096257889143775,7.8364670636416776,6.14816391918806,14.731594977416227,6.77134561751017,7.751353343457769,0.046,10.583,27.105,0.028,0
8qfy,26400,5.304013734113898,11.512998643566684,2.4304487559329435,2.5392654833393205,13.86601007325332,8.412821120069575,0.043,7.933,26.329,0.0,0
5isz,26930,3.9546038336723672,6.744946346360198,3.009543404746831,2.6371935889381923,6.570580477461761,6.434992644900759,0.162,4.44,11.128,0.016,0
6vmc,11901,5.944944980370061,10.1875,5.100668069549501,4.037802799802131,9.382271485582086,10.42075691118475,0.099,5.485,15.651,0.0,0
1lp9,3222,3.4092912131367186,6.183478655420356,2.7454661963711495,2.082253442817156,7.053493330965945,4.331964143260741,0.194,3.962,10.004,0.038,0
5euo,27705,5.2845301132065865,9.096870042888701,3.884402599311586,3.504105801585132,9.041496035954548,9.436580982531806,0.097,5.936,15.508,0.0,0
4n0c,19280,4.566378399218881,8.008883849236632,3.958001802179861,2.8103360188092097,7.966607018836697,7.219836948211752,0.144,5.117,11.533,0.0,0
6eqb,22952,3.1513918799504266,5.031010277083731,3.305406733726233,1.9866950766263003,5.124576139035423,4.743726604836127,0.167,3.747,12.283,0.04,0
3tf7,26644,2.2076283058647257,4.097318214413481,2.042785354658764,1.2735298313243306,3.7489524225794493,3.4820404305956494,0.462,1.917,6.041,0.34,4
6zkx,25456,3.553763511050572,6.129059448490932,2.9871604759981465,2.7433398465762173,4.167432702454078,4.744048083253628,0.13,3.931,18.725,0.092,2
5isz,22767,3.9546038336723672,6.744946346360198,3.009543404746831,2.6371935889381923,6.570580477461761,6.434992644900759,0.162,4.44,11.128,0.016,0
5c08,5840,11.943528804674509,7.2378211912101165,5.10807523357108,13.534849199645443,5.287823496108235,8.325792160759638,0.049,9.581,28.373,0.041,0
8rlt,21293,4.916472835479031,8.213271090519331,3.5534274339557133,3.4034180901379263,8.105145196062798,8.585758369287692,0.088,5.025,17.961,0.0,0
5brz,5309,13.515053252874987,11.430463264950765,6.798472247768722,14.475291353156658,14.42663707693297,8.39804673296808,0.041,10.83,24.974,0.0,0
1qsf,23625,3.134386877214929,4.941674333098634,2.4957884766461373,2.338105522012473,4.812539633055146,4.587028522909037,0.24,3.178,7.883,0.0,0
8v50,1843,3.6478725649936203,6.492520842588599,2.3056711727164485,2.532956046368868,5.445230732978779,6.890060423219321,0.098,3.922,20.11,0.016,0
6zkw,1960,2.2040895433792036,4.280038447722311,1.5894196318554903,1.3274884797809177,3.3341746857907486,3.713272291831189,0.156,3.088,15.856,0.055,0
6uz1,12126,0.9420510804118353,,1.6363361641272665,0.8287315760781503,,,0.026,13.289,32.486,0.0,0
5xov,16694,2.491404221560895,4.221162229229788,2.3810276653977422,1.7193658065034123,2.80972202971328,4.611049883786954,0.269,3.43,7.439,0.079,0
7n2r,8302,3.1981733830862344,6.14944631046642,2.744513602779788,1.9437624765140844,3.8178424612148136,6.850080395366982,0.14,3.753,14.227,0.018,1
4mnq,25097,2.5131971235877324,4.0444229810370285,1.2403831240692493,1.716983422232354,3.3224459393223396,5.1924481060463545,0.165,2.498,16.568,0.023,0
5ivx,20788,14.935982429655308,20.138890284864992,5.3584310393178525,13.637612099572603,15.070649660886284,16.534479540399055,0.044,13.66,22.962,0.0,0
5c07,7856,12.704361420229361,7.928099658686144,6.778985428188684,14.380292376896557,6.390924249309849,9.754133398260649,0.042,10.956,27.364,0.019,0
4qrp,26567,7.247405120769077,15.608061871825624,2.242679084036753,2.630082466509656,13.624917900086256,11.424530341470737,0.034,10.848,31.461,0.014,1
4mvb,21740,5.0691042891219045,9.266508158552716,3.7172479240570233,2.8472356031400405,8.839140687009897,7.417394480908823,0.086,5.975,17.078,0.0,0
7phr,8641,6.368144146673243,10.713167181132055,4.9231058072412255,4.225149802249534,11.664746662369724,9.7746065516028,0.09,6.068,16.374,0.0,0
1kj2,24282,1.3580711400933632,2.115552738072352,1.344338200274826,1.0446342418795571,1.172159583878098,2.500198191441961,0.546,1.564,1.97,0.211,2
6bj3,8515,5.715854087303847,8.831189629696274,3.465737435579509,4.402217402035082,8.009373115666788,9.115127689372246,0.043,5.267,36.092,0.0,0
3gsn,8936,3.326307660777918,5.639346817706989,2.443271943379746,2.1620794597202555,4.160106796027773,6.544869147457915,0.174,4.146,10.634,0.016,0
5nqk,6396,4.429565053260808,7.11819754950028,2.825242719494717,3.226525245930605,5.214286666206762,7.192938632330896,0.065,4.496,26.403,0.0,0
4qok,9548,2.1389819589678916,3.774694238247901,1.083525679327176,1.3232972386174786,3.320748413991281,3.770435853245285,0.253,2.433,10.682,0.095,0
4jrx,10335,3.227298131507484,4.820570472384141,2.6987713314059696,2.336320047618157,4.176024199644934,4.644727218529834,0.104,3.867,18.128,0.0,0
4jfd,27919,3.9279867899100944,6.534090608147142,2.7217501802993356,2.623149502610375,6.565700750055984,6.164856468740567,0.139,4.505,12.837,0.012,0
3kps,7740,4.5042402688341,8.607213978940306,3.8220700932895375,2.50578017341295,5.404762183882184,8.8519524724042,0.08,6.266,18.585,0.013,0
7dzn,3105,5.483349099733636,11.473529981305589,3.5917917316002557,2.8823001485267343,10.96827144611333,14.524389341455548,0.044,8.384,25.255,0.0,1
8gom,16312,6.380121172874035,10.741634423538688,3.8262506178482893,3.8844980083384923,10.088947358848777,10.049034959944127,0.052,6.071,25.869,0.0,0
9d95,32356,9.22198611481202,8.075358459353197,7.434178265192363,9.773459217545792,6.463892505765839,8.269674462444023,0.055,10.311,20.75,0.0,0
8qfy,21596,5.304013734113898,11.512998643566684,2.4304487559329435,2.5392654833393205,13.86601007325332,8.412821120069575,0.043,7.933,26.329,0.0,0
8gvb,5884,3.437243121195504,6.80872740368996,2.681982374147244,1.979785484246113,8.282119346937309,5.331546443087445,0.204,4.555,9.549,0.074,2
8shi,22432,4.525475041361026,8.523329824413208,4.831065957148609,2.397108270741104,4.604154745003066,7.265885411999869,0.075,4.462,22.688,0.0,0
6q3s,6843,4.782237491114437,7.657039336345759,3.600464967441127,3.1885537013349787,6.71026266067707,8.0441170866758,0.101,4.555,17.364,0.013,0
4n5e,27785,3.6373294284671127,6.706368492634264,3.217032778970135,2.055458034290272,5.53519335286522,6.915501155099419,0.155,4.648,11.075,0.0,0
1nam,20040,1.2774492617812916,2.1689227801717696,1.5107473365173256,0.9420471135227088,4.32639351335906,1.1261699933111797,0.675,0.683,2.904,0.3,2
3d39,32369,3.1109366275565957,5.337770964361875,3.040713295825851,2.0726222721627927,5.592591383227942,5.143928549858624,0.307,3.157,6.027,0.071,0
3d39,6809,3.1109366275565957,5.337770964361875,3.040713295825851,2.0726222721627927,5.592591383227942,5.143928549858624,0.307,3.157,6.027,0.071,0
7su9,12509,8.562706606062452,,3.299312601928086,8.859539512348169,,,0.004,32.796,79.512,0.0,3
2bnq,26624,4.4966536137273065,7.210644948527869,3.3308442040988897,3.0112737322130387,6.277575638252983,7.6161630379809075,0.102,4.313,17.919,0.014,0
3ffc,1991,19.770906132998885,13.85672295234372,16.842135164280446,21.42472267342566,13.964524970964675,13.669207954148257,0.01,19.449,54.841,0.0,0
5til,16152,2.2184724995035423,4.285719871263652,2.488654949153494,1.2263313373512614,4.4904582269397215,4.055898494260109,0.271,2.292,9.732,0.079,1
3h9s,4269,3.4501971188596037,5.753331777314347,2.6558080581958285,2.506811116764094,6.073022919462691,4.993577214300615,0.273,3.449,6.336,0.018,0
5tje,31283,3.1383023111764836,6.082219172881251,2.7031152782620618,1.9131816681425562,5.7473525877205525,6.153731436832496,0.194,3.453,12.366,0.103,0
2ypl,15078,5.6848779203276205,8.608379092606347,4.218481683386593,4.246054652809164,7.071764495397044,8.843088331274016,0.066,6.671,20.152,0.0,0
7rm4,32750,3.47106665715977,5.9948678128346575,2.1005936040994064,2.0978682105870043,5.164912305384715,9.290942610054877,0.178,4.286,14.276,0.163,3
7n2r,26494,3.1981733830862344,6.14944631046642,2.744513602779788,1.9437624765140844,3.8178424612148136,6.850080395366982,0.14,3.753,14.227,0.018,1
8ryn,7531,1.8566753656547976,3.328979569723173,2.116093899985227,1.0596870669735634,3.7713051344699506,3.1255539107744528,0.34,2.302,6.908,0.12,0
8ryo,10592,2.1519354372928454,3.802848923413074,2.1173001980787185,1.294688724053698,4.2042176951927015,3.4804631194112816,0.28,2.356,8.563,0.056,0
3e3q,13693,12.549620720465116,3.5338846608928685,4.943269308699794,14.977684413175272,2.968637844752248,3.143789078898336,0.065,11.049,20.995,0.035,8
7jwi,25931,9.379289046721816,17.13924974542169,4.483625552254658,6.8940490966070564,10.660839396421125,8.396985097280949,0.032,13.101,28.022,0.0,0
3o4l,18347,6.121868621738389,10.36679654522645,3.6392170156065613,4.205514695586073,12.229249251675894,6.669004661813505,0.096,6.573,15.8,0.013,0
3gsn,4945,3.326307660777918,5.639346817706989,2.443271943379746,2.1620794597202555,4.160106796027773,6.544869147457915,0.174,4.146,10.634,0.016,0
7n2n,30653,2.0489594954924235,3.9658999431328286,2.0936070260254795,1.1716635113064475,3.4979000928448216,4.321030540466085,0.237,2.201,11.378,0.035,0
7n2p,3112,2.258160308957732,4.026822445476997,2.1783037722546297,1.381604842557928,3.3215689953253658,4.744162737314667,0.265,2.411,10.635,0.127,1
3kps,11911,4.5042402688341,8.607213978940306,3.8220700932895375,2.50578017341295,5.404762183882184,8.8519524724042,0.08,6.266,18.585,0.013,0
4jrx,928,3.227298131507484,4.820570472384141,2.6987713314059696,2.336320047618157,4.176024199644934,4.644727218529834,0.104,3.867,18.128,0.0,0
5nme,26285,4.453502356766072,7.308359223655974,2.9776539028898608,3.3762592518108896,8.258828000764336,5.884779191567857,0.148,4.74,12.25,0.027,0
5swz,20119,15.65572419804329,17.167191438620467,7.7372730794613105,15.856098233225092,10.731175226637186,9.784907005724534,0.035,16.307,31.898,0.03,0
5c08,10128,11.943528804674509,7.2378211912101165,5.10807523357108,13.534849199645443,5.287823496108235,8.325792160759638,0.049,9.581,28.373,0.041,0
1qrn,7102,2.987195783168929,4.4326077686435434,2.3771785549636473,2.2548185325597303,3.934307380216563,4.1466417286230595,0.289,3.042,6.762,0.06,1
8i5d,16043,4.086835383231969,8.27318027112122,3.106683335302747,2.4260191569710745,8.034750422724327,8.25974089033498,0.155,4.6,11.097,0.0,0
3rgv,5573,4.953419445685507,9.569303344289406,5.0766780518835075,2.8867267936876813,10.070232076199119,9.278836909105356,0.079,6.08,18.219,0.0,0
4pri,17742,4.886471339337409,6.91857466255586,3.8777387022145944,3.8620158368048076,6.101494978019475,7.252290561180589,0.162,4.454,10.784,0.0,0
6zkz,19618,2.5999093206882877,4.473314146227676,4.4393608095970825,1.4212401979786764,3.1305153647477177,3.2759677933793747,0.164,3.012,16.841,0.089,1
9j4t,27328,2.9508470906192557,4.931908216450703,3.46683342897774,1.6984342547402196,3.0971395136805593,4.690422586173366,0.221,2.511,12.146,0.071,0
8dnt,14080,3.6399903501376976,5.723210164105415,2.727000599841477,2.540872596754594,5.749704973924899,5.940738504755251,0.15,3.912,12.324,0.0,0
5isz,22264,3.9546038336723672,6.744946346360198,3.009543404746831,2.6371935889381923,6.570580477461761,6.434992644900759,0.162,4.44,11.128,0.016,0
8f5a,20390,13.655061054766891,8.28486295594296,6.720962616578176,15.355380979772772,8.49175770642493,9.339547767772828,0.041,12.284,28.753,0.029,0
2e7l,25200,1.392325042977148,2.0567724609160076,2.215795513096679,0.8567921189188756,1.5756683621966745,1.8683129220036105,0.593,1.294,2.764,0.302,2
5jzi,25961,6.242061328612572,8.503899433404278,3.5546760530951222,5.306254638815598,8.279875464629894,5.50146512083203,0.062,5.401,23.771,0.0,0
5nqk,18758,4.429565053260808,7.11819754950028,2.825242719494717,3.226525245930605,5.214286666206762,7.192938632330896,0.065,4.496,26.403,0.0,0
6amu,9341,3.4805225246311213,5.637437086358912,3.8652621976619366,2.3338825063365034,5.870477296195046,4.789241687104546,0.231,3.869,7.52,0.0,0
7byd,32429,5.690287887935975,10.970969814899478,3.222345426027889,3.109993841757899,5.070642775019304,9.652801771053314,0.041,7.32,28.36,0.0,0
1ao7,30641,1.5997372217739845,2.6679477935492812,1.0884665549179537,0.9507361818459761,2.375103584532602,1.2984991359656408,0.418,1.042,11.948,0.243,1
9d95,7735,9.22198611481202,8.075358459353197,7.434178265192363,9.773459217545792,6.463892505765839,8.269674462444023,0.055,10.311,20.75,0.0,0
1oga,26302,4.09559724673123,7.4398794775604395,2.85503257587476,2.6094714281163256,6.348572745071562,7.099841005936,0.067,5.056,22.872,0.0,0
6vrm,18554,4.288670110590414,7.759893124427955,3.1313006794800944,2.3683264857521276,6.949330303058377,7.688890260714545,0.069,4.656,26.265,0.019,0
4n0c,9121,4.566378399218881,8.008883849236632,3.958001802179861,2.8103360188092097,7.966607018836697,7.219836948211752,0.144,5.117,11.533,0.0,0
5d2l,18824,2.9401762093409096,3.624923355261276,1.65268727151804,2.7753856185909913,3.573627574413922,3.321934086541196,0.163,2.993,17.714,0.1,0
5e9d,11528,11.927384316612253,22.916899740450777,7.246541589240731,7.405815320626537,22.15507177891433,31.4039927388729,0.009,16.562,63.451,0.0,0
6q3s,21731,4.782237491114437,7.657039336345759,3.600464967441127,3.1885537013349787,6.71026266067707,8.0441170866758,0.101,4.555,17.364,0.013,0
6tmo,5716,3.96126376814753,6.5734811873323835,2.6287558267200137,2.578442912402966,6.105729175813677,6.501828530935714,0.111,4.394,15.634,0.0,0
3kxf,8051,4.042851556880711,6.347499831025825,3.3796571600579917,2.6673077730611525,4.43786423954369,7.4273586964535765,0.082,5.46,18.327,0.0,0
3vxm,10954,2.7749190473782064,4.630071468968181,2.5781866838159533,1.7863181677100564,4.175156456896917,4.587333543510611,0.288,2.666,7.237,0.045,1
1oga,28887,4.09559724673123,7.4398794775604395,2.85503257587476,2.6094714281163256,6.348572745071562,7.099841005936,0.067,5.056,22.872,0.0,0
4l3e,2895,3.1799493072158835,4.946376484540272,2.428202715653869,2.2706823964624583,4.1329145175076505,5.198804088948688,0.281,3.267,6.511,0.039,0
6r2l,5487,7.061376156079924,13.18833246847708,2.87112567723897,3.5549483876875256,12.587451899113656,9.630802667796784,0.039,6.503,35.048,0.011,0
3tjh,16638,4.421894366962547,7.693998372067812,3.5295185208359583,2.2923109786767495,4.191648264477888,7.859809139055537,0.074,5.658,19.783,0.0,0
5nme,25014,4.453502356766072,7.308359223655974,2.9776539028898608,3.3762592518108896,8.258828000764336,5.884779191567857,0.148,4.74,12.25,0.027,0
7n2q,30457,4.492271320798047,8.524803672723001,2.638290017303937,2.556524690629959,4.110968938436894,8.79428755849822,0.089,5.211,17.562,0.0,1
2ypl,28475,5.6848779203276205,8.608379092606347,4.218481683386593,4.246054652809164,7.071764495397044,8.843088331274016,0.066,6.671,20.152,0.0,0
7n2r,12081,3.1981733830862344,6.14944631046642,2.744513602779788,1.9437624765140844,3.8178424612148136,6.850080395366982,0.14,3.753,14.227,0.018,1
6rpa,21880,3.017099537116697,5.17931780440572,1.8590193549932672,1.9669332111632938,4.969993936635761,4.7213443231919925,0.225,3.031,9.349,0.026,1
2nx5,3713,3.6383329482294537,6.499125428736039,3.5374185613417306,2.1681170474862816,7.401908225334567,4.725116206008299,0.164,4.106,11.615,0.025,3
2ypl,20015,5.6848779203276205,8.608379092606347,4.218481683386593,4.246054652809164,7.071764495397044,8.843088331274016,0.066,6.671,20.152,0.0,0
5nht,2137,3.9044098165567864,6.511034614050232,2.7641534360768674,2.671359784016644,4.359129299932295,6.6454132752865425,0.125,4.308,14.104,0.0,0
3vxm,17183,2.7749190473782064,4.630071468968181,2.5781866838159533,1.7863181677100564,4.175156456896917,4.587333543510611,0.288,2.666,7.237,0.045,1
5d2n,542,4.95546846350221,9.51020503164114,2.9831287917731046,2.8512811954155994,5.671654280331127,10.279208063719956,0.098,6.0,16.87,0.031,0
3kpr,7220,7.157124379577818,13.227494390960944,3.5431040008376113,4.477034968488117,9.716849442382932,11.602130513179592,0.032,9.252,31.214,0.0,0
2j8u,4779,3.4214641187884736,6.210620544415342,2.8027326056179085,2.0744474109073723,7.239528560767553,4.104926304418472,0.202,3.812,9.91,0.047,0
6uz1,3621,0.9420510804118353,,1.6363361641272665,0.8287315760781503,,,0.026,13.289,32.486,0.0,0
6bj8,26870,7.365013885318128,10.0302619136799,3.775497816227692,6.530391796039945,8.626683609880478,10.517865899394778,0.033,6.123,40.723,0.0,0
7n2n,30281,2.048960732901395,3.965900114132702,2.093615386091847,1.1716648858771206,3.4978967692079928,4.321034213000618,0.237,2.201,11.378,0.035,0
7na5,24001,12.686799900628381,9.42578712822862,6.681874618508488,13.914234276663057,7.428893212847909,7.778093297946644,0.053,11.546,22.915,0.02,0
3pqy,10217,14.041905005054828,13.149946423838417,8.06502168524729,14.929035789408815,12.589061800980957,11.92462380454419,0.058,9.616,23.541,0.036,1
2gj6,11580,3.1382087511313266,4.9703528296471795,2.418026798009156,2.247238280075186,4.913786912234561,4.524434602504442,0.298,3.06,6.732,0.085,1
5tez,23338,3.7623942580873773,6.775537525133017,2.28277134088213,2.2623589146759233,3.9640607638413146,8.506685325529652,0.137,4.586,13.024,0.017,0
6bj8,20597,7.365013885318128,10.0302619136799,3.775497816227692,6.530391796039945,8.626683609880478,10.517865899394778,0.033,6.123,40.723,0.0,0
7q9a,5119,1.9498671223252035,3.3779096727023847,1.1883556769763528,1.306307242827614,3.3725767858597777,2.675277197318216,0.412,1.911,5.649,0.16,1
5nmf,7236,5.02311791666,7.177891420475837,3.997888422359467,4.317450609396011,6.926302392398315,6.780091936097314,0.119,5.299,13.545,0.0,0
2pye,23050,4.107705675111212,6.66011522948293,2.954951317956137,2.6221775839411574,5.863351606016615,6.666807374187147,0.101,4.218,17.595,0.0,0
3qdg,20651,3.707838653811575,5.947109020540252,2.697576208651403,2.5495324439811364,4.803816433964767,6.179092240240277,0.224,3.722,8.2,0.014,0
4jff,32493,3.89646651712747,6.596022659214347,2.681693383373632,2.5408093290002407,6.188334742574994,6.739976815502925,0.118,4.36,14.802,0.0,0
5d2l,30762,2.9402075247428434,3.624930059835903,1.6527170611786257,2.7754283216963875,3.573621537749912,3.321993886153808,0.163,2.993,17.714,0.1,0
4ms8,694,6.3489450050690825,9.47422910542015,4.009185186391762,5.25051771680759,9.29847675277381,7.818844992872633,0.094,6.672,15.33,0.0,0
2j8u,24488,3.4214641187884736,6.210620544415342,2.8027326056179085,2.0744474109073723,7.239528560767553,4.104926304418472,0.202,3.812,9.91,0.047,0
1lp9,16969,3.4092912131367186,6.183478655420356,2.7454661963711495,2.082253442817156,7.053493330965945,4.331964143260741,0.194,3.962,10.004,0.038,0
5c09,30404,5.954604657648232,10.485445512099584,4.78257239248402,3.621540160521901,8.081799762024911,12.468987815584,0.088,5.863,16.937,0.0,0
3sjv,6693,3.555578440750974,6.533973879595301,2.484902483629109,2.292941305194878,6.914943538011723,5.431076578557876,0.095,4.39,18.184,0.0,0
8rym,20814,2.2681467887869737,4.094464124866929,2.077116619775702,1.3577489642004295,3.4604389873583226,4.0827307529354755,0.291,2.65,8.78,0.146,6
5til,12323,2.2184724995035423,4.285719871263652,2.488654949153494,1.2263313373512614,4.4904582269397215,4.055898494260109,0.271,2.292,9.732,0.079,1
7n4k,1559,15.201756445208451,18.57094793249142,5.322211346543994,14.470023380226232,12.32679457690971,13.826545384960268,0.067,10.766,20.645,0.036,0
7ndu,27255,4.5255381054169765,9.038363647916187,3.1328983718808456,2.5855524176674147,9.773483088422854,7.8874345397817835,0.089,5.528,17.97,0.015,2
6tro,27249,2.8611051126278007,5.2606762701942875,2.430548522215499,1.9020525245670505,5.33768026782482,4.7866423931554944,0.156,2.96,19.625,0.106,3
2p5e,10911,6.1871425914806215,9.755760677842899,4.595367085298915,4.185655656167196,8.701453807076208,9.84428601971231,0.053,5.454,27.199,0.0,0
5wlg,30204,3.333696628994607,5.777400512902655,2.404183668329143,2.0536196548903,5.453119260154205,5.090922204020824,0.121,3.775,18.163,0.047,0
8ryq,17994,3.3074875780848187,5.48141510163772,3.052313355684351,2.2347024601249097,6.116598077560003,4.332026726237052,0.194,3.559,11.095,0.061,0
3qdg,32055,3.707838653811575,5.947109020540252,2.697576208651403,2.5495324439811364,4.803816433964767,6.179092240240277,0.224,3.722,8.2,0.014,0
4jry,9072,13.4080670524139,8.703392785204956,6.1343383850155355,14.762473451996716,12.45630546745051,5.795536855711769,0.052,11.848,27.334,0.052,3
7pbc,30866,2.9924089154465694,4.544490278392608,2.84756270343991,2.144570516287182,4.594802175420614,3.9428809802991376,0.203,3.472,9.681,0.015,0
6vrn,1469,2.585058833405272,4.66714927617185,1.449381308268398,1.369228419364732,2.8076948019163352,3.583753930772609,0.2,3.309,11.501,0.075,0
5brz,15934,13.515053252874987,11.430463264950765,6.798472247768722,14.475291353156658,14.42663707693297,8.39804673296808,0.041,10.83,24.974,0.0,0
4nhu,410,5.443206957963242,8.409205589656084,6.682381443378378,3.000216843616484,7.26306611898754,7.990885310581988,0.071,6.867,18.994,0.0,0
7n6e,30337,3.842008457009518,6.259611707918118,3.4444576796410704,2.5460542486937214,6.843466517082121,3.8404481331229494,0.168,4.088,12.203,0.059,1
5d2n,7547,4.95546846350221,9.51020503164114,2.9831287917731046,2.8512811954155994,5.671654280331127,10.279208063719956,0.098,6.0,16.87,0.031,0
3qdg,26154,3.707838653811575,5.947109020540252,2.697576208651403,2.5495324439811364,4.803816433964767,6.179092240240277,0.224,3.722,8.2,0.014,0
3kxf,27116,4.042851556880711,6.347499831025825,3.3796571600579917,2.6673077730611525,4.43786423954369,7.4273586964535765,0.082,5.46,18.327,0.0,0
6vma,696,5.260204229664339,8.977473416829097,4.6003312459587775,3.5571708482602222,8.164591041503549,9.161313659555052,0.121,4.762,13.897,0.0,0
3e3q,8451,12.549620720465116,3.5338846608928685,4.943269308699794,14.977684413175272,2.968637844752248,3.143789078898336,0.065,11.049,20.995,0.035,8
5c07,8485,12.704361420229361,7.928099658686144,6.778985428188684,14.380292376896557,6.390924249309849,9.754133398260649,0.042,10.956,27.364,0.019,0
4jfd,16632,3.9279867899100944,6.534090608147142,2.7217501802993356,2.623149502610375,6.565700750055984,6.164856468740567,0.139,4.505,12.837,0.012,0
3pwp,20784,3.4905590882363984,5.253617668106642,3.0390627713992795,2.5855523838838947,5.447634971037871,4.808228862423484,0.275,3.41,6.767,0.052,0
8v51,6469,4.88877058608767,8.351504512230179,3.088236715991408,3.6044730712152395,6.977161977682653,8.657096077784976,0.089,4.968,18.887,0.015,0
7q9b,4192,4.813670660393689,8.159600477789029,3.2122374193513856,3.0940927792581134,7.074560260024742,8.810215430683781,0.098,6.197,15.73,0.013,0
6rsy,10427,3.88274758450467,6.417524315510144,2.7419503137238275,2.6200928783243733,6.282341564314312,6.192731285859126,0.225,3.83,8.759,0.058,1
8d5q,25044,13.574833955949488,17.417622839840874,4.399835640420241,12.74567100192123,16.72733649023933,8.491451189494727,0.06,12.206,27.067,0.075,2
5m02,5666,4.592510870842475,9.016441766548743,2.79607943677739,2.7948365694965625,9.586403564464687,8.936934216727265,0.105,5.755,14.642,0.0,0
6zkw,29882,2.2040895433792036,4.280038447722311,1.5894196318554903,1.3274884797809177,3.3341746857907486,3.713272291831189,0.156,3.088,15.856,0.055,0
3tpu,20703,5.244879187725304,8.454702897191387,5.15640500759071,3.4020373267292645,8.28051534573446,6.009883292203403,0.113,5.528,13.95,0.0,0
8gon,32306,5.954781402960936,10.336000201235532,3.5699960058620506,3.4773688370688918,9.408564846194627,9.893686046408874,0.073,5.696,20.011,0.0,0
5bs0,22020,13.027578522500889,10.518833182385523,6.420715643610169,14.113965206394175,13.568811602083068,7.6850919134401545,0.044,10.816,23.95,0.0,0
7rtr,5976,4.256884862034973,6.534106695247488,4.329356050134347,3.021704256637855,6.1729599930204495,7.0855816149822175,0.155,4.322,11.423,0.0,0
6zkx,7143,3.553763511050572,6.129059448490932,2.9871604759981465,2.7433398465762173,4.167432702454078,4.744048083253628,0.13,3.931,18.725,0.092,2
2uwe,14788,3.488905513143994,6.2757807446123,2.851417947249374,2.13354447706831,7.223178112509532,4.348652274823295,0.191,4.005,9.91,0.026,0
7pbe,14182,4.237805341378453,6.636172784312584,4.2766104642670815,2.9302165544643115,6.990496423042887,6.158975609595562,0.179,4.48,9.65,0.0,0
8f5a,14023,13.655061054766891,8.28486295594296,6.720962616578176,15.355380979772772,8.49175770642493,9.339547767772828,0.041,12.284,28.753,0.029,0
4l3e,19509,3.1799493072158835,4.946376484540272,2.428202715653869,2.2706823964624583,4.1329145175076505,5.198804088948688,0.281,3.267,6.511,0.039,0
2vlr,11784,9.979326982747969,8.738817799897447,4.504885745137863,10.702939978207668,7.961013649908984,9.06408566044018,0.062,6.263,21.731,0.0,0
6vmx,28856,12.671256763291636,9.3909654743844,7.104427804966112,14.006807844706882,8.948003424246712,7.295494570108189,0.039,10.662,25.863,0.0,1
3sjv,29424,3.555578440750974,6.533973879595301,2.484902483629109,2.292941305194878,6.914943538011723,5.431076578557876,0.095,4.39,18.184,0.0,0
9hlj,19583,6.480362297588738,11.607054854931544,3.7718071339980743,4.0015785808094355,11.614878997592168,6.0637558098495665,0.057,6.717,22.768,0.0,0
4mxq,380,4.154460529577171,7.673482349255081,2.8310321754861882,2.4269118230309155,7.054952005447067,6.991963596275414,0.145,4.915,11.601,0.0,0
7q9b,32088,4.813670660393689,8.159600477789029,3.2122374193513856,3.0940927792581134,7.074560260024742,8.810215430683781,0.098,6.197,15.73,0.013,0
7rk7,26042,3.7101518330796073,7.20522051728486,2.5350121854373593,2.069842391093797,5.23409951467224,10.521275877656189,0.076,5.024,20.626,0.0,0
2bnr,23471,4.499113944868027,7.180460412393443,3.2534288492013896,3.040849876832981,6.332948378610017,7.4989982894916825,0.098,4.298,18.561,0.014,0
6eqb,1901,3.1513918799504266,5.031010277083731,3.305406733726233,1.9866950766263003,5.124576139035423,4.743726604836127,0.167,3.747,12.283,0.04,0
3h9s,27606,3.4501971188596037,5.753331777314347,2.6558080581958285,2.506811116764094,6.073022919462691,4.993577214300615,0.273,3.449,6.336,0.018,0
2pye,11426,4.107705675111212,6.66011522948293,2.954951317956137,2.6221775839411574,5.863351606016615,6.666807374187147,0.101,4.218,17.595,0.0,0
9c3e,29947,8.721884812643575,12.767945659216572,5.510674123632698,6.641613975446286,14.859603845691609,9.51340760149942,0.067,8.724,18.541,0.0,0
6r2l,30740,7.061376156079924,13.18833246847708,2.87112567723897,3.5549483876875256,12.587451899113656,9.630802667796784,0.039,6.503,35.048,0.011,0
6bj8,30354,7.365013885318128,10.0302619136799,3.775497816227692,6.530391796039945,8.626683609880478,10.517865899394778,0.033,6.123,40.723,0.0,0
2bnr,21299,4.499113944868027,7.180460412393443,3.2534288492013896,3.040849876832981,6.332948378610017,7.4989982894916825,0.098,4.298,18.561,0.014,0
6uon,1568,3.566152907138557,6.871323271747973,2.2638414540486287,2.008494318112435,8.160135247648077,4.602648730794498,0.084,5.172,20.31,0.025,0
5xot,15364,3.3139551262927434,5.773560563737925,2.4651821741012765,2.0530001269884326,5.414333056010339,5.7656752834866944,0.157,3.76,12.968,0.032,0
4jfd,11014,3.9279867899100944,6.534090608147142,2.7217501802993356,2.623149502610375,6.565700750055984,6.164856468740567,0.139,4.505,12.837,0.012,0
7nmg,27975,4.920631285364257,7.281315183987466,4.351095758743746,3.665002418320226,6.530667945709801,5.264034239135232,0.138,4.676,12.336,0.0,0
8v4z,5939,4.474666940678593,6.450813416472148,2.96053169771338,3.896507066839774,5.919310447838043,6.716808033841953,0.099,3.947,19.904,0.016,0
6eqb,11721,3.1513918799504266,5.031010277083731,3.305406733726233,1.9866950766263003,5.124576139035423,4.743726604836127,0.167,3.747,12.283,0.04,0
8f5a,9398,13.655061054766891,8.28486295594296,6.720962616578176,15.355380979772772,8.49175770642493,9.339547767772828,0.041,12.284,28.753,0.029,0
8v4z,15292,4.474666940678593,6.450813416472148,2.96053169771338,3.896507066839774,5.919310447838043,6.716808033841953,0.099,3.947,19.904,0.016,0
3tjh,26471,4.421894366962547,7.693998372067812,3.5295185208359583,2.2923109786767495,4.191648264477888,7.859809139055537,0.074,5.658,19.783,0.0,0
8gom,18400,6.380121172874035,10.741634423538688,3.8262506178482893,3.8844980083384923,10.088947358848777,10.049034959944127,0.052,6.071,25.869,0.0,0
9c3e,18185,8.721884812643575,12.767945659216572,5.510674123632698,6.641613975446286,14.859603845691609,9.51340760149942,0.067,8.724,18.541,0.0,0
8ye4,347,3.5565779393204755,6.123764056606979,4.479048266361486,1.8821435101257111,5.604452026431484,5.597872956813597,0.1,3.786,19.264,0.0,0
8cx4,29541,3.039060940958541,5.548298901906109,2.3198908655934933,1.790342942459649,4.708823269509911,5.439126929048492,0.196,2.892,14.416,0.119,1
7dzn,12585,5.483349099733636,11.473529981305589,3.5917917316002557,2.8823001485267343,10.96827144611333,14.524389341455548,0.044,8.384,25.255,0.0,1
7l1d,9678,4.567937468070607,8.796587473098588,4.403621623312991,2.2102627038477816,8.835420465738226,8.900930956367656,0.145,5.122,11.744,0.014,0
6rp9,29777,3.0139378772183507,5.097533523426887,4.6357241236986555,1.688725413624509,4.905272678441742,2.700749347451632,0.163,3.386,15.678,0.098,0
6vm7,16782,7.447634900083877,11.86660624399411,6.073088828932699,4.983042069023602,9.945427093395391,12.20177824474713,0.024,7.874,43.898,0.0,0
4pri,836,4.886471339337409,6.91857466255586,3.8777387022145944,3.8620158368048076,6.101494978019475,7.252290561180589,0.162,4.454,10.784,0.0,0
9iky,10663,5.209924477191173,11.186319021864547,3.2978529602053843,2.8789529124269064,11.039283574664438,11.310728342226637,0.055,6.657,23.475,0.0,0
6bj2,25720,5.346847823641405,8.930297852063083,3.212127484134208,3.411740862644553,8.582993267939804,8.524161554240543,0.105,5.637,14.804,0.0,0
6zky,2666,2.672074451979839,4.889778936651063,4.39742462619872,1.3209783266147332,3.257836113835782,3.3499379925659007,0.164,3.227,17.232,0.12,2
5c09,10074,5.954604657648232,10.485445512099584,4.78257239248402,3.621540160521901,8.081799762024911,12.468987815584,0.088,5.863,16.937,0.0,0
8gvi,7377,4.584202518891781,8.563697780452562,3.5363267646501377,3.0432442292823514,9.250463687371166,7.306830112880098,0.138,5.649,12.861,0.044,2
9d95,15011,9.22198611481202,8.075358459353197,7.434178265192363,9.773459217545792,6.463892505765839,8.269674462444023,0.055,10.311,20.75,0.0,0
7ndq,25697,3.840683858907377,8.684552222676432,3.151320556358841,1.8855614483306375,9.451623482343216,7.503375677101882,0.085,5.767,19.494,0.033,1
6rpb,24540,4.9590118374596015,9.374869908599662,2.300288174032495,2.3765007829764997,8.694854901093956,6.174284586178957,0.051,6.797,32.955,0.044,3
8yj2,27532,5.258909296677886,8.54120549074074,5.10328022820393,3.4325308363169804,6.076073714544414,7.6483858640028295,0.072,6.016,23.094,0.039,1
6p64,10028,7.155424180222762,11.970408172509382,4.992408121280933,4.491676408342407,10.034245340106775,9.42563067987659,0.084,5.245,18.329,0.0,0
6vm9,13735,5.859637372724383,9.895710504467132,4.90406212431104,4.0015261247403435,9.085464136743035,10.159756182121058,0.108,5.39,14.663,0.0,0
8eo8,6434,10.204642639162511,20.085415500216232,3.1558196349319187,3.22621045096955,14.959838081373688,11.188991560969304,0.033,11.564,30.974,0.014,0
7rtr,21713,4.256884862034973,6.534106695247488,4.329356050134347,3.021704256637855,6.1729599930204495,7.0855816149822175,0.155,4.322,11.423,0.0,0
4ftv,14980,2.966384907610802,4.543197429758042,2.338908616732157,2.110906743282526,4.309215663737472,3.98763303419482,0.282,2.824,7.572,0.068,0
3qdj,5247,3.0372317504337336,4.861279753443412,2.4120441946442135,2.111395225670575,4.374889631544371,5.058450468530667,0.274,3.17,7.049,0.045,0
5nmg,24756,13.096257889143775,7.8364670636416776,6.14816391918806,14.731594977416227,6.77134561751017,7.751353343457769,0.046,10.583,27.105,0.028,0
4mji,13822,4.590407015718856,8.49023127283685,3.678613120889531,2.7897601250393764,8.22035482193059,8.420396890958854,0.125,4.499,13.771,0.0,0
7rtr,18810,4.256884862034973,6.534106695247488,4.329356050134347,3.021704256637855,6.1729599930204495,7.0855816149822175,0.155,4.322,11.423,0.0,0
6bj2,25536,5.346847823641405,8.930297852063083,3.212127484134208,3.411740862644553,8.582993267939804,8.524161554240543,0.105,5.637,14.804,0.0,0
5jzi,29543,6.242061328612572,8.503899433404278,3.5546760530951222,5.306254638815598,8.279875464629894,5.50146512083203,0.062,5.401,23.771,0.0,0
7pb2,935,2.438636841872161,4.542642842519473,2.996687998986322,1.5007141409071563,2.908417908350562,5.587035122554581,0.207,3.154,10.68,0.049,1
2ak4,29918,4.094314110890014,6.133633343980734,3.5222427298038745,2.8851167527873267,4.878541029392051,6.696335564830307,0.102,5.412,15.374,0.0,1
6zky,10298,2.672074451979839,4.889778936651063,4.39742462619872,1.3209783266147332,3.257836113835782,3.3499379925659007,0.164,3.227,17.232,0.12,2
8gvg,7110,4.516283874617919,8.30328302110505,3.3250549079273894,3.0361207327899944,9.846055222312359,6.8523217732884065,0.128,5.654,13.337,0.029,0
6vmc,16438,5.944944980370061,10.1875,5.100668069549501,4.037802799802131,9.382271485582086,10.42075691118475,0.099,5.485,15.651,0.0,0
4prh,23961,7.322948810900864,8.812434012468408,4.942710900409499,6.857645367215557,7.8692581107932735,10.010580417742979,0.062,6.272,23.106,0.014,0
9rup,7941,9.34451042790428,19.53958439823842,4.2351053133500045,4.471898442365394,,12.777556516049277,0.013,9.936,65.838,0.0,0
7na5,32328,12.686799900628381,9.42578712822862,6.681874618508488,13.914234276663057,7.428893212847909,7.778093297946644,0.053,11.546,22.915,0.02,0
1qsf,19335,3.134386877214929,4.941674333098634,2.4957884766461373,2.338105522012473,4.812539633055146,4.587028522909037,0.24,3.178,7.883,0.0,0
1nam,32734,1.2774492617812916,2.1689227801717696,1.5107473365173256,0.9420471135227088,4.32639351335906,1.1261699933111797,0.675,0.683,2.904,0.3,2
8eo8,14803,10.204642639162511,20.085415500216232,3.1558196349319187,3.22621045096955,14.959838081373688,11.188991560969304,0.033,11.564,30.974,0.014,0
7qpj,23643,3.1123669631726116,5.035841295230891,3.147084158293801,1.9927162678542791,5.424798487206957,4.228853212026049,0.187,3.294,10.958,0.014,0
9gv7,475,8.33825550666179,18.240827480192944,3.6198252997066,1.760195411467126,21.71256829569437,24.206273832115627,0.017,14.745,40.624,0.0,0
2uwe,12101,3.488905513143994,6.2757807446123,2.851417947249374,2.13354447706831,7.223178112509532,4.348652274823295,0.191,4.005,9.91,0.026,0
5d2n,4936,4.95546846350221,9.51020503164114,2.9831287917731046,2.8512811954155994,5.671654280331127,10.279208063719956,0.098,6.0,16.87,0.031,0
5hyj,5784,12.42659199819453,7.105483979498382,6.71294459755456,14.023325203854865,6.521540571076814,9.437187947552061,0.057,10.813,29.833,0.077,1
5hhm,15802,14.051124721550243,8.576695237211727,5.740382778274091,15.812797188487634,6.889174080925747,7.9180250489135995,0.047,12.137,22.253,0.0,0
2vlj,11526,19.654504538754576,6.487543289598101,7.94830675005782,22.708730672953926,4.537538230541238,5.555478872026505,0.028,14.814,30.125,0.0,0
3d3v,11034,3.1447743377392854,5.409050061485347,3.0903795166031993,2.1080656772174966,5.521149391930661,5.194186786583865,0.299,3.156,6.139,0.057,0
6eqa,5016,2.022620215825182,3.4706786956664013,2.41096038369556,1.1336086561042247,3.337472463854437,3.176255791379644,0.255,2.418,10.906,0.108,0
8rlv,27347,5.175070118897049,8.509089034937988,3.789193859346363,3.5510037031191892,8.448765391406642,8.999692558406277,0.082,5.275,18.662,0.0,0
3e3q,31959,12.549620720465116,3.5338846608928685,4.943269308699794,14.977684413175272,2.968637844752248,3.143789078898336,0.065,11.049,20.995,0.035,8
8v51,31911,4.88877058608767,8.351504512230179,3.088236715991408,3.6044730712152395,6.977161977682653,8.657096077784976,0.089,4.968,18.887,0.015,0
5jzi,26506,6.242061328612572,8.503899433404278,3.5546760530951222,5.306254638815598,8.279875464629894,5.50146512083203,0.062,5.401,23.771,0.0,0
3d3v,4078,3.1447743377392854,5.409050061485347,3.0903795166031993,2.1080656772174966,5.521149391930661,5.194186786583865,0.299,3.156,6.139,0.057,0
4prp,29191,5.4190741821628325,8.561606941113078,3.7230347683669858,3.652307771012159,7.893861495897065,9.214282992599497,0.114,5.557,14.284,0.014,0
3rgv,14603,4.953419445685507,9.569303344289406,5.0766780518835075,2.8867267936876813,10.070232076199119,9.278836909105356,0.079,6.08,18.219,0.0,0
3tpu,514,5.244879187725304,8.454702897191387,5.15640500759071,3.4020373267292645,8.28051534573446,6.009883292203403,0.113,5.528,13.95,0.0,0
5nqk,9403,4.429565053260808,7.11819754950028,2.825242719494717,3.226525245930605,5.214286666206762,7.192938632330896,0.065,4.496,26.403,0.0,0
3qdm,18149,15.672561568697574,20.322777159955592,5.848894425798437,14.586206717894518,12.914777951828547,13.078747592928654,0.06,13.204,23.431,0.05,1
1fo0,27834,1.2017770049472527,1.9092708099147886,1.1485087927226911,0.9951378479358381,3.851166732736232,1.0030662067807623,0.668,0.754,0.805,0.214,0
8ryo,10184,2.1519354372928454,3.802848923413074,2.1173001980787185,1.294688724053698,4.2042176951927015,3.4804631194112816,0.28,2.356,8.563,0.056,0
6avg,19249,5.996941282708707,8.969780459717825,4.724019525111302,3.9361662766622594,5.51964151024254,9.467572045983287,0.068,6.78,19.739,0.0,0
6am5,24965,2.501425440246382,4.190988242970125,1.7626298262412268,1.6600216672302808,3.336994882747637,4.327900282092037,0.323,2.531,6.223,0.057,0
6amu,18022,3.4805225246311213,5.637437086358912,3.8652621976619366,2.3338825063365034,5.870477296195046,4.789241687104546,0.231,3.869,7.52,0.0,0
2vlk,9938,19.309561061199478,6.625468346402612,7.789626441691729,22.294951761127624,4.643165997303524,5.570789983779673,0.028,14.664,30.103,0.0,0
3pwp,1916,3.4905590882363984,5.253617668106642,3.0390627713992795,2.5855523838838947,5.447634971037871,4.808228862423484,0.275,3.41,6.767,0.052,0
6vm9,9646,5.859637372724383,9.895710504467132,4.90406212431104,4.0015261247403435,9.085464136743035,10.159756182121058,0.108,5.39,14.663,0.0,0
8gom,25627,6.380121172874035,10.741634423538688,3.8262506178482893,3.8844980083384923,10.088947358848777,10.049034959944127,0.052,6.071,25.869,0.0,0
7ndt,16667,13.324870582422013,15.7739698075766,7.836167020668949,12.880911452101286,13.240718032994106,16.46386403948286,0.045,12.172,27.748,0.033,1
3kxf,10543,4.042851556880711,6.347499831025825,3.3796571600579917,2.6673077730611525,4.43786423954369,7.4273586964535765,0.082,5.46,18.327,0.0,0
7n5p,25973,15.3738480466815,17.238296962532544,5.0122592934820975,15.370780113415325,10.016082738382863,13.686206443610647,0.059,10.481,19.599,0.0,0
5nmf,23348,5.02311791666,7.177891420475837,3.997888422359467,4.317450609396011,6.926302392398315,6.780091936097314,0.119,5.299,13.545,0.0,0
6dkp,15968,3.816639679008011,6.121055444844318,2.8097106265854244,2.621505480597157,5.494985937880527,6.076147585711127,0.205,3.974,8.653,0.0,0
2f53,5927,4.331365679666184,6.405411244991421,3.056022413008308,3.303847952742839,5.314550532809454,6.638265311224997,0.139,4.439,12.56,0.0,0
5wlg,3397,3.333696628994607,5.777400512902655,2.404183668329143,2.0536196548903,5.453119260154205,5.090922204020824,0.121,3.775,18.163,0.047,0
6rsy,11265,3.88274758450467,6.417524315510144,2.7419503137238275,2.6200928783243733,6.282341564314312,6.192731285859126,0.225,3.83,8.759,0.058,1
4mvb,21697,5.0691042891219045,9.266508158552716,3.7172479240570233,2.8472356031400405,8.839140687009897,7.417394480908823,0.086,5.975,17.078,0.0,0
6mtm,13238,4.882098213723084,9.139056612650498,3.4249538423807535,3.026664975083009,7.9512528146342305,8.674638687376788,0.083,5.963,17.536,0.0,0
7pdw,4310,3.512791570938959,5.356175461554216,3.6177303867768327,2.4786042779489157,5.58796401177343,4.74775270836669,0.145,3.731,13.081,0.0,0
7nmg,16575,4.920631285364257,7.281315183987466,4.351095758743746,3.665002418320226,6.530667945709801,5.264034239135232,0.138,4.676,12.336,0.0,0
3qdg,15405,3.707838653811575,5.947109020540252,2.697576208651403,2.5495324439811364,4.803816433964767,6.179092240240277,0.224,3.722,8.2,0.014,0
6vm9,298,5.859637372724383,9.895710504467132,4.90406212431104,4.0015261247403435,9.085464136743035,10.159756182121058,0.108,5.39,14.663,0.0,0
8wte,26935,3.0985805902892802,6.546834962459211,2.2961635665179174,1.9529707499717412,5.581021320364704,6.1218519765282515,0.207,3.404,9.24,0.0,0
7n2o,14860,2.6772780730762613,5.097436558295064,2.346054981013978,1.3709206709118105,3.9416999498269965,5.593343796189912,0.156,3.219,15.165,0.051,0
3tf7,10209,2.2076283058647257,4.097318214413481,2.042785354658764,1.2735298313243306,3.7489524225794493,3.4820404305956494,0.462,1.917,6.041,0.34,4
7ow5,8959,2.540939997838955,4.971391106336711,2.4522152962315378,1.3937535697489225,3.984243905743061,4.104546047412982,0.147,2.324,20.607,0.0,0
8ryq,1144,3.3074875780848187,5.48141510163772,3.052313355684351,2.2347024601249097,6.116598077560003,4.332026726237052,0.194,3.559,11.095,0.061,0
6d78,21437,2.3607777287103926,3.657024490620756,2.8148773318406874,1.4534673650020022,3.144595875606384,3.919454677997089,0.333,2.672,5.319,0.041,0
4mvb,15320,5.0691042891219045,9.266508158552716,3.7172479240570233,2.8472356031400405,8.839140687009897,7.417394480908823,0.086,5.975,17.078,0.0,0
3rgv,5831,4.953419445685507,9.569303344289406,5.0766780518835075,2.8867267936876813,10.070232076199119,9.278836909105356,0.079,6.08,18.219,0.0,0
5xov,12690,2.491404221560895,4.221162229229788,2.3810276653977422,1.7193658065034123,2.80972202971328,4.611049883786954,0.269,3.43,7.439,0.079,0
6d78,1286,2.3607777287103926,3.657024490620756,2.8148773318406874,1.4534673650020022,3.144595875606384,3.919454677997089,0.333,2.672,5.319,0.041,0
7jwj,1425,6.58740377715437,13.824233039789878,3.1210682987348495,2.8372163700225745,13.224479203746988,10.228724374635433,0.044,7.958,29.78,0.021,0
3qeq,10961,4.903716204911727,9.172099915275458,2.5015402272699023,2.933606160904742,7.5623799218193195,9.073282418638783,0.115,5.02,14.255,0.0,0
9j4u,25338,4.546798815230755,7.11586126280257,3.2903856414732737,3.320611867474486,6.164599109764013,6.646172143158356,0.159,3.561,12.714,0.018,2
3dxa,23166,3.573039655970406,5.610997528891879,2.925065451213051,2.577725704433808,6.5511058001713165,5.064374199189054,0.155,4.266,12.587,0.041,2
7n1f,729,3.8439724584737824,5.760077326799265,3.929345305922987,2.8449733753470916,5.174981893787041,6.369910170790032,0.215,4.129,8.025,0.0,0
6vma,9970,5.260204229664339,8.977473416829097,4.6003312459587775,3.5571708482602222,8.164591041503549,9.161313659555052,0.121,4.762,13.897,0.0,0
6vrn,15198,2.585058833405272,4.66714927617185,1.449381308268398,1.369228419364732,2.8076948019163352,3.583753930772609,0.2,3.309,11.501,0.075,0
3kpr,10039,7.157124379577818,13.227494390960944,3.5431040008376113,4.477034968488117,9.716849442382932,11.602130513179592,0.032,9.252,31.214,0.0,0
7ndt,2317,13.324870582422013,15.7739698075766,7.836167020668949,12.880911452101286,13.240718032994106,16.46386403948286,0.045,12.172,27.748,0.033,1
6rsy,28960,3.88274758450467,6.417524315510144,2.7419503137238275,2.6200928783243733,6.282341564314312,6.192731285859126,0.225,3.83,8.759,0.058,1
5c08,2220,11.943528804674509,7.2378211912101165,5.10807523357108,13.534849199645443,5.287823496108235,8.325792160759638,0.049,9.581,28.373,0.041,0
6zkw,27088,2.2040895433792036,4.280038447722311,1.5894196318554903,1.3274884797809177,3.3341746857907486,3.713272291831189,0.156,3.088,15.856,0.055,0
7nme,30909,5.259117655994424,7.208777620422325,4.506208092596531,4.248352870518568,6.383595021915881,5.775570524736863,0.148,4.986,11.323,0.0,0
5m02,21854,4.592510870842475,9.016441766548743,2.79607943677739,2.7948365694965625,9.586403564464687,8.936934216727265,0.105,5.755,14.642,0.0,0
7rrg,22007,3.5139324730843375,7.381498980119797,4.25951210681428,2.0362684601965175,6.939687768051553,8.387702541314196,0.084,6.377,16.971,0.0,0
4jfe,2791,3.8926492690951724,6.352157134860366,2.847813493139382,2.6612892344417607,6.056336377386178,6.477854716282268,0.162,4.228,10.99,0.0,0
7n1f,1296,3.8439724584737824,5.760077326799265,3.929345305922987,2.8449733753470916,5.174981893787041,6.369910170790032,0.215,4.129,8.025,0.0,0
8ryp,32731,3.4342310999158228,5.863880019685941,2.754867684567202,2.3207491208790754,5.9111080415059645,4.9344896506878095,0.17,3.751,12.416,0.053,0
2bnq,3568,4.4966536137273065,7.210644948527869,3.3308442040988897,3.0112737322130387,6.277575638252983,7.6161630379809075,0.102,4.313,17.919,0.014,0
2p5e,1146,6.1871425914806215,9.755760677842899,4.595367085298915,4.185655656167196,8.701453807076208,9.84428601971231,0.053,5.454,27.199,0.0,0
6uon,310,3.566152907138557,6.871323271747973,2.2638414540486287,2.008494318112435,8.160135247648077,4.602648730794498,0.084,5.172,20.31,0.025,0
8ryp,1326,3.4342310999158228,5.863880019685941,2.754867684567202,2.3207491208790754,5.9111080415059645,4.9344896506878095,0.17,3.751,12.416,0.053,0
2ckb,18565,3.924513686552175,5.990419368169725,3.0037156893934442,2.9025586758915045,5.05957291095747,5.565365695440774,0.223,4.856,7.184,0.0,0
9gv7,1094,8.33825550666179,18.240827480192944,3.6198252997066,1.760195411467126,21.71256829569437,24.206273832115627,0.017,14.745,40.624,0.0,0
8ryq,9526,3.3074875780848187,5.48141510163772,3.052313355684351,2.2347024601249097,6.116598077560003,4.332026726237052,0.194,3.559,11.095,0.061,0
3pwp,19922,3.4905590882363984,5.253617668106642,3.0390627713992795,2.5855523838838947,5.447634971037871,4.808228862423484,0.275,3.41,6.767,0.052,0
2nx5,22505,3.6383329482294537,6.499125428736039,3.5374185613417306,2.1681170474862816,7.401908225334567,4.725116206008299,0.164,4.106,11.615,0.025,3
6am5,561,2.501425440246382,4.190988242970125,1.7626298262412268,1.6600216672302808,3.336994882747637,4.327900282092037,0.323,2.531,6.223,0.057,0
6vm7,13376,7.447634900083877,11.86660624399411,6.073088828932699,4.983042069023602,9.945427093395391,12.20177824474713,0.024,7.874,43.898,0.0,0
7r80,20968,3.5965569732482554,6.776955163377944,2.1490728621752067,1.9499383632464653,3.8855271464694208,7.409304779061784,0.155,4.562,12.424,0.048,1
6tmo,7844,3.96126376814753,6.5734811873323835,2.6287558267200137,2.578442912402966,6.105729175813677,6.501828530935714,0.111,4.394,15.634,0.0,0
2esv,501,5.638027644835751,10.272777923028832,3.149286289415314,3.4458730741261174,8.685684898676149,10.695789431201597,0.084,6.59,18.676,0.032,0
3vxm,9650,2.7749190473782064,4.630071468968181,2.5781866838159533,1.7863181677100564,4.175156456896917,4.587333543510611,0.288,2.666,7.237,0.045,1
7q99,4689,2.2029852826673717,3.525531764458641,2.5093465249730587,1.475314821265292,3.680632728304923,3.275896723589119,0.376,2.186,5.589,0.11,1
8rlv,11351,5.175070118897049,8.509089034937988,3.789193859346363,3.5510037031191892,8.448765391406642,8.999692558406277,0.082,5.275,18.662,0.0,0
3uts,6904,12.749234560274601,8.164792630828236,6.121476679269027,14.319936265380155,7.170325351921786,10.275429428763266,0.053,11.19,26.585,0.05,0
3tfk,18901,4.259137942675397,8.090989514770428,3.261888345250268,2.2838962149109445,7.697563064642364,6.95252249718999,0.1,5.107,15.981,0.0,0
5hyj,27309,12.42659199819453,7.105483979498382,6.71294459755456,14.023325203854865,6.521540571076814,9.437187947552061,0.057,10.813,29.833,0.077,1
1kj2,26795,1.3580711400933632,2.115552738072352,1.344338200274826,1.0446342418795571,1.172159583878098,2.500198191441961,0.546,1.564,1.97,0.211,2
6rpa,1895,3.017099537116697,5.17931780440572,1.8590193549932672,1.9669332111632938,4.969993936635761,4.7213443231919925,0.225,3.031,9.349,0.026,1
7jwi,9475,9.379289046721816,17.13924974542169,4.483625552254658,6.8940490966070564,10.660839396421125,8.396985097280949,0.032,13.101,28.022,0.0,0
3kpr,6264,7.157124379577818,13.227494390960944,3.5431040008376113,4.477034968488117,9.716849442382932,11.602130513179592,0.032,9.252,31.214,0.0,0
4qrp,18762,7.247405120769077,15.608061871825624,2.242679084036753,2.630082466509656,13.624917900086256,11.424530341470737,0.034,10.848,31.461,0.014,1
7rk7,30141,3.7101518330796073,7.20522051728486,2.5350121854373593,2.069842391093797,5.23409951467224,10.521275877656189,0.076,5.024,20.626,0.0,0
3o4l,23883,6.121868621738389,10.36679654522645,3.6392170156065613,4.205514695586073,12.229249251675894,6.669004661813505,0.096,6.573,15.8,0.013,0
6l9l,29759,3.153947818611761,5.6802570209646985,2.610344934790369,1.6787696296577603,3.561303010141874,6.014727611636914,0.155,4.293,11.86,0.018,0
5wkh,22604,4.800141732964324,8.588624584503844,2.8205688903994406,3.201810386782293,5.768003391873319,8.808747169303269,0.09,5.589,17.769,0.015,0
1ao7,22241,1.5997372217739845,2.6679477935492812,1.0884665549179537,0.9507361818459761,2.375103584532602,1.2984991359656408,0.418,1.042,11.948,0.243,1
9rxm,5689,2.727916631923122,5.141496959600086,2.4358804008419384,1.6333326233268384,4.5773707654423745,4.747439688268825,0.144,3.298,15.605,0.03,0
7pbc,11273,2.9924089154465694,4.544490278392608,2.84756270343991,2.144570516287182,4.594802175420614,3.9428809802991376,0.203,3.472,9.681,0.015,0
4g9f,11049,4.863352087432956,7.849710144793214,3.6234339878138444,3.26603457209108,5.733061859774543,8.435358524538243,0.045,5.694,31.287,0.0,0
6zky,5080,2.672074451979839,4.889778936651063,4.39742462619872,1.3209783266147332,3.257836113835782,3.3499379925659007,0.164,3.227,17.232,0.12,2
6avf,27360,4.200727846743542,6.876097359495448,4.196965238349499,2.859262629418156,4.557327336392035,6.942859770403481,0.143,3.546,13.703,0.0,0
5isz,7870,3.9546038336723672,6.744946346360198,3.009543404746831,2.6371935889381923,6.570580477461761,6.434992644900759,0.162,4.44,11.128,0.016,0
5c0c,19151,13.074691301089823,8.819720614591883,5.994115214228944,14.733945289233539,6.683328787404938,10.416933616902533,0.038,10.963,26.087,0.0,0
3hg1,15354,2.0994827928334803,3.750568472170135,1.2451214902246879,1.3083089830309944,3.4916358762713284,3.797093468976618,0.263,2.433,10.006,0.095,0
7ndq,29681,3.840683858907377,8.684552222676432,3.151320556358841,1.8855614483306375,9.451623482343216,7.503375677101882,0.085,5.767,19.494,0.033,1
5wkf,3143,7.620360392149667,7.122493394870514,3.9305571850764682,8.020177721182232,5.618371066850624,7.147788056888441,0.116,8.363,23.727,0.203,2
7jwi,5925,9.379289046721816,17.13924974542169,4.483625552254658,6.8940490966070564,10.660839396421125,8.396985097280949,0.032,13.101,28.022,0.0,0
3tjh,32760,4.421894366962547,7.693998372067812,3.5295185208359583,2.2923109786767495,4.191648264477888,7.859809139055537,0.074,5.658,19.783,0.0,0
9hlj,26205,6.480362297588738,11.607054854931544,3.7718071339980743,4.0015785808094355,11.614878997592168,6.0637558098495665,0.057,6.717,22.768,0.0,0
7pb2,19743,2.438636841872161,4.542642842519473,2.996687998986322,1.5007141409071563,2.908417908350562,5.587035122554581,0.207,3.154,10.68,0.049,1
7n2n,31575,2.0489594954924235,3.9658999431328286,2.0936070260254795,1.1716635113064475,3.4979000928448216,4.321030540466085,0.237,2.201,11.378,0.035,0
9d95,9523,9.22198611481202,8.075358459353197,7.434178265192363,9.773459217545792,6.463892505765839,8.269674462444023,0.055,10.311,20.75,0.0,0
8yiv,29751,4.602658355807989,7.716130018496928,4.6740170674565364,2.7812936442221283,5.352154476923245,7.042930963101302,0.124,4.65,14.14,0.013,0
3gsn,25485,3.326307660777918,5.639346817706989,2.443271943379746,2.1620794597202555,4.160106796027773,6.544869147457915,0.174,4.146,10.634,0.016,0
5w1v,28260,5.275127116777654,10.006682733270019,2.4648371556877957,3.302990443699717,7.094451528341057,12.837050919198044,0.068,7.745,18.987,0.0,0
1mwa,14484,3.994848116292136,5.9967986005191705,3.0013704009758886,2.9725347717420774,5.290953129087853,5.705192797225666,0.205,4.789,8.074,0.0,0
5euo,2731,5.2845301132065865,9.096870042888701,3.884402599311586,3.504105801585132,9.041496035954548,9.436580982531806,0.097,5.936,15.508,0.0,0
4g9f,12959,4.863352087432956,7.849710144793214,3.6234339878138444,3.26603457209108,5.733061859774543,8.435358524538243,0.045,5.694,31.287,0.0,0
1lp9,8658,3.4092912131367186,6.183478655420356,2.7454661963711495,2.082253442817156,7.053493330965945,4.331964143260741,0.194,3.962,10.004,0.038,0
8yiv,7862,4.602658355807989,7.716130018496928,4.6740170674565364,2.7812936442221283,5.352154476923245,7.042930963101302,0.124,4.65,14.14,0.013,0
7pbc,17560,2.9924089154465694,4.544490278392608,2.84756270343991,2.144570516287182,4.594802175420614,3.9428809802991376,0.203,3.472,9.681,0.015,0
3pwp,3284,3.4905590882363984,5.253617668106642,3.0390627713992795,2.5855523838838947,5.447634971037871,4.808228862423484,0.275,3.41,6.767,0.052,0
6rsy,7725,3.88274758450467,6.417524315510144,2.7419503137238275,2.6200928783243733,6.282341564314312,6.192731285859126,0.225,3.83,8.759,0.058,1
8ryn,8160,1.8566753656547976,3.328979569723173,2.116093899985227,1.0596870669735634,3.7713051344699506,3.1255539107744528,0.34,2.302,6.908,0.12,0
5sws,20893,14.247635308967787,15.257075650240182,6.671031973792244,14.550131638683306,5.544384894415419,6.906249631763753,0.035,14.626,26.179,0.0,0
6rpa,13837,3.017099537116697,5.17931780440572,1.8590193549932672,1.9669332111632938,4.969993936635761,4.7213443231919925,0.225,3.031,9.349,0.026,1
2oi9,11603,10.20317481980854,20.119712038197765,2.50899812964923,1.5967931052091469,12.898486290464632,12.750152091179707,0.027,13.115,31.283,0.0,1
8f5a,10874,13.655061054766891,8.28486295594296,6.720962616578176,15.355380979772772,8.49175770642493,9.339547767772828,0.041,12.284,28.753,0.029,0
6l9l,9244,3.153946408736167,5.680255353615162,2.610344635020773,1.6787685788748667,3.5612958691205883,6.014725988017867,0.155,4.293,11.86,0.018,0
8ryp,12635,3.4342310999158228,5.863880019685941,2.754867684567202,2.3207491208790754,5.9111080415059645,4.9344896506878095,0.17,3.751,12.416,0.053,0
2j8u,9516,3.4214641187884736,6.210620544415342,2.8027326056179085,2.0744474109073723,7.239528560767553,4.104926304418472,0.202,3.812,9.91,0.047,0
9j4s,29573,1.412102430429331,,2.949980235533276,1.0495265208905276,,,0.003,44.116,99.109,0.0,0
7ow6,17936,2.419003193650818,4.404946404598012,2.832856960411648,1.5183116301428445,4.189812927682794,4.284080097892224,0.218,2.778,11.195,0.062,0
6vm9,86,5.859637372724383,9.895710504467132,4.90406212431104,4.0015261247403435,9.085464136743035,10.159756182121058,0.108,5.39,14.663,0.0,0
5hho,24062,22.466873354507182,37.93386798030343,14.265630509271393,16.459311077387436,36.59802789925797,37.703610184996116,0.004,24.135,96.379,0.0,0
4mxq,8820,4.154460529577171,7.673482349255081,2.8310321754861882,2.4269118230309155,7.054952005447067,6.991963596275414,0.145,4.915,11.601,0.0,0
9gv7,22825,8.33825550666179,18.240827480192944,3.6198252997066,1.760195411467126,21.71256829569437,24.206273832115627,0.017,14.745,40.624,0.0,0
2pye,11795,4.107705675111212,6.66011522948293,2.954951317956137,2.6221775839411574,5.863351606016615,6.666807374187147,0.101,4.218,17.595,0.0,0
7pbc,782,2.992423658650364,4.544522057690391,2.8475640619436113,2.1445742400637147,4.59494727006344,3.942882500640012,0.203,3.472,9.681,0.015,0
4ms8,18438,6.3489450050690825,9.47422910542015,4.009185186391762,5.25051771680759,9.29847675277381,7.818844992872633,0.094,6.672,15.33,0.0,0
3tf7,20849,2.2076283058647257,4.097318214413481,2.042785354658764,1.2735298313243306,3.7489524225794493,3.4820404305956494,0.462,1.917,6.041,0.34,4
3uts,381,12.749381278833539,8.165913553610464,6.121223301985946,14.319934110687772,7.170597438097011,10.27701899228237,0.053,11.19,26.586,0.05,0
2jcc,27789,3.4266542327898204,6.183641918095772,2.840627148651553,2.075028496884157,6.974577525839533,4.58339181768408,0.213,3.942,8.532,0.014,0
6zkz,25711,2.5999093206882877,4.473314146227676,4.4393608095970825,1.4212401979786764,3.1305153647477177,3.2759677933793747,0.164,3.012,16.841,0.089,1
5nmf,9213,5.02311791666,7.177891420475837,3.997888422359467,4.317450609396011,6.926302392398315,6.780091936097314,0.119,5.299,13.545,0.0,0
7jwj,2877,6.58740377715437,13.824233039789878,3.1210682987348495,2.8372163700225745,13.224479203746988,10.228724374635433,0.044,7.958,29.78,0.021,0
7n2r,19447,3.1981733830862344,6.14944631046642,2.744513602779788,1.9437624765140844,3.8178424612148136,6.850080395366982,0.14,3.753,14.227,0.018,1
8i5c,15133,5.552132191780019,11.588526745950427,3.229465396968516,3.2554575544676014,11.176319244760121,11.358281937704703,0.051,6.962,24.454,0.0,0
4qok,21191,2.1389819589678916,3.774694238247901,1.083525679327176,1.3232972386174786,3.320748413991281,3.770435853245285,0.253,2.433,10.682,0.095,0
2vlr,12331,9.979326982747969,8.738817799897447,4.504885745137863,10.702939978207668,7.961013649908984,9.06408566044018,0.062,6.263,21.731,0.0,0
3utt,11178,5.256523306500149,8.33854630287481,3.3239257750898297,4.177602224616035,6.917517674805754,10.680046147815876,0.072,4.563,23.326,0.0,0
8eo8,22762,10.204642639162511,20.085415500216232,3.1558196349319187,3.22621045096955,14.959838081373688,11.188991560969304,0.033,11.564,30.974,0.014,0
8gvi,1709,4.58419471446171,8.563679757638027,3.5363227996325524,3.043239778582685,9.250475589754407,7.306823775993693,0.138,5.649,12.861,0.044,2
8rj5,3315,2.009611479568479,3.0489572402669394,3.8852861070557667,1.1329866751676687,3.7728231870798377,2.73781827329923,0.37,1.784,6.442,0.061,0
7dzm,16799,5.450677488898553,11.227563797807674,3.248112996357943,2.9739134958636964,9.041699924053129,13.239819570735282,0.089,7.891,16.523,0.023,1
8v50,30555,3.6478725649936203,6.492520842588599,2.3056711727164485,2.532956046368868,5.445230732978779,6.890060423219321,0.098,3.922,20.11,0.016,0
4jrx,18288,3.227298131507484,4.820570472384141,2.6987713314059696,2.336320047618157,4.176024199644934,4.644727218529834,0.104,3.867,18.128,0.0,0
6vrm,1657,4.288670110590414,7.759893124427955,3.1313006794800944,2.3683264857521276,6.949330303058377,7.688890260714545,0.069,4.656,26.265,0.019,0
2bnr,10649,4.499113944868027,7.180460412393443,3.2534288492013896,3.040849876832981,6.332948378610017,7.4989982894916825,0.098,4.298,18.561,0.014,0
6vm8,23364,6.94963051225293,11.128207594535082,5.981905737120846,4.688478544459552,9.132316184173206,11.560803428106556,0.026,7.672,40.74,0.0,1
5nqk,9008,4.429565053260808,7.11819754950028,2.825242719494717,3.226525245930605,5.214286666206762,7.192938632330896,0.065,4.496,26.403,0.0,0
5tje,10052,3.1383023111764836,6.082219172881251,2.7031152782620618,1.9131816681425562,5.7473525877205525,6.153731436832496,0.194,3.453,12.366,0.103,0
3qdm,2850,15.672561568697574,20.322777159955592,5.848894425798437,14.586206717894518,12.914777951828547,13.078747592928654,0.06,13.204,23.431,0.05,1
5hyj,17601,12.42659199819453,7.105483979498382,6.71294459755456,14.023325203854865,6.521540571076814,9.437187947552061,0.057,10.813,29.833,0.077,1
5yxn,28558,21.464040632503014,21.914132971694293,9.777613836563424,22.12443195045773,22.836711466956007,9.04532136198967,0.009,13.744,65.487,0.0,0
8i5c,23913,5.552132191780019,11.588526745950427,3.229465396968516,3.2554575544676014,11.176319244760121,11.358281937704703,0.051,6.962,24.454,0.0,0
8shi,9998,4.525475041361026,8.523329824413208,4.831065957148609,2.397108270741104,4.604154745003066,7.265885411999869,0.075,4.462,22.688,0.0,0
5wlg,29159,3.333696628994607,5.777400512902655,2.404183668329143,2.0536196548903,5.453119260154205,5.090922204020824,0.121,3.775,18.163,0.047,0
8ryn,1940,1.8566753656547976,3.328979569723173,2.116093899985227,1.0596870669735634,3.7713051344699506,3.1255539107744528,0.34,2.302,6.908,0.12,0
7n2s,10061,2.2984626138973003,4.4693438817580935,2.3131160916070295,1.1915466636101104,4.212645684957636,3.8216766793774304,0.257,1.823,13.762,0.091,1
7n2s,17083,2.2984626138973003,4.4693438817580935,2.3131160916070295,1.1915466636101104,4.212645684957636,3.8216766793774304,0.257,1.823,13.762,0.091,1
7rm4,10329,3.47106665715977,5.9948678128346575,2.1005936040994064,2.0978682105870043,5.164912305384715,9.290942610054877,0.178,4.286,14.276,0.163,3
6avg,16439,5.996941282708707,8.969780459717825,4.724019525111302,3.9361662766622594,5.51964151024254,9.467572045983287,0.068,6.78,19.739,0.0,0
9iky,8364,5.209927985046915,11.186327751832975,3.2978469623849924,2.8789555274617253,11.039290611451081,11.310733853256478,0.055,6.657,23.475,0.0,0
4jff,8494,3.89646651712747,6.596022659214347,2.681693383373632,2.5408093290002407,6.188334742574994,6.739976815502925,0.118,4.36,14.802,0.0,0
9d95,32066,9.22198611481202,8.075358459353197,7.434178265192363,9.773459217545792,6.463892505765839,8.269674462444023,0.055,10.311,20.75,0.0,0
3tf7,11904,2.2076283058647257,4.097318214413481,2.042785354658764,1.2735298313243306,3.7489524225794493,3.4820404305956494,0.462,1.917,6.041,0.34,4
1mwa,23594,3.994848116292136,5.9967986005191705,3.0013704009758886,2.9725347717420774,5.290953129087853,5.705192797225666,0.205,4.789,8.074,0.0,0
2gj6,26046,3.1382087511313266,4.9703528296471795,2.418026798009156,2.247238280075186,4.913786912234561,4.524434602504442,0.298,3.06,6.732,0.085,1
4prh,27103,7.322948810900864,8.812434012468408,4.942710900409499,6.857645367215557,7.8692581107932735,10.010580417742979,0.062,6.272,23.106,0.014,0
9gv6,6408,4.705177569021919,8.875973591497988,2.4575527381098814,2.725626855471961,8.193881426204833,3.9252289764388686,0.076,5.764,23.096,0.045,0
4ms8,31845,6.3489450050690825,9.47422910542015,4.009185186391762,5.25051771680759,9.29847675277381,7.818844992872633,0.094,6.672,15.33,0.0,0
7ow6,8183,2.419003193650818,4.404946404598012,2.832856960411648,1.5183116301428445,4.189812927682794,4.284080097892224,0.218,2.778,11.195,0.062,0
8enh,16776,10.411335439616517,19.987598125219073,3.732203060287473,3.985659353893476,15.064620048096454,12.254742989304244,0.042,10.835,30.606,0.037,0
7n2p,23182,2.258160308957732,4.026822445476997,2.1783037722546297,1.381604842557928,3.3215689953253658,4.744162737314667,0.265,2.411,10.635,0.127,1
1qse,14295,3.033362696049007,4.51409451929315,2.462245436159975,2.282163369365707,4.553708548116928,4.4420968943324945,0.297,2.931,7.284,0.106,1
8i5c,28462,5.552132191780019,11.588526745950427,3.229465396968516,3.2554575544676014,11.176319244760121,11.358281937704703,0.051,6.962,24.454,0.0,0
4eup,19224,2.0709287043437064,3.331252786325342,1.5800149646075734,1.5179232833564724,2.4963708093986314,3.240329898174108,0.292,2.235,10.616,0.175,0
6uz1,11087,0.9420510804118353,,1.6363361641272665,0.8287315760781503,,,0.026,13.289,32.486,0.0,0
5e6i,19591,4.2052235557528235,7.382237190669666,3.098539021902912,2.9335559645609948,7.0206320068453145,7.977562859982127,0.138,5.089,12.0,0.0,0
6g9q,28075,4.542758096114251,8.214136086441082,3.0706478399689803,2.9682467048766177,8.755582412876478,8.483009021408126,0.128,6.047,12.254,0.0,0
2f53,29659,4.331365679666184,6.405411244991421,3.056022413008308,3.303847952742839,5.314550532809454,6.638265311224997,0.139,4.439,12.56,0.0,0
5yxu,19369,26.232492660687367,22.764647716913665,13.141029829061994,28.4166931292359,18.156706165314922,10.068703808669651,0.01,14.185,59.173,0.0,0
6zkz,21833,2.5999093206882877,4.473314146227676,4.4393608095970825,1.4212401979786764,3.1305153647477177,3.2759677933793747,0.164,3.012,16.841,0.089,1
3kps,14685,4.5042402688341,8.607213978940306,3.8220700932895375,2.50578017341295,5.404762183882184,8.8519524724042,0.08,6.266,18.585,0.013,0
1g6r,11797,4.1615089932574625,6.186898093819996,3.787155620123324,3.138195086671571,5.302934000040833,6.161427357477585,0.207,5.076,7.853,0.0,0
2bnr,15863,4.499113944868027,7.180460412393443,3.2534288492013896,3.040849876832981,6.332948378610017,7.4989982894916825,0.098,4.298,18.561,0.014,0
7pb2,15161,2.438636841872161,4.542642842519473,2.996687998986322,1.5007141409071563,2.908417908350562,5.587035122554581,0.207,3.154,10.68,0.049,1
3tfk,5821,4.259137942675397,8.090989514770428,3.261888345250268,2.2838962149109445,7.697563064642364,6.95252249718999,0.1,5.107,15.981,0.0,0
7dzn,24439,5.483349099733636,11.473529981305589,3.5917917316002557,2.8823001485267343,10.96827144611333,14.524389341455548,0.044,8.384,25.255,0.0,1
3o4l,9733,6.121868621738389,10.36679654522645,3.6392170156065613,4.205514695586073,12.229249251675894,6.669004661813505,0.096,6.573,15.8,0.013,0
7n2o,27335,2.677264394561628,5.0974176231125705,2.3459510925823936,1.3709217509426699,3.9417417576890923,5.593265763798564,0.156,3.219,15.165,0.051,0
6rp9,27368,3.0139378772183507,5.097533523426887,4.6357241236986555,1.688725413624509,4.905272678441742,2.700749347451632,0.163,3.386,15.678,0.098,0
7n1f,25516,3.8439724584737824,5.760077326799265,3.929345305922987,2.8449733753470916,5.174981893787041,6.369910170790032,0.215,4.129,8.025,0.0,0
2jcc,28901,3.4266542327898204,6.183641918095772,2.840627148651553,2.075028496884157,6.974577525839533,4.58339181768408,0.213,3.942,8.532,0.014,0
4ftv,27983,2.966384907610802,4.543197429758042,2.338908616732157,2.110906743282526,4.309215663737472,3.98763303419482,0.282,2.824,7.572,0.068,0
9j4s,11194,1.412102430429331,,2.949980235533276,1.0495265208905276,,,0.003,44.116,99.109,0.0,0
5jhd,17437,4.030299649476232,7.100681420791528,3.1699003198340203,2.562383977753054,8.058476668946701,7.734251366856986,0.145,4.556,11.952,0.0,0
5wkf,29532,7.620360392149667,7.122493394870514,3.9305571850764682,8.020177721182232,5.618371066850624,7.147788056888441,0.116,8.363,23.727,0.203,2
7r80,7092,3.5965569732482554,6.776955163377944,2.1490728621752067,1.9499383632464653,3.8855271464694208,7.409304779061784,0.155,4.562,12.424,0.048,1
5d2l,30596,2.9402075247428434,3.624930059835903,1.6527170611786257,2.7754283216963875,3.573621537749912,3.321993886153808,0.163,2.993,17.714,0.1,0
5c09,12484,5.954604657648232,10.485445512099584,4.78257239248402,3.621540160521901,8.081799762024911,12.468987815584,0.088,5.863,16.937,0.0,0
6r2l,4141,7.061376156079924,13.18833246847708,2.87112567723897,3.5549483876875256,12.587451899113656,9.630802667796784,0.039,6.503,35.048,0.011,0
1mi5,9919,5.01206802362866,8.791895237945,2.7783425173449467,3.5578306901258663,6.212984258862958,8.70340694730711,0.056,5.757,27.069,0.014,0
5eu6,21725,4.962184903574327,8.579099935534234,4.442398111317213,3.14398148581953,8.587326242725842,8.940483125671015,0.149,5.119,11.136,0.0,0
3qdj,25311,3.0372317504337336,4.861279753443412,2.4120441946442135,2.111395225670575,4.374889631544371,5.058450468530667,0.274,3.17,7.049,0.045,0
6q3s,26645,4.782237491114437,7.657039336345759,3.600464967441127,3.1885537013349787,6.71026266067707,8.0441170866758,0.101,4.555,17.364,0.013,0
3uts,4071,12.749381278833539,8.165913553610464,6.121223301985946,14.319934110687772,7.170597438097011,10.27701899228237,0.053,11.19,26.586,0.05,0
2ypl,20791,5.6848779203276205,8.608379092606347,4.218481683386593,4.246054652809164,7.071764495397044,8.843088331274016,0.066,6.671,20.152,0.0,0
7nmf,28479,15.982698219257184,20.769623013992554,5.540553948204336,14.434922609447574,15.330733431379404,14.658020161079518,0.045,12.602,22.932,0.0,0
9gv6,1992,4.705177569021919,8.875973591497988,2.4575527381098814,2.725626855471961,8.193881426204833,3.9252289764388686,0.076,5.764,23.096,0.045,0
6bj3,20446,5.715854087303847,8.831189629696274,3.465737435579509,4.402217402035082,8.009373115666788,9.115127689372246,0.043,5.267,36.092,0.0,0
8shi,23569,4.525475041361026,8.523329824413208,4.831065957148609,2.397108270741104,4.604154745003066,7.265885411999869,0.075,4.462,22.688,0.0,0
8ye4,5938,3.5565779393204755,6.123764056606979,4.479048266361486,1.8821435101257111,5.604452026431484,5.597872956813597,0.1,3.786,19.264,0.0,0
7q99,21104,2.2029852826673717,3.525531764458641,2.5093465249730587,1.475314821265292,3.680632728304923,3.275896723589119,0.376,2.186,5.589,0.11,1
6tmo,2312,3.96126376814753,6.5734811873323835,2.6287558267200137,2.578442912402966,6.105729175813677,6.501828530935714,0.111,4.394,15.634,0.0,0
7n2q,7929,4.492271320798047,8.524803672723001,2.638290017303937,2.556524690629959,4.110968938436894,8.79428755849822,0.089,5.211,17.562,0.0,1
2ckb,16948,3.924513686552175,5.990419368169725,3.0037156893934442,2.9025586758915045,5.05957291095747,5.565365695440774,0.223,4.856,7.184,0.0,0
1fo0,17899,1.2017770049472527,1.9092708099147886,1.1485087927226911,0.9951378479358381,3.851166732736232,1.0030662067807623,0.668,0.754,0.805,0.214,0
5men,26533,3.1917104646906287,5.398855357336327,1.5657802181195404,1.9917867497471806,4.577628961778067,6.303753222287497,0.12,3.533,17.918,0.025,0
9ru5,24626,5.295974805626587,9.879403573148528,2.5747402859728195,3.569191642150516,8.13108518848066,6.775746614765048,0.084,6.895,18.775,0.038,0
6rp9,22614,3.0139378772183507,5.097533523426887,4.6357241236986555,1.688725413624509,4.905272678441742,2.700749347451632,0.163,3.386,15.678,0.098,0
9gv7,7826,8.33825550666179,18.240827480192944,3.6198252997066,1.760195411467126,21.71256829569437,24.206273832115627,0.017,14.745,40.624,0.0,0
7dzm,15250,5.450677488898553,11.227563797807674,3.248112996357943,2.9739134958636964,9.041699924053129,13.239819570735282,0.089,7.891,16.523,0.023,1
2vlk,6227,19.309561061199478,6.625468346402612,7.789626441691729,22.294951761127624,4.643165997303524,5.570789983779673,0.028,14.664,30.103,0.0,0
3ffc,25112,19.770826492887167,13.856724910002416,16.84156707511531,21.424668000439343,13.964514575713116,13.669227243611834,0.01,19.449,54.841,0.0,0
6uln,5207,14.267876508135684,16.31589693434317,5.217724081205343,14.26586338532773,12.951984645219435,8.985024885915498,0.031,13.42,28.477,0.0,0
4prh,26342,7.322948810900864,8.812434012468408,4.942710900409499,6.857645367215557,7.8692581107932735,10.010580417742979,0.062,6.272,23.106,0.014,0
8en8,16233,15.108373695708174,18.483706168533853,7.020751469679135,14.376855924353379,13.529314503135216,11.130404527595422,0.058,13.905,26.519,0.068,3
6r2l,29621,7.061376156079924,13.18833246847708,2.87112567723897,3.5549483876875256,12.587451899113656,9.630802667796784,0.039,6.503,35.048,0.011,0
5men,8055,3.1917104646906287,5.398855357336327,1.5657802181195404,1.9917867497471806,4.577628961778067,6.303753222287497,0.12,3.533,17.918,0.025,0
6vm8,7770,6.94963051225293,11.128207594535082,5.981905737120846,4.688478544459552,9.132316184173206,11.560803428106556,0.026,7.672,40.74,0.0,1
8dnt,29243,3.6399903501376976,5.723210164105415,2.727000599841477,2.540872596754594,5.749704973924899,5.940738504755251,0.15,3.912,12.324,0.0,0
7l1d,20154,4.56793749564882,8.796583865075835,4.403625699845848,2.2102652249930683,8.835427373743636,8.900932538790313,0.145,5.122,11.744,0.014,0
6vqo,23021,4.474818044592052,7.10121095675954,3.308209559305645,3.2759810824415325,4.856501490664925,8.3622618740726,0.174,5.021,9.566,0.0,0
8ryp,2393,3.4342310999158228,5.863880019685941,2.754867684567202,2.3207491208790754,5.9111080415059645,4.9344896506878095,0.17,3.751,12.416,0.053,0
5til,31732,2.2184724995035423,4.285719871263652,2.488654949153494,1.2263313373512614,4.4904582269397215,4.055898494260109,0.271,2.292,9.732,0.079,1
7n5p,13837,15.3738480466815,17.238296962532544,5.0122592934820975,15.370780113415325,10.016082738382863,13.686206443610647,0.059,10.481,19.599,0.0,0
7qpj,12257,3.1123669631726116,5.035841295230891,3.147084158293801,1.9927162678542791,5.424798487206957,4.228853212026049,0.187,3.294,10.958,0.014,0
7n2p,14329,2.258160308957732,4.026822445476997,2.1783037722546297,1.381604842557928,3.3215689953253658,4.744162737314667,0.265,2.411,10.635,0.127,1
8wte,3325,3.0985805902892802,6.546834962459211,2.2961635665179174,1.9529707499717412,5.581021320364704,6.1218519765282515,0.207,3.404,9.24,0.0,0
6p64,27529,7.155424180222762,11.970408172509382,4.992408121280933,4.491676408342407,10.034245340106775,9.42563067987659,0.084,5.245,18.329,0.0,0
5xot,15581,3.3139551262927434,5.773560563737925,2.4651821741012765,2.0530001269884326,5.414333056010339,5.7656752834866944,0.157,3.76,12.968,0.032,0
6bj3,29500,5.715854087303847,8.831189629696274,3.465737435579509,4.402217402035082,8.009373115666788,9.115127689372246,0.043,5.267,36.092,0.0,0
7n6e,19960,3.842003036410351,6.2596043426312145,3.4444551638638083,2.546049592432251,6.843472887613749,3.840456829128197,0.168,4.088,12.203,0.059,1
6eqb,20494,3.1513918799504266,5.031010277083731,3.305406733726233,1.9866950766263003,5.124576139035423,4.743726604836127,0.167,3.747,12.283,0.04,0
9j4s,11196,1.412102430429331,,2.949980235533276,1.0495265208905276,,,0.003,44.116,99.109,0.0,0
7ndu,14245,4.5255381054169765,9.038363647916187,3.1328983718808456,2.5855524176674147,9.773483088422854,7.8874345397817835,0.089,5.528,17.97,0.015,2
5eu6,2704,4.962184903574327,8.579099935534234,4.442398111317213,3.14398148581953,8.587326242725842,8.940483125671015,0.149,5.119,11.136,0.0,0
7n2q,25723,4.492271320798047,8.524803672723001,2.638290017303937,2.556524690629959,4.110968938436894,8.79428755849822,0.089,5.211,17.562,0.0,1
5men,18024,3.1917104646906287,5.398855357336327,1.5657802181195404,1.9917867497471806,4.577628961778067,6.303753222287497,0.12,3.533,17.918,0.025,0
4prp,20422,5.4190741821628325,8.561606941113078,3.7230347683669858,3.652307771012159,7.893861495897065,9.214282992599497,0.114,5.557,14.284,0.014,0
5bs0,31531,13.027578522500889,10.518833182385523,6.420715643610169,14.113965206394175,13.568811602083068,7.6850919134401545,0.044,10.816,23.95,0.0,0
6rpa,27418,3.017099537116697,5.17931780440572,1.8590193549932672,1.9669332111632938,4.969993936635761,4.7213443231919925,0.225,3.031,9.349,0.026,1
5xov,19657,2.491404221560895,4.221162229229788,2.3810276653977422,1.7193658065034123,2.80972202971328,4.611049883786954,0.269,3.43,7.439,0.079,0
5yxn,15553,21.464040632503014,21.914132971694293,9.777613836563424,22.12443195045773,22.836711466956007,9.04532136198967,0.009,13.744,65.487,0.0,0
5e6i,26005,4.2052235557528235,7.382237190669666,3.098539021902912,2.9335559645609948,7.0206320068453145,7.977562859982127,0.138,5.089,12.0,0.0,0
8d5q,776,13.574833955949488,17.417622839840874,4.399835640420241,12.74567100192123,16.72733649023933,8.491451189494727,0.06,12.206,27.067,0.075,2
9c3e,27235,8.721884812643575,12.767945659216572,5.510674123632698,6.641613975446286,14.859603845691609,9.51340760149942,0.067,8.724,18.541,0.0,0
7n2s,13769,2.2984626138973003,4.4693438817580935,2.3131160916070295,1.1915466636101104,4.212645684957636,3.8216766793774304,0.257,1.823,13.762,0.091,1
5c0a,13388,12.574743653470284,8.255433140622346,6.632735629169021,14.141441594489947,6.376023996372255,8.811766970473464,0.049,9.81,25.992,0.026,1
8wte,6088,3.0985805902892802,6.546834962459211,2.2961635665179174,1.9529707499717412,5.581021320364704,6.1218519765282515,0.207,3.404,9.24,0.0,0
6zkz,12753,2.5999093206882877,4.473314146227676,4.4393608095970825,1.4212401979786764,3.1305153647477177,3.2759677933793747,0.164,3.012,16.841,0.089,1
1mwa,6937,3.994848116292136,5.9967986005191705,3.0013704009758886,2.9725347717420774,5.290953129087853,5.705192797225666,0.205,4.789,8.074,0.0,0
5yxn,22472,21.464040632503014,21.914132971694293,9.777613836563424,22.12443195045773,22.836711466956007,9.04532136198967,0.009,13.744,65.487,0.0,0
7q9a,19274,1.9498671223252035,3.3779096727023847,1.1883556769763528,1.306307242827614,3.3725767858597777,2.675277197318216,0.412,1.911,5.649,0.16,1
2vlk,7918,19.309561061199478,6.625468346402612,7.789626441691729,22.294951761127624,4.643165997303524,5.570789983779673,0.028,14.664,30.103,0.0,0
9ru5,26813,5.2959748946213345,9.879397427136741,2.5747515808568795,3.5691970565700024,8.131062669257448,6.775746975080497,0.084,6.895,18.775,0.038,0
5e9d,19340,11.927384316612253,22.916899740450777,7.246541589240731,7.405815320626537,22.15507177891433,31.4039927388729,0.009,16.562,63.451,0.0,0
5wkf,20139,7.620360392149667,7.122493394870514,3.9305571850764682,8.020177721182232,5.618371066850624,7.147788056888441,0.116,8.363,23.727,0.203,2
5yxu,8543,26.232492660687367,22.764647716913665,13.141029829061994,28.4166931292359,18.156706165314922,10.068703808669651,0.01,14.185,59.173,0.0,0
6uon,15459,3.566152907138557,6.871323271747973,2.2638414540486287,2.008494318112435,8.160135247648077,4.602648730794498,0.084,5.172,20.31,0.025,0
2esv,15968,5.638027644835751,10.272777923028832,3.149286289415314,3.4458730741261174,8.685684898676149,10.695789431201597,0.084,6.59,18.676,0.032,0
2ol3,12468,1.6564767993595648,2.803602668406723,2.649194270238414,0.9739481321189759,4.011502241857896,2.8600533756792146,0.573,1.283,4.157,0.333,1
2uwe,32021,3.488905513143994,6.2757807446123,2.851417947249374,2.13354447706831,7.223178112509532,4.348652274823295,0.191,4.005,9.91,0.026,0
4eup,27336,2.0709287043437064,3.331252786325342,1.5800149646075734,1.5179232833564724,2.4963708093986314,3.240329898174108,0.292,2.235,10.616,0.175,0
6avf,7815,4.200727846743542,6.876097359495448,4.196965238349499,2.859262629418156,4.557327336392035,6.942859770403481,0.143,3.546,13.703,0.0,0
5tez,12058,3.7623942580873773,6.775537525133017,2.28277134088213,2.2623589146759233,3.9640607638413146,8.506685325529652,0.137,4.586,13.024,0.017,0
3h9s,7838,3.4501982875905033,5.7533334173006185,2.6557976883548635,2.506813722998456,6.073040453846479,4.993576195739507,0.273,3.449,6.336,0.018,0
6g9q,5454,4.542758096114251,8.214136086441082,3.0706478399689803,2.9682467048766177,8.755582412876478,8.483009021408126,0.128,6.047,12.254,0.0,0
5e6i,7006,4.2052235557528235,7.382237190669666,3.098539021902912,2.9335559645609948,7.0206320068453145,7.977562859982127,0.138,5.089,12.0,0.0,0
9j4u,20660,4.546798815230755,7.11586126280257,3.2903856414732737,3.320611867474486,6.164599109764013,6.646172143158356,0.159,3.561,12.714,0.018,2
7n1e,28726,4.352566738163678,7.842221509312384,2.4527395631778357,2.4209329018830132,3.9048288745560327,8.839453001287986,0.098,5.572,18.386,0.051,0
3kxf,23344,4.042851556880711,6.347499831025825,3.3796571600579917,2.6673077730611525,4.43786423954369,7.4273586964535765,0.082,5.46,18.327,0.0,0
9gv6,6191,4.705177569021919,8.875973591497988,2.4575527381098814,2.725626855471961,8.193881426204833,3.9252289764388686,0.076,5.764,23.096,0.045,0
5yxu,25646,26.232492660687367,22.764647716913665,13.141029829061994,28.4166931292359,18.156706165314922,10.068703808669651,0.01,14.185,59.173,0.0,0
3mv7,2638,5.032884571959394,7.835384126413,3.6586136573548242,3.475441216216517,6.9089048077648085,8.476449266190318,0.132,5.168,12.893,0.015,0
5m00,1312,4.6499224900455784,8.971628027612548,3.1849282316946597,2.9590235765932493,8.84222636223568,8.967884711245814,0.104,6.093,14.544,0.0,0
9gv6,30838,4.705177569021919,8.875973591497988,2.4575527381098814,2.725626855471961,8.193881426204833,3.9252289764388686,0.076,5.764,23.096,0.045,0
1mi5,2734,5.01206802362866,8.791895237945,2.7783425173449467,3.5578306901258663,6.212984258862958,8.70340694730711,0.056,5.757,27.069,0.014,0
2j8u,18184,3.4214641187884736,6.210620544415342,2.8027326056179085,2.0744474109073723,7.239528560767553,4.104926304418472,0.202,3.812,9.91,0.047,0
4jrx,4299,3.227298131507484,4.820570472384141,2.6987713314059696,2.336320047618157,4.176024199644934,4.644727218529834,0.104,3.867,18.128,0.0,0
8wul,30383,13.36791936642934,11.582519547356071,4.296162609295563,14.134752722782478,12.101682575321753,10.724412191983628,0.06,11.92,23.515,0.049,0
5c07,22312,12.704361420229361,7.928099658686144,6.778985428188684,14.380292376896557,6.390924249309849,9.754133398260649,0.042,10.956,27.364,0.019,0
3tpu,28747,5.244879187725304,8.454702897191387,5.15640500759071,3.4020373267292645,8.28051534573446,6.009883292203403,0.113,5.528,13.95,0.0,0
6uln,10294,14.267876508135684,16.31589693434317,5.217724081205343,14.26586338532773,12.951984645219435,8.985024885915498,0.031,13.42,28.477,0.0,0
4n5e,24747,3.6373294284671127,6.706368492634264,3.217032778970135,2.055458034290272,5.53519335286522,6.915501155099419,0.155,4.648,11.075,0.0,0
5c0b,3667,6.778806986120019,11.972493550310002,2.7678715572963526,4.491227509825198,8.399222481618022,13.665309300087044,0.081,6.504,21.661,0.058,0
7q99,12081,2.2029852826673717,3.525531764458641,2.5093465249730587,1.475314821265292,3.680632728304923,3.275896723589119,0.376,2.186,5.589,0.11,1
7pbe,10716,4.237805341378453,6.636172784312584,4.2766104642670815,2.9302165544643115,6.990496423042887,6.158975609595562,0.179,4.48,9.65,0.0,0
4l3e,10849,3.1799493072158835,4.946376484540272,2.428202715653869,2.2706823964624583,4.1329145175076505,5.198804088948688,0.281,3.267,6.511,0.039,0
8yj2,28383,5.258909296677886,8.54120549074074,5.10328022820393,3.4325308363169804,6.076073714544414,7.6483858640028295,0.072,6.016,23.094,0.039,1
6dkp,12616,3.816639679008011,6.121055444844318,2.8097106265854244,2.621505480597157,5.494985937880527,6.076147585711127,0.205,3.974,8.653,0.0,0
7pb2,1393,2.438636841872161,4.542642842519473,2.996687998986322,1.5007141409071563,2.908417908350562,5.587035122554581,0.207,3.154,10.68,0.049,1
8shi,26374,4.525475041361026,8.523329824413208,4.831065957148609,2.397108270741104,4.604154745003066,7.265885411999869,0.075,4.462,22.688,0.0,0
5e6i,2208,4.2052235557528235,7.382237190669666,3.098539021902912,2.9335559645609948,7.0206320068453145,7.977562859982127,0.138,5.089,12.0,0.0,0
5brz,28883,13.515053252874987,11.430463264950765,6.798472247768722,14.475291353156658,14.42663707693297,8.39804673296808,0.041,10.83,24.974,0.0,0
4prp,7941,5.4190741821628325,8.561606941113078,3.7230347683669858,3.652307771012159,7.893861495897065,9.214282992599497,0.114,5.557,14.284,0.014,0
4mvb,7175,5.0691042891219045,9.266508158552716,3.7172479240570233,2.8472356031400405,8.839140687009897,7.417394480908823,0.086,5.975,17.078,0.0,0
6l9l,29623,3.153946408736167,5.680255353615162,2.610344635020773,1.6787685788748667,3.5612958691205883,6.014725988017867,0.155,4.293,11.86,0.018,0
5d2l,193,2.9402075247428434,3.624930059835903,1.6527170611786257,2.7754283216963875,3.573621537749912,3.321993886153808,0.163,2.993,17.714,0.1,0
4jrx,3737,3.227298131507484,4.820570472384141,2.6987713314059696,2.336320047618157,4.176024199644934,4.644727218529834,0.104,3.867,18.128,0.0,0
6vm8,16685,6.94963051225293,11.128207594535082,5.981905737120846,4.688478544459552,9.132316184173206,11.560803428106556,0.026,7.672,40.74,0.0,1
9j4t,13657,2.9508470906192557,4.931908216450703,3.46683342897774,1.6984342547402196,3.0971395136805593,4.690422586173366,0.221,2.511,12.146,0.071,0
8gvg,25326,4.516283874617919,8.30328302110505,3.3250549079273894,3.0361207327899944,9.846055222312359,6.8523217732884065,0.128,5.654,13.337,0.029,0
6uln,72,14.267876508135684,16.31589693434317,5.217724081205343,14.26586338532773,12.951984645219435,8.985024885915498,0.031,13.42,28.477,0.0,0
8rym,2470,2.2681467887869737,4.094464124866929,2.077116619775702,1.3577489642004295,3.4604389873583226,4.0827307529354755,0.291,2.65,8.78,0.146,6
4jry,13450,13.4080670524139,8.703392785204956,6.1343383850155355,14.762473451996716,12.45630546745051,5.795536855711769,0.052,11.848,27.334,0.052,3
8yj2,10432,5.258909296677886,8.54120549074074,5.10328022820393,3.4325308363169804,6.076073714544414,7.6483858640028295,0.072,6.016,23.094,0.039,1
7n2o,29096,2.677264394561628,5.0974176231125705,2.3459510925823936,1.3709217509426699,3.9417417576890923,5.593265763798564,0.156,3.219,15.165,0.051,0
7l1d,20151,4.56793749564882,8.796583865075835,4.403625699845848,2.2102652249930683,8.835427373743636,8.900932538790313,0.145,5.122,11.744,0.014,0
8yiv,22592,4.602658355807989,7.716130018496928,4.6740170674565364,2.7812936442221283,5.352154476923245,7.042930963101302,0.124,4.65,14.14,0.013,0
8rlt,9524,4.916472835479031,8.213271090519331,3.5534274339557133,3.4034180901379263,8.105145196062798,8.585758369287692,0.088,5.025,17.961,0.0,0
7l1d,12861,4.56793749564882,8.796583865075835,4.403625699845848,2.2102652249930683,8.835427373743636,8.900932538790313,0.145,5.122,11.744,0.014,0
6mtm,263,4.882098213723084,9.139056612650498,3.4249538423807535,3.026664975083009,7.9512528146342305,8.674638687376788,0.083,5.963,17.536,0.0,0
2jcc,30973,3.4266542327898204,6.183641918095772,2.840627148651553,2.075028496884157,6.974577525839533,4.58339181768408,0.213,3.942,8.532,0.014,0
6q3s,24914,4.782237491114437,7.657039336345759,3.600464967441127,3.1885537013349787,6.71026266067707,8.0441170866758,0.101,4.555,17.364,0.013,0
3mv7,870,5.032884571959394,7.835384126413,3.6586136573548242,3.475441216216517,6.9089048077648085,8.476449266190318,0.132,5.168,12.893,0.015,0
5c08,14023,11.943528804674509,7.2378211912101165,5.10807523357108,13.534849199645443,5.287823496108235,8.325792160759638,0.049,9.581,28.373,0.041,0
3hg1,19613,2.0994827928334803,3.750568472170135,1.2451214902246879,1.3083089830309944,3.4916358762713284,3.797093468976618,0.263,2.433,10.006,0.095,0
7q9a,3764,1.9498671223252035,3.3779096727023847,1.1883556769763528,1.306307242827614,3.3725767858597777,2.675277197318216,0.412,1.911,5.649,0.16,1
5m01,8224,4.193682566477944,8.103848500718586,2.978721865889282,2.594912433325853,8.6189371665455,7.7124017100199564,0.127,5.304,12.764,0.0,0
2f53,16041,4.331365679666184,6.405411244991421,3.056022413008308,3.303847952742839,5.314550532809454,6.638265311224997,0.139,4.439,12.56,0.0,0
8d5q,2594,13.574833955949488,17.417622839840874,4.399835640420241,12.74567100192123,16.72733649023933,8.491451189494727,0.06,12.206,27.067,0.075,2
3vxu,2931,5.63630566609124,8.24995673316763,4.305697067286905,4.237844246841131,6.542697356853442,8.581473085522108,0.077,5.925,18.797,0.0,0
4eup,19814,2.0709287043437064,3.331252786325342,1.5800149646075734,1.5179232833564724,2.4963708093986314,3.240329898174108,0.292,2.235,10.616,0.175,0
5m02,14211,4.592510870842475,9.016441766548743,2.79607943677739,2.7948365694965625,9.586403564464687,8.936934216727265,0.105,5.755,14.642,0.0,0
2f54,15138,3.1913655518356614,5.112307659302733,2.2800692143793886,2.116006119949761,4.427131693394341,5.173865370932731,0.175,3.145,12.636,0.027,0
7ow6,1348,2.419003193650818,4.404946404598012,2.832856960411648,1.5183116301428445,4.189812927682794,4.284080097892224,0.218,2.778,11.195,0.062,0
2oi9,28658,10.20317481980854,20.119712038197765,2.50899812964923,1.5967931052091469,12.898486290464632,12.750152091179707,0.027,13.115,31.283,0.0,1
8ryo,10364,2.1519354372928454,3.802848923413074,2.1173001980787185,1.294688724053698,4.2042176951927015,3.4804631194112816,0.28,2.356,8.563,0.056,0
4jfd,7252,3.9279867899100944,6.534090608147142,2.7217501802993356,2.623149502610375,6.565700750055984,6.164856468740567,0.139,4.505,12.837,0.012,0
6tmo,891,3.96126376814753,6.5734811873323835,2.6287558267200137,2.578442912402966,6.105729175813677,6.501828530935714,0.111,4.394,15.634,0.0,0
9j4t,21568,2.9508470906192557,4.931908216450703,3.46683342897774,1.6984342547402196,3.0971395136805593,4.690422586173366,0.221,2.511,12.146,0.071,0
6zkz,23789,2.5999093206882877,4.473314146227676,4.4393608095970825,1.4212401979786764,3.1305153647477177,3.2759677933793747,0.164,3.012,16.841,0.089,1
6bj2,13674,5.346847823641405,8.930297852063083,3.212127484134208,3.411740862644553,8.582993267939804,8.524161554240543,0.105,5.637,14.804,0.0,0
3qdj,21992,3.0372317504337336,4.861279753443412,2.4120441946442135,2.111395225670575,4.374889631544371,5.058450468530667,0.274,3.17,7.049,0.045,0
8i5d,27087,4.086835383231969,8.27318027112122,3.106683335302747,2.4260191569710745,8.034750422724327,8.25974089033498,0.155,4.6,11.097,0.0,0
4g9f,5698,4.863352087432956,7.849710144793214,3.6234339878138444,3.26603457209108,5.733061859774543,8.435358524538243,0.045,5.694,31.287,0.0,0
4n5e,5829,3.6373294284671127,6.706368492634264,3.217032778970135,2.055458034290272,5.53519335286522,6.915501155099419,0.155,4.648,11.075,0.0,0
5c0a,24910,12.574743653470284,8.255433140622346,6.632735629169021,14.141441594489947,6.376023996372255,8.811766970473464,0.049,9.81,25.992,0.026,1
3qfj,15156,3.079780832627877,4.8812336370128495,2.2168005116526706,2.194245105890233,5.007942437987639,4.2738008214204655,0.302,2.857,6.523,0.062,0
8i5d,13691,4.086835383231969,8.27318027112122,3.106683335302747,2.4260191569710745,8.034750422724327,8.25974089033498,0.155,4.6,11.097,0.0,0
7pdw,8720,3.512791570938959,5.356175461554216,3.6177303867768327,2.4786042779489157,5.58796401177343,4.74775270836669,0.145,3.731,13.081,0.0,0
7r80,23884,3.5965569732482554,6.776955163377944,2.1490728621752067,1.9499383632464653,3.8855271464694208,7.409304779061784,0.155,4.562,12.424,0.048,1
3vxs,29857,3.539400701583849,5.4847163072223974,2.796204121783363,2.6918968342920793,5.059619387597823,5.469436148457919,0.135,3.914,13.758,0.0,1
4jfe,15899,3.8926492690951724,6.352157134860366,2.847813493139382,2.6612892344417607,6.056336377386178,6.477854716282268,0.162,4.228,10.99,0.0,0
8rlu,23602,4.107053226098236,6.873734007768909,3.0288758620296106,2.7816999104283795,7.187653623605281,6.989825893083818,0.153,4.205,12.124,0.016,0
6vqo,7364,4.474818044592052,7.10121095675954,3.308209559305645,3.2759810824415325,4.856501490664925,8.3622618740726,0.174,5.021,9.566,0.0,0
5c09,7537,5.954604657648232,10.485445512099584,4.78257239248402,3.621540160521901,8.081799762024911,12.468987815584,0.088,5.863,16.937,0.0,0
8f5a,10513,13.655061054766891,8.28486295594296,6.720962616578176,15.355380979772772,8.49175770642493,9.339547767772828,0.041,12.284,28.753,0.029,0
4jry,3156,13.4080670524139,8.703392785204956,6.1343383850155355,14.762473451996716,12.45630546745051,5.795536855711769,0.052,11.848,27.334,0.052,3
5w1w,9878,5.61048222658484,9.508208044662688,3.36967243911177,4.235722928211811,6.924636430420706,12.064366183735656,0.067,7.664,19.171,0.0,0
8rj5,5159,2.009611479568479,3.0489572402669394,3.8852861070557667,1.1329866751676687,3.7728231870798377,2.73781827329923,0.37,1.784,6.442,0.061,0
3qfj,6137,3.079780832627877,4.8812336370128495,2.2168005116526706,2.194245105890233,5.007942437987639,4.2738008214204655,0.302,2.857,6.523,0.062,0
6avf,5949,4.200727846743542,6.876097359495448,4.196965238349499,2.859262629418156,4.557327336392035,6.942859770403481,0.143,3.546,13.703,0.0,0
6am5,4038,2.501425440246382,4.190988242970125,1.7626298262412268,1.6600216672302808,3.336994882747637,4.327900282092037,0.323,2.531,6.223,0.057,0
7n1e,20814,4.352566738163678,7.842221509312384,2.4527395631778357,2.4209329018830132,3.9048288745560327,8.839453001287986,0.098,5.572,18.386,0.051,0
6zkx,9188,3.553763511050572,6.129059448490932,2.9871604759981465,2.7433398465762173,4.167432702454078,4.744048083253628,0.13,3.931,18.725,0.092,2
5c09,1813,5.954604657648232,10.485445512099584,4.78257239248402,3.621540160521901,8.081799762024911,12.468987815584,0.088,5.863,16.937,0.0,0
7l1d,6433,4.56793749564882,8.796583865075835,4.403625699845848,2.2102652249930683,8.835427373743636,8.900932538790313,0.145,5.122,11.744,0.014,0
8en8,20395,15.108373695708174,18.483706168533853,7.020751469679135,14.376855924353379,13.529314503135216,11.130404527595422,0.058,13.905,26.519,0.068,3
6ulr,30282,7.833054972469632,17.824121180216416,2.604694007103911,2.367759927274304,13.712949406363823,12.464645693444513,0.037,10.741,34.74,0.035,0
8gvb,30891,3.437243121195504,6.80872740368996,2.681982374147244,1.979785484246113,8.282119346937309,5.331546443087445,0.204,4.555,9.549,0.074,2
5xov,17468,2.491404221560895,4.221162229229788,2.3810276653977422,1.7193658065034123,2.80972202971328,4.611049883786954,0.269,3.43,7.439,0.079,0
6zkw,14059,2.2040895433792036,4.280038447722311,1.5894196318554903,1.3274884797809177,3.3341746857907486,3.713272291831189,0.156,3.088,15.856,0.055,0
7q99,15660,2.2029852826673717,3.525531764458641,2.5093465249730587,1.475314821265292,3.680632728304923,3.275896723589119,0.376,2.186,5.589,0.11,1
8i5d,5529,4.086835383231969,8.27318027112122,3.106683335302747,2.4260191569710745,8.034750422724327,8.25974089033498,0.155,4.6,11.097,0.0,0
1ao7,18317,1.5997372217739845,2.6679477935492812,1.0884665549179537,0.9507361818459761,2.375103584532602,1.2984991359656408,0.418,1.042,11.948,0.243,1
3d39,31530,3.1109366275565957,5.337770964361875,3.040713295825851,2.0726222721627927,5.592591383227942,5.143928549858624,0.307,3.157,6.027,0.071,0
1bd2,31127,13.771043548280636,7.9336017638027805,6.638162759464012,15.839812157585467,7.807967435174791,6.350643033169369,0.046,9.516,23.593,0.0,0
8en8,28736,15.108373695708174,18.483706168533853,7.020751469679135,14.376855924353379,13.529314503135216,11.130404527595422,0.058,13.905,26.519,0.068,3
4mnq,29820,2.5131971235877324,4.0444229810370285,1.2403831240692493,1.716983422232354,3.3224459393223396,5.1924481060463545,0.165,2.498,16.568,0.023,0
5jzi,11981,6.242061328612572,8.503899433404278,3.5546760530951222,5.306254638815598,8.279875464629894,5.50146512083203,0.062,5.401,23.771,0.0,0
7n5c,11355,14.707355615751407,15.882482066954864,5.953604290909363,14.923068623469629,11.800511816572387,12.16486607486158,0.07,10.305,22.958,0.07,2
8ryq,1171,3.3074875780848187,5.48141510163772,3.052313355684351,2.2347024601249097,6.116598077560003,4.332026726237052,0.194,3.559,11.095,0.061,0
6bj2,24634,5.346847823641405,8.930297852063083,3.212127484134208,3.411740862644553,8.582993267939804,8.524161554240543,0.105,5.637,14.804,0.0,0
3mv9,30567,5.300618949667795,7.9911031503213215,4.225469616490807,3.8710713671494505,6.912181235540899,8.81779655590389,0.123,5.496,13.452,0.014,0
8dnt,16262,3.6399903501376976,5.723210164105415,2.727000599841477,2.540872596754594,5.749704973924899,5.940738504755251,0.15,3.912,12.324,0.0,0
6avf,23508,4.200727846743542,6.876097359495448,4.196965238349499,2.859262629418156,4.557327336392035,6.942859770403481,0.143,3.546,13.703,0.0,0
2f53,26626,4.331365679666184,6.405411244991421,3.056022413008308,3.303847952742839,5.314550532809454,6.638265311224997,0.139,4.439,12.56,0.0,0
4prh,244,7.322948810900864,8.812434012468408,4.942710900409499,6.857645367215557,7.8692581107932735,10.010580417742979,0.062,6.272,23.106,0.014,0
1qse,18287,3.033362696049007,4.51409451929315,2.462245436159975,2.282163369365707,4.553708548116928,4.4420968943324945,0.297,2.931,7.284,0.106,1
6vrn,1896,2.585058833405272,4.66714927617185,1.449381308268398,1.369228419364732,2.8076948019163352,3.583753930772609,0.2,3.309,11.501,0.075,0
4n5e,24232,3.6373294284671127,6.706368492634264,3.217032778970135,2.055458034290272,5.53519335286522,6.915501155099419,0.155,4.648,11.075,0.0,0
5yxn,23152,21.464040632503014,21.914132971694293,9.777613836563424,22.12443195045773,22.836711466956007,9.04532136198967,0.009,13.744,65.487,0.0,0
2p5w,9780,5.577733495578382,8.993626480513429,4.057996789477803,3.6047374033567396,7.972618973562059,8.869778890737047,0.093,5.163,16.95,0.0,0
3hg1,3354,2.0994827928334803,3.750568472170135,1.2451214902246879,1.3083089830309944,3.4916358762713284,3.797093468976618,0.263,2.433,10.006,0.095,0
4l3e,25377,3.1799493072158835,4.946376484540272,2.428202715653869,2.2706823964624583,4.1329145175076505,5.198804088948688,0.281,3.267,6.511,0.039,0
6vma,9951,5.260204229664339,8.977473416829097,4.6003312459587775,3.5571708482602222,8.164591041503549,9.161313659555052,0.121,4.762,13.897,0.0,0
1lp9,30035,3.4092912131367186,6.183478655420356,2.7454661963711495,2.082253442817156,7.053493330965945,4.331964143260741,0.194,3.962,10.004,0.038,0
8gvg,23026,4.516283874617919,8.30328302110505,3.3250549079273894,3.0361207327899944,9.846055222312359,6.8523217732884065,0.128,5.654,13.337,0.029,0
6ulr,30135,7.833054972469632,17.824121180216416,2.604694007103911,2.367759927274304,13.712949406363823,12.464645693444513,0.037,10.741,34.74,0.035,0
8v4z,26871,4.474666940678593,6.450813416472148,2.96053169771338,3.896507066839774,5.919310447838043,6.716808033841953,0.099,3.947,19.904,0.016,0
5swz,5059,15.65572419804329,17.167191438620467,7.7372730794613105,15.856098233225092,10.731175226637186,9.784907005724534,0.035,16.307,31.898,0.03,0
5m00,3112,4.6499224900455784,8.971628027612548,3.1849282316946597,2.9590235765932493,8.84222636223568,8.967884711245814,0.104,6.093,14.544,0.0,0
6dkp,19220,3.816639679008011,6.121055444844318,2.8097106265854244,2.621505480597157,5.494985937880527,6.076147585711127,0.205,3.974,8.653,0.0,0
7nme,30900,5.259117655994424,7.208777620422325,4.506208092596531,4.248352870518568,6.383595021915881,5.775570524736863,0.148,4.986,11.323,0.0,0
6vma,13703,5.260204229664339,8.977473416829097,4.6003312459587775,3.5571708482602222,8.164591041503549,9.161313659555052,0.121,4.762,13.897,0.0,0
4n0c,21600,4.566378399218881,8.008883849236632,3.958001802179861,2.8103360188092097,7.966607018836697,7.219836948211752,0.144,5.117,11.533,0.0,0
6tro,31183,2.8611051126278007,5.2606762701942875,2.430548522215499,1.9020525245670505,5.33768026782482,4.7866423931554944,0.156,2.96,19.625,0.106,3
6vm7,4536,7.447634900083877,11.86660624399411,6.073088828932699,4.983042069023602,9.945427093395391,12.20177824474713,0.024,7.874,43.898,0.0,0
3pqy,11676,14.042093413436536,13.149639251051555,8.06538019443119,14.929399067669774,12.589208840156799,11.924562784869478,0.058,9.616,23.54,0.036,1
4mji,22411,4.590407015718856,8.49023127283685,3.678613120889531,2.7897601250393764,8.22035482193059,8.420396890958854,0.125,4.499,13.771,0.0,0
8qfy,21270,5.304013734113898,11.512998643566684,2.4304487559329435,2.5392654833393205,13.86601007325332,8.412821120069575,0.043,7.933,26.329,0.0,0
3qfj,13652,3.079780832627877,4.8812336370128495,2.2168005116526706,2.194245105890233,5.007942437987639,4.2738008214204655,0.302,2.857,6.523,0.062,0
6zkx,12468,3.553763511050572,6.129059448490932,2.9871604759981465,2.7433398465762173,4.167432702454078,4.744048083253628,0.13,3.931,18.725,0.092,2
7ow5,31208,2.540939997838955,4.971391106336711,2.4522152962315378,1.3937535697489225,3.984243905743061,4.104546047412982,0.147,2.324,20.607,0.0,0
4g9f,28207,4.863352087432956,7.849710144793214,3.6234339878138444,3.26603457209108,5.733061859774543,8.435358524538243,0.045,5.694,31.287,0.0,0
7n2s,715,2.2984626138973003,4.4693438817580935,2.3131160916070295,1.1915466636101104,4.212645684957636,3.8216766793774304,0.257,1.823,13.762,0.091,1
2f54,14392,3.1913655518356614,5.112307659302733,2.2800692143793886,2.116006119949761,4.427131693394341,5.173865370932731,0.175,3.145,12.636,0.027,0
7n4k,32011,15.201756445208451,18.57094793249142,5.322211346543994,14.470023380226232,12.32679457690971,13.826545384960268,0.067,10.766,20.645,0.036,0
7nmg,8545,4.920631285364257,7.281315183987466,4.351095758743746,3.665002418320226,6.530667945709801,5.264034239135232,0.138,4.676,12.336,0.0,0
6avf,7557,4.200727846743542,6.876097359495448,4.196965238349499,2.859262629418156,4.557327336392035,6.942859770403481,0.143,3.546,13.703,0.0,0
7n2p,14461,2.258160308957732,4.026822445476997,2.1783037722546297,1.381604842557928,3.3215689953253658,4.744162737314667,0.265,2.411,10.635,0.127,1
5c0b,12383,6.778806986120019,11.972493550310002,2.7678715572963526,4.491227509825198,8.399222481618022,13.665309300087044,0.081,6.504,21.661,0.058,0
5eu6,657,4.962184903574327,8.579099935534234,4.442398111317213,3.14398148581953,8.587326242725842,8.940483125671015,0.149,5.119,11.136,0.0,0
6am5,8416,2.501425440246382,4.190988242970125,1.7626298262412268,1.6600216672302808,3.336994882747637,4.327900282092037,0.323,2.531,6.223,0.057,0
5euo,13839,5.2845301132065865,9.096870042888701,3.884402599311586,3.504105801585132,9.041496035954548,9.436580982531806,0.097,5.936,15.508,0.0,0
3sjv,29833,3.555578440750974,6.533973879595301,2.484902483629109,2.292941305194878,6.914943538011723,5.431076578557876,0.095,4.39,18.184,0.0,0
8rro,14946,13.211461588078938,10.629647300215266,6.796261101445147,14.303173397213962,7.38769542007463,10.00917501780972,0.031,12.815,28.688,0.0,0
2ypl,5969,5.6848779203276205,8.608379092606347,4.218481683386593,4.246054652809164,7.071764495397044,8.843088331274016,0.066,6.671,20.152,0.0,0
6vrn,31353,2.585058833405272,4.66714927617185,1.449381308268398,1.369228419364732,2.8076948019163352,3.583753930772609,0.2,3.309,11.501,0.075,0
4jff,17597,3.89646651712747,6.596022659214347,2.681693383373632,2.5408093290002407,6.188334742574994,6.739976815502925,0.118,4.36,14.802,0.0,0
4jfe,14010,3.8926492690951724,6.352157134860366,2.847813493139382,2.6612892344417607,6.056336377386178,6.477854716282268,0.162,4.228,10.99,0.0,0
7jwi,27125,9.379289046721816,17.13924974542169,4.483625552254658,6.8940490966070564,10.660839396421125,8.396985097280949,0.032,13.101,28.022,0.0,0
8rlu,9196,4.107053226098236,6.873734007768909,3.0288758620296106,2.7816999104283795,7.187653623605281,6.989825893083818,0.153,4.205,12.124,0.016,0
3vxs,4485,3.539400701583849,5.4847163072223974,2.796204121783363,2.6918968342920793,5.059619387597823,5.469436148457919,0.135,3.914,13.758,0.0,1
8rlu,25067,4.107053226098236,6.873734007768909,3.0288758620296106,2.7816999104283795,7.187653623605281,6.989825893083818,0.153,4.205,12.124,0.016,0
5e9d,28159,11.927384316612253,22.916899740450777,7.246541589240731,7.405815320626537,22.15507177891433,31.4039927388729,0.009,16.562,63.451,0.0,0
3w0w,23265,4.670159319499641,7.1951140690294935,4.096614906143377,3.408851182517156,5.627541481650221,7.077899256787279,0.146,5.528,11.131,0.0,0
3d3v,20778,3.1447743377392854,5.409050061485347,3.0903795166031993,2.1080656772174966,5.521149391930661,5.194186786583865,0.299,3.156,6.139,0.057,0
3mv8,1655,4.522181779519278,6.564149637383088,3.592592031295019,3.4587870618796077,5.68150715717308,7.102889820434322,0.169,4.275,10.436,0.0,0
5hyj,24635,12.42659199819453,7.105483979498382,6.71294459755456,14.023325203854865,6.521540571076814,9.437187947552061,0.057,10.813,29.833,0.077,1
7n4k,22148,15.201756445208451,18.57094793249142,5.322211346543994,14.470023380226232,12.32679457690971,13.826545384960268,0.067,10.766,20.645,0.036,0
3d3v,20793,3.1447743377392854,5.409050061485347,3.0903795166031993,2.1080656772174966,5.521149391930661,5.194186786583865,0.299,3.156,6.139,0.057,0
2j8u,32434,3.4214641187884736,6.210620544415342,2.8027326056179085,2.0744474109073723,7.239528560767553,4.104926304418472,0.202,3.812,9.91,0.047,0
3dxa,9971,3.5730474793601936,5.611006565803535,2.9251001121726823,2.57773022681367,6.551098194639092,5.064390079269171,0.155,4.266,12.587,0.041,2
7jwj,25582,6.58740377715437,13.824233039789878,3.1210682987348495,2.8372163700225745,13.224479203746988,10.228724374635433,0.044,7.958,29.78,0.021,0
6uon,21937,3.566152907138557,6.871323271747973,2.2638414540486287,2.008494318112435,8.160135247648077,4.602648730794498,0.084,5.172,20.31,0.025,0
7dzm,21737,5.450677488898553,11.227563797807674,3.248112996357943,2.9739134958636964,9.041699924053129,13.239819570735282,0.089,7.891,16.523,0.023,1
5e9d,9612,11.927384316612253,22.916899740450777,7.246541589240731,7.405815320626537,22.15507177891433,31.4039927388729,0.009,16.562,63.451,0.0,0
3gsn,22122,3.326307660777918,5.639346817706989,2.443271943379746,2.1620794597202555,4.160106796027773,6.544869147457915,0.174,4.146,10.634,0.016,0
2vlj,26801,19.654504538754576,6.487543289598101,7.94830675005782,22.708730672953926,4.537538230541238,5.555478872026505,0.028,14.814,30.125,0.0,0
8gom,25188,6.380121172874035,10.741634423538688,3.8262506178482893,3.8844980083384923,10.088947358848777,10.049034959944127,0.052,6.071,25.869,0.0,0
4qrp,13171,7.247405120769077,15.608061871825624,2.242679084036753,2.630082466509656,13.624917900086256,11.424530341470737,0.034,10.848,31.461,0.014,1
5c0c,24597,13.074691301089823,8.819720614591883,5.994115214228944,14.733945289233539,6.683328787404938,10.416933616902533,0.038,10.963,26.087,0.0,0
5brz,10275,13.515053252874987,11.430463264950765,6.798472247768722,14.475291353156658,14.42663707693297,8.39804673296808,0.041,10.83,24.974,0.0,0
3mv9,26058,5.300618949667795,7.9911031503213215,4.225469616490807,3.8710713671494505,6.912181235540899,8.81779655590389,0.123,5.496,13.452,0.014,0
6vma,2542,5.260204229664339,8.977473416829097,4.6003312459587775,3.5571708482602222,8.164591041503549,9.161313659555052,0.121,4.762,13.897,0.0,0
8wul,13366,13.36791936642934,11.582519547356071,4.296162609295563,14.134752722782478,12.101682575321753,10.724412191983628,0.06,11.92,23.515,0.049,0
8gvi,10898,4.58419471446171,8.563679757638027,3.5363227996325524,3.043239778582685,9.250475589754407,7.306823775993693,0.138,5.649,12.861,0.044,2
1mwa,5785,3.994848116292136,5.9967986005191705,3.0013704009758886,2.9725347717420774,5.290953129087853,5.705192797225666,0.205,4.789,8.074,0.0,0
5hho,7817,22.466873354507182,37.93386798030343,14.265630509271393,16.459311077387436,36.59802789925797,37.703610184996116,0.004,24.135,96.379,0.0,0
6rp9,32006,3.0139378772183507,5.097533523426887,4.6357241236986555,1.688725413624509,4.905272678441742,2.700749347451632,0.163,3.386,15.678,0.098,0
3sjv,12668,3.555578440750974,6.533973879595301,2.484902483629109,2.292941305194878,6.914943538011723,5.431076578557876,0.095,4.39,18.184,0.0,0
3tfk,22667,4.259137942675397,8.090989514770428,3.261888345250268,2.2838962149109445,7.697563064642364,6.95252249718999,0.1,5.107,15.981,0.0,0
6vm8,32292,6.94963051225293,11.128207594535082,5.981905737120846,4.688478544459552,9.132316184173206,11.560803428106556,0.026,7.672,40.74,0.0,1
7n5c,930,14.707355615751407,15.882482066954864,5.953604290909363,14.923068623469629,11.800511816572387,12.16486607486158,0.07,10.305,22.958,0.07,2
2e7l,12098,1.392325042977148,2.0567724609160076,2.215795513096679,0.8567921189188756,1.5756683621966745,1.8683129220036105,0.593,1.294,2.764,0.302,2
8rlv,5406,5.175070118897049,8.509089034937988,3.789193859346363,3.5510037031191892,8.448765391406642,8.999692558406277,0.082,5.275,18.662,0.0,0
4qrp,7381,7.247405120769077,15.608061871825624,2.242679084036753,2.630082466509656,13.624917900086256,11.424530341470737,0.034,10.848,31.461,0.014,1
7su9,20993,8.562706606062452,,3.299312601928086,8.859539512348169,,,0.004,32.796,79.512,0.0,3
2e7l,28304,1.392325042977148,2.0567724609160076,2.215795513096679,0.8567921189188756,1.5756683621966745,1.8683129220036105,0.593,1.294,2.764,0.302,2
5swz,9460,15.65572419804329,17.167191438620467,7.7372730794613105,15.856098233225092,10.731175226637186,9.784907005724534,0.035,16.307,31.898,0.03,0
5jzi,16784,6.242061328612572,8.503899433404278,3.5546760530951222,5.306254638815598,8.279875464629894,5.50146512083203,0.062,5.401,23.771,0.0,0
4prp,1891,5.4190741821628325,8.561606941113078,3.7230347683669858,3.652307771012159,7.893861495897065,9.214282992599497,0.114,5.557,14.284,0.014,0
3vxu,19674,5.63630566609124,8.24995673316763,4.305697067286905,4.237844246841131,6.542697356853442,8.581473085522108,0.077,5.925,18.797,0.0,0
1mi5,3564,5.01206802362866,8.791895237945,2.7783425173449467,3.5578306901258663,6.212984258862958,8.70340694730711,0.056,5.757,27.069,0.014,0
5m00,3311,4.6499224900455784,8.971628027612548,3.1849282316946597,2.9590235765932493,8.84222636223568,8.967884711245814,0.104,6.093,14.544,0.0,0
3mv7,32257,5.032884571959394,7.835384126413,3.6586136573548242,3.475441216216517,6.9089048077648085,8.476449266190318,0.132,5.168,12.893,0.015,0
2e7l,20943,1.392325042977148,2.0567724609160076,2.215795513096679,0.8567921189188756,1.5756683621966745,1.8683129220036105,0.593,1.294,2.764,0.302,2
1qse,1786,3.033362696049007,4.51409451929315,2.462245436159975,2.282163369365707,4.553708548116928,4.4420968943324945,0.297,2.931,7.284,0.106,1
2bnq,17351,4.4966536137273065,7.210644948527869,3.3308442040988897,3.0112737322130387,6.277575638252983,7.6161630379809075,0.102,4.313,17.919,0.014,0
9j4u,4241,4.546798815230755,7.11586126280257,3.2903856414732737,3.320611867474486,6.164599109764013,6.646172143158356,0.159,3.561,12.714,0.018,2
7n6e,2058,3.842008457009518,6.259611707918118,3.4444576796410704,2.5460542486937214,6.843466517082121,3.8404481331229494,0.168,4.088,12.203,0.059,1
3qdm,11990,15.672561568697574,20.322777159955592,5.848894425798437,14.586206717894518,12.914777951828547,13.078747592928654,0.06,13.204,23.431,0.05,1
6rpb,15755,4.9590118374596015,9.374869908599662,2.300288174032495,2.3765007829764997,8.694854901093956,6.174284586178957,0.051,6.797,32.955,0.044,3
3mv7,24192,5.0328859554625165,7.835388711642953,3.6586044286756754,3.4754406380487675,6.908895170368562,8.476453911709703,0.132,5.168,12.893,0.015,0
8rro,28304,13.211461588078938,10.629647300215266,6.796261101445147,14.303173397213962,7.38769542007463,10.00917501780972,0.031,12.815,28.688,0.0,0
6r2l,20825,7.061376156079924,13.18833246847708,2.87112567723897,3.5549483876875256,12.587451899113656,9.630802667796784,0.039,6.503,35.048,0.011,0
5c0b,15887,6.778806986120019,11.972493550310002,2.7678715572963526,4.491227509825198,8.399222481618022,13.665309300087044,0.081,6.504,21.661,0.058,0
7ow6,6708,2.419003193650818,4.404946404598012,2.832856960411648,1.5183116301428445,4.189812927682794,4.284080097892224,0.218,2.778,11.195,0.062,0
6vmx,12383,12.671256763291636,9.3909654743844,7.104427804966112,14.006807844706882,8.948003424246712,7.295494570108189,0.039,10.662,25.863,0.0,1
4prh,31886,7.322948810900864,8.812434012468408,4.942710900409499,6.857645367215557,7.8692581107932735,10.010580417742979,0.062,6.272,23.106,0.014,0
3qeq,12128,4.903716204911727,9.172099915275458,2.5015402272699023,2.933606160904742,7.5623799218193195,9.073282418638783,0.115,5.02,14.255,0.0,0
3gsn,18385,3.326307660777918,5.639346817706989,2.443271943379746,2.1620794597202555,4.160106796027773,6.544869147457915,0.174,4.146,10.634,0.016,0
5ivx,2110,14.935982429655308,20.138890284864992,5.3584310393178525,13.637612099572603,15.070649660886284,16.534479540399055,0.044,13.66,22.962,0.0,0
8dnt,16979,3.6399903501376976,5.723210164105415,2.727000599841477,2.540872596754594,5.749704973924899,5.940738504755251,0.15,3.912,12.324,0.0,0
1oga,19012,4.09559724673123,7.4398794775604395,2.85503257587476,2.6094714281163256,6.348572745071562,7.099841005936,0.067,5.056,22.872,0.0,0
3tfk,28932,4.259137942675397,8.090989514770428,3.261888345250268,2.2838962149109445,7.697563064642364,6.95252249718999,0.1,5.107,15.981,0.0,0
6rpb,8552,4.9590118374596015,9.374869908599662,2.300288174032495,2.3765007829764997,8.694854901093956,6.174284586178957,0.051,6.797,32.955,0.044,3
7q9b,125,4.813670660393689,8.159600477789029,3.2122374193513856,3.0940927792581134,7.074560260024742,8.810215430683781,0.098,6.197,15.73,0.013,0
7n1f,9114,3.8439724584737824,5.760077326799265,3.929345305922987,2.8449733753470916,5.174981893787041,6.369910170790032,0.215,4.129,8.025,0.0,0
4ftv,24422,2.966384907610802,4.543197429758042,2.338908616732157,2.110906743282526,4.309215663737472,3.98763303419482,0.282,2.824,7.572,0.068,0
6vmx,26556,12.671256763291636,9.3909654743844,7.104427804966112,14.006807844706882,8.948003424246712,7.295494570108189,0.039,10.662,25.863,0.0,1
7byd,13705,5.690297243819309,10.970983693312316,3.2223356171664674,3.1100029618256535,5.070638637310447,9.652791654166684,0.041,7.32,28.36,0.0,0
8gon,3502,5.954781402960936,10.336000201235532,3.5699960058620506,3.4773688370688918,9.408564846194627,9.893686046408874,0.073,5.696,20.011,0.0,0
5m01,5017,4.193682566477944,8.103848500718586,2.978721865889282,2.594912433325853,8.6189371665455,7.7124017100199564,0.127,5.304,12.764,0.0,0
7ow5,28918,2.540939997838955,4.971391106336711,2.4522152962315378,1.3937535697489225,3.984243905743061,4.104546047412982,0.147,2.324,20.607,0.0,0
8gvg,29960,4.516283874617919,8.30328302110505,3.3250549079273894,3.0361207327899944,9.846055222312359,6.8523217732884065,0.128,5.654,13.337,0.029,0
8rro,9779,13.211461588078938,10.629647300215266,6.796261101445147,14.303173397213962,7.38769542007463,10.00917501780972,0.031,12.815,28.688,0.0,0
2ak4,4261,4.094314110890014,6.133633343980734,3.5222427298038745,2.8851167527873267,4.878541029392051,6.696335564830307,0.102,5.412,15.374,0.0,1
4mnq,24541,2.5131971235877324,4.0444229810370285,1.2403831240692493,1.716983422232354,3.3224459393223396,5.1924481060463545,0.165,2.498,16.568,0.023,0
3tjh,1017,4.421894366962547,7.693998372067812,3.5295185208359583,2.2923109786767495,4.191648264477888,7.859809139055537,0.074,5.658,19.783,0.0,0
3e2h,19350,2.813509701434445,4.867732132574356,2.3034098683222606,1.632640688109625,3.547514870352356,2.7557740715336956,0.234,3.245,9.762,0.095,1
7n5p,9804,15.3738480466815,17.238296962532544,5.0122592934820975,15.370780113415325,10.016082738382863,13.686206443610647,0.059,10.481,19.599,0.0,0
1fo0,1206,1.2017770049472527,1.9092708099147886,1.1485087927226911,0.9951378479358381,3.851166732736232,1.0030662067807623,0.668,0.754,0.805,0.214,0
6g9q,13526,4.542758096114251,8.214136086441082,3.0706478399689803,2.9682467048766177,8.755582412876478,8.483009021408126,0.128,6.047,12.254,0.0,0
7nmg,17014,4.920631285364257,7.281315183987466,4.351095758743746,3.665002418320226,6.530667945709801,5.264034239135232,0.138,4.676,12.336,0.0,0
4nhu,14965,5.443206957963242,8.409205589656084,6.682381443378378,3.000216843616484,7.26306611898754,7.990885310581988,0.071,6.867,18.994,0.0,0
6amu,23740,3.4805225246311213,5.637437086358912,3.8652621976619366,2.3338825063365034,5.870477296195046,4.789241687104546,0.231,3.869,7.52,0.0,0
3kpr,22192,7.157124379577818,13.227494390960944,3.5431040008376113,4.477034968488117,9.716849442382932,11.602130513179592,0.032,9.252,31.214,0.0,0
4pri,19936,4.886471339337409,6.91857466255586,3.8777387022145944,3.8620158368048076,6.101494978019475,7.252290561180589,0.162,4.454,10.784,0.0,0
3vxs,22754,3.539400701583849,5.4847163072223974,2.796204121783363,2.6918968342920793,5.059619387597823,5.469436148457919,0.135,3.914,13.758,0.0,1
6uz1,3919,0.9420510804118353,,1.6363361641272665,0.8287315760781503,,,0.026,13.289,32.486,0.0,0
5c0a,15000,12.574743653470284,8.255433140622346,6.632735629169021,14.141441594489947,6.376023996372255,8.811766970473464,0.049,9.81,25.992,0.026,1
9rxm,7973,2.727916631923122,5.141496959600086,2.4358804008419384,1.6333326233268384,4.5773707654423745,4.747439688268825,0.144,3.298,15.605,0.03,0
8rlu,25558,4.107053226098236,6.873734007768909,3.0288758620296106,2.7816999104283795,7.187653623605281,6.989825893083818,0.153,4.205,12.124,0.016,0
5w1w,5772,5.61048222658484,9.508208044662688,3.36967243911177,4.235722928211811,6.924636430420706,12.064366183735656,0.067,7.664,19.171,0.0,0
3pqy,18755,14.042093413436536,13.149639251051555,8.06538019443119,14.929399067669774,12.589208840156799,11.924562784869478,0.058,9.616,23.54,0.036,1
7na5,23658,12.686799900628381,9.42578712822862,6.681874618508488,13.914234276663057,7.428893212847909,7.778093297946644,0.053,11.546,22.915,0.02,0
5hyj,13773,12.42659199819453,7.105483979498382,6.71294459755456,14.023325203854865,6.521540571076814,9.437187947552061,0.057,10.813,29.833,0.077,1
4ms8,31172,6.3489450050690825,9.47422910542015,4.009185186391762,5.25051771680759,9.29847675277381,7.818844992872633,0.094,6.672,15.33,0.0,0
8shi,3757,4.525475041361026,8.523329824413208,4.831065957148609,2.397108270741104,4.604154745003066,7.265885411999869,0.075,4.462,22.688,0.0,0
4qrr,7576,2.534998863660765,4.508862065734161,1.7838414046536544,1.4828462103917583,3.9766472122418666,3.9922752854750785,0.218,3.082,10.106,0.048,0
8rlt,4879,4.916472835479031,8.213271090519331,3.5534274339557133,3.4034180901379263,8.105145196062798,8.585758369287692,0.088,5.025,17.961,0.0,0
3ffc,21261,19.770826492887167,13.856724910002416,16.84156707511531,21.424668000439343,13.964514575713116,13.669227243611834,0.01,19.449,54.841,0.0,0
3h9s,5901,3.4501971188596037,5.753331777314347,2.6558080581958285,2.506811116764094,6.073022919462691,4.993577214300615,0.273,3.449,6.336,0.018,0
3kxf,6572,4.042851556880711,6.347499831025825,3.3796571600579917,2.6673077730611525,4.43786423954369,7.4273586964535765,0.082,5.46,18.327,0.0,0
6amu,8545,3.4805225246311213,5.637437086358912,3.8652621976619366,2.3338825063365034,5.870477296195046,4.789241687104546,0.231,3.869,7.52,0.0,0
3dxa,31863,3.5730474793601936,5.611006565803535,2.9251001121726823,2.57773022681367,6.551098194639092,5.064390079269171,0.155,4.266,12.587,0.041,2
5w1w,25922,5.61048222658484,9.508208044662688,3.36967243911177,4.235722928211811,6.924636430420706,12.064366183735656,0.067,7.664,19.171,0.0,0
8v51,18691,4.88877058608767,8.351504512230179,3.088236715991408,3.6044730712152395,6.977161977682653,8.657096077784976,0.089,4.968,18.887,0.015,0
2p5w,30641,5.577733495578382,8.993626480513429,4.057996789477803,3.6047374033567396,7.972618973562059,8.869778890737047,0.093,5.163,16.95,0.0,0
9rup,24972,9.34451042790428,19.53958439823842,4.2351053133500045,4.471898442365394,,12.777556516049277,0.013,9.936,65.838,0.0,0
5ivx,10928,14.935982429655308,20.138890284864992,5.3584310393178525,13.637612099572603,15.070649660886284,16.534479540399055,0.044,13.66,22.962,0.0,0
9iky,10550,5.209927985046915,11.186327751832975,3.2978469623849924,2.8789555274617253,11.039290611451081,11.310733853256478,0.055,6.657,23.475,0.0,0
8v50,22292,3.6478725649936203,6.492520842588599,2.3056711727164485,2.532956046368868,5.445230732978779,6.890060423219321,0.098,3.922,20.11,0.016,0
6vrm,23621,4.288670110590414,7.759893124427955,3.1313006794800944,2.3683264857521276,6.949330303058377,7.688890260714545,0.069,4.656,26.265,0.019,0
3e3q,13175,12.549620720465116,3.5338846608928685,4.943269308699794,14.977684413175272,2.968637844752248,3.143789078898336,0.065,11.049,20.995,0.035,8
2p5w,30906,5.577733495578382,8.993626480513429,4.057996789477803,3.6047374033567396,7.972618973562059,8.869778890737047,0.093,5.163,16.95,0.0,0
7ndu,11228,4.5255381054169765,9.038363647916187,3.1328983718808456,2.5855524176674147,9.773483088422854,7.8874345397817835,0.089,5.528,17.97,0.015,2
7n2r,8118,3.1981733830862344,6.14944631046642,2.744513602779788,1.9437624765140844,3.8178424612148136,6.850080395366982,0.14,3.753,14.227,0.018,1
8wte,14280,3.0985805902892802,6.546834962459211,2.2961635665179174,1.9529707499717412,5.581021320364704,6.1218519765282515,0.207,3.404,9.24,0.0,0
9rup,14279,9.34451042790428,19.53958439823842,4.2351053133500045,4.471898442365394,,12.777556516049277,0.013,9.936,65.838,0.0,0
7n2s,11719,2.2984626138973003,4.4693438817580935,2.3131160916070295,1.1915466636101104,4.212645684957636,3.8216766793774304,0.257,1.823,13.762,0.091,1
3utt,19208,5.256523306500149,8.33854630287481,3.3239257750898297,4.177602224616035,6.917517674805754,10.680046147815876,0.072,4.563,23.326,0.0,0
2jcc,7822,3.4266542327898204,6.183641918095772,2.840627148651553,2.075028496884157,6.974577525839533,4.58339181768408,0.213,3.942,8.532,0.014,0
7n4k,11478,15.201756445208451,18.57094793249142,5.322211346543994,14.470023380226232,12.32679457690971,13.826545384960268,0.067,10.766,20.645,0.036,0
3tjh,23589,4.421894366962547,7.693998372067812,3.5295185208359583,2.2923109786767495,4.191648264477888,7.859809139055537,0.074,5.658,19.783,0.0,0
6vmc,5382,5.944944980370061,10.1875,5.100668069549501,4.037802799802131,9.382271485582086,10.42075691118475,0.099,5.485,15.651,0.0,0
6tro,2837,2.8611051126278007,5.2606762701942875,2.430548522215499,1.9020525245670505,5.33768026782482,4.7866423931554944,0.156,2.96,19.625,0.106,3
5nht,24380,3.9044098165567864,6.511034614050232,2.7641534360768674,2.671359784016644,4.359129299932295,6.6454132752865425,0.125,4.308,14.104,0.0,0
7pb2,17461,2.438636841872161,4.542642842519473,2.996687998986322,1.5007141409071563,2.908417908350562,5.587035122554581,0.207,3.154,10.68,0.049,1
6bj8,9955,7.365013885318128,10.0302619136799,3.775497816227692,6.530391796039945,8.626683609880478,10.517865899394778,0.033,6.123,40.723,0.0,0
3mv9,13124,5.300618949667795,7.9911031503213215,4.225469616490807,3.8710713671494505,6.912181235540899,8.81779655590389,0.123,5.496,13.452,0.014,0
8cx4,12782,3.039060940958541,5.548298901906109,2.3198908655934933,1.790342942459649,4.708823269509911,5.439126929048492,0.196,2.892,14.416,0.119,1
4qok,2361,2.1389819589678916,3.774694238247901,1.083525679327176,1.3232972386174786,3.320748413991281,3.770435853245285,0.253,2.433,10.682,0.095,0
7nmf,32332,15.982698219257184,20.769623013992554,5.540553948204336,14.434922609447574,15.330733431379404,14.658020161079518,0.045,12.602,22.932,0.0,0
1g6r,1806,4.1615089932574625,6.186898093819996,3.787155620123324,3.138195086671571,5.302934000040833,6.161427357477585,0.207,5.076,7.853,0.0,0
5euo,25530,5.2845301132065865,9.096870042888701,3.884402599311586,3.504105801585132,9.041496035954548,9.436580982531806,0.097,5.936,15.508,0.0,0
8ryn,6691,1.8566753656547976,3.328979569723173,2.116093899985227,1.0596870669735634,3.7713051344699506,3.1255539107744528,0.34,2.302,6.908,0.12,0
7ndt,12916,13.324870582422013,15.7739698075766,7.836167020668949,12.880911452101286,13.240718032994106,16.46386403948286,0.045,12.172,27.748,0.033,1
3w0w,5000,4.670159319499641,7.1951140690294935,4.096614906143377,3.408851182517156,5.627541481650221,7.077899256787279,0.146,5.528,11.131,0.0,0
7n2p,26267,2.258160308957732,4.026822445476997,2.1783037722546297,1.381604842557928,3.3215689953253658,4.744162737314667,0.265,2.411,10.635,0.127,1
5til,9405,2.2184724995035423,4.285719871263652,2.488654949153494,1.2263313373512614,4.4904582269397215,4.055898494260109,0.271,2.292,9.732,0.079,1
9hlj,19067,6.480362297588738,11.607054854931544,3.7718071339980743,4.0015785808094355,11.614878997592168,6.0637558098495665,0.057,6.717,22.768,0.0,0
3vxm,320,2.7749190473782064,4.630071468968181,2.5781866838159533,1.7863181677100564,4.175156456896917,4.587333543510611,0.288,2.666,7.237,0.045,1
7n2o,21731,2.677264394561628,5.0974176231125705,2.3459510925823936,1.3709217509426699,3.9417417576890923,5.593265763798564,0.156,3.219,15.165,0.051,0
9ru5,1982,5.2959748946213345,9.879397427136741,2.5747515808568795,3.5691970565700024,8.131062669257448,6.775746975080497,0.084,6.895,18.775,0.038,0
3utt,25875,5.256523306500149,8.33854630287481,3.3239257750898297,4.177602224616035,6.917517674805754,10.680046147815876,0.072,4.563,23.326,0.0,0
5brz,10013,13.515053252874987,11.430463264950765,6.798472247768722,14.475291353156658,14.42663707693297,8.39804673296808,0.041,10.83,24.974,0.0,0
3qeq,20589,4.903716204911727,9.172099915275458,2.5015402272699023,2.933606160904742,7.5623799218193195,9.073282418638783,0.115,5.02,14.255,0.0,0
5ivx,1022,14.935982429655308,20.138890284864992,5.3584310393178525,13.637612099572603,15.070649660886284,16.534479540399055,0.044,13.66,22.962,0.0,0
3vxr,17517,3.4521721991145267,5.26378656096071,3.193611491910645,2.5593519058551024,5.075892630621352,4.604724451385282,0.191,3.71,10.047,0.015,0
4mxq,12798,4.154460529577171,7.673482349255081,2.8310321754861882,2.4269118230309155,7.054952005447067,6.991963596275414,0.145,4.915,11.601,0.0,0
3utt,8624,5.256523306500149,8.33854630287481,3.3239257750898297,4.177602224616035,6.917517674805754,10.680046147815876,0.072,4.563,23.326,0.0,0
3ffc,15449,19.770826492887167,13.856724910002416,16.84156707511531,21.424668000439343,13.964514575713116,13.669227243611834,0.01,19.449,54.841,0.0,0
6bj2,26332,5.346847823641405,8.930297852063083,3.212127484134208,3.411740862644553,8.582993267939804,8.524161554240543,0.105,5.637,14.804,0.0,0
3dxa,7722,3.5730474793601936,5.611006565803535,2.9251001121726823,2.57773022681367,6.551098194639092,5.064390079269171,0.155,4.266,12.587,0.041,2
3mv8,196,4.522181779519278,6.564149637383088,3.592592031295019,3.4587870618796077,5.68150715717308,7.102889820434322,0.169,4.275,10.436,0.0,0
3e2h,12776,2.813509701434445,4.867732132574356,2.3034098683222606,1.632640688109625,3.547514870352356,2.7557740715336956,0.234,3.245,9.762,0.095,1
2bnq,15456,4.4966536137273065,7.210644948527869,3.3308442040988897,3.0112737322130387,6.277575638252983,7.6161630379809075,0.102,4.313,17.919,0.014,0
3dxa,26879,3.5730474793601936,5.611006565803535,2.9251001121726823,2.57773022681367,6.551098194639092,5.064390079269171,0.155,4.266,12.587,0.041,2
8gvb,13578,3.437243121195504,6.80872740368996,2.681982374147244,1.979785484246113,8.282119346937309,5.331546443087445,0.204,4.555,9.549,0.074,2
7phr,22204,6.368144146673243,10.713167181132055,4.9231058072412255,4.225149802249534,11.664746662369724,9.7746065516028,0.09,6.068,16.374,0.0,0
3qdg,31873,3.707838653811575,5.947109020540252,2.697576208651403,2.5495324439811364,4.803816433964767,6.179092240240277,0.224,3.722,8.2,0.014,0
5c0c,31100,13.074691301089823,8.819720614591883,5.994115214228944,14.733945289233539,6.683328787404938,10.416933616902533,0.038,10.963,26.087,0.0,0
5swz,11353,15.65572419804329,17.167191438620467,7.7372730794613105,15.856098233225092,10.731175226637186,9.784907005724534,0.035,16.307,31.898,0.03,0
6vrm,20075,4.288670110590414,7.759893124427955,3.1313006794800944,2.3683264857521276,6.949330303058377,7.688890260714545,0.069,4.656,26.265,0.019,0
5m01,24887,4.193682566477944,8.103848500718586,2.978721865889282,2.594912433325853,8.6189371665455,7.7124017100199564,0.127,5.304,12.764,0.0,0
2ckb,18130,3.924513686552175,5.990419368169725,3.0037156893934442,2.9025586758915045,5.05957291095747,5.565365695440774,0.223,4.856,7.184,0.0,0
4jfd,26567,3.9279867899100944,6.534090608147142,2.7217501802993356,2.623149502610375,6.565700750055984,6.164856468740567,0.139,4.505,12.837,0.012,0
5tje,23770,3.1383023111764836,6.082219172881251,2.7031152782620618,1.9131816681425562,5.7473525877205525,6.153731436832496,0.194,3.453,12.366,0.103,0
4jry,11340,13.4080670524139,8.703392785204956,6.1343383850155355,14.762473451996716,12.45630546745051,5.795536855711769,0.052,11.848,27.334,0.052,3
1kj2,29178,1.3580711400933632,2.115552738072352,1.344338200274826,1.0446342418795571,1.172159583878098,2.500198191441961,0.546,1.564,1.97,0.211,2
7rtr,21423,4.256884862034973,6.534106695247488,4.329356050134347,3.021704256637855,6.1729599930204495,7.0855816149822175,0.155,4.322,11.423,0.0,0
3e2h,6293,2.813509701434445,4.867732132574356,2.3034098683222606,1.632640688109625,3.547514870352356,2.7557740715336956,0.234,3.245,9.762,0.095,1
1bd2,22698,13.771043548280636,7.9336017638027805,6.638162759464012,15.839812157585467,7.807967435174791,6.350643033169369,0.046,9.516,23.593,0.0,0
9j4u,8998,4.546798815230755,7.11586126280257,3.2903856414732737,3.320611867474486,6.164599109764013,6.646172143158356,0.159,3.561,12.714,0.018,2
2vlj,31854,19.654504538754576,6.487543289598101,7.94830675005782,22.708730672953926,4.537538230541238,5.555478872026505,0.028,14.814,30.125,0.0,0
8rlu,32594,4.107053226098236,6.873734007768909,3.0288758620296106,2.7816999104283795,7.187653623605281,6.989825893083818,0.153,4.205,12.124,0.016,0
6p64,26669,7.155424180222762,11.970408172509382,4.992408121280933,4.491676408342407,10.034245340106775,9.42563067987659,0.084,5.245,18.329,0.0,0
1lp9,1638,3.4092912131367186,6.183478655420356,2.7454661963711495,2.082253442817156,7.053493330965945,4.331964143260741,0.194,3.962,10.004,0.038,0
5nqk,1582,4.429565053260808,7.11819754950028,2.825242719494717,3.226525245930605,5.214286666206762,7.192938632330896,0.065,4.496,26.403,0.0,0
8i5c,28012,5.552132191780019,11.588526745950427,3.229465396968516,3.2554575544676014,11.176319244760121,11.358281937704703,0.051,6.962,24.454,0.0,0
2nx5,4001,3.6383329482294537,6.499125428736039,3.5374185613417306,2.1681170474862816,7.401908225334567,4.725116206008299,0.164,4.106,11.615,0.025,3
2p5w,11934,5.577733495578382,8.993626480513429,4.057996789477803,3.6047374033567396,7.972618973562059,8.869778890737047,0.093,5.163,16.95,0.0,0
1oga,18642,4.09559724673123,7.4398794775604395,2.85503257587476,2.6094714281163256,6.348572745071562,7.099841005936,0.067,5.056,22.872,0.0,0
5swz,3114,15.65572419804329,17.167191438620467,7.7372730794613105,15.856098233225092,10.731175226637186,9.784907005724534,0.035,16.307,31.898,0.03,0
2vlj,18626,19.654504538754576,6.487543289598101,7.94830675005782,22.708730672953926,4.537538230541238,5.555478872026505,0.028,14.814,30.125,0.0,0
5wkh,30331,4.800141732964324,8.588624584503844,2.8205688903994406,3.201810386782293,5.768003391873319,8.808747169303269,0.09,5.589,17.769,0.015,0
5jhd,20947,4.030299649476232,7.100681420791528,3.1699003198340203,2.562383977753054,8.058476668946701,7.734251366856986,0.145,4.556,11.952,0.0,0
6zky,17957,2.672074451979839,4.889778936651063,4.39742462619872,1.3209783266147332,3.257836113835782,3.3499379925659007,0.164,3.227,17.232,0.12,2
6eqa,22864,2.022620215825182,3.4706786956664013,2.41096038369556,1.1336086561042247,3.337472463854437,3.176255791379644,0.255,2.418,10.906,0.108,0
8gom,28595,6.380121172874035,10.741634423538688,3.8262506178482893,3.8844980083384923,10.088947358848777,10.049034959944127,0.052,6.071,25.869,0.0,0
7ndu,10479,4.5255381054169765,9.038363647916187,3.1328983718808456,2.5855524176674147,9.773483088422854,7.8874345397817835,0.089,5.528,17.97,0.015,2
6tmo,16894,3.96126376814753,6.5734811873323835,2.6287558267200137,2.578442912402966,6.105729175813677,6.501828530935714,0.111,4.394,15.634,0.0,0
3vxr,25611,3.4521721991145267,5.26378656096071,3.193611491910645,2.5593519058551024,5.075892630621352,4.604724451385282,0.191,3.71,10.047,0.015,0
2nx5,26295,3.6383329482294537,6.499125428736039,3.5374185613417306,2.1681170474862816,7.401908225334567,4.725116206008299,0.164,4.106,11.615,0.025,3
3tpu,12889,5.244879187725304,8.454702897191387,5.15640500759071,3.4020373267292645,8.28051534573446,6.009883292203403,0.113,5.528,13.95,0.0,0
6eqa,23559,2.022620215825182,3.4706786956664013,2.41096038369556,1.1336086561042247,3.337472463854437,3.176255791379644,0.255,2.418,10.906,0.108,0
5m00,23052,4.6499224900455784,8.971628027612548,3.1849282316946597,2.9590235765932493,8.84222636223568,8.967884711245814,0.104,6.093,14.544,0.0,0
7rk7,24997,3.7101518330796073,7.20522051728486,2.5350121854373593,2.069842391093797,5.23409951467224,10.521275877656189,0.076,5.024,20.626,0.0,0
8yiv,3891,4.602658355807989,7.716130018496928,4.6740170674565364,2.7812936442221283,5.352154476923245,7.042930963101302,0.124,4.65,14.14,0.013,0
5wlg,30082,3.333696628994607,5.777400512902655,2.404183668329143,2.0536196548903,5.453119260154205,5.090922204020824,0.121,3.775,18.163,0.047,0
1qrn,27538,2.987195783168929,4.4326077686435434,2.3771785549636473,2.2548185325597303,3.934307380216563,4.1466417286230595,0.289,3.042,6.762,0.06,1
5m00,19457,4.6499224900455784,8.971628027612548,3.1849282316946597,2.9590235765932493,8.84222636223568,8.967884711245814,0.104,6.093,14.544,0.0,0
8rlv,20293,5.175070118897049,8.509089034937988,3.789193859346363,3.5510037031191892,8.448765391406642,8.999692558406277,0.082,5.275,18.662,0.0,0
8ye4,5223,3.5565779393204755,6.123764056606979,4.479048266361486,1.8821435101257111,5.604452026431484,5.597872956813597,0.1,3.786,19.264,0.0,0
8eo8,635,10.204642639162511,20.085415500216232,3.1558196349319187,3.22621045096955,14.959838081373688,11.188991560969304,0.033,11.564,30.974,0.014,0
8gvi,8576,4.58419471446171,8.563679757638027,3.5363227996325524,3.043239778582685,9.250475589754407,7.306823775993693,0.138,5.649,12.861,0.044,2
8ryo,17508,2.1519354372928454,3.802848923413074,2.1173001980787185,1.294688724053698,4.2042176951927015,3.4804631194112816,0.28,2.356,8.563,0.056,0
5bs0,21803,13.027578522500889,10.518833182385523,6.420715643610169,14.113965206394175,13.568811602083068,7.6850919134401545,0.044,10.816,23.95,0.0,0
3mv8,11254,4.522181779519278,6.564149637383088,3.592592031295019,3.4587870618796077,5.68150715717308,7.102889820434322,0.169,4.275,10.436,0.0,0
5nht,7750,3.9044098165567864,6.511034614050232,2.7641534360768674,2.671359784016644,4.359129299932295,6.6454132752865425,0.125,4.308,14.104,0.0,0
7byd,31213,5.690287887935975,10.970969814899478,3.222345426027889,3.109993841757899,5.070642775019304,9.652801771053314,0.041,7.32,28.36,0.0,0
2bnq,23308,4.4966536137273065,7.210644948527869,3.3308442040988897,3.0112737322130387,6.277575638252983,7.6161630379809075,0.102,4.313,17.919,0.014,0
5w1v,3164,5.275127116777654,10.006682733270019,2.4648371556877957,3.302990443699717,7.094451528341057,12.837050919198044,0.068,7.745,18.987,0.0,0
8rj5,13198,2.009611479568479,3.0489572402669394,3.8852861070557667,1.1329866751676687,3.7728231870798377,2.73781827329923,0.37,1.784,6.442,0.061,0
5c0c,32182,13.074691301089823,8.819720614591883,5.994115214228944,14.733945289233539,6.683328787404938,10.416933616902533,0.038,10.963,26.087,0.0,0
6avg,29690,5.996941282708707,8.969780459717825,4.724019525111302,3.9361662766622594,5.51964151024254,9.467572045983287,0.068,6.78,19.739,0.0,0
6ulr,19666,7.833054972469632,17.824121180216416,2.604694007103911,2.367759927274304,13.712949406363823,12.464645693444513,0.037,10.741,34.74,0.035,0
7n2q,13546,4.492271320798047,8.524803672723001,2.638290017303937,2.556524690629959,4.110968938436894,8.79428755849822,0.089,5.211,17.562,0.0,1
7phr,32562,6.368144146673243,10.713167181132055,4.9231058072412255,4.225149802249534,11.664746662369724,9.7746065516028,0.09,6.068,16.374,0.0,0
8yj2,18384,5.258909296677886,8.54120549074074,5.10328022820393,3.4325308363169804,6.076073714544414,7.6483858640028295,0.072,6.016,23.094,0.039,1
3e3q,31270,12.549620720465116,3.5338846608928685,4.943269308699794,14.977684413175272,2.968637844752248,3.143789078898336,0.065,11.049,20.995,0.035,8
7rrg,4746,3.5139324730843375,7.381498980119797,4.25951210681428,2.0362684601965175,6.939687768051553,8.387702541314196,0.084,6.377,16.971,0.0,0
1g6r,24990,4.1615089932574625,6.186898093819996,3.787155620123324,3.138195086671571,5.302934000040833,6.161427357477585,0.207,5.076,7.853,0.0,0
7dzn,13959,5.483349099733636,11.473529981305589,3.5917917316002557,2.8823001485267343,10.96827144611333,14.524389341455548,0.044,8.384,25.255,0.0,1
6ulr,25438,7.833054972469632,17.824121180216416,2.604694007103911,2.367759927274304,13.712949406363823,12.464645693444513,0.037,10.741,34.74,0.035,0
3vxu,5350,5.63630566609124,8.24995673316763,4.305697067286905,4.237844246841131,6.542697356853442,8.581473085522108,0.077,5.925,18.797,0.0,0
5nmg,21903,13.096257889143775,7.8364670636416776,6.14816391918806,14.731594977416227,6.77134561751017,7.751353343457769,0.046,10.583,27.105,0.028,0
8wul,8119,13.36791936642934,11.582519547356071,4.296162609295563,14.134752722782478,12.101682575321753,10.724412191983628,0.06,11.92,23.515,0.049,0
3e2h,32474,2.813509701434445,4.867732132574356,2.3034098683222606,1.632640688109625,3.547514870352356,2.7557740715336956,0.234,3.245,9.762,0.095,1
4ftv,18726,2.966384907610802,4.543197429758042,2.338908616732157,2.110906743282526,4.309215663737472,3.98763303419482,0.282,2.824,7.572,0.068,0
5nme,21784,4.453502356766072,7.308359223655974,2.9776539028898608,3.3762592518108896,8.258828000764336,5.884779191567857,0.148,4.74,12.25,0.027,0
5sws,30746,14.247635308967787,15.257075650240182,6.671031973792244,14.550131638683306,5.544384894415419,6.906249631763753,0.035,14.626,26.179,0.0,0
3kps,31138,4.5042402688341,8.607213978940306,3.8220700932895375,2.50578017341295,5.404762183882184,8.8519524724042,0.08,6.266,18.585,0.013,0
5til,28199,2.2184724995035423,4.285719871263652,2.488654949153494,1.2263313373512614,4.4904582269397215,4.055898494260109,0.271,2.292,9.732,0.079,1
3vxr,317,3.4521721991145267,5.26378656096071,3.193611491910645,2.5593519058551024,5.075892630621352,4.604724451385282,0.191,3.71,10.047,0.015,0
5xot,32398,3.3139551262927434,5.773560563737925,2.4651821741012765,2.0530001269884326,5.414333056010339,5.7656752834866944,0.157,3.76,12.968,0.032,0
9rxm,21317,2.727916631923122,5.141496959600086,2.4358804008419384,1.6333326233268384,4.5773707654423745,4.747439688268825,0.144,3.298,15.605,0.03,0
7rtr,31437,4.256884862034973,6.534106695247488,4.329356050134347,3.021704256637855,6.1729599930204495,7.0855816149822175,0.155,4.322,11.423,0.0,0
6mtm,32075,4.882098213723084,9.139056612650498,3.4249538423807535,3.026664975083009,7.9512528146342305,8.674638687376788,0.083,5.963,17.536,0.0,0
6g9q,19232,4.542758096114251,8.214136086441082,3.0706478399689803,2.9682467048766177,8.755582412876478,8.483009021408126,0.128,6.047,12.254,0.0,0
2uwe,1969,3.488905513143994,6.2757807446123,2.851417947249374,2.13354447706831,7.223178112509532,4.348652274823295,0.191,4.005,9.91,0.026,0
8v50,3284,3.6478725649936203,6.492520842588599,2.3056711727164485,2.532956046368868,5.445230732978779,6.890060423219321,0.098,3.922,20.11,0.016,0
3vxm,16193,2.7749190473782064,4.630071468968181,2.5781866838159533,1.7863181677100564,4.175156456896917,4.587333543510611,0.288,2.666,7.237,0.045,1
7qpj,31012,3.1123669631726116,5.035841295230891,3.147084158293801,1.9927162678542791,5.424798487206957,4.228853212026049,0.187,3.294,10.958,0.014,0
7pbe,3147,4.237805341378453,6.636172784312584,4.2766104642670815,2.9302165544643115,6.990496423042887,6.158975609595562,0.179,4.48,9.65,0.0,0
7pdw,8018,3.512791570938959,5.356175461554216,3.6177303867768327,2.4786042779489157,5.58796401177343,4.74775270836669,0.145,3.731,13.081,0.0,0
1oga,22120,4.09559724673123,7.4398794775604395,2.85503257587476,2.6094714281163256,6.348572745071562,7.099841005936,0.067,5.056,22.872,0.0,0
5e9d,20570,11.927384316612253,22.916899740450777,7.246541589240731,7.405815320626537,22.15507177891433,31.4039927388729,0.009,16.562,63.451,0.0,0
6q3s,16697,4.782237491114437,7.657039336345759,3.600464967441127,3.1885537013349787,6.71026266067707,8.0441170866758,0.101,4.555,17.364,0.013,0
4qrr,19107,2.534998863660765,4.508862065734161,1.7838414046536544,1.4828462103917583,3.9766472122418666,3.9922752854750785,0.218,3.082,10.106,0.048,0
5hhm,24478,14.051124721550243,8.576695237211727,5.740382778274091,15.812797188487634,6.889174080925747,7.9180250489135995,0.047,12.137,22.253,0.0,0
7jwj,17035,6.58740377715437,13.824233039789878,3.1210682987348495,2.8372163700225745,13.224479203746988,10.228724374635433,0.044,7.958,29.78,0.021,0
4g8g,31918,6.085964057584946,9.128470818937172,3.878339585095715,4.704601365540849,6.132403185922616,10.142132415567046,0.03,6.395,42.809,0.0,0
7q9b,25766,4.813670660393689,8.159600477789029,3.2122374193513856,3.0940927792581134,7.074560260024742,8.810215430683781,0.098,6.197,15.73,0.013,0
5sws,21312,14.24764540833833,15.257094285232723,6.6710182498543436,14.550142423635005,5.544407943337022,6.906254418833428,0.035,14.626,26.178,0.0,0
7n1f,9265,3.8439724584737824,5.760077326799265,3.929345305922987,2.8449733753470916,5.174981893787041,6.369910170790032,0.215,4.129,8.025,0.0,0
4jff,14955,3.89646651712747,6.596022659214347,2.681693383373632,2.5408093290002407,6.188334742574994,6.739976815502925,0.118,4.36,14.802,0.0,0
4mnq,2823,2.5131971235877324,4.0444229810370285,1.2403831240692493,1.716983422232354,3.3224459393223396,5.1924481060463545,0.165,2.498,16.568,0.023,0
8v51,15370,4.88877058608767,8.351504512230179,3.088236715991408,3.6044730712152395,6.977161977682653,8.657096077784976,0.089,4.968,18.887,0.015,0
8ryo,6768,2.1519354372928454,3.802848923413074,2.1173001980787185,1.294688724053698,4.2042176951927015,3.4804631194112816,0.28,2.356,8.563,0.056,0
2esv,10453,5.638027644835751,10.272777923028832,3.149286289415314,3.4458730741261174,8.685684898676149,10.695789431201597,0.084,6.59,18.676,0.032,0
5nmf,23493,5.02311791666,7.177891420475837,3.997888422359467,4.317450609396011,6.926302392398315,6.780091936097314,0.119,5.299,13.545,0.0,0
5tez,31383,3.7623942580873773,6.775537525133017,2.28277134088213,2.2623589146759233,3.9640607638413146,8.506685325529652,0.137,4.586,13.024,0.017,0
7rrg,9303,3.5139324730843375,7.381498980119797,4.25951210681428,2.0362684601965175,6.939687768051553,8.387702541314196,0.084,6.377,16.971,0.0,0
2pye,15983,4.107705675111212,6.66011522948293,2.954951317956137,2.6221775839411574,5.863351606016615,6.666807374187147,0.101,4.218,17.595,0.0,0
1qrn,27075,2.987195783168929,4.4326077686435434,2.3771785549636473,2.2548185325597303,3.934307380216563,4.1466417286230595,0.289,3.042,6.762,0.06,1
2vlj,4179,19.654504538754576,6.487543289598101,7.94830675005782,22.708730672953926,4.537538230541238,5.555478872026505,0.028,14.814,30.125,0.0,0
1mi5,17352,5.01206802362866,8.791895237945,2.7783425173449467,3.5578306901258663,6.212984258862958,8.70340694730711,0.056,5.757,27.069,0.014,0
7n5c,20114,14.707355615751407,15.882482066954864,5.953604290909363,14.923068623469629,11.800511816572387,12.16486607486158,0.07,10.305,22.958,0.07,2
1kj2,8845,1.3580711400933632,2.115552738072352,1.344338200274826,1.0446342418795571,1.172159583878098,2.500198191441961,0.546,1.564,1.97,0.211,2
2ol3,20735,1.6564767993595648,2.803602668406723,2.649194270238414,0.9739481321189759,4.011502241857896,2.8600533756792146,0.573,1.283,4.157,0.333,1
1g6r,2648,4.1615089932574625,6.186898093819996,3.787155620123324,3.138195086671571,5.302934000040833,6.161427357477585,0.207,5.076,7.853,0.0,0
6vm9,27389,5.859637372724383,9.895710504467132,4.90406212431104,4.0015261247403435,9.085464136743035,10.159756182121058,0.108,5.39,14.663,0.0,0
4eup,23042,2.0709287043437064,3.331252786325342,1.5800149646075734,1.5179232833564724,2.4963708093986314,3.240329898174108,0.292,2.235,10.616,0.175,0
8wul,9399,13.36791936642934,11.582519547356071,4.296162609295563,14.134752722782478,12.101682575321753,10.724412191983628,0.06,11.92,23.515,0.049,0
3d39,16259,3.1109366275565957,5.337770964361875,3.040713295825851,2.0726222721627927,5.592591383227942,5.143928549858624,0.307,3.157,6.027,0.071,0
6vm7,12570,7.447634900083877,11.86660624399411,6.073088828932699,4.983042069023602,9.945427093395391,12.20177824474713,0.024,7.874,43.898,0.0,0
5yxu,30167,26.232492660687367,22.764647716913665,13.141029829061994,28.4166931292359,18.156706165314922,10.068703808669651,0.01,14.185,59.173,0.0,0
5wkh,23348,4.800141732964324,8.588624584503844,2.8205688903994406,3.201810386782293,5.768003391873319,8.808747169303269,0.09,5.589,17.769,0.015,0
7rrg,5075,3.5139324730843375,7.381498980119797,4.25951210681428,2.0362684601965175,6.939687768051553,8.387702541314196,0.084,6.377,16.971,0.0,0
3qeq,32599,4.903716204911727,9.172099915275458,2.5015402272699023,2.933606160904742,7.5623799218193195,9.073282418638783,0.115,5.02,14.255,0.0,0
8gvi,22527,4.58419471446171,8.563679757638027,3.5363227996325524,3.043239778582685,9.250475589754407,7.306823775993693,0.138,5.649,12.861,0.044,2
3w0w,20109,4.670159319499641,7.1951140690294935,4.096614906143377,3.408851182517156,5.627541481650221,7.077899256787279,0.146,5.528,11.131,0.0,0
7pbe,5454,4.237805341378453,6.636172784312584,4.2766104642670815,2.9302165544643115,6.990496423042887,6.158975609595562,0.179,4.48,9.65,0.0,0
1fo0,19838,1.2017770049472527,1.9092708099147886,1.1485087927226911,0.9951378479358381,3.851166732736232,1.0030662067807623,0.668,0.754,0.805,0.214,0
5c0a,9324,12.573783098560403,8.255354278039942,6.632282241473445,14.140256428079791,6.3767592718216894,8.80747637037128,0.049,9.809,25.988,0.026,1
4qrp,19238,7.247405120769077,15.608061871825624,2.242679084036753,2.630082466509656,13.624917900086256,11.424530341470737,0.034,10.848,31.461,0.014,1
6vqo,4963,4.474818044592052,7.10121095675954,3.308209559305645,3.2759810824415325,4.856501490664925,8.3622618740726,0.174,5.021,9.566,0.0,0
7dzm,25484,5.450677488898553,11.227563797807674,3.248112996357943,2.9739134958636964,9.041699924053129,13.239819570735282,0.089,7.891,16.523,0.023,1
7r80,5345,3.5965569732482554,6.776955163377944,2.1490728621752067,1.9499383632464653,3.8855271464694208,7.409304779061784,0.155,4.562,12.424,0.048,1
6dkp,237,3.816639679008011,6.121055444844318,2.8097106265854244,2.621505480597157,5.494985937880527,6.076147585711127,0.205,3.974,8.653,0.0,0
7jwi,27230,9.379289046721816,17.13924974542169,4.483625552254658,6.8940490966070564,10.660839396421125,8.396985097280949,0.032,13.101,28.022,0.0,0
7q99,143,2.2029852826673717,3.525531764458641,2.5093465249730587,1.475314821265292,3.680632728304923,3.275896723589119,0.376,2.186,5.589,0.11,1
9j4t,23727,2.9508470906192557,4.931908216450703,3.46683342897774,1.6984342547402196,3.0971395136805593,4.690422586173366,0.221,2.511,12.146,0.071,0
8rym,32071,2.2681467887869737,4.094464124866929,2.077116619775702,1.3577489642004295,3.4604389873583226,4.0827307529354755,0.291,2.65,8.78,0.146,6
5wkf,5388,7.620360392149667,7.122493394870514,3.9305571850764682,8.020177721182232,5.618371066850624,7.147788056888441,0.116,8.363,23.727,0.203,2
9c3e,1794,8.721884812643575,12.767945659216572,5.510674123632698,6.641613975446286,14.859603845691609,9.51340760149942,0.067,8.724,18.541,0.0,0
7rm4,28015,3.47106665715977,5.9948678128346575,2.1005936040994064,2.0978682105870043,5.164912305384715,9.290942610054877,0.178,4.286,14.276,0.163,3
8yiv,19969,4.602658355807989,7.716130018496928,4.6740170674565364,2.7812936442221283,5.352154476923245,7.042930963101302,0.124,4.65,14.14,0.013,0
7byd,21981,5.690287887935975,10.970969814899478,3.222345426027889,3.109993841757899,5.070642775019304,9.652801771053314,0.041,7.32,28.36,0.0,0
6vqo,13385,4.474818044592052,7.10121095675954,3.308209559305645,3.2759810824415325,4.856501490664925,8.3622618740726,0.174,5.021,9.566,0.0,0
8gvb,10301,3.4372461542236143,6.80873214340838,2.6819842193475694,1.9797865147475682,8.282119647733603,5.331551982404244,0.204,4.555,9.549,0.074,2
8gon,31515,5.954781402960936,10.336000201235532,3.5699960058620506,3.4773688370688918,9.408564846194627,9.893686046408874,0.073,5.696,20.011,0.0,0
1qsf,17371,3.134386877214929,4.941674333098634,2.4957884766461373,2.338105522012473,4.812539633055146,4.587028522909037,0.24,3.178,7.883,0.0,0
9ru5,12126,5.2959748946213345,9.879397427136741,2.5747515808568795,3.5691970565700024,8.131062669257448,6.775746975080497,0.084,6.895,18.775,0.038,0
8rj5,2290,2.009611479568479,3.0489572402669394,3.8852861070557667,1.1329866751676687,3.7728231870798377,2.73781827329923,0.37,1.784,6.442,0.061,0
6vm8,9506,6.94963051225293,11.128207594535082,5.981905737120846,4.688478544459552,9.132316184173206,11.560803428106556,0.026,7.672,40.74,0.0,1
4mxq,2625,4.154460529577171,7.673482349255081,2.8310321754861882,2.4269118230309155,7.054952005447067,6.991963596275414,0.145,4.915,11.601,0.0,0
9rxm,12278,2.727916631923122,5.141496959600086,2.4358804008419384,1.6333326233268384,4.5773707654423745,4.747439688268825,0.144,3.298,15.605,0.03,0
9rup,727,9.34451042790428,19.53958439823842,4.2351053133500045,4.471898442365394,,12.777556516049277,0.013,9.936,65.838,0.0,0
5c08,16708,11.943528804674509,7.2378211912101165,5.10807523357108,13.534849199645443,5.287823496108235,8.325792160759638,0.049,9.581,28.373,0.041,0
7q9b,14220,4.813670660393689,8.159600477789029,3.2122374193513856,3.0940927792581134,7.074560260024742,8.810215430683781,0.098,6.197,15.73,0.013,0
4g8g,25984,6.085964057584946,9.128470818937172,3.878339585095715,4.704601365540849,6.132403185922616,10.142132415567046,0.03,6.395,42.809,0.0,0
7r80,16491,3.5965569732482554,6.776955163377944,2.1490728621752067,1.9499383632464653,3.8855271464694208,7.409304779061784,0.155,4.562,12.424,0.048,1
3vxs,2732,3.539400701583849,5.4847163072223974,2.796204121783363,2.6918968342920793,5.059619387597823,5.469436148457919,0.135,3.914,13.758,0.0,1
5wlg,2744,3.333696628994607,5.777400512902655,2.404183668329143,2.0536196548903,5.453119260154205,5.090922204020824,0.121,3.775,18.163,0.047,0
3mv8,27691,4.522181779519278,6.564149637383088,3.592592031295019,3.4587870618796077,5.68150715717308,7.102889820434322,0.169,4.275,10.436,0.0,0
5wkf,1065,7.620360392149667,7.122493394870514,3.9305571850764682,8.020177721182232,5.618371066850624,7.147788056888441,0.116,8.363,23.727,0.203,2
6eqb,18422,3.1513918799504266,5.031010277083731,3.305406733726233,1.9866950766263003,5.124576139035423,4.743726604836127,0.167,3.747,12.283,0.04,0
9j4u,14774,4.546798815230755,7.11586126280257,3.2903856414732737,3.320611867474486,6.164599109764013,6.646172143158356,0.159,3.561,12.714,0.018,2
6vrm,13447,4.288670110590414,7.759893124427955,3.1313006794800944,2.3683264857521276,6.949330303058377,7.688890260714545,0.069,4.656,26.265,0.019,0
2f53,5230,4.331365679666184,6.405411244991421,3.056022413008308,3.303847952742839,5.314550532809454,6.638265311224997,0.139,4.439,12.56,0.0,0
8en8,25918,15.108373695708174,18.483706168533853,7.020751469679135,14.376855924353379,13.529314503135216,11.130404527595422,0.058,13.905,26.519,0.068,3
1fo0,2508,1.2017770049472527,1.9092708099147886,1.1485087927226911,0.9951378479358381,3.851166732736232,1.0030662067807623,0.668,0.754,0.805,0.214,0
8rro,10029,13.211461588078938,10.629647300215266,6.796261101445147,14.303173397213962,7.38769542007463,10.00917501780972,0.031,12.815,28.688,0.0,0
6mtm,30891,4.882098213723084,9.139056612650498,3.4249538423807535,3.026664975083009,7.9512528146342305,8.674638687376788,0.083,5.963,17.536,0.0,0
8rlt,25215,4.916472835479031,8.213271090519331,3.5534274339557133,3.4034180901379263,8.105145196062798,8.585758369287692,0.088,5.025,17.961,0.0,0
2vlr,14690,9.979326982747969,8.738817799897447,4.504885745137863,10.702939978207668,7.961013649908984,9.06408566044018,0.062,6.263,21.731,0.0,0
5jhd,1834,4.030299649476232,7.100681420791528,3.1699003198340203,2.562383977753054,8.058476668946701,7.734251366856986,0.145,4.556,11.952,0.0,0
2e7l,25247,1.392325042977148,2.0567724609160076,2.215795513096679,0.8567921189188756,1.5756683621966745,1.8683129220036105,0.593,1.294,2.764,0.302,2
2bnr,2549,4.499113944868027,7.180460412393443,3.2534288492013896,3.040849876832981,6.332948378610017,7.4989982894916825,0.098,4.298,18.561,0.014,0
2ckb,773,3.924513686552175,5.990419368169725,3.0037156893934442,2.9025586758915045,5.05957291095747,5.565365695440774,0.223,4.856,7.184,0.0,0
5tje,29501,3.1383023111764836,6.082219172881251,2.7031152782620618,1.9131816681425562,5.7473525877205525,6.153731436832496,0.194,3.453,12.366,0.103,0
7q9a,31563,1.9498671223252035,3.3779096727023847,1.1883556769763528,1.306307242827614,3.3725767858597777,2.675277197318216,0.412,1.911,5.649,0.16,1
6vmx,30720,12.671256763291636,9.3909654743844,7.104427804966112,14.006807844706882,8.948003424246712,7.295494570108189,0.039,10.662,25.863,0.0,1
7rk7,2072,3.7101518330796073,7.20522051728486,2.5350121854373593,2.069842391093797,5.23409951467224,10.521275877656189,0.076,5.024,20.626,0.0,0
2ak4,29353,4.094314110890014,6.133633343980734,3.5222427298038745,2.8851167527873267,4.878541029392051,6.696335564830307,0.102,5.412,15.374,0.0,1
4ms8,8359,6.3489450050690825,9.47422910542015,4.009185186391762,5.25051771680759,9.29847675277381,7.818844992872633,0.094,6.672,15.33,0.0,0
4g9f,9955,4.863352087432956,7.849710144793214,3.6234339878138444,3.26603457209108,5.733061859774543,8.435358524538243,0.045,5.694,31.287,0.0,0
5bs0,29326,13.027578522500889,10.518833182385523,6.420715643610169,14.113965206394175,13.568811602083068,7.6850919134401545,0.044,10.816,23.95,0.0,0
2ol3,28587,1.6564767993595648,2.803602668406723,2.649194270238414,0.9739481321189759,4.011502241857896,2.8600533756792146,0.573,1.283,4.157,0.333,1
5nme,15147,4.453502356766072,7.308359223655974,2.9776539028898608,3.3762592518108896,8.258828000764336,5.884779191567857,0.148,4.74,12.25,0.027,0
3hg1,25766,2.0994827928334803,3.750568472170135,1.2451214902246879,1.3083089830309944,3.4916358762713284,3.797093468976618,0.263,2.433,10.006,0.095,0
5c07,18612,12.704361420229361,7.928099658686144,6.778985428188684,14.380292376896557,6.390924249309849,9.754133398260649,0.042,10.956,27.364,0.019,0
8v51,18657,4.88877058608767,8.351504512230179,3.088236715991408,3.6044730712152395,6.977161977682653,8.657096077784976,0.089,4.968,18.887,0.015,0
3hg1,18418,2.0994827928334803,3.750568472170135,1.2451214902246879,1.3083089830309944,3.4916358762713284,3.797093468976618,0.263,2.433,10.006,0.095,0
8wul,25660,13.36791936642934,11.582519547356071,4.296162609295563,14.134752722782478,12.101682575321753,10.724412191983628,0.06,11.92,23.515,0.049,0
7rk7,20891,3.7101518330796073,7.20522051728486,2.5350121854373593,2.069842391093797,5.23409951467224,10.521275877656189,0.076,5.024,20.626,0.0,0
8ye4,12412,3.5565779393204755,6.123764056606979,4.479048266361486,1.8821435101257111,5.604452026431484,5.597872956813597,0.1,3.786,19.264,0.0,0
4jry,7191,13.4080670524139,8.703392785204956,6.1343383850155355,14.762473451996716,12.45630546745051,5.795536855711769,0.052,11.848,27.334,0.052,3
1qse,30184,3.033362696049007,4.51409451929315,2.462245436159975,2.282163369365707,4.553708548116928,4.4420968943324945,0.297,2.931,7.284,0.106,1
7n6e,11551,3.842008457009518,6.259611707918118,3.4444576796410704,2.5460542486937214,6.843466517082121,3.8404481331229494,0.168,4.088,12.203,0.059,1
3mv7,29827,5.032884571959394,7.835384126413,3.6586136573548242,3.475441216216517,6.9089048077648085,8.476449266190318,0.132,5.168,12.893,0.015,0
6amu,1376,3.4805225246311213,5.637437086358912,3.8652621976619366,2.3338825063365034,5.870477296195046,4.789241687104546,0.231,3.869,7.52,0.0,0
6mtm,32300,4.882098213723084,9.139056612650498,3.4249538423807535,3.026664975083009,7.9512528146342305,8.674638687376788,0.083,5.963,17.536,0.0,0
4mnq,20680,2.5131971235877324,4.0444229810370285,1.2403831240692493,1.716983422232354,3.3224459393223396,5.1924481060463545,0.165,2.498,16.568,0.023,0
9gv6,6731,4.705177569021919,8.875973591497988,2.4575527381098814,2.725626855471961,8.193881426204833,3.9252289764388686,0.076,5.764,23.096,0.045,0
4nhu,14626,5.443206957963242,8.409205589656084,6.682381443378378,3.000216843616484,7.26306611898754,7.990885310581988,0.071,6.867,18.994,0.0,0
1qrn,9551,2.987195783168929,4.4326077686435434,2.3771785549636473,2.2548185325597303,3.934307380216563,4.1466417286230595,0.289,3.042,6.762,0.06,1
8eo8,25526,10.204642639162511,20.085415500216232,3.1558196349319187,3.22621045096955,14.959838081373688,11.188991560969304,0.033,11.564,30.974,0.014,0
1ao7,31685,1.5997372217739845,2.6679477935492812,1.0884665549179537,0.9507361818459761,2.375103584532602,1.2984991359656408,0.418,1.042,11.948,0.243,1
5ivx,13388,14.935982429655308,20.138890284864992,5.3584310393178525,13.637612099572603,15.070649660886284,16.534479540399055,0.044,13.66,22.962,0.0,0
5jhd,11975,4.030299649476232,7.100681420791528,3.1699003198340203,2.562383977753054,8.058476668946701,7.734251366856986,0.145,4.556,11.952,0.0,0
4pri,16208,4.886471339337409,6.91857466255586,3.8777387022145944,3.8620158368048076,6.101494978019475,7.252290561180589,0.162,4.454,10.784,0.0,0
2vlk,8291,19.309561061199478,6.625468346402612,7.789626441691729,22.294951761127624,4.643165997303524,5.570789983779673,0.028,14.664,30.103,0.0,0
3qfj,30994,3.0797818798410863,4.881235670190182,2.2168182244750207,2.194243148163917,5.007945583192145,4.273803634390179,0.302,2.857,6.523,0.062,0
1bd2,7591,13.771043548280636,7.9336017638027805,6.638162759464012,15.839812157585467,7.807967435174791,6.350643033169369,0.046,9.516,23.593,0.0,0
5nht,3911,3.9044098165567864,6.511034614050232,2.7641534360768674,2.671359784016644,4.359129299932295,6.6454132752865425,0.125,4.308,14.104,0.0,0
7su9,4680,8.562706606062452,,3.299312601928086,8.859539512348169,,,0.004,32.796,79.512,0.0,3
8rj5,32544,2.009611479568479,3.0489572402669394,3.8852861070557667,1.1329866751676687,3.7728231870798377,2.73781827329923,0.37,1.784,6.442,0.061,0
