seed,sample,ranking_score
793709,0,0.8740434844369133
793709,1,0.8722845842081585
793709,2,0.8825909695531435
793709,3,0.8735720450435531
793709,4,0.8736231939034492
