seed,sample,ranking_score
14823,0,0.8711762383942766
14823,1,0.8881787520247627
14823,2,0.8889107279985843
14823,3,0.8863706924512609
14823,4,0.887778872276154
