seed,sample,ranking_score
562407,0,0.872332784719331
562407,1,0.8626462679228792
562407,2,0.8698082822476124
562407,3,0.8624298842541294
562407,4,0.8572178737873425
