seed,sample,ranking_score
613321,0,0.8406975027920329
613321,1,0.8581154609070756
613321,2,0.8466151406083737
613321,3,0.8278703955707876
613321,4,0.8473627295859127
