pdb_id,model_number,plddt,cdr1a_plddt,cdr1b_plddt,cdr2a_plddt,cdr2b_plddt,cdr3a_plddt,cdr3b_plddt,iptm_mean,iptm_tcrpmhc,pdockq,avgipde_a,avgipde_b,avgipae_a,avgipae_b,pdockq2_a,pdockq2_b,seed,ipsae,ipsae_d0chn,iptm_af,ipsae_d0dom,iptm_d0chn,seed,sample,ranking_score,iRMSD,TCR-iRMSD,Peptide-RMSD,MHC-iRMSD,CDR3a-RMSD,CDR3b-RMSD,DockQ,iRMSD-DockQ,lRMSD-DockQ,Fnat,Clashes,Quality,avgpdockq2,avgipae,avgipde
5wlg,2,89.52369926199262,78.3635,82.22741935483872,71.43765624999999,84.01260869565218,83.64613636363637,79.96769230769232,0.756,0.74,0.366,0.8917338282672376,0.8122371894420286,0.655,0.655,0.5598933929596364,0.2211559578650361,614775327,0.4993222499999999,0.7251725,0.74,0.71812375,0.71812375,614775327,2,0.8214144162730506,1.6747702,2.943662,0.950787,1.0204188,4.979459,1.962638,0.562,1.688,7.583,0.688,0,MQ,0.39052467541233626,0.655,0.8519855088546331
5wlg,4,89.58865006150062,78.941,82.48564516129031,73.45359375000001,82.88347826086957,83.04045454545457,76.62802197802198,0.758,0.7424999999999999,0.415,0.8560618493455925,0.7511975224087223,0.5572916666666666,0.5572916666666666,0.4703850719350912,0.1359591818128602,614775327,0.5108925,0.72994125,0.7424999999999999,0.72473125,0.72473125,614775327,4,0.8234655828424634,2.370284,4.353195,1.0710722,1.2730781,4.370482,5.8761983,0.447,2.427,8.735,0.578,1,AQ,0.3031721268739757,0.5572916666666666,0.8036296858771574
5wlg,3,89.3958471709717,78.20875000000001,82.58241935483869,69.69437500000001,83.2491304347826,82.9015909090909,78.56989010989011,0.754,0.7375,0.316,0.8825786973367615,0.7846145521549232,0.6778787878787877,0.6778787878787879,0.5341176991929765,0.1764745714017301,614775327,0.4987335,0.726145,0.7375,0.719108,0.719108,614775327,3,0.8238550441345329,1.7401959,3.0317788,0.88426566,1.094599,4.5624466,1.9681346,0.576,1.857,6.302,0.688,0,MQ,0.35529613529735327,0.6778787878787877,0.8335966247458424
5wlg,1,89.5116835793358,78.89325,83.12709677419356,70.28375,84.71695652173914,84.33068181818182,81.39758241758243,0.7619999999999999,0.7475,0.355,0.8991199352606064,0.8185296846156463,0.6993548387096773,0.6993548387096774,0.5788946298401269,0.2441974063046489,614775327,0.516645,0.7384820000000001,0.7475,0.73336475,0.73336475,614775327,1,0.8269375527338962,1.3711576,2.2542655,0.8034112,0.9675504,2.6641045,1.3878449,0.623,1.542,5.633,0.688,0,MQ,0.4115460180723879,0.6993548387096773,0.8588248099381264
5wlg,0,89.39209409594096,78.275,82.27774193548389,70.73906249999999,82.99065217391305,82.61363636363636,78.34043956043958,0.746,0.73,0.362,0.8885231799648472,0.800653976063236,0.6292105263157893,0.6292105263157894,0.5483493378189565,0.2017545081558185,614775327,0.4858099999999999,0.71969325,0.73,0.70994125,0.70994125,614775327,0,0.8168824376110461,1.9297708,3.35178,1.1652439,1.2069999,4.7153873,2.1638255,0.541,2.085,6.795,0.672,1,MQ,0.3750519229873875,0.6292105263157894,0.8445885780140416
4mji,2,91.71796477794794,92.7564864864865,91.84129032258063,92.40292682926828,94.074375,94.41325,94.37013888888887,0.866,0.88,0.622,0.9772792399326776,0.9675644594616668,0.8593103448275862,0.8593103448275862,0.8860735672621464,0.8288519342615027,2086430921,0.698388,0.87845925,0.88,0.87845925,0.87845925,2086430921,2,0.9122633612680326,1.1304051,1.8754109,1.6213183,0.7376347,1.3230038,1.4847614,0.771,1.123,1.81,0.716,0,MQ,0.8574627507618245,0.8593103448275862,0.9724218496971722
4mji,3,91.76344410413476,92.44567567567567,91.54435483870968,91.89841463414632,94.61125,94.6805,94.50708333333334,0.86,0.87,0.618,0.9772183779073416,0.9672177498001736,0.8859259259259259,0.885925925925926,0.8880662550500007,0.8282291549907059,2086430921,0.6884755,0.872929,0.87,0.872929,0.872929,2086430921,3,0.90690042153814,1.1215476,1.8333035,1.6110938,0.7500629,1.3177005,1.2779872,0.77,1.106,2.028,0.716,0,MQ,0.8581477050203533,0.885925925925926,0.9722180638537576
4mji,4,91.69706278713628,92.34837837837836,91.60580645161288,91.65048780487804,94.519375,94.634,94.40583333333332,0.8619999999999999,0.8725,0.613,0.9773884517965544,0.9670986323980162,0.8847169811320755,0.8847169811320755,0.8861998197669214,0.8238717329772912,2086430921,0.68864025,0.87506675,0.8725,0.87506675,0.87506675,2086430921,4,0.9085645171631842,1.1235955,1.8715348,1.607487,0.7288069,1.3245258,1.4228886,0.759,1.126,2.693,0.727,0,MQ,0.8550357763721064,0.8847169811320755,0.9722435420972853
4mji,1,91.6911148545176,92.13297297297298,91.23016129032256,91.60719512195122,94.4909375,94.56475,94.38916666666668,0.86,0.87,0.622,0.9762667862354528,0.9649927596387996,0.8618644067796608,0.861864406779661,0.88230143910514,0.8158407866672946,2086430921,0.6834432500000001,0.87218175,0.87,0.87218175,0.87218175,2086430921,1,0.9077569011630068,1.1067629,1.8512136,1.6094718,0.707178,1.3616079,1.4051559,0.757,1.15,2.596,0.727,0,MQ,0.8490711128862174,0.8618644067796609,0.9706297729371263
4mji,0,91.9702986217458,92.7937837837838,91.68806451612905,92.47475609756098,94.7371875,94.81775,94.74638888888887,0.8640000000000001,0.88,0.621,0.9787803973357756,0.9709489700009016,0.88875,0.8887499999999999,0.8934403112284177,0.8442355809952918,2086430921,0.6952645,0.87903425,0.88,0.87903425,0.87903425,2086430921,0,0.91146494823156,1.1464458,1.8830303,1.6160946,0.76653534,1.3269018,1.3524021,0.768,1.138,2.1,0.727,0,MQ,0.8688379461118547,0.8887499999999999,0.9748646836683386
6r2l,3,93.1714951164538,92.6454054054054,95.5,93.16622448979592,93.23682926829268,96.5659090909091,97.28914893617024,0.8720000000000001,0.89,0.653,0.982989032177524,0.9763421694429232,0.8542424242424242,0.8542424242424244,0.9337870442504403,0.8863896623467381,3510126958,0.74640325,0.89271275,0.89,0.89271275,0.89271275,3510126958,3,0.9217060514271254,0.86349064,1.1752435,0.88501644,0.72746235,1.0156509,1.0262287,0.874,0.624,2.435,0.846,0,HQ,0.9100883532985893,0.8542424242424242,0.9796656008102236
6r2l,4,93.2961728024042,92.89351351351353,95.34589743589744,93.8727551020408,93.19585365853658,96.89113636363636,97.36893617021276,0.874,0.89,0.65,0.9831672490645108,0.9763554728357572,0.8195714285714287,0.8195714285714287,0.9357467095137898,0.8913318457346644,3510126958,0.7468205,0.8929915,0.89,0.8929915,0.8929915,3510126958,4,0.922217324280351,1.0408005,1.7280543,0.8326808,0.69821614,0.8047836,1.0494075,0.862,0.801,2.553,0.89,0,HQ,0.913539277624227,0.8195714285714287,0.979761360950134
6r2l,2,93.18412171299774,92.75243243243244,95.12589743589744,93.4669387755102,92.99658536585366,96.5968181818182,97.21446808510636,0.868,0.8825000000000001,0.651,0.9823568476010666,0.975394749493921,0.831449275362319,0.831449275362319,0.9328146922435556,0.8870298597419174,3510126958,0.7370114999999999,0.8887785,0.8825000000000001,0.8887785,0.8887785,3510126958,2,0.918989023560786,1.0021858,1.6061836,0.8554454,0.7112822,0.7585352,0.9904846,0.865,0.752,2.343,0.868,0,HQ,0.9099222759927366,0.831449275362319,0.9788757985474938
6r2l,0,93.13763335837716,92.69054054054054,95.25128205128206,93.03938775510204,93.04829268292684,96.40522727272725,97.21446808510636,0.866,0.8825000000000001,0.653,0.9821729553533324,0.974976737257672,0.8416417910447761,0.8416417910447762,0.9321427983998946,0.8844089265409875,3510126958,0.73473025,0.88760625,0.8825000000000001,0.88760625,0.88760625,3510126958,0,0.9171165713051704,1.0742148,1.7653813,0.85252374,0.7362565,0.7517185,1.0025871,0.883,0.703,1.978,0.879,0,HQ,0.908275862470441,0.8416417910447762,0.9785748463055022
6r2l,1,93.39752967693464,93.02135135135136,93.07846153846154,93.72510204081632,93.43121951219511,96.79977272727272,97.4204255319149,0.8779999999999999,0.895,0.652,0.9840077789459588,0.9778978512796002,0.8364705882352943,0.8364705882352943,0.937760419036307,0.895240452431725,3510126958,0.7583442499999999,0.89871375,0.895,0.89871375,0.89871375,3510126958,1,0.9269432260874092,0.87511086,1.3499875,0.837261,0.64750016,0.73297143,0.9341837,0.895,0.666,1.494,0.879,1,HQ,0.9165004357340161,0.8364705882352943,0.9809528151127795
6avg,1,92.18758006042296,90.17678571428571,89.18487804878049,84.39603174603174,86.1309375,88.91296296296296,73.72359550561798,0.766,0.755,0.421,0.7067318688493333,0.6933008698680785,0.4953703703703704,0.4953703703703703,0.1149787173955009,0.0851433085763712,3083115345,0.583667,0.7277560000000001,0.755,0.7277560000000001,0.7277560000000001,3083115345,1,0.8852255035234007,1.6405181,2.1720004,3.5124884,0.7290446,0.7333297,4.0156813,0.544,1.97,4.775,0.505,2,MQ,0.10006101298593606,0.49537037037037035,0.7000163693587058
6avg,0,92.44346223564956,90.62964285714284,88.96317073170731,85.89206349206351,88.42625000000001,90.8114814814815,76.87022471910113,0.804,0.8075,0.511,0.8367050059657182,0.8403661235479468,0.403030303030303,0.403030303030303,0.2622087128249826,0.3106250339384871,3083115345,0.6097494999999999,0.79302925,0.8075,0.79302925,0.79302925,3083115345,0,0.8895049640428888,1.2972877,2.074676,1.3039297,0.6163648,1.0357288,3.7488441,0.645,1.628,3.604,0.629,0,MQ,0.2864168733817348,0.403030303030303,0.8385355647568324
6avg,2,92.44732024169184,90.77339285714284,88.9390243902439,85.65428571428572,87.869375,90.00185185185185,76.59,0.79,0.785,0.454,0.8228029224250707,0.7818278011500884,0.5074545454545455,0.5074545454545454,0.2851455396028,0.169816073790881,3083115345,0.59333775,0.7639345,0.785,0.7639345,0.7639345,3083115345,2,0.8857842175620835,1.3341683,1.1692222,3.820829,0.6717433,0.6183515,1.7793247,0.612,1.689,3.574,0.546,1,MQ,0.2274808066968405,0.5074545454545454,0.8023153617875796
6avg,4,92.35575528700906,90.41285714285712,88.59463414634146,85.55936507936505,87.234375,89.79185185185185,76.68955056179774,0.79,0.7825,0.459,0.8149445931067848,0.7770512852029541,0.4903571428571429,0.4903571428571429,0.2723558485280902,0.158003583140716,3083115345,0.600011,0.763764,0.7825,0.763764,0.763764,3083115345,4,0.8878490855377003,1.2787235,1.0215931,3.8253522,0.6111595,0.7672274,1.3665209,0.594,1.685,4.453,0.557,0,MQ,0.2151797158344031,0.4903571428571429,0.7959979391548695
6avg,3,92.25877643504532,89.39928571428572,88.97634146341463,84.46492063492063,87.32093750000001,89.61907407407405,76.8185393258427,0.794,0.785,0.42,0.7963846496699879,0.7740630345742978,0.5009615384615385,0.5009615384615385,0.2518757193211985,0.1421406168457307,3083115345,0.58794175,0.7613989999999999,0.785,0.7613989999999999,0.7613989999999999,3083115345,3,0.886709375604006,1.5106176,1.6908456,3.8121693,0.7279172,1.137221,2.993647,0.582,1.806,4.22,0.536,1,MQ,0.1970081680834646,0.5009615384615385,0.7852238421221429
2jcc,0,89.47791882819652,71.99489795918367,57.18000000000001,74.36885416666667,83.49565217391306,78.20227272727273,81.97755319148936,0.72,0.66,0.303,0.8023085709835049,0.6987750220688632,0.5018,0.5018,0.3658982772058589,0.092639025084514,1894783427,0.367593,0.609587,0.66,0.6014042500000001,0.6014042500000001,1894783427,0,0.7854083820635273,1.7741957,3.2403686,1.0593331,1.0952787,2.0761368,3.4006765,0.559,2.976,3.753,0.638,0,MQ,0.22926865114518644,0.5018,0.750541796526184
2jcc,1,89.71848794629234,74.79836734693878,60.568367346938786,75.78010416666667,84.22456521739132,78.67772727272727,83.0445744680851,0.746,0.705,0.284,0.8194111840942732,0.7185864376886852,0.5189999999999999,0.519,0.4046114605783923,0.1073985441470001,1894783427,0.425825,0.6580925,0.705,0.65632725,0.65632725,1894783427,1,0.8098432432459309,1.7392927,3.2602744,0.85509247,1.0162293,2.1477747,3.3593626,0.509,3.689,4.763,0.623,0,MQ,0.2560050023626962,0.5189999999999999,0.7689988108914791
2jcc,4,89.37062862374123,71.84857142857142,57.90244897959184,73.74020833333334,83.5191304347826,78.03954545454543,81.82063829787235,0.7140000000000001,0.655,0.269,0.7876024372508618,0.7034780633182173,0.5257446808510637,0.5257446808510637,0.3334559785608186,0.0947793994889188,1894783427,0.35427525,0.60290575,0.655,0.59330575,0.59330575,1894783427,4,0.7822553950644199,1.6959951,3.08031,0.98883164,1.064487,2.3831687,3.3632429,0.559,3.163,3.89,0.667,0,MQ,0.2141176890248687,0.5257446808510637,0.7455402502845395
2jcc,3,89.41323619163869,71.78,57.72632653061225,74.43447916666666,83.43804347826087,78.04045454545454,82.01414893617022,0.7140000000000001,0.65,0.253,0.7918938397194356,0.6977247811123508,0.5122727272727272,0.5122727272727272,0.3454905662995447,0.0911639043338473,1894783427,0.3532865,0.59964275,0.65,0.5882762500000001,0.5882762500000001,1894783427,3,0.7809240034364925,1.7601594,3.1966052,1.0503393,1.1024026,1.8497121,3.4776638,0.545,3.175,4.418,0.667,0,MQ,0.218327235316696,0.5122727272727272,0.7448093104158933
2jcc,2,89.31828806835522,73.09877551020408,58.31326530612245,74.30229166666668,83.49434782608697,78.09204545454547,81.84776595744681,0.724,0.67,0.304,0.805093108402753,0.6980322158030762,0.5213333333333333,0.5213333333333333,0.3704930176653334,0.0914289050711363,1894783427,0.38195775,0.6177445,0.67,0.61082875,0.61082875,1894783427,2,0.7897084875160387,1.8123026,3.3281376,1.0285457,1.1085039,2.1756265,3.2285976,0.555,3.219,3.579,0.638,0,MQ,0.23096096136823485,0.5213333333333333,0.7515626621029146
8gon,4,89.05383754348813,70.39083333333333,69.42642857142857,75.8494827586207,74.6364705882353,72.98734693877552,65.14930693069307,0.428,0.1425,0.257,0.1382140673416013,0.1587050246981329,0.0505,0.0505,0.0107120181274111,0.0097297676893551,1469676904,0.0,0.0,0.1425,0.07472225,0.07472225,1469676904,4,0.5069999451177903,2.4861073,4.0212045,2.1239324,1.6566393,4.298697,4.1037354,0.498,2.504,4.981,0.486,1,MQ,0.0102208929083831,0.0505,0.1484595460198671
8gon,3,88.84739827560128,70.51533333333333,68.66799999999998,77.10620689655173,75.56441176470588,73.40163265306123,67.44831683168316,0.424,0.1375,0.239,0.1350745365915651,0.1555843701311053,0.0579545454545454,0.0579545454545454,0.0106037351984855,0.0098945294871603,1469676904,0.0,0.0,0.1375,0.074908,0.074908,1469676904,3,0.503798086533294,2.066348,3.375756,1.9449477,1.3187332,2.5992887,4.1015487,0.578,1.994,4.041,0.557,1,MQ,0.0102491323428229,0.0579545454545454,0.14532945336133518
8gon,2,88.95671910452276,70.87066666666668,69.17671428571427,76.61793103448277,75.93823529411763,73.73877551020409,67.67118811881188,0.424,0.1375,0.228,0.1339349755886343,0.1561915916174514,0.0602857142857142,0.0602857142857142,0.0105383548163707,0.0099204351352782,1469676904,0.0,0.0,0.1375,0.075391,0.075391,1469676904,2,0.4968518863375318,2.005489,3.300141,2.0298805,1.2322474,2.618208,4.7508583,0.58,1.764,4.168,0.514,1,MQ,0.01022939497582445,0.0602857142857142,0.14506328360304283
8gon,0,89.12790803206777,71.69016666666668,68.40985714285713,77.6746551724138,75.79735294117647,75.49510204081633,66.69178217821784,0.432,0.1425,0.192,0.1339258881494692,0.1515974027009538,0.0778787878787878,0.0778787878787878,0.0104762559612151,0.0100517700092799,1469676904,0.0,0.0,0.1425,0.0742502499999999,0.0742502499999999,1469676904,0,0.5112081479944965,4.822734,8.9092045,2.5037155,2.1941807,6.135305,8.293377,0.036,6.343,40.542,0.014,0,LQ,0.010264012985247501,0.0778787878787878,0.1427616454252115
8gon,1,88.7405687490546,70.69416666666667,67.84499999999998,76.48534482758622,75.97970588235295,74.09591836734694,67.12425742574257,0.418,0.1275,0.194,0.127744048345871,0.1453265550475862,0.0723529411764705,0.0723529411764705,0.010213395059349,0.0095521785590081,1469676904,0.0,0.0,0.1275,0.07312425,0.07312425,1469676904,1,0.4919059437939446,2.6776533,4.652803,2.0118017,1.5061556,2.8505778,6.8761287,0.235,2.888,15.357,0.257,1,AQ,0.00988278680917855,0.0723529411764705,0.13653530169672862
7jwi,0,88.48445305514159,77.59711538461538,78.60654545454545,68.46218390804597,83.10317073170731,73.73087719298243,75.31557894736841,0.55,0.365,0.159,0.3682014649978319,0.3833287582215323,0.3065217391304348,0.3065217391304348,0.0294221047685576,0.0182911956418343,2010428441,0.01176025,0.34975925,0.365,0.20886575,0.20886575,2010428441,0,0.6172439149528847,7.9069524,17.235985,3.967597,3.6765935,13.8878975,9.895768,0.032,16.408,35.449,0.033,0,LQ,0.02385665020519595,0.3065217391304348,0.37576511160968207
7jwi,1,88.70355737704918,77.04365384615383,79.22309090909091,67.92333333333335,83.25146341463415,73.1122807017544,75.16473684210527,0.564,0.38,0.263,0.3642737101923875,0.3994795139634811,0.2530555555555555,0.2530555555555555,0.0291551822722015,0.0216890535734824,2010428441,0.01175375,0.3503365,0.38,0.21098475,0.21098475,2010428441,1,0.6289251120734979,8.027542,17.393097,4.0993056,3.8365586,15.582729,10.939096,0.032,16.541,35.025,0.033,0,LQ,0.02542211792284195,0.2530555555555555,0.38187661207793433
7jwi,4,88.35694932935917,76.55999999999999,78.35945454545454,66.43057471264366,81.93073170731708,72.29315789473684,73.45536842105263,0.534,0.3425,0.186,0.3343338569993995,0.3861611202443548,0.3019354838709677,0.3019354838709677,0.0248792500136239,0.0185007764921359,2010428441,0.0116969999999999,0.34911325,0.3425,0.19619275,0.19619275,2010428441,4,0.6035718916400502,8.170569,17.595732,4.3290777,3.997796,14.37018,9.902285,0.031,16.512,35.834,0.033,1,LQ,0.0216900132528799,0.3019354838709677,0.36024748862187717
7jwi,3,88.41764083457527,77.26884615384616,78.14563636363637,66.66793103448275,82.43585365853659,72.42070175438596,73.86042105263158,0.522,0.3175,0.11,0.3063038638313908,0.32715172250775,0.2961111111111111,0.296111111111111,0.0215879751970694,0.0145540740770575,2010428441,0.00542325,0.1608225,0.3175,0.18201,0.18201,2010428441,3,0.5896411092189893,7.9816613,17.287712,4.0725055,3.8211722,14.872646,11.323543,0.032,16.17,35.758,0.033,0,LQ,0.01807102463706345,0.29611111111111105,0.3167277931695704
7jwi,2,88.29581371087929,76.85884615384614,78.4961818181818,67.35183908045975,82.31975609756098,72.80824561403509,73.95410526315789,0.542,0.355,0.192,0.3481218789147615,0.371571489482319,0.27,0.27,0.0267602123236791,0.0177075054328145,2010428441,0.01136125,0.3428865,0.355,0.19930725,0.19930725,2010428441,2,0.6119650196275525,8.009472,17.287848,4.2416377,3.8796728,13.701607,9.075835,0.032,16.386,35.689,0.033,1,LQ,0.0222338588782468,0.27,0.35984668419854027
8f5a,2,91.65840443297404,82.63914893617022,79.99586206896552,80.76747252747253,81.8891891891892,81.38944444444445,82.88015624999998,0.6,0.5225,0.177,0.6218458092014512,0.6690505278094303,0.4636111111111111,0.4636111111111111,0.0740509951184075,0.085423245847265,1629925859,0.16024075,0.4781535,0.5225,0.427249,0.427249,1629925859,2,0.727167410961602,1.9796429,3.703068,2.6987278,0.85817516,5.1556816,2.8781846,0.344,2.429,11.114,0.386,0,AQ,0.07973712048283625,0.4636111111111111,0.6454481685054407
8f5a,3,91.74526339760136,83.38978723404254,81.03258620689654,81.97065934065935,82.0154054054054,82.17666666666668,83.13843750000001,0.602,0.535,0.269,0.6592333712253962,0.6949739308172445,0.4436734693877551,0.4436734693877551,0.0923513964891662,0.1131729964808157,1629925859,0.1724305,0.4811945,0.535,0.4384855,0.4384855,1629925859,3,0.7351817260659226,1.9162015,3.345088,3.4471104,0.7757632,5.1863236,2.1424925,0.458,2.053,8.78,0.543,1,AQ,0.10276219648499095,0.4436734693877551,0.6771036510213203
8f5a,4,91.58020798542584,82.83872340425532,80.67706896551724,81.10912087912087,81.30486486486487,81.35388888888889,82.53875,0.598,0.52,0.268,0.6502640250247665,0.6799617533897357,0.4338,0.4338,0.0904691713810403,0.1006166409892361,1629925859,0.15549,0.47721175,0.52,0.4258505,0.4258505,1629925859,4,0.7273579757537044,1.8497558,3.2991633,3.021469,0.8038606,5.190455,2.119888,0.519,1.858,6.481,0.529,0,AQ,0.0955429061851382,0.4338,0.6651128892072511
8f5a,1,91.81227721269164,83.55659574468085,81.77482758620691,81.91065934065935,82.12972972972975,82.37370370370371,83.55453125,0.618,0.5525,0.217,0.6837316436599965,0.7139659322091382,0.4595238095238095,0.4595238095238096,0.1097628321134204,0.1255193186180795,1629925859,0.19809925,0.5020822500000001,0.5525,0.4654185,0.4654185,1629925859,1,0.7484948368325843,1.6324695,3.0007236,2.1484604,0.79384744,4.7153316,2.1688564,0.571,1.78,4.456,0.514,0,MQ,0.11764107536574994,0.45952380952380956,0.6988487879345673
8f5a,0,91.7472703810536,84.0155319148936,81.00120689655172,82.58153846153846,81.34513513513514,82.25203703703704,81.47,0.61,0.5475,0.261,0.6897633136818895,0.6937238598997032,0.4302040816326531,0.430204081632653,0.1186704445556537,0.1047948087306555,1629925859,0.190473,0.490874,0.5475,0.455297,0.455297,1629925859,0,0.7479368544671844,1.8075844,3.1269028,3.4524233,0.6611116,5.0595,1.2138978,0.518,1.795,8.022,0.614,0,AQ,0.1117326266431546,0.43020408163265306,0.6917435867907964
7n2p,0,88.84175844516427,74.51893617021275,76.88948275862067,71.63272727272728,81.499375,78.43981481481481,67.64731958762887,0.55,0.3825,0.185,0.3061544023694034,0.3608606214895992,0.2544444444444445,0.2544444444444445,0.0191970918965232,0.0176476101135507,4288702930,0.0106045,0.3233735,0.3825,0.21703125,0.21703125,4288702930,0,0.6174735165004185,2.0483596,3.961105,1.5341642,1.0166597,4.252678,4.1927214,0.293,2.765,12.442,0.333,0,AQ,0.01842235100503695,0.2544444444444445,0.3335075119295013
7n2p,1,89.11004473237699,76.39510638297871,77.95344827586206,72.49974025974025,82.46187499999999,79.35814814814813,71.78773195876289,0.608,0.475,0.26,0.410829530883286,0.4773359309458084,0.2441176470588235,0.2441176470588235,0.0332408219780828,0.0331655050670417,4288702930,0.04374325,0.3702185,0.475,0.29689,0.29689,4288702930,1,0.6725573641366007,1.9765713,3.8258305,1.5539563,0.9663928,4.9850864,4.796089,0.415,1.958,10.451,0.476,0,AQ,0.03320316352256225,0.2441176470588235,0.4440827309145472
7n2p,3,89.26345519049822,75.96191489361703,77.93896551724139,73.32974025974026,82.199375,79.27888888888891,70.96865979381444,0.61,0.475,0.26,0.3987391386063625,0.4746568643289245,0.2366666666666666,0.2366666666666666,0.0312169623357599,0.0322737690094945,4288702930,0.0451725,0.36467925,0.475,0.2954895,0.2954895,4288702930,3,0.676156308218138,1.773796,3.3500278,1.4887251,0.94385695,3.6706195,4.2419786,0.437,2.026,9.725,0.524,1,AQ,0.0317453656726272,0.2366666666666666,0.4366980014676435
7n2p,4,88.82518124325158,75.05510638297872,76.81827586206894,72.60623376623376,79.82375,77.16574074074073,67.43092783505155,0.556,0.3825,0.146,0.3289532700379109,0.3939817221010934,0.2495238095238095,0.2495238095238095,0.0207365713438427,0.0206569703967914,4288702930,0.01148075,0.3402172499999999,0.3825,0.23183575,0.23183575,4288702930,4,0.6278635916384491,1.7639719,3.164679,1.6001035,1.077539,5.500493,2.2680936,0.423,1.859,10.797,0.492,0,AQ,0.02069677087031705,0.2495238095238095,0.3614674960695021
7n2p,2,88.78598796853309,75.01510638297871,76.93413793103448,72.49688311688313,80.7225,77.82055555555556,67.3498969072165,0.568,0.405,0.199,0.3351820914020059,0.4108406140904618,0.2440740740740741,0.244074074074074,0.0217391025572695,0.0226582912677149,4288702930,0.011712,0.34459425,0.405,0.24656925,0.24656925,4288702930,2,0.639756004316587,1.6974734,3.0853915,1.6654121,0.9832881,4.1067815,3.2730834,0.481,1.831,8.466,0.54,1,AQ,0.0221986969124922,0.24407407407407405,0.37301135274623387
5jhd,4,92.69222906959268,89.05016666666667,71.64371428571427,93.87828125,94.21358974358974,92.2495652173913,90.7925352112676,0.8300000000000001,0.83,0.571,0.9586855455335986,0.9405022832751864,0.8086538461538461,0.8086538461538463,0.8135674772125543,0.6827729466427541,714480635,0.61844725,0.82499525,0.83,0.82499525,0.82499525,714480635,4,0.8858764897265842,0.7811554,0.94386655,1.9616069,0.47518906,0.47531736,1.0020007,0.899,0.662,1.759,0.9,0,HQ,0.7481702119276542,0.8086538461538462,0.9495939144043926
5jhd,3,92.50314745227716,87.5135,71.6087142857143,93.4653125,93.85179487179484,92.0141304347826,90.2305633802817,0.818,0.8200000000000001,0.577,0.9537405097730038,0.9358152669786088,0.8105555555555555,0.8105555555555556,0.7938235757047991,0.6530819976312303,714480635,0.5908640000000001,0.80853,0.8200000000000001,0.80853,0.80853,714480635,3,0.8769775487752615,0.8087954,0.8187536,1.9193527,0.6068819,0.542431,0.6255279,0.887,0.679,2.055,0.886,1,HQ,0.7234527866680147,0.8105555555555555,0.9447778883758063
5jhd,2,92.54946790921387,86.77699999999999,71.11457142857142,93.208125,93.82794871794871,91.53434782608696,90.35591549295776,0.8160000000000001,0.8150000000000001,0.576,0.9502920002061536,0.933700539134045,0.7967857142857142,0.7967857142857142,0.7791190835568002,0.6334705281116996,714480635,0.59287575,0.80889175,0.8150000000000001,0.80889175,0.80889175,714480635,2,0.8763122357476572,0.735079,0.8087395,1.9411178,0.45488745,0.6084921,0.7217671,0.881,0.633,2.697,0.886,0,HQ,0.7062948058342499,0.7967857142857142,0.9419962696700993
5jhd,0,92.5939140237487,87.19266666666667,71.41728571428573,93.46890625,93.76794871794873,92.00630434782607,89.88338028169014,0.8240000000000001,0.825,0.575,0.9515368923486678,0.9369542705349668,0.7860714285714285,0.7860714285714285,0.781450763333496,0.6525764550033926,714480635,0.60074775,0.817456,0.825,0.817456,0.817456,714480635,0,0.8819352585419691,0.77334154,0.86709046,1.9384044,0.50887847,0.57494235,0.6559304,0.866,0.715,2.382,0.857,0,HQ,0.7170136091684443,0.7860714285714285,0.9442455814418174
5jhd,1,92.5224124455133,87.12500000000001,70.43342857142858,93.370625,93.9274358974359,91.99978260869564,89.93323943661971,0.8240000000000001,0.825,0.566,0.9531326734854748,0.9371563108263424,0.8137735849056603,0.8137735849056604,0.786817513583395,0.6528211282364109,714480635,0.59883575,0.81661125,0.825,0.81661125,0.81661125,714480635,1,0.881633244452162,0.74733454,0.88193446,1.882974,0.4644888,0.476283,0.64336264,0.889,0.721,1.512,0.886,0,HQ,0.719819320909903,0.8137735849056604,0.9451444921559087
6vrm,1,90.92442181038444,81.85725,72.23685714285715,84.07402439024389,88.497,83.85297297297298,91.14272727272729,0.6679999999999999,0.5825,0.264,0.7910772085745641,0.7654198995513055,0.543448275862069,0.5434482758620689,0.3412102701888059,0.2094181945596208,3914634039,0.17151175,0.50464125,0.5825,0.45128675,0.45128675,3914634039,1,0.7312918262382544,1.7977293,3.232221,1.11325,1.0415713,2.1147742,4.8381295,0.559,2.092,5.695,0.648,0,MQ,0.2753142323742134,0.5434482758620689,0.7782485540629348
6vrm,0,90.97309695206005,82.29549999999999,72.11942857142859,84.66829268292683,88.66900000000001,84.28918918918919,91.05171717171716,0.6759999999999999,0.595,0.293,0.7973988036118133,0.7739074748116327,0.543448275862069,0.5434482758620689,0.3561080925246797,0.2223255749238853,3914634039,0.18439675,0.51113375,0.595,0.46295775,0.46295775,3914634039,0,0.7378777833240749,1.7748619,3.2337148,1.1442187,0.97800165,2.1284864,4.8395944,0.567,2.071,4.965,0.611,0,MQ,0.2892168337242825,0.5434482758620689,0.785653139211723
6vrm,2,90.9319237249196,82.38,72.3202857142857,84.38658536585365,88.6385,84.22027027027028,91.19343434343436,0.67,0.5900000000000001,0.293,0.8062769105609937,0.7888662058514458,0.5588461538461539,0.5588461538461538,0.3755838161639852,0.2449360529401376,3914634039,0.1780085,0.50762875,0.5900000000000001,0.45609275,0.45609275,3914634039,2,0.7337547769282803,1.7832348,3.195225,1.0987288,1.0448712,2.2354794,4.7892146,0.549,2.077,5.672,0.611,0,MQ,0.31025993455206136,0.5588461538461538,0.7975715582062197
6vrm,4,91.04460101087456,82.45824999999999,71.99285714285713,84.63134146341464,88.83,84.43594594594592,91.23949494949495,0.6799999999999999,0.595,0.241,0.8175526666017751,0.7981223111022633,0.5791666666666667,0.5791666666666667,0.3856343542126836,0.2632074026666006,3914634039,0.19818325,0.51749125,0.595,0.47110575,0.47110575,3914634039,4,0.7455599036611514,1.7653445,3.243684,1.0388206,0.9551036,2.2381003,4.7249055,0.521,2.163,5.809,0.556,0,MQ,0.32442087843964207,0.5791666666666667,0.8078374888520192
6vrm,3,90.98588911012406,82.4945,72.3817142857143,84.64146341463415,88.52574999999999,83.83081081081082,91.20242424242424,0.6759999999999999,0.595,0.262,0.8013965403021353,0.7695012437628189,0.5515384615384615,0.5515384615384616,0.3603003271907444,0.21347456777196,3914634039,0.191322,0.5130665,0.595,0.46334925,0.46334925,3914634039,3,0.7363570463715646,1.7402011,3.1084523,1.1064636,1.0252826,2.0398276,4.789825,0.568,1.908,4.937,0.574,0,MQ,0.2868874474813522,0.5515384615384615,0.7854488920324771
7q9a,4,91.84131825037709,90.07681818181815,93.38934782608696,90.40482758620688,87.69874999999999,87.47793103448278,89.40260416666668,0.8160000000000001,0.8275,0.569,0.9619308622922088,0.9378905842294664,0.8194444444444443,0.8194444444444445,0.8234315828263183,0.6653212262882444,413823851,0.62975275,0.8278615,0.8275,0.8278615,0.8278615,413823851,4,0.8823084593206351,1.0855837,2.0033844,0.68038356,0.6171048,2.0545757,1.6452637,0.608,1.436,6.804,0.693,0,MQ,0.7443764045572814,0.8194444444444444,0.9499107232608376
7q9a,3,91.65680090497736,87.68204545454546,89.37782608695652,89.47948275862068,88.77525,88.43896551724139,88.98510416666666,0.796,0.8049999999999999,0.558,0.9520328618793532,0.9232518127487418,0.8186666666666668,0.8186666666666668,0.776905294471983,0.6009701630457183,413823851,0.5818855,0.79379225,0.8049999999999999,0.7927187499999999,0.7927187499999999,413823851,3,0.8584695084499882,0.79061985,1.3515153,0.5862164,0.53363085,1.6723663,1.1869742,0.812,0.798,4.19,0.853,0,HQ,0.6889377287588506,0.8186666666666668,0.9376423373140474
7q9a,2,91.39841779788838,88.7525,89.39282608695653,89.77655172413793,88.7755,87.95724137931033,88.9340625,0.8019999999999999,0.8075,0.58,0.9548326285249664,0.9219442522450254,0.8403389830508475,0.8403389830508474,0.7911583653524905,0.6039334837857544,413823851,0.59403025,0.79887075,0.8075,0.79752875,0.79752875,413823851,2,0.8640408877842868,0.86476487,1.5674309,0.24576224,0.5417154,1.8912073,1.2897671,0.808,0.944,2.924,0.813,0,HQ,0.6975459245691225,0.8403389830508474,0.9383884403849959
7q9a,0,91.37846304675716,87.53249999999998,89.74021739130433,89.82758620689656,88.931,88.03724137931034,89.31302083333333,0.812,0.8175,0.57,0.9610610412899526,0.9312350462435453,0.8613207547169811,0.8613207547169811,0.8118409125301731,0.6246393246279005,413823851,0.61540025,0.8145425,0.8175,0.8145425,0.8145425,413823851,0,0.8709492651995774,0.77771527,1.378397,0.46653423,0.49666616,1.6777067,1.3419968,0.717,1.075,5.871,0.813,0,MQ,0.7182401185790368,0.8613207547169811,0.9461480437667489
7q9a,1,91.69119457013576,88.0640909090909,89.48195652173914,89.69741379310344,89.02725000000001,88.25068965517245,89.07781250000001,0.8039999999999999,0.8049999999999999,0.566,0.95757187262655,0.9266154221850194,0.8429629629629629,0.842962962962963,0.8009571534280073,0.6118975467046356,413823851,0.598199,0.79972875,0.8049999999999999,0.79972875,0.79972875,413823851,1,0.8643050324190351,0.8977503,1.5589727,0.6177779,0.59192944,1.9626876,1.2818555,0.787,0.898,3.542,0.773,0,MQ,0.7064273500663214,0.8429629629629629,0.9420936474057846
5nmf,0,93.9543259951749,86.99954545454547,92.81478260869564,94.72876543209875,94.4657894736842,93.23216666666666,96.24137931034484,0.866,0.8775,0.587,0.9769046454624476,0.96798875432675,0.7754166666666668,0.7754166666666666,0.901057801906874,0.8468377018863852,199444501,0.7150115,0.8793115,0.8775,0.8793115,0.8793115,199444501,0,0.9152551979876484,0.75606596,1.0202526,0.8921287,0.6430316,1.0999583,0.5287132,0.848,0.603,4.734,0.919,0,HQ,0.8739477518966297,0.7754166666666666,0.9724466998945989
5nmf,1,93.64960946924003,87.84590909090909,94.27565217391304,94.47308641975307,94.12894736842104,91.742,95.9751724137931,0.8480000000000001,0.8625,0.582,0.9745040088959898,0.9653883725373592,0.7614285714285713,0.7614285714285715,0.896760578418875,0.8435673814266579,199444501,0.686339,0.86342425,0.8625,0.86342425,0.86342425,199444501,1,0.9021406932632504,0.6834915,0.8173363,0.8288048,0.6217038,0.8127647,0.3443317,0.892,0.508,3.604,0.932,0,HQ,0.8701639799227665,0.7614285714285713,0.9699461907166744
5nmf,4,93.66079463208683,87.99272727272727,94.36065217391302,94.76172839506172,94.35473684210528,92.709,96.31402298850574,0.8539999999999999,0.8674999999999999,0.589,0.9765092895698728,0.9670039969040888,0.8167391304347823,0.8167391304347827,0.9055988964662413,0.8524454255428138,199444501,0.7000277500000001,0.8707965,0.8674999999999999,0.8707965,0.8707965,199444501,4,0.9065946536519108,0.74573094,0.95656776,0.8150623,0.66467094,0.80802083,0.55584395,0.9,0.609,2.669,0.932,0,HQ,0.8790221610045275,0.8167391304347825,0.9717566432369809
5nmf,3,93.74897316043425,87.8490909090909,94.50608695652176,94.86,94.54184210526314,92.67833333333334,96.373908045977,0.8620000000000001,0.8775,0.586,0.9773073610085736,0.9679957304470396,0.8052083333333333,0.8052083333333333,0.9072366102304186,0.8540524959355164,199444501,0.71059725,0.87740875,0.8775,0.87740875,0.87740875,199444501,3,0.912324610396467,0.7730077,0.98539466,0.87926304,0.68701446,0.8770262,0.5683378,0.873,0.618,3.656,0.919,0,HQ,0.8806445530829674,0.8052083333333333,0.9726515457278067
5nmf,2,93.68113841978288,88.46022727272728,94.46695652173912,95.00061728395062,94.48368421052632,93.514,96.4571264367816,0.858,0.875,0.589,0.977925954042501,0.9698734920860624,0.8393617021276594,0.8393617021276596,0.9104294445375224,0.8665092623149045,199444501,0.7069125,0.87557225,0.875,0.87557225,0.87557225,199444501,2,0.9094293356474082,0.8320701,1.064572,0.9012828,0.74379486,1.1885189,0.65333015,0.867,0.673,3.747,0.932,0,HQ,0.8884693534262135,0.8393617021276595,0.9738997230642817
3tjh,0,91.28463997250384,74.64979591836735,89.11698412698414,81.2784210526316,89.3365909090909,89.63384615384616,92.21042857142858,0.796,0.8225,0.341,0.9180619095377396,0.8618271348921428,0.5024324324324324,0.5024324324324324,0.6550741931152955,0.3299082423666492,3558536145,0.52982325,0.79544475,0.8225,0.79544475,0.79544475,3558536145,0,0.8736504230614874,1.3197889,2.1914728,0.79990786,0.8384455,4.068629,0.8759022,0.637,1.647,3.686,0.617,1,MQ,0.4924912177409723,0.5024324324324324,0.8899445222149411
3tjh,1,90.82974394225812,71.29857142857144,87.08333333333333,79.19315789473686,88.23522727272726,87.77897435897437,91.68157142857144,0.752,0.7625,0.322,0.8757307613541546,0.7941414015106214,0.549,0.5489999999999999,0.5233124367401886,0.2057098607453166,3558536145,0.436946,0.710624,0.7625,0.710624,0.710624,3558536145,1,0.8375230996989722,1.2081982,1.9192408,0.78249544,0.84284973,3.3762093,0.71498716,0.701,1.403,3.271,0.7,0,MQ,0.3645111487427526,0.5489999999999999,0.8349360814323881
3tjh,4,91.22495445952912,71.34510204081634,88.31984126984126,78.18157894736841,88.67,89.07282051282051,91.70457142857144,0.776,0.7975,0.366,0.8929879687091213,0.8122122377301015,0.565,0.5650000000000001,0.5894545241770828,0.226053850016253,3558536145,0.49024875,0.761504,0.7975,0.761504,0.761504,3558536145,4,0.8594334774201567,1.3103648,2.2104678,0.71070796,0.8059997,3.7467623,0.84779686,0.658,1.643,3.743,0.683,0,MQ,0.4077541870966679,0.565,0.8526001032196114
3tjh,3,90.90564186286304,71.68714285714286,87.78714285714285,80.71684210526318,88.64999999999999,88.4971794871795,92.07571428571428,0.7699999999999999,0.7875,0.28,0.9021473373676784,0.8345444525968188,0.5693103448275862,0.5693103448275861,0.5988402759386017,0.2769170576189863,3558536145,0.4740375,0.7481927500000001,0.7875,0.7481927500000001,0.7481927500000001,3558536145,3,0.8519562419216851,1.1695359,1.8977205,0.7498744,0.7809453,3.3628688,0.77832407,0.691,1.341,3.332,0.65,0,MQ,0.43787866677879395,0.5693103448275862,0.8683458949822486
3tjh,2,90.65203815088502,69.03,86.51619047619047,77.83749999999998,88.04249999999999,87.61692307692309,91.17485714285712,0.748,0.755,0.288,0.8650191018785456,0.7818553529032403,0.5441935483870968,0.5441935483870967,0.4952882893589088,0.1876158332508381,3558536145,0.41728375,0.69897975,0.755,0.69897975,0.69897975,3558536145,2,0.8327619301358032,1.1710409,1.8844137,0.66854876,0.80480194,3.3321915,0.72930723,0.692,1.416,2.606,0.633,0,MQ,0.34145206130487343,0.5441935483870968,0.823437227390893
4qrr,3,93.2760149812734,94.34478873239438,92.5998113207547,95.24813953488372,93.45216216216215,94.48055555555555,94.63883495145632,0.8480000000000001,0.8525,0.425,0.9616908521269494,0.9593388859123134,0.8368421052631578,0.8368421052631578,0.8260552403676066,0.8076943952063586,2203849823,0.639093,0.84434175,0.8525,0.84434175,0.84434175,2203849823,3,0.90487749879598,1.0285276,1.4985898,1.1317588,0.80167425,0.74992067,1.1096499,0.881,0.545,2.76,0.855,0,HQ,0.8168748177869826,0.8368421052631578,0.9605148690196315
4qrr,4,93.44048239700372,94.31154929577464,92.72905660377356,94.9060465116279,93.24783783783784,94.74648148148144,94.58058252427185,0.852,0.8525,0.426,0.9624558318082788,0.9575612338549446,0.8155555555555556,0.8155555555555556,0.8315478659715521,0.7970494051987455,2203849823,0.64624425,0.8484335,0.8525,0.8484335,0.8484335,2203849823,4,0.9097517171852604,1.0491444,1.5665997,1.0100247,0.8148759,0.6603445,1.2436092,0.884,0.564,1.875,0.823,0,HQ,0.8142986355851487,0.8155555555555556,0.9600085328316117
4qrr,2,93.33774232209738,93.97126760563378,92.4132075471698,94.84465116279073,93.25,94.38407407407406,94.28388349514564,0.842,0.845,0.42,0.9605262614838532,0.9549756041492636,0.8405882352941176,0.8405882352941176,0.821266807062253,0.7839351520719421,2203849823,0.625266,0.835033,0.845,0.835033,0.835033,2203849823,2,0.9032170318239175,1.0508661,1.5456778,1.208206,0.8017731,0.7485415,1.1800255,0.871,0.544,2.72,0.823,0,HQ,0.8026009795670975,0.8405882352941176,0.9577509328165584
4qrr,0,93.41472659176031,94.8007042253521,92.76660377358492,95.3906976744186,93.42189189189187,94.6674074074074,94.59368932038836,0.852,0.8574999999999999,0.403,0.9654650220280192,0.9613432092811588,0.8405882352941176,0.8405882352941176,0.840813653675912,0.8106968717262777,2203849823,0.64919675,0.852375,0.8574999999999999,0.852375,0.852375,2203849823,0,0.9097581988622828,1.0199636,1.4997921,1.0898994,0.7914448,0.76210225,1.2099456,0.892,0.517,2.089,0.839,0,HQ,0.8257552627010949,0.8405882352941176,0.9634041156545889
4qrr,1,93.4480808988764,94.46098591549298,92.92603773584904,95.11093023255812,93.35162162162165,94.71722222222223,94.68252427184466,0.8480000000000001,0.8525,0.418,0.963699587886641,0.9596131531739552,0.83375,0.83375,0.8358956538407297,0.8026810344676617,2203849823,0.64407925,0.846897,0.8525,0.846897,0.846897,2203849823,1,0.9077040361497568,1.016284,1.5507458,1.0628225,0.7555113,0.8093492,1.2559506,0.882,0.523,2.015,0.806,0,HQ,0.8192883441541957,0.83375,0.9616563705302981
2esv,0,92.52632609685745,88.08333333333336,88.13378378378378,90.0561797752809,94.90777777777777,93.24960784313728,93.36024691358026,0.842,0.845,0.471,0.9687262435588152,0.9507561800762084,0.8627272727272728,0.8627272727272727,0.8642378523664656,0.7336210731809601,3803995630,0.67066625,0.8445785,0.845,0.8445785,0.8445785,3803995630,0,0.8940924926619382,0.8315279,0.99844843,0.6522573,0.79139197,1.1852134,1.2127742,0.86,0.586,2.736,0.806,0,HQ,0.7989294627737129,0.8627272727272728,0.9597412118175118
2esv,1,92.50400333991196,87.88166666666666,88.58675675675676,89.29269662921348,94.59777777777778,92.70627450980392,92.86641975308642,0.8320000000000001,0.8325,0.454,0.963002749155468,0.9424278514673652,0.8436111111111112,0.8436111111111111,0.8407225142099433,0.6924800846665128,3803995630,0.64683725,0.8298125000000001,0.8325,0.8298125000000001,0.8298125000000001,3803995630,1,0.8873983721914446,0.7681739,0.9814994,0.6473512,0.7038309,0.8966742,1.2264109,0.879,0.504,2.584,0.823,0,HQ,0.7666012994382281,0.8436111111111111,0.9527153003114166
2esv,4,92.2392606649461,87.84592592592593,88.90162162162163,89.36348314606741,94.54638888888888,93.22764705882352,92.99617283950616,0.828,0.8275,0.481,0.9628308904678584,0.9416327839260008,0.858888888888889,0.8588888888888889,0.843141966450771,0.70635694278866,3803995630,0.644702,0.82528575,0.8275,0.82528575,0.82528575,3803995630,4,0.8856561137183132,0.9650727,1.3525963,0.74701184,0.8364844,1.2322153,1.6014074,0.831,0.699,3.595,0.823,0,HQ,0.7747494546197156,0.858888888888889,0.9522318371969296
2esv,3,92.5395597388796,87.95888888888888,88.38945945945946,89.34898876404493,94.73138888888889,92.71235294117643,92.84555555555556,0.842,0.8425,0.457,0.965655889013768,0.9457907391888196,0.8671428571428572,0.8671428571428572,0.8498367047226821,0.7041094193301869,3803995630,0.6677489999999999,0.84377075,0.8425,0.84377075,0.84377075,3803995630,3,0.8948603539150272,0.7925741,0.99084884,0.65413797,0.7363423,0.9797498,1.2522359,0.845,0.528,4.178,0.839,0,HQ,0.7769730620264346,0.8671428571428572,0.9557233141012937
2esv,2,92.73793077273416,88.36259259259259,89.18837837837839,89.70730337078652,95.17944444444444,93.84686274509804,93.34308641975308,0.844,0.8475,0.465,0.9674500686686084,0.9490503690692398,0.8552941176470589,0.8552941176470589,0.8651860439801881,0.7341000484006427,3803995630,0.675889,0.846792,0.8475,0.846792,0.846792,3803995630,2,0.8988863949877235,0.82779545,1.1421826,0.6686144,0.7236102,1.1965072,1.272899,0.846,0.632,2.84,0.79,0,HQ,0.7996430461904154,0.8552941176470589,0.9582502188689241
9ru5,3,84.20865537321335,70.12477272727271,80.72967741935483,66.28105263157896,77.21297297297299,76.42296296296297,74.00999999999999,0.556,0.425,0.168,0.5606765286881747,0.5161799451337589,0.37675,0.37675,0.0642260649126477,0.0318479952440431,801430661,0.0265985,0.3802117499999999,0.425,0.28983975,0.28983975,801430661,3,0.6516228267511418,2.1816278,3.6761642,2.0787954,1.6062722,3.421783,2.9860895,0.574,2.099,3.555,0.532,0,MQ,0.04803703007834541,0.37675,0.5384282369109668
9ru5,4,83.92803776248456,69.13,79.82048387096776,66.16347368421053,76.5254054054054,75.61351851851853,73.32441860465117,0.536,0.3925,0.19,0.5142507313374446,0.4942750839094824,0.3734090909090909,0.3734090909090909,0.0513661401585435,0.0261222807780268,801430661,0.0206219999999999,0.372483,0.3925,0.269743,0.269743,801430661,4,0.636955167329769,2.0781608,3.3089812,2.2345958,1.5981046,2.9284117,2.8308375,0.571,2.008,4.269,0.557,1,MQ,0.03874421046828515,0.3734090909090909,0.5042629076234635
9ru5,2,83.41262925710252,67.56931818181818,78.7151612903226,64.3678947368421,74.92999999999999,74.58203703703704,71.8506976744186,0.508,0.3475,0.129,0.5087279461718226,0.4798746079300663,0.4151851851851851,0.4151851851851852,0.0451227642197129,0.0271451178297112,801430661,0.0149085,0.3697325,0.3475,0.2393974999999999,0.2393974999999999,801430661,2,0.6104530257571542,2.1711798,3.5436943,1.9021753,1.6855816,2.6217022,2.5390735,0.53,2.16,4.964,0.519,0,MQ,0.036133941024712055,0.41518518518518516,0.49430127705094445
9ru5,0,83.33347450149991,68.17886363636363,79.09048387096773,64.3798947368421,75.13621621621621,74.9075925925926,72.208488372093,0.518,0.365,0.161,0.5149736735256744,0.4836704502521505,0.4107692307692308,0.4107692307692308,0.0479168005567619,0.0271080643840641,801430661,0.014878,0.36936075,0.365,0.245522,0.245522,801430661,0,0.6144154096845403,2.2180352,3.64652,2.3605,1.6470083,2.8708498,2.9362643,0.552,2.086,4.48,0.532,1,MQ,0.037512432470413,0.4107692307692308,0.4993220618889124
9ru5,1,83.6347556026116,66.46795454545453,78.30580645161288,62.079999999999984,75.85135135135135,75.59851851851853,72.41279069767441,0.52,0.3675,0.141,0.5258561777313779,0.476978066598074,0.3447368421052632,0.3447368421052632,0.0495211983053298,0.0262074232254989,801430661,0.01657275,0.37114475,0.3675,0.252225,0.252225,801430661,1,0.6204130629385853,2.428739,4.1106124,2.3792768,1.7678746,5.311363,2.8395855,0.503,2.385,4.639,0.456,0,AQ,0.03786431076541435,0.3447368421052632,0.501417122164726
6bj8,0,93.32660835469764,90.5988732394366,88.64283018867926,85.48833333333333,90.58125,85.00864864864866,90.00762376237621,0.8240000000000001,0.8225,0.498,0.9617770729236028,0.9127477062615788,0.8191489361702129,0.8191489361702129,0.8243909945741101,0.5346726257949314,838688906,0.6332395,0.82120225,0.8225,0.82120225,0.82120225,838688906,0,0.8806345310468966,1.0145979,1.2947552,0.4506016,0.946436,1.1420181,0.5960227,0.782,1.146,3.104,0.831,0,MQ,0.6795318101845207,0.8191489361702129,0.9372623895925908
6bj8,1,93.34295128939829,90.61605633802816,88.59811320754719,84.0736111111111,90.79325,86.0791891891892,89.91633663366336,0.8240000000000001,0.8225,0.51,0.9555365028098732,0.9047977312631866,0.8225,0.8225,0.8057021967925051,0.5007087141716158,838688906,0.6328867499999999,0.8232195,0.8225,0.8232195,0.8232195,838688906,1,0.8809869842395616,0.90784603,1.3391557,0.5280608,0.74389094,1.3292098,0.677568,0.748,1.224,4.672,0.877,0,MQ,0.6532054554820604,0.8225,0.93016711703653
6bj8,4,93.24033177499624,90.82943661971832,89.12754716981132,84.68625,90.58575,86.72270270270269,89.61485148514852,0.8220000000000001,0.8225,0.507,0.959941674344502,0.9110335751254888,0.833921568627451,0.833921568627451,0.8205883381015205,0.5273915550528591,838688906,0.629771,0.821322,0.8225,0.821322,0.821322,838688906,4,0.8799376259317157,1.0159348,1.1998833,0.62793815,0.9797244,1.3048139,0.82502604,0.805,1.109,2.953,0.877,0,HQ,0.6739899465771898,0.833921568627451,0.9354876247349954
6bj8,3,93.21765646207209,90.61197183098594,88.81207547169811,84.12902777777778,90.37375,84.80783783783785,89.8360396039604,0.818,0.8225,0.512,0.9574782329381804,0.9071261891761098,0.8210000000000001,0.821,0.8109537156095025,0.505783428023668,838688906,0.6301015,0.8201510000000001,0.8225,0.8201510000000001,0.8201510000000001,838688906,3,0.879881571214443,0.9971039,1.4191923,0.7570116,0.8328634,1.4213574,0.8019045,0.741,1.184,4.76,0.846,0,MQ,0.6583685718165853,0.821,0.9323022110571451
6bj8,2,93.31522394812244,90.69014084507045,89.01056603773583,84.09875,90.664,86.15405405405403,90.24029702970296,0.8240000000000001,0.8300000000000001,0.524,0.958293736687286,0.9092660330363298,0.824423076923077,0.8244230769230769,0.8166119829716323,0.518724612416294,838688906,0.64108575,0.828535,0.8300000000000001,0.828535,0.828535,838688906,2,0.884581105427181,0.9231524,1.4455144,0.47832003,0.7064357,1.6382902,0.6489096,0.745,1.228,3.762,0.8,0,MQ,0.6676682976939632,0.8244230769230769,0.933779884861808
7q99,1,91.58969944117204,88.92931818181818,93.63304347826087,89.33948275862068,86.574,87.48793103448274,87.72260416666666,0.8220000000000001,0.8225,0.531,0.9551010768098648,0.9241979139835804,0.768,0.7679999999999999,0.8015469043941115,0.5608291911083353,666044596,0.6168305,0.81964375,0.8225,0.81964375,0.81964375,666044596,1,0.8807125303459299,0.87040627,1.390467,1.0920086,0.5652391,1.1220859,1.403767,0.703,1.036,6.389,0.795,0,MQ,0.6811880477512233,0.768,0.9396494953967226
7q99,0,91.70376982328952,89.05818181818182,93.58456521739129,90.40379310344828,86.86725,87.98241379310342,87.01020833333332,0.82,0.8225,0.511,0.9555422147159444,0.9176615161688868,0.812,0.812,0.8049419801024364,0.5461135189289706,666044596,0.6204965,0.816405,0.8225,0.816405,0.816405,666044596,0,0.8823351490122521,1.0500567,1.7647699,1.1161104,0.64562124,1.298809,2.0186179,0.674,1.148,5.108,0.658,0,MQ,0.6755277495157035,0.812,0.9366018654424155
7q99,2,92.0848255550521,89.72431818181816,94.42630434782608,90.5810344827586,87.531,89.03827586206897,88.35531250000001,0.8320000000000001,0.8375,0.495,0.9651781008031376,0.9333863990168688,0.8105263157894737,0.8105263157894737,0.8441631261394188,0.6242762819756549,666044596,0.6505365000000001,0.8379215,0.8375,0.8379215,0.8379215,666044596,2,0.8924156991153064,1.0386661,1.8068283,1.1169252,0.57646567,1.2030541,1.8715016,0.577,1.353,7.688,0.63,0,MQ,0.7342197040575369,0.8105263157894737,0.9492822499100032
7q99,4,91.83530433469264,88.10136363636363,93.43391304347826,90.1146551724138,86.91575,87.91379310344827,88.11802083333333,0.82,0.825,0.526,0.9563076082566636,0.929051025028212,0.7778260869565216,0.7778260869565216,0.808156837912197,0.5904277432091488,666044596,0.6230805,0.8202585,0.825,0.8202585,0.8202585,666044596,4,0.8837443054618178,0.88013005,1.4808509,1.1197499,0.500975,1.1022276,1.5867617,0.683,0.993,6.748,0.74,0,MQ,0.6992922905606729,0.7778260869565216,0.9426793166424379
7q99,3,91.26076121431808,86.49545454545454,91.85434782608696,89.48120689655173,86.63699999999999,86.7003448275862,87.32614583333334,0.8019999999999999,0.8,0.519,0.9461304196605678,0.914051382095276,0.7333333333333334,0.7333333333333334,0.7586960211494812,0.5240022066435858,666044596,0.5809195,0.7921327499999999,0.8,0.79156725,0.79156725,666044596,3,0.8636687972335476,0.83791447,1.4069126,1.1491513,0.45897418,1.0791113,1.5909677,0.787,0.823,3.739,0.753,0,MQ,0.6413491138965335,0.7333333333333334,0.9300909008779219
3w0w,1,91.84654976869125,88.7259090909091,93.01021739130437,91.9213698630137,95.54680851063831,93.882,95.26402777777778,0.86,0.8825000000000001,0.642,0.9826320472884352,0.9757502858742964,0.7382716049382717,0.7382716049382715,0.916864479169224,0.8756535021679909,1537783173,0.72454125,0.886467,0.8825000000000001,0.88459575,0.88459575,1537783173,1,0.9026037550151904,0.9655592,1.5475925,0.9581448,0.6370993,1.0308146,0.51557255,0.828,0.993,3.488,0.932,0,HQ,0.8962589906686074,0.7382716049382716,0.9791911665813657
3w0w,0,91.76677212356364,88.03499999999998,92.7895652173913,92.00246575342464,95.50021276595746,94.02111111111113,95.20847222222224,0.8640000000000001,0.885,0.635,0.9827829420526144,0.9760531934539723,0.7560759493670886,0.7560759493670886,0.9172387233771632,0.8757816701829004,1537783173,0.72954825,0.8887120000000001,0.885,0.8860325,0.8860325,1537783173,0,0.9015214586477972,0.96169096,1.5059421,0.97888374,0.6600426,0.92969817,0.5117391,0.853,0.953,2.375,0.919,1,HQ,0.8965101967800317,0.7560759493670886,0.9794180677532933
3w0w,2,91.7791672884644,87.41136363636362,92.74956521739132,92.02438356164384,95.51531914893616,93.82,95.21513888888887,0.8620000000000001,0.8825000000000001,0.636,0.982441623612645,0.9751658686196852,0.7656410256410257,0.7656410256410255,0.9156186424347604,0.8722815256443408,1537783173,0.72845575,0.88805275,0.8825000000000001,0.88618575,0.88618575,1537783173,2,0.9023809571475762,0.98046935,1.5110492,0.95557463,0.700029,0.954719,0.51355803,0.84,0.968,3.315,0.946,0,HQ,0.8939500840395507,0.7656410256410255,0.9788037461161652
3w0w,3,91.74199522459334,87.31727272727272,92.6554347826087,92.00369863013698,95.46148936170212,93.67400000000002,95.19722222222224,0.8620000000000001,0.8825000000000001,0.634,0.9822112904772275,0.9753334747192584,0.7705194805194804,0.7705194805194804,0.914079437263799,0.8717733522761496,1537783173,0.72779325,0.88859875,0.8825000000000001,0.88674075,0.88674075,1537783173,3,0.9024243492141634,0.99173194,1.5248402,0.9692939,0.71036947,0.9572129,0.5307846,0.823,0.963,3.849,0.932,0,HQ,0.8929263947699744,0.7705194805194804,0.978772382598243
3w0w,4,91.74658707655574,88.14431818181818,92.74586956521738,92.0764383561644,95.43042553191488,93.84955555555555,95.12958333333331,0.86,0.8825000000000001,0.635,0.9827570168433788,0.9751028559071582,0.7576623376623376,0.7576623376623376,0.9170294668083174,0.8734100330029239,1537783173,0.72537025,0.8866404999999999,0.8825000000000001,0.88476025,0.88476025,1537783173,4,0.9010849231192168,0.9874029,1.5316545,0.98369557,0.69340086,0.9762153,0.54032606,0.808,0.969,4.439,0.932,0,HQ,0.8952197499056207,0.7576623376623376,0.9789299363752685
4n0c,2,91.8802658557776,78.39734693877551,94.9752380952381,83.5496052631579,95.21727272727274,95.22076923076922,96.0372857142857,0.818,0.89,0.445,0.9486168813389628,0.9109464176342322,0.7729032258064517,0.7729032258064515,0.7888297247844751,0.551392380626271,3179358275,0.7148175,0.89657,0.89,0.89657,0.89657,3179358275,2,0.9040051398247548,1.0312029,0.93696004,0.6970337,1.0876354,1.1725563,0.6222104,0.868,0.785,1.457,0.846,0,HQ,0.6701110527053731,0.7729032258064517,0.9297816494865976
4n0c,4,91.70038922675934,77.28816326530612,94.7926984126984,83.4132894736842,95.07318181818182,95.135641025641,95.70014285714284,0.8140000000000001,0.89,0.435,0.9535437991062896,0.9235102348196896,0.8067857142857141,0.8067857142857143,0.798680798233712,0.6003177913583783,3179358275,0.714692,0.89540825,0.89,0.89540825,0.89540825,3179358275,4,0.9023557537506246,1.0788457,1.0850569,0.71842897,1.1085808,1.5944654,0.99259895,0.863,0.785,1.282,0.827,0,HQ,0.6994992947960451,0.8067857142857142,0.9385270169629896
4n0c,3,91.2523231972198,74.16816326530612,94.23285714285714,79.78171052631578,94.4181818181818,94.30564102564102,95.26757142857144,0.792,0.8674999999999999,0.403,0.92042465035844,0.8440336243967149,0.78625,0.78625,0.6970849045360982,0.3485014638532887,3179358275,0.6669842500000001,0.8700325,0.8674999999999999,0.8700325,0.8700325,3179358275,3,0.8847760855908618,1.27897,1.3046786,0.74410033,1.3155622,2.125777,0.70795226,0.84,0.883,1.521,0.808,0,MQ,0.5227931841946934,0.78625,0.8822291373775775
4n0c,1,91.85581233709816,80.00510204081633,95.0453968253968,84.69802631578946,95.1681818181818,95.05564102564102,96.1104285714286,0.8160000000000001,0.8875,0.416,0.9621372864169242,0.9428525397583404,0.8429166666666666,0.8429166666666665,0.832024270933481,0.6889528714981284,3179358275,0.7140562500000001,0.8941565,0.8875,0.8941565,0.8941565,3179358275,1,0.9044279069670618,1.0409124,0.9363334,0.6187823,1.1058327,1.225434,0.5873094,0.872,0.713,1.394,0.827,0,HQ,0.7604885712158047,0.8429166666666665,0.9524949130876323
4n0c,0,91.70435968722848,75.96571428571428,94.42730158730156,82.95578947368422,95.08931818181816,95.18948717948716,95.84385714285712,0.8140000000000001,0.8825000000000001,0.386,0.9558537403728468,0.9282721853973106,0.84375,0.84375,0.8028976682583551,0.623426357539654,3179358275,0.70278775,0.88805025,0.8825000000000001,0.88805025,0.88805025,3179358275,0,0.9020406501530572,1.1152685,1.1031967,0.8087016,1.146829,1.6943487,0.82835203,0.867,0.719,1.712,0.827,0,HQ,0.7131620128990046,0.84375,0.9420629628850787
6avf,2,87.93904258532164,72.12678571428572,72.66341463414633,55.47369369369369,83.83790697674418,76.03359999999999,68.49715789473684,0.4639999999999999,0.265,0.144,0.168495743383985,0.1997149693131958,0.0956097560975609,0.0956097560975609,0.0101598678568782,0.0106726013061891,1710409854,0.0,0.0,0.265,0.10304425,0.10304425,1710409854,2,0.5732921786345964,2.2599607,3.9703748,3.3339362,0.99502,5.3836975,3.0441275,0.242,2.685,14.602,0.234,0,AQ,0.010416234581533651,0.0956097560975609,0.1841053563485904
6avf,4,87.56270764119601,70.58767857142857,73.68804878048779,54.1663963963964,81.67465116279071,71.4518,66.14463157894737,0.366,0.0725,0.12,0.1072968622719402,0.114839656621714,0.1164705882352941,0.1164705882352941,0.0098812943269842,0.0096767683511858,1710409854,0.0,0.0,0.0725,0.0509719999999999,0.0509719999999999,1710409854,4,0.477324731274758,20.337215,30.945436,17.939999,15.828008,35.374184,34.63017,0.009,24.814,55.712,0.0,0,LQ,0.009779031339085,0.1164705882352941,0.1110682594468271
6avf,3,87.52994110540622,71.63285714285715,71.64341463414634,56.50792792792793,83.1306976744186,74.2844,68.28947368421052,0.396,0.1525,0.112,0.1325390965601446,0.1435158399335248,0.1238709677419354,0.1238709677419354,0.0095036465166157,0.0092590898983547,1710409854,0.0,0.0,0.1525,0.073769,0.073769,1710409854,3,0.5109256729030545,2.7888443,4.3901453,5.4795184,1.2131197,4.7903895,4.1843867,0.179,3.16,18.005,0.17,0,AQ,0.0093813682074852,0.1238709677419354,0.1380274682468347
6avf,1,87.82130927212322,71.2644642857143,70.46463414634147,57.40468468468468,83.24651162790697,74.74380000000001,69.57863157894737,0.408,0.175,0.117,0.1430813672203673,0.1566283428901318,0.1337931034482758,0.1337931034482758,0.009882100410341,0.0095577646879184,1710409854,0.0,0.0,0.175,0.08017025,0.08017025,1710409854,1,0.5176893128794826,2.205937,3.8537076,2.6590276,1.1888027,4.193142,3.4681447,0.225,2.847,15.885,0.234,1,AQ,0.0097199325491297,0.1337931034482758,0.14985485505524954
6avf,0,87.3910178193899,70.79535714285714,71.45878048780487,51.17729729729731,81.67395348837209,72.4838,67.93610526315788,0.382,0.13,0.152,0.1436714060743422,0.1676105303203707,0.033076923076923,0.033076923076923,0.010131935837885,0.0100043179617487,1710409854,0.0,0.0,0.13,0.0721644999999999,0.0721644999999999,1710409854,0,0.4883950585083103,11.168052,20.518959,8.068969,6.0864506,20.719826,8.139587,0.021,17.876,34.735,0.0,0,LQ,0.01006812689981685,0.033076923076923,0.15564096819735646
1bd2,2,92.23310728436452,88.36584905660376,88.60666666666667,88.66434782608694,93.43787234042556,91.3770588235294,94.03752475247524,0.8160000000000001,0.8175,0.463,0.9585721798049404,0.9480336741546268,0.7378378378378379,0.7378378378378377,0.8303606529403978,0.7412792976095292,2509104240,0.61466125,0.8069575,0.8175,0.8069575,0.8069575,2509104240,2,0.8682131432443909,1.2473327,2.055178,0.9023357,0.8333055,1.4645345,1.7825567,0.686,1.345,3.839,0.672,0,MQ,0.7858199752749635,0.7378378378378379,0.9533029269797836
1bd2,3,92.19819719597685,88.37094339622641,87.59740740740743,88.21289855072463,93.2172340425532,92.16411764705882,93.31128712871283,0.8140000000000001,0.8175,0.446,0.9606087847893277,0.9495356769358048,0.7584375,0.7584375000000001,0.8311609881077656,0.7355667224533978,2509104240,0.60356125,0.8047657500000001,0.8175,0.8047657500000001,0.8047657500000001,2509104240,3,0.8668591561654231,1.0793319,1.761165,0.87092423,0.72429276,0.93517876,1.9498764,0.756,1.113,2.504,0.703,0,MQ,0.7833638552805817,0.7584375000000001,0.9550722308625662
1bd2,4,91.9593142334654,87.95056603773585,86.75574074074073,88.128115942029,92.48787234042553,91.12382352941177,92.9478217821782,0.806,0.8049999999999999,0.44,0.9616391423244732,0.9507214347526818,0.7550000000000001,0.755,0.8344803453044753,0.7397479860909858,2509104240,0.59265775,0.792628,0.8049999999999999,0.792628,0.792628,2509104240,4,0.8583710943529813,1.2153816,2.049916,0.6331153,0.7959535,1.1707819,2.2578487,0.648,1.237,5.264,0.625,0,MQ,0.7871141656977305,0.7550000000000001,0.9561802885385775
1bd2,1,92.16057147211215,88.34509433962265,87.78814814814812,88.32797101449276,93.2682978723404,92.04088235294118,93.58900990099008,0.812,0.815,0.476,0.9605330028810866,0.951184210823132,0.7527272727272727,0.7527272727272726,0.8345684989073421,0.7471371124040477,2509104240,0.605945,0.8047145,0.815,0.8047145,0.8047145,2509104240,1,0.864982348085072,1.0487971,1.6517484,0.5661995,0.78190863,1.0259416,1.8281736,0.771,1.067,2.335,0.719,0,MQ,0.7908528056556949,0.7527272727272727,0.9558586068521093
1bd2,0,92.1807893934776,88.64283018867927,88.1633333333333,88.27231884057973,93.02787234042556,92.2679411764706,93.69742574257428,0.8140000000000001,0.8175,0.491,0.9612123474432714,0.951803370885356,0.7678787878787878,0.7678787878787878,0.8363058250838356,0.748574302163646,2509104240,0.6133115,0.80755075,0.8175,0.80755075,0.80755075,2509104240,0,0.8663281622624404,1.0197085,1.7019097,0.5869419,0.6787348,1.0868111,1.8410134,0.762,1.066,2.794,0.719,0,MQ,0.7924400636237408,0.7678787878787878,0.9565078591643137
7n1e,0,92.11510667067309,77.11999999999999,73.47742857142858,72.71166666666666,92.1875,87.58978723404256,90.15023809523812,0.73,0.665,0.446,0.7633044419465255,0.707254684775133,0.4784482758620689,0.4784482758620689,0.3115063058010868,0.1118628412417511,2537128103,0.309948,0.55556275,0.665,0.54009975,0.54009975,2537128103,0,0.7962139169349075,1.7523493,3.0170345,1.4822401,1.053435,4.9129457,1.0583526,0.621,1.475,5.86,0.678,0,MQ,0.21168457352141895,0.4784482758620689,0.7352795633608292
7n1e,1,92.1667833533654,77.56022727272727,74.21314285714287,73.7448888888889,92.605,87.97659574468085,90.2902380952381,0.744,0.6875,0.486,0.7775119718451304,0.7278805730978992,0.48078125,0.48078125,0.3402004129213697,0.1323960177553559,2537128103,0.3420249999999999,0.572422,0.6875,0.56509725,0.56509725,2537128103,1,0.8079738040397301,1.7016971,2.9672005,1.5305835,0.9697284,5.0977645,0.9991823,0.65,1.422,5.403,0.712,0,AQ,0.23629821533836282,0.48078125,0.7526962724715148
7n1e,4,91.94324819711538,76.56704545454545,73.25971428571428,71.04622222222223,91.364375,86.89489361702128,89.31130952380951,0.714,0.6475,0.431,0.726390465591575,0.6744089495631456,0.4863333333333333,0.4863333333333333,0.2385028616519138,0.0885802549389503,2537128103,0.26452125,0.52670425,0.6475,0.50266325,0.50266325,2537128103,4,0.7833216259806018,1.5878289,2.7801514,1.4273919,0.8928528,4.6498013,0.9956373,0.707,1.209,4.669,0.746,0,MQ,0.16354155829543204,0.4863333333333333,0.7003997075773603
7n1e,3,92.06747896634616,77.08727272727275,72.93742857142855,71.8321111111111,91.9053125,87.61553191489362,89.94214285714285,0.724,0.66,0.389,0.7700242113696261,0.7171255592319359,0.515,0.5149999999999999,0.3233772963245805,0.1208373992451989,2537128103,0.299819,0.5575535,0.66,0.53771225,0.53771225,2537128103,3,0.7893975208600937,1.7453569,3.0469563,1.442149,1.0126691,5.152195,1.202743,0.615,1.559,5.069,0.627,0,AQ,0.22210734778488972,0.5149999999999999,0.743574885300781
7n1e,2,92.1679432091346,77.72318181818183,73.17714285714285,74.08466666666668,92.4034375,88.57382978723405,90.24464285714286,0.74,0.685,0.437,0.7963390939811399,0.747754613081067,0.5067924528301887,0.5067924528301887,0.3772378695065662,0.15354621498643,2537128103,0.3405275,0.5827027499999999,0.685,0.56778675,0.56778675,2537128103,2,0.8001634426944293,1.723317,3.0848782,1.2912258,0.9390246,5.311114,1.22114,0.633,1.568,4.99,0.678,1,AQ,0.2653920422464981,0.5067924528301887,0.7720468535311035
6tro,0,92.91395741444867,95.57066666666664,89.77160714285716,94.25848837209304,92.94325581395348,91.2196,93.8424761904762,0.8220000000000001,0.825,0.585,0.9675240145284844,0.951625966955967,0.8288524590163934,0.8288524590163933,0.8856084718478896,0.7837287831658262,2144009856,0.66513475,0.821216,0.825,0.821216,0.821216,2144009856,0,0.8793904604741215,0.8449199,1.1320112,1.1167554,0.71262455,0.7027759,1.0511489,0.811,0.822,4.854,0.909,0,HQ,0.8346686275068579,0.8288524590163933,0.9595749907422257
6tro,1,92.66647148288976,95.38533333333334,89.72571428571428,93.9032558139535,93.09837209302324,90.9948,93.6435238095238,0.8160000000000001,0.8200000000000001,0.579,0.9676998559856262,0.9524139396856672,0.8332203389830508,0.8332203389830508,0.8834346709998493,0.783840844752026,2144009856,0.6533155,0.8108375,0.8200000000000001,0.8108375,0.8108375,2144009856,1,0.8723539219027312,0.79421544,1.2184538,1.1417328,0.5801476,0.731489,1.171323,0.844,0.824,3.501,0.909,0,HQ,0.8336377578759376,0.8332203389830508,0.9600568978356467
6tro,4,92.8735422053232,95.38444444444444,89.50517857142857,93.77732558139536,92.6539534883721,90.89220000000002,93.5895238095238,0.8099999999999999,0.815,0.573,0.966076644991096,0.9474749046541896,0.8317241379310344,0.8317241379310345,0.8777000100956249,0.765964433679534,2144009856,0.6439487500000001,0.805692,0.815,0.805692,0.805692,2144009856,4,0.868474496757021,0.81689876,1.338577,1.0044143,0.58844894,1.2181393,1.202963,0.816,0.912,3.722,0.879,0,HQ,0.8218322218875795,0.8317241379310345,0.9567757748226429
6tro,3,92.76798174904944,95.40866666666668,89.46428571428571,93.93209302325582,92.74883720930232,90.9672,93.51180952380952,0.8160000000000001,0.8200000000000001,0.582,0.9658011369802472,0.9480361930774164,0.8216129032258064,0.8216129032258063,0.88006630236132,0.7707724312741491,2144009856,0.65109525,0.8107815,0.8200000000000001,0.8107815,0.8107815,2144009856,3,0.8739910493666881,0.8403997,1.255746,1.2589248,0.61870295,0.56177896,1.1930363,0.804,0.904,4.674,0.909,0,HQ,0.8254193668177345,0.8216129032258064,0.9569186650288317
6tro,2,92.9774235741445,95.58155555555558,89.03142857142858,94.26011627906976,92.93511627906976,90.93339999999998,93.47657142857142,0.8240000000000001,0.8275,0.592,0.9670626925837582,0.9472327937559852,0.8063934426229508,0.8063934426229507,0.883376016922324,0.7658349797855188,2144009856,0.664424,0.821039,0.8275,0.821039,0.821039,2144009856,2,0.8807914439427937,0.80707306,1.3120534,1.2027533,0.53711003,0.7516183,1.2835971,0.81,0.968,3.187,0.848,0,HQ,0.8246054983539215,0.8063934426229507,0.9571477431698717
8d5q,1,91.4959898989899,83.79512820512824,88.23719298245614,83.15313253012047,90.38785714285714,90.82545454545452,89.94967741935486,0.756,0.8025,0.389,0.8947390372569909,0.8428890151766013,0.733409090909091,0.733409090909091,0.5459705836709096,0.3030256912630401,1128450871,0.58464225,0.790057,0.8025,0.790057,0.790057,1128450871,1,0.8700429094814062,1.6602017,2.6210618,1.5177921,1.1866795,3.2184641,1.5863788,0.62,1.434,5.624,0.642,0,MQ,0.42449813746697485,0.733409090909091,0.868814026216796
8d5q,0,91.3462037037037,83.45564102564104,87.90438596491228,83.23638554216869,90.63589285714286,91.2834090909091,89.74225806451612,0.742,0.79,0.353,0.8795370755930653,0.8250126438682254,0.7219512195121952,0.7219512195121952,0.4898694171399835,0.2652323129443454,1128450871,0.57214625,0.7732125000000001,0.79,0.7732125000000001,0.7732125000000001,1128450871,0,0.8660488136764226,1.6947299,2.6761272,1.7128154,1.1853873,3.4218547,1.605608,0.642,1.441,4.953,0.66,0,MQ,0.37755086504216445,0.7219512195121952,0.8522748597306453
8d5q,2,91.60954713804712,84.55589743589744,88.38157894736842,84.37168674698795,90.5525,91.16363636363636,89.92731182795698,0.758,0.8025,0.403,0.8978417773549725,0.8541554766240517,0.733409090909091,0.733409090909091,0.55603547856113,0.3363363998473658,1128450871,0.58278075,0.79006675,0.8025,0.79006675,0.79006675,1128450871,2,0.871215167922604,1.7128398,2.6559606,1.554379,1.2613442,3.3205972,1.5936795,0.619,1.39,6.103,0.66,0,MQ,0.4461859392042479,0.733409090909091,0.8759986269895121
8d5q,4,91.4139797979798,84.07307692307691,87.62245614035086,83.86481927710844,90.79553571428572,90.9784090909091,90.0458064516129,0.75,0.7975000000000001,0.408,0.8771702840741381,0.8409243614283612,0.6991666666666666,0.6991666666666667,0.4828515785046881,0.3034000321913249,1128450871,0.5833435,0.784141,0.7975000000000001,0.784141,0.784141,1128450871,4,0.8698725834642078,1.6509254,2.530646,1.7260716,1.201851,3.109445,1.6073213,0.686,1.345,3.911,0.679,0,MQ,0.39312580534800645,0.6991666666666667,0.8590473227512496
8d5q,3,91.53694444444444,83.92384615384616,88.25508771929825,83.42132530120482,90.62910714285714,91.1968181818182,89.68817204301075,0.756,0.8,0.371,0.8847754919927017,0.8368570113913678,0.7357142857142858,0.7357142857142857,0.5129348339164201,0.288221677279612,1128450871,0.58676175,0.7853655,0.8,0.7853655,0.7853655,1128450871,3,0.8716549314273402,1.6400448,2.5880525,1.5552704,1.1647727,3.174236,1.4946917,0.613,1.392,5.08,0.566,0,MQ,0.4005782555980161,0.7357142857142858,0.8608162516920348
5nmg,2,93.26005105105104,85.43499999999999,92.98217391304348,93.53617283950616,91.21921052631578,88.11866666666666,94.63287356321838,0.8539999999999999,0.865,0.549,0.973859321264294,0.9599913369089522,0.7485714285714286,0.7485714285714286,0.8785515865512417,0.7849840670257976,3740566506,0.710827,0.867531,0.865,0.867531,0.867531,3740566506,2,0.9060047222644184,0.7883922,1.0809021,0.77056587,0.6822033,0.7356829,0.54870087,0.83,0.756,4.186,0.889,0,HQ,0.8317678267885196,0.7485714285714286,0.9669253290866231
5nmg,4,93.64485885885884,88.20045454545455,94.425,95.09617283950617,94.2192105263158,92.283,96.3367816091954,0.8640000000000001,0.8775,0.595,0.9799712339891328,0.9736530869821094,0.7829999999999998,0.7829999999999999,0.9177297432734728,0.8757194013561977,3740566506,0.7372505,0.88093725,0.8775,0.88093725,0.88093725,3740566506,4,0.9111792334341674,0.7957785,1.0974934,0.8827113,0.6724667,0.83923185,0.66546947,0.894,0.555,3.238,0.931,0,HQ,0.8967245723148353,0.7829999999999999,0.976812160485621
5nmg,3,93.51172972972972,88.49431818181819,94.59108695652174,95.05407407407408,93.86947368421052,91.43983333333333,96.17505747126437,0.858,0.875,0.587,0.9790678536775848,0.9710809385055114,0.7891836734693878,0.7891836734693878,0.9145303685280018,0.8647764296265464,3740566506,0.73060475,0.876802,0.875,0.876802,0.876802,3740566506,3,0.9095690798015272,0.7761872,1.0987129,0.68925494,0.66306853,0.6702415,0.6094517,0.861,0.572,4.696,0.944,0,HQ,0.8896533990772741,0.7891836734693878,0.975074396091548
5nmg,1,93.5529084084084,88.18886363636365,94.42434782608696,95.03604938271604,94.20131578947368,92.53616666666667,96.29126436781608,0.8640000000000001,0.8775,0.588,0.9801788791208916,0.9724489405658926,0.8123404255319148,0.8123404255319149,0.9177558460783696,0.8720240715136502,3740566506,0.73704925,0.882115,0.8775,0.882115,0.882115,3740566506,1,0.9142310876544372,0.7822169,1.0588696,0.8083668,0.6778555,0.60443413,0.6515067,0.854,0.614,4.762,0.944,0,HQ,0.89488995879601,0.8123404255319149,0.9763139098433922
5nmg,0,93.38679129129127,87.59022727272726,94.15608695652176,94.69444444444444,93.95947368421052,92.1755,96.04666666666668,0.8560000000000001,0.87,0.588,0.9782629346722664,0.968148547280024,0.82,0.82,0.9097023235672108,0.8507728875675263,3740566506,0.719095,0.87165475,0.87,0.87165475,0.87165475,3740566506,0,0.9059876438992568,0.8192006,1.0741189,0.93301594,0.71436745,0.61244416,0.64529485,0.846,0.616,5.066,0.944,0,HQ,0.8802376055673686,0.82,0.9732057409761452
3tfk,2,91.32715541006203,80.7034693877551,94.7966666666667,85.05815789473684,95.76181818181816,95.08974358974358,96.2414285714286,0.8219999999999998,0.87,0.398,0.9521850189632488,0.9295193668800018,0.8470370370370369,0.8470370370370369,0.7813246350977449,0.6380309514882219,1166267804,0.69790375,0.871494,0.87,0.871494,0.871494,1166267804,2,0.9068500696304304,1.1747677,1.4433582,1.165003,1.0857481,2.026663,0.8206237,0.835,0.793,1.606,0.759,0,MQ,0.7096777932929834,0.8470370370370369,0.9408521929216254
3tfk,3,91.40400930392832,82.26673469387755,95.08555555555554,85.79855263157896,95.76999999999998,95.30615384615383,96.024,0.8119999999999999,0.8625,0.419,0.9486161128631244,0.9277700595716376,0.8356,0.8356,0.769857126106885,0.6366201735150928,1166267804,0.6874359999999999,0.86246725,0.8625,0.86246725,0.86246725,1166267804,3,0.9032566037535716,1.3002498,1.6429282,1.1689658,1.1969974,2.2907748,1.0276368,0.794,0.96,2.867,0.776,0,MQ,0.7032386498109888,0.8356,0.9381930862173811
3tfk,4,91.24978635423844,80.21183673469389,94.9104761904762,84.54302631578946,95.7143181818182,95.03205128205128,96.18642857142856,0.8119999999999999,0.8674999999999999,0.413,0.9550236153448886,0.9346447986547338,0.8726923076923077,0.8726923076923077,0.7943056530486541,0.6662668078785717,1166267804,0.689955,0.86516075,0.8674999999999999,0.86516075,0.86516075,1166267804,4,0.9023987404021088,1.2591981,1.5463753,1.2260329,1.1666011,2.222936,0.7933221,0.826,0.861,1.955,0.776,0,MQ,0.7302862304636129,0.8726923076923077,0.9448342069998112
3tfk,1,91.66631805651276,80.98632653061225,94.82777777777778,85.24328947368421,95.79613636363636,94.93153846153844,96.0957142857143,0.82,0.8674999999999999,0.412,0.9522795203462944,0.9258699369545412,0.8371999999999999,0.8371999999999999,0.782913119703275,0.6186431253584034,1166267804,0.69511425,0.870015,0.8674999999999999,0.870015,0.870015,1166267804,1,0.9078576029652556,1.1457853,1.328354,1.0881506,1.0934389,1.6930921,0.89722484,0.857,0.7,1.347,0.776,0,HQ,0.7007781225308392,0.8371999999999999,0.9390747286504177
3tfk,0,91.87702101998622,82.29448979591837,95.39809523809528,86.72855263157896,96.06,95.32641025641026,96.28171428571432,0.8320000000000001,0.8825000000000001,0.436,0.9595368750732154,0.943686944265122,0.833103448275862,0.8331034482758619,0.8136427474000723,0.6905181450240272,1166267804,0.7157835,0.88385025,0.8825000000000001,0.88385025,0.88385025,1166267804,0,0.9142575496638952,1.2221807,1.50172,1.194606,1.131484,2.226607,0.829511,0.825,0.767,2.13,0.741,0,MQ,0.7520804462120497,0.8331034482758619,0.9516119096691686
5hho,4,88.97387405159331,76.03972222222222,81.45755555555556,75.47590163934424,84.67564102564104,74.56217391304348,79.23244444444444,0.5,0.265,0.162,0.2001454350005553,0.2620207285717889,0.1608695652173913,0.1608695652173913,0.0129058388938693,0.0145831899678431,832626177,0.0,0.0,0.265,0.13401625,0.13401625,832626177,4,0.5674580699751356,2.4378464,4.163022,2.6850574,1.59538,3.3747034,4.631774,0.441,2.435,5.615,0.353,0,AQ,0.0137445144308562,0.1608695652173913,0.2310830817861721
5hho,3,89.32462670713203,75.00722222222221,80.60755555555555,74.82475409836067,84.56974358974361,74.09826086956522,78.4118888888889,0.476,0.2275,0.129,0.1860314224354437,0.2434513829462824,0.1506666666666666,0.1506666666666666,0.0123642452009167,0.0130556507922033,832626177,0.0,0.0,0.2275,0.11804225,0.11804225,832626177,3,0.5418077291982547,1.5616792,2.6485822,2.2502666,0.9146178,2.827601,3.1680248,0.566,1.454,5.156,0.451,0,MQ,0.01270994799656,0.1506666666666666,0.21474140269086306
5hho,2,88.68901365705614,74.29666666666667,79.546,73.6672131147541,84.11333333333332,72.89369565217392,78.49122222222222,0.4640000000000001,0.2125,0.183,0.1697829201536771,0.2117121308650043,0.1157575757575757,0.1157575757575757,0.011759462000142,0.0120061787327179,832626177,0.0,0.0,0.2125,0.10935025,0.10935025,832626177,2,0.5401259703208722,2.7437415,4.7726626,3.042679,1.7245212,4.7534113,4.6914883,0.268,3.064,11.924,0.275,1,AQ,0.01188282036642995,0.1157575757575757,0.1907475255093407
5hho,0,89.21123520485585,75.71777777777778,81.61466666666666,75.41262295081967,84.66076923076925,74.73869565217392,79.16166666666666,0.482,0.2475,0.169,0.2039591038901826,0.2600862928520308,0.13,0.13,0.0129825855462638,0.0144622463555936,832626177,0.0,0.0,0.2475,0.12261225,0.12261225,832626177,0,0.5507240625169076,1.3320667,2.1199925,2.0912437,0.8400775,1.6483271,3.008508,0.738,0.97,2.831,0.608,0,MQ,0.013722415950928699,0.13,0.23202269837110667
5hho,1,89.36694688922611,75.08694444444444,80.74288888888888,74.97344262295084,84.77897435897437,73.98043478260868,79.26844444444444,0.48,0.2325,0.137,0.1865425423978845,0.2383661483651588,0.12,0.12,0.0119239461814351,0.0133798057740241,832626177,0.0,0.0,0.2325,0.120324,0.120324,832626177,1,0.5488063835419984,2.8970478,5.212501,2.6023035,1.7903509,1.4352924,5.755894,0.295,3.866,8.872,0.275,0,AQ,0.0126518759777296,0.12,0.21245434538152164
1nam,4,91.285250755287,85.78779661016948,88.68042857142858,77.4975,90.07482142857144,90.18409090909093,89.69089887640449,0.768,0.7675000000000001,0.41,0.8656003864703754,0.7458877188114507,0.64325,0.6432499999999999,0.5565511269303961,0.1476387932064286,1124868266,0.536482,0.745939,0.7675000000000001,0.745939,0.745939,1124868266,4,0.8417766015558914,1.3318179,2.737725,0.6108693,0.80194014,5.481018,1.266177,0.699,1.193,3.66,0.64,0,AQ,0.35209496006841234,0.6432499999999999,0.805744052640913
1nam,3,91.89546626384691,86.83966101694915,88.89657142857143,79.07557692307691,91.11285714285714,91.17295454545454,90.96359550561796,0.792,0.8,0.387,0.9142316404671345,0.824433338563185,0.6625,0.6625,0.6848955493321223,0.2588211402994262,1124868266,0.584499,0.789199,0.8,0.789199,0.789199,1124868266,3,0.8673896928059766,1.1139399,2.108026,0.7281402,0.77504104,2.6635888,1.4356786,0.732,1.052,3.055,0.64,1,MQ,0.47185834481577427,0.6625,0.8693324895151597
1nam,2,92.00701913393756,87.56491525423728,89.53828571428572,81.90019230769232,91.30982142857144,91.2081818181818,90.46539325842696,0.7939999999999999,0.805,0.432,0.940057598262383,0.8725969243921525,0.7040000000000002,0.7040000000000001,0.7611825058520357,0.3938320473508167,1124868266,0.59510825,0.79547125,0.805,0.79547125,0.79547125,1124868266,2,0.8701811419161254,1.4717041,3.0887833,0.71755487,0.8326894,4.6390753,1.3130288,0.605,1.608,4.109,0.54,0,MQ,0.5775072766014262,0.7040000000000002,0.9063272613272677
1nam,0,91.72629204431016,85.3127118644068,87.99300000000001,77.62634615384614,91.28321428571428,90.80704545454545,90.3791011235955,0.782,0.785,0.422,0.9159506717111748,0.8337370392056391,0.6672972972972975,0.6672972972972974,0.6834138518331271,0.2722558897177996,1124868266,0.566574,0.7734735,0.785,0.7734735,0.7734735,1124868266,0,0.8602362943033429,1.146296,2.154456,0.9918214,0.7801706,2.502225,1.3114825,0.734,1.143,3.002,0.68,1,MQ,0.4778348707754634,0.6672972972972975,0.874843855458407
1nam,1,91.62374219536756,86.08457627118644,89.06885714285715,79.76326923076923,89.82124999999999,89.77727272727272,88.69011235955055,0.772,0.77,0.389,0.8916090943497984,0.7716691507744663,0.6803571428571429,0.6803571428571429,0.6194177927761777,0.1812750939173148,1124868266,0.5440255,0.754321,0.77,0.754321,0.754321,1124868266,1,0.8484694972016436,1.4608114,3.095646,0.6710838,0.8050746,5.6688414,1.6750797,0.618,1.353,4.22,0.5,0,AQ,0.40034644334674624,0.6803571428571429,0.8316391225621323
8wte,3,90.6341012540641,80.32314814814812,86.98391304347828,87.57,89.43257142857142,84.21142857142857,87.35842105263158,0.6639999999999999,0.5774999999999999,0.415,0.6699288072682635,0.7161186242056761,0.5073469387755101,0.5073469387755102,0.1431622025590683,0.1679422023529307,2018669380,0.13896275,0.46225225,0.5774999999999999,0.41744275,0.41744275,2018669380,3,0.7437740710714543,1.3858017,2.9875696,1.5849853,0.7653506,2.5143943,2.320704,0.593,1.609,5.834,0.635,0,MQ,0.1555522024559995,0.5073469387755101,0.6930237157369699
8wte,4,90.72460133147544,80.13166666666667,86.57673913043479,88.11817073170732,90.104,84.43357142857144,88.07642105263159,0.666,0.5800000000000001,0.432,0.6809251549999408,0.7304054865742469,0.4991489361702127,0.4991489361702128,0.1535457854391605,0.1883653316299839,2018669380,0.1324315,0.46461625,0.5800000000000001,0.415534,0.415534,2018669380,4,0.7431663872482308,1.3844126,2.9357417,1.8108071,0.7604809,2.7121449,2.3872623,0.551,1.7,6.782,0.603,0,MQ,0.1709555585345722,0.4991489361702127,0.7056653207870938
8wte,2,90.58593435516336,79.22296296296297,86.49565217391304,86.13914634146342,88.02628571428572,81.53339285714284,86.52021052631581,0.63,0.5225,0.378,0.61557426269259,0.672119209617862,0.501590909090909,0.5015909090909091,0.1003700535037334,0.1200828368169664,2018669380,0.093125,0.43200875,0.5225,0.36830025,0.36830025,2018669380,2,0.7128673171814612,1.3710865,2.9133248,1.7090123,0.76403815,2.5363226,2.182144,0.606,1.553,5.151,0.603,0,MQ,0.1102264451603499,0.501590909090909,0.643846736155226
8wte,0,90.3557686948444,80.08611111111112,87.26434782608696,87.625,89.70314285714285,83.80857142857143,87.26136842105265,0.65,0.5575,0.393,0.6397864587909369,0.6908317600551775,0.5027659574468085,0.5027659574468085,0.1208930088317122,0.1473250976030278,2018669380,0.1186722499999999,0.441866,0.5575,0.392851,0.392851,2018669380,0,0.7346269132545103,1.343143,2.861242,1.6827164,0.7418387,2.4273915,2.3112264,0.614,1.502,6.102,0.683,0,MQ,0.13410905321737,0.5027659574468085,0.6653091094230572
8wte,1,90.55392165969964,79.71833333333333,85.675,88.0658536585366,89.80942857142857,84.65357142857144,87.83831578947368,0.67,0.59,0.399,0.7098126073735607,0.7541773357169937,0.4913043478260868,0.491304347826087,0.1790500114702075,0.213023575347922,2018669380,0.15914925,0.48491275,0.59,0.43977925,0.43977925,2018669380,1,0.7461838473456988,1.369521,2.8776865,1.7002131,0.7865324,2.548519,2.1288579,0.545,1.658,7.454,0.619,0,MQ,0.19603679340906474,0.4913043478260869,0.7319949715452772
7n2q,0,90.8705017379477,76.35808510638297,77.71568965517244,73.5114285714286,82.1340625,78.16944444444444,71.95577319587629,0.588,0.4625,0.158,0.5758065548642046,0.5762751586285855,0.3259090909090908,0.3259090909090909,0.0719515115199334,0.0522361977072587,187007995,0.08601175,0.42454375,0.4625,0.35261125,0.35261125,187007995,0,0.6796591190439695,1.6609726,3.192793,1.6817622,0.79670805,3.5271597,5.041644,0.556,1.23,7.246,0.492,0,AQ,0.06209385461359605,0.32590909090909087,0.576040856746395
7n2q,1,90.6146713011939,74.95276595744681,76.7398275862069,72.87974025974026,82.501875,78.32314814814815,72.05546391752577,0.5720000000000001,0.435,0.241,0.5646044946459933,0.5545550627935831,0.3851428571428572,0.3851428571428572,0.0669655349386248,0.0427122379752864,187007995,0.06245225,0.41777275,0.435,0.3318765,0.3318765,187007995,1,0.6573327167332934,1.9186418,3.3477762,2.0501902,1.2189735,3.636695,3.241901,0.463,1.999,7.897,0.492,0,AQ,0.0548388864569556,0.3851428571428572,0.5595797787197883
7n2q,4,90.67385371014056,75.2844680851064,76.97327586206897,74.07948051948053,82.41874999999999,78.74518518518518,72.4341237113402,0.5700000000000001,0.435,0.231,0.5513250211878536,0.5410778415288883,0.3617948717948718,0.3617948717948717,0.0621532990482678,0.040997904116522,187007995,0.05899475,0.4088175,0.435,0.3249635,0.3249635,187007995,4,0.6584170909513489,1.9277159,3.4337792,2.1543424,1.1508324,3.3014321,3.274427,0.406,2.198,10.58,0.508,0,AQ,0.0515756015823949,0.36179487179487174,0.546201431358371
7n2q,3,90.63233338370864,75.02361702127659,74.56344827586207,71.71571428571428,82.44125,78.62518518518516,69.92628865979381,0.542,0.38,0.203,0.4455191806200368,0.4643360061947192,0.2712121212121212,0.2712121212121212,0.0353593246433241,0.0291078824826811,187007995,0.01320075,0.3725555,0.38,0.257669,0.257669,187007995,3,0.6140904808954704,3.9338458,7.781148,1.9143517,1.9546267,8.02174,5.0812984,0.184,5.908,15.932,0.271,0,LQ,0.0322336035630026,0.2712121212121212,0.454927593407378
7n2q,2,90.55441740970228,75.37063829787235,76.20706896551725,72.95792207792206,80.690625,76.68777777777778,68.5419587628866,0.526,0.3425,0.19,0.4145830890137952,0.454472050978933,0.1569047619047619,0.1569047619047619,0.0296379893719698,0.0297838520385595,187007995,0.0119825,0.3541134999999999,0.3425,0.22188525,0.22188525,187007995,2,0.6189881039024583,2.7730381,5.1229386,1.6607224,1.7025785,6.059015,4.388288,0.305,3.266,11.993,0.407,0,AQ,0.029710920705264647,0.1569047619047619,0.4345275699963641
2nx5,0,94.08348447961048,92.81175,96.41953488372091,93.7955,89.66300000000003,93.78021739130432,91.98809523809526,0.8320000000000001,0.835,0.514,0.8673744736235899,0.927215015133338,0.825945945945946,0.825945945945946,0.4273784417174933,0.7086288112985294,3751466620,0.6744685,0.8314615,0.835,0.8314615,0.8314615,3751466620,0,0.9223172190714486,1.7547704,1.6072834,4.9216733,0.8224175,1.5840077,1.4340334,0.721,1.32,2.64,0.688,1,MQ,0.5680036265080113,0.825945945945946,0.897294744378464
2nx5,1,94.43166768107122,93.72925,96.9213953488372,95.075125,90.4156,94.35260869565217,93.25464285714284,0.866,0.875,0.517,0.9198389350410368,0.9535923017283384,0.7983333333333333,0.7983333333333332,0.5834278120723118,0.8013236686272487,3751466620,0.7173287500000001,0.8722332500000001,0.875,0.8722332500000001,0.8722332500000001,3751466620,1,0.9364563300474262,1.0488802,1.6555735,0.9124063,0.802854,1.5830858,1.3070564,0.753,1.047,3.585,0.738,0,MQ,0.6923757403497802,0.7983333333333333,0.9367156183846876
2nx5,3,94.33423006695072,92.727,96.59534883720929,93.874125,89.6058,93.80804347826088,91.91761904761904,0.842,0.84,0.505,0.8742645389809323,0.9225372158823872,0.8163888888888889,0.8163888888888888,0.4250472338320649,0.6968624792253135,3751466620,0.6820135,0.838283,0.84,0.838283,0.838283,3751466620,3,0.926600534919751,1.8684431,1.8140243,5.222355,0.8259282,1.6623658,1.6478906,0.684,1.39,2.813,0.613,0,MQ,0.5609548565286893,0.8163888888888888,0.8984008774316598
2nx5,4,94.38471850273888,93.77375,96.9653488372093,95.05275000000002,90.7358,94.51782608695652,93.50238095238096,0.874,0.8825000000000001,0.525,0.9397589766821,0.9602688045483349,0.7867567567567567,0.7867567567567566,0.6617437174958632,0.8217962563693892,3751466620,0.719332,0.88480175,0.8825000000000001,0.88480175,0.88480175,3751466620,4,0.935472053125001,1.0454215,1.663191,0.9378435,0.78810525,1.576219,1.2836666,0.769,1.045,2.701,0.725,0,MQ,0.7417699869326262,0.7867567567567566,0.9500138906152173
2nx5,2,94.48391052951918,94.087,96.85767441860466,95.2095,90.38,94.54478260869564,93.22214285714286,0.8720000000000001,0.8775,0.532,0.929391830630266,0.9570323110059348,0.8024324324324325,0.8024324324324322,0.6208140111380532,0.8087451660193642,3751466620,0.7245017499999999,0.87910275,0.8775,0.87910275,0.87910275,3751466620,2,0.9369355961308352,1.0627013,1.6471853,1.073392,0.80971235,1.5136938,1.3339753,0.779,1.027,2.339,0.725,0,MQ,0.7147795885787087,0.8024324324324323,0.9432120708181004
5sws,2,88.1053381862299,81.5948076923077,82.21818181818182,71.89,83.73463414634146,80.39105263157894,81.78753246753247,0.6679999999999999,0.575,0.304,0.5723908061441204,0.5304172253546486,0.397948717948718,0.397948717948718,0.1026764944908284,0.0429029708964054,1524082854,0.12789375,0.41302075,0.575,0.36924475,0.36924475,1524082854,2,0.7351631332385341,7.5898824,16.626764,3.5989795,3.5239503,13.196434,11.461801,0.031,16.0,36.355,0.033,0,LQ,0.0727897326936169,0.397948717948718,0.5514040157493845
5sws,4,87.31607976948742,79.67461538461538,80.64672727272726,68.9695238095238,80.84341463414634,76.95087719298245,78.97,0.5980000000000001,0.4649999999999999,0.254,0.4470506013304711,0.4448547452425164,0.4044117647058823,0.4044117647058823,0.0458947153854692,0.0267980914769082,1524082854,0.02346075,0.360949,0.4649999999999999,0.26856525,0.26856525,1524082854,4,0.6721849776658225,7.590145,16.61862,3.5616026,3.5371473,13.001105,11.162201,0.025,16.214,37.241,0.017,1,LQ,0.0363464034311887,0.4044117647058823,0.44595267328649374
5sws,3,87.14630421595389,78.57,79.66927272727271,67.73214285714286,79.66121951219513,76.29245614035086,78.43584415584414,0.5820000000000001,0.4375,0.211,0.4481253201203818,0.4214031777502728,0.3830555555555556,0.3830555555555556,0.0448916215359684,0.0216875648002916,1524082854,0.02131975,0.366697,0.4375,0.26083575,0.26083575,1524082854,3,0.6543557469720629,7.6338043,16.687243,3.6681676,3.5774527,13.230108,10.633658,0.025,16.047,37.53,0.017,0,LQ,0.03328959316813,0.3830555555555556,0.4347642489353273
5sws,1,87.41234758871701,79.61596153846153,80.52745454545453,69.01035714285715,80.59756097560974,78.25350877192982,78.81753246753246,0.6060000000000001,0.4775,0.274,0.4724836481930552,0.4603351612636951,0.3918918918918919,0.3918918918918919,0.0525640971162819,0.0278983792903732,1524082854,0.0371475,0.368067,0.4775,0.2860675,0.2860675,1524082854,1,0.6811646667671226,7.439785,16.366037,3.4150758,3.3919435,12.454952,10.779907,0.025,15.992,37.463,0.017,1,LQ,0.04023123820332755,0.3918918918918919,0.46640940472837517
5sws,0,88.12412647861693,80.58211538461538,82.08018181818181,71.40869047619046,83.54804878048782,80.76403508771932,81.05805194805195,0.6679999999999999,0.575,0.305,0.5666229164171346,0.5519827632651847,0.4271428571428571,0.4271428571428571,0.0986163236098207,0.0497718697058219,1524082854,0.13180125,0.41728675,0.575,0.3761252499999999,0.3761252499999999,1524082854,0,0.7340681145389508,7.6049476,16.718754,3.4940324,3.4785142,14.753408,11.286203,0.031,16.043,36.887,0.033,0,LQ,0.0741940966578213,0.4271428571428571,0.5593028398411597
3pwp,4,94.71506853441782,94.37477272727271,94.6232608695652,96.3304761904762,95.9336170212766,96.96941176470588,94.11241379310344,0.876,0.8925000000000001,0.599,0.9770962259939742,0.9417348991035048,0.8112727272727273,0.8112727272727274,0.9189712110787416,0.7947502587342901,1671584454,0.7644445,0.8973377499999999,0.8925000000000001,0.8973377499999999,0.8973377499999999,1671584454,4,0.9284724747165044,0.67129153,0.95072216,1.0288935,0.4571059,0.3599183,1.007977,0.938,0.427,2.116,0.948,0,HQ,0.8568607349065158,0.8112727272727274,0.9594155625487395
3pwp,3,95.0140924838078,95.0475,95.04304347826086,96.36619047619048,95.8904255319149,97.00794117647058,94.37137931034482,0.8859999999999999,0.9025,0.614,0.9783230732707292,0.945110054693446,0.7911864406779661,0.7911864406779661,0.9217801513522428,0.8020695288158359,1671584454,0.78445,0.90736775,0.9025,0.90736775,0.90736775,1671584454,3,0.9358787642464018,0.65957975,0.9230374,0.83086646,0.49778304,0.51151997,0.81934077,0.928,0.426,2.685,0.948,0,HQ,0.8619248400840394,0.7911864406779661,0.9617165639820876
3pwp,2,95.05832806145504,94.94022727272728,94.72543478260872,96.29464285714286,95.8972340425532,96.94882352941175,94.40597701149424,0.882,0.9,0.599,0.9794310175916564,0.951460423780438,0.8069642857142857,0.8069642857142857,0.924270118443869,0.8189517880815318,1671584454,0.78043775,0.90466975,0.9,0.90466975,0.90466975,1671584454,2,0.933589790098647,0.6764909,0.95588446,0.8340949,0.5075066,0.50948966,1.0195215,0.948,0.445,1.716,0.966,0,HQ,0.8716109532627003,0.8069642857142857,0.9654457206860472
3pwp,0,94.87096701310438,94.93863636363636,95.025,96.41642857142855,95.90489361702129,96.92941176470588,94.24413793103447,0.882,0.9025,0.611,0.9790536807977712,0.9545345073195534,0.8003703703703704,0.8003703703703704,0.9232536489814066,0.8286223595942916,1671584454,0.777021,0.90495975,0.9025,0.90495975,0.90495975,1671584454,0,0.9330171936793228,0.6772887,0.95715576,1.0200682,0.46740606,0.45988965,0.95241547,0.947,0.46,1.292,0.948,0,HQ,0.8759380042878491,0.8003703703703704,0.9667940940586623
3pwp,1,94.8119972887483,94.18818181818182,94.87,96.17107142857142,95.8091489361702,96.8905882352941,94.11747126436782,0.876,0.89,0.582,0.9753500844425378,0.9504831284410667,0.8413725490196078,0.8413725490196079,0.9119132287756028,0.8164804211136936,1671584454,0.75924225,0.8956115,0.89,0.8956115,0.8956115,1671584454,1,0.928258077941924,0.6582458,0.850332,0.95085377,0.5189323,0.52830696,0.9425729,0.899,0.396,4.083,0.948,0,HQ,0.8641968249446481,0.8413725490196078,0.9629166064418022
8cx4,2,90.17027794471154,78.08744680851063,76.83172413793103,75.25222222222223,80.96406250000001,78.89981481481482,71.15635416666667,0.522,0.345,0.162,0.3876555307960805,0.4156568989596815,0.2597368421052631,0.2597368421052632,0.0264280365897785,0.020886889244083,3985281015,0.0119035,0.353605,0.345,0.23065,0.23065,3985281015,2,0.6019277267198624,3.3576362,6.5740094,1.6529437,1.6195514,4.1069717,6.1352153,0.188,5.17,15.506,0.254,0,LQ,0.02365746291693075,0.25973684210526315,0.401656214877881
8cx4,3,89.6690234375,76.74170212765956,76.0451724137931,75.11333333333333,80.09875,77.56018518518519,70.34197916666668,0.496,0.305,0.119,0.3705637302791275,0.4045226291001367,0.2221739130434782,0.2221739130434783,0.0255868859757071,0.0181842987588813,3985281015,0.011181,0.34164175,0.305,0.20357825,0.20357825,3985281015,3,0.5765216875975877,2.0586698,3.7642837,1.3979763,1.2294157,2.1076193,3.8136652,0.253,2.52,18.512,0.322,1,AQ,0.021885592367294197,0.22217391304347825,0.3875431796896321
8cx4,4,90.27318960336538,78.11531914893618,76.95206896551724,75.312,80.15,78.09925925925926,71.45729166666668,0.542,0.3825,0.184,0.4259882334991846,0.4571465664941193,0.1841176470588235,0.1841176470588235,0.0319965911028194,0.0243544911261068,3985281015,0.01207125,0.356719,0.3825,0.254177,0.254177,3985281015,4,0.6303383207351013,1.292063,2.1951964,1.6154871,0.7993652,1.2324727,1.9878236,0.574,1.58,6.184,0.593,0,MQ,0.028175541114463097,0.1841176470588235,0.44156739999665195
8cx4,1,89.9323828125,77.44808510638298,77.1843103448276,74.18922222222221,80.634375,77.985,70.5259375,0.5,0.3225,0.125,0.3502566052733557,0.3805445374030505,0.2207692307692307,0.2207692307692307,0.0223685207052565,0.0161278068736206,3985281015,0.0112305,0.342282,0.3225,0.2122515,0.2122515,3985281015,1,0.5871133342935778,1.9212899,3.3829386,2.9884233,0.92924094,1.4260504,3.9133673,0.31,2.436,13.538,0.373,0,AQ,0.019248163789438548,0.2207692307692307,0.36540057133820314
8cx4,0,89.98185997596154,77.3895744680851,77.65655172413793,74.41655555555555,80.8334375,78.3714814814815,69.32000000000001,0.518,0.3425,0.195,0.3285727403209893,0.3773337054680146,0.2472727272727272,0.2472727272727272,0.0203801797020787,0.0179158784658035,3985281015,0.0120985,0.35879,0.3425,0.2129435,0.2129435,3985281015,0,0.5986697718425225,2.1130116,4.1140785,1.249276,1.0235598,3.6413643,4.5787168,0.33,3.224,10.645,0.424,1,AQ,0.0191480290839411,0.2472727272727272,0.35295322289450193
1kj2,2,93.37253075216778,92.16692307692308,89.90272727272725,92.35060975609755,90.31928571428573,94.49954545454548,90.74681818181818,0.82,0.83,0.404,0.879203261295814,0.8048279557544854,0.6730555555555555,0.6730555555555555,0.6047667325129206,0.2511116943444049,2126328852,0.6437145,0.8233170000000001,0.83,0.8233170000000001,0.8233170000000001,2126328852,2,0.8903256499371223,0.7838451,1.4037441,0.44876373,0.513505,1.306177,1.6042317,0.741,0.926,2.804,0.596,0,MQ,0.4279392134286627,0.6730555555555555,0.8420156085251498
1kj2,4,93.6774006856221,94.27384615384616,91.24236363636363,93.99353658536587,91.47642857142856,94.93886363636362,92.57181818181816,0.836,0.85,0.454,0.9397436875193896,0.89775352196801,0.7205882352941176,0.7205882352941176,0.77681603240642,0.5423170244201799,2126328852,0.6770895,0.85129175,0.85,0.85129175,0.85129175,2126328852,4,0.9019873762852768,0.6654262,1.1446133,0.43777698,0.46608216,0.8072502,1.1514516,0.806,0.651,1.704,0.614,0,HQ,0.6595665284133,0.7205882352941176,0.9187486047436998
1kj2,3,93.53188949384958,93.5201923076923,90.3730909090909,93.2818292682927,90.68160714285716,94.47477272727272,91.76886363636363,0.8220000000000001,0.835,0.453,0.9246302033611196,0.8704735318888848,0.7251612903225807,0.7251612903225808,0.7250601335093287,0.4472791431733497,2126328852,0.6461815,0.82716775,0.835,0.82716775,0.82716775,2126328852,3,0.8917903225862068,0.77678293,1.2635432,0.4073107,0.5994535,1.0151712,0.95017904,0.829,0.531,1.043,0.614,0,HQ,0.5861696383413393,0.7251612903225808,0.8975518676250022
1kj2,1,93.55978019762048,93.5232692307692,90.1889090909091,93.3989024390244,90.56785714285716,94.72954545454546,91.80931818181818,0.8320000000000001,0.845,0.476,0.915135246094127,0.8569781522506928,0.6891428571428572,0.6891428571428571,0.7044371019870408,0.3886554461594108,2126328852,0.66904,0.84338675,0.845,0.84338675,0.84338675,2126328852,1,0.8974650657958272,0.7506173,1.3907728,0.43215254,0.4527832,1.253371,1.8149412,0.804,0.783,1.755,0.667,0,HQ,0.5465462740732258,0.6891428571428571,0.8860566991724099
1kj2,0,93.4487114337568,93.16653846153848,90.0661818181818,93.2269512195122,90.75,94.62909090909092,91.43727272727271,0.826,0.84,0.406,0.9251486241167396,0.8766664601103443,0.7303225806451615,0.7303225806451615,0.7297377183810734,0.455916029465885,2126328852,0.6581615000000001,0.83650225,0.84,0.83650225,0.83650225,2126328852,0,0.8954722039926114,0.64914465,1.0922846,0.44920382,0.4694035,1.3182169,0.74731714,0.796,0.661,2.529,0.632,0,MQ,0.5928268739234792,0.7303225806451615,0.900907542113542
5w1w,1,89.60685061989719,79.63425,82.99345454545455,65.92626373626373,80.614375,78.03092592592593,81.41197802197803,0.62,0.4875,0.2,0.5638049148239423,0.4882818758447248,0.29625,0.29625,0.0783470116217246,0.0231042769857805,1359501801,0.09682225,0.4140465,0.4875,0.34136075,0.34136075,1359501801,1,0.6876896218690977,2.0978618,3.9861822,0.9922344,1.3109183,3.8155265,4.561422,0.297,2.473,14.068,0.355,0,AQ,0.05072564430375255,0.29625,0.5260433953343335
5w1w,0,89.98099485938918,79.65574999999998,83.43418181818183,66.9010989010989,81.33125000000001,78.37314814814815,82.18527472527472,0.628,0.495,0.221,0.5781006829570612,0.504409310328955,0.288,0.288,0.0836085461337049,0.0258267935405588,1359501801,0.11070875,0.41915325,0.495,0.35338325,0.35338325,1359501801,0,0.6967445190305869,2.0002367,3.8263059,0.86696684,1.2348719,3.5543158,4.9720736,0.362,2.338,11.631,0.447,0,AQ,0.054717669837131847,0.288,0.541254996643008
5w1w,2,89.82943302086483,79.77850000000001,83.37254545454545,67.5134065934066,80.563125,78.33,81.82791208791208,0.632,0.505,0.228,0.5951220489283244,0.5167253118180674,0.2886046511627907,0.2886046511627907,0.093293738117988,0.0275153587650307,1359501801,0.12167325,0.42934525,0.505,0.36500975,0.36500975,1359501801,2,0.7007573433220032,1.9508712,3.726939,0.8321283,1.2092983,3.6739595,4.4291162,0.394,2.231,9.378,0.421,0,AQ,0.060404548441509345,0.2886046511627907,0.555923680373196
5w1w,3,89.88137889325672,79.76525000000001,83.32654545454545,65.88747252747253,82.1034375,78.78074074074074,82.85472527472527,0.622,0.495,0.226,0.5695432630353748,0.4923861990238452,0.2695744680851064,0.2695744680851064,0.0806463097093731,0.0241135157838419,1359501801,0.1056884999999999,0.41750575,0.495,0.34917675,0.34917675,1359501801,3,0.6912846171801101,2.2739916,4.4253182,1.0738621,1.334126,4.2656918,5.57516,0.34,2.686,11.624,0.434,1,AQ,0.0523799127466075,0.2695744680851064,0.53096473102961
5w1w,4,90.1676489265195,79.5215,83.30745454545455,65.54967032967032,82.36031249999999,78.80444444444446,83.69065934065934,0.62,0.4875,0.236,0.5831850545917153,0.4860012666112903,0.2877083333333333,0.2877083333333333,0.0918027850608727,0.0247330465496239,1359501801,0.0983665,0.42181075,0.4875,0.34624575,0.34624575,1359501801,4,0.6886835784120205,2.6131756,5.1517315,1.2691498,1.4709984,4.449001,6.557773,0.277,3.127,12.133,0.316,0,AQ,0.058267915805248295,0.2877083333333333,0.5345931606015029
2ak4,3,93.4906289867972,91.16125,83.85042857142855,94.91404255319148,92.41425,91.8354054054054,78.24877777777778,0.8460000000000001,0.8625,0.587,0.9597352615512388,0.9259093879275412,0.7750943396226416,0.7750943396226415,0.8335030963704566,0.6731594811965769,474596562,0.69148225,0.857281,0.8625,0.857281,0.857281,474596562,3,0.895057749494248,0.83290005,1.3463432,0.43355504,0.5288032,0.8177526,1.8193539,0.845,0.836,3.148,0.892,0,HQ,0.7533312887835167,0.7750943396226415,0.94282232473939
2ak4,4,93.77526183058896,91.06296875,82.99685714285717,94.53829787234044,92.40225,92.06189189189188,74.35000000000001,0.8560000000000001,0.8674999999999999,0.55,0.9682720211553866,0.9403895429963516,0.8093877551020409,0.8093877551020409,0.8499990254315127,0.7330032757605427,474596562,0.7019774999999999,0.86355125,0.8674999999999999,0.86355125,0.86355125,474596562,4,0.8981282656962013,0.8373342,1.357843,0.4862522,0.5205552,0.8710946,1.7465757,0.857,0.701,3.447,0.892,0,HQ,0.7915011505960277,0.8093877551020409,0.9543307820758691
2ak4,2,93.91790832220738,91.30921875,83.79514285714285,94.91010638297874,92.48925,91.8437837837838,77.04522222222222,0.8560000000000001,0.87,0.565,0.9631919492072736,0.9345399733061074,0.7894117647058824,0.7894117647058824,0.8440646277941132,0.707841129258921,474596562,0.70807775,0.8671545,0.87,0.8671545,0.8671545,474596562,2,0.9016373556704336,0.9108417,1.5336823,0.6023655,0.48474523,0.87642986,1.6929257,0.871,0.763,1.808,0.862,0,HQ,0.7759528785265171,0.7894117647058824,0.9488659612566905
2ak4,0,93.61318943776888,90.7759375,82.51128571428573,93.6636170212766,91.028,91.09513513513514,72.98722222222223,0.8480000000000001,0.8575,0.565,0.9441037895508172,0.9023841125585144,0.7692307692307693,0.7692307692307693,0.7725438281730566,0.562987681354964,474596562,0.6854985,0.854509,0.8575,0.854509,0.854509,474596562,0,0.8976967436420948,0.87264043,1.4925944,0.39293167,0.45934162,0.6878136,1.9362297,0.856,0.897,2.183,0.892,0,HQ,0.6677657547640103,0.7692307692307693,0.9232439510546657
2ak4,1,93.6927458834001,91.14953125,83.52171428571428,94.6067021276596,91.91774999999998,91.81837837837838,74.29866666666666,0.8560000000000001,0.865,0.573,0.950897727957185,0.9092972541011686,0.766851851851852,0.7668518518518519,0.802083071037854,0.5955628032924993,474596562,0.70239125,0.861993,0.865,0.861993,0.861993,474596562,1,0.900078273747072,0.88142383,1.4444225,0.6470367,0.5093105,0.7419436,1.8956561,0.847,0.79,2.622,0.846,0,HQ,0.6988229371651766,0.7668518518518519,0.9300974910291768
8ryo,0,90.12133929949084,65.77983606557376,78.66103448275862,72.28941176470587,81.82978260869564,79.30000000000001,70.43231578947368,0.5980000000000001,0.4625,0.167,0.5723702207845455,0.5420479522873967,0.3291176470588235,0.3291176470588235,0.0693098440863689,0.0359090481960168,2890393497,0.05911925,0.40761475,0.4625,0.32639375,0.32639375,2890393497,0,0.6917173446190741,1.3222994,2.4968631,1.1818506,0.6572624,2.1570368,2.8271089,0.519,1.323,11.234,0.63,0,MQ,0.052609446141192846,0.3291176470588235,0.5572090865359711
8ryo,1,89.93756210461348,64.2027868852459,78.24689655172413,70.90367647058824,81.26239130434784,78.7694117647059,70.414,0.5780000000000001,0.43,0.154,0.5343714952623984,0.5304470258163252,0.3416666666666667,0.3416666666666667,0.0567083241254859,0.0355725291459463,2890393497,0.03922275,0.386926,0.43,0.2954925,0.2954925,2890393497,1,0.6776620689626988,1.3695241,2.6694434,1.0186685,0.61821246,3.6256852,1.671079,0.622,1.189,7.148,0.667,2,MQ,0.0461404266357161,0.3416666666666667,0.5324092605393618
8ryo,4,89.32867150131152,59.31180327868852,75.25827586206896,67.85235294117649,77.36086956521739,70.88294117647058,66.15852631578947,0.454,0.2225,0.095,0.2673044444219277,0.2902215242851023,0.1044827586206896,0.1044827586206896,0.0172101594640874,0.0133294629633559,2890393497,0.0134145,0.37164925,0.2225,0.14544625,0.14544625,2890393497,4,0.5241081377846718,10.193608,20.637098,4.51795,3.9872568,18.589903,9.268082,0.043,16.009,39.238,0.074,0,LQ,0.01526981121372165,0.1044827586206896,0.278762984353515
8ryo,3,89.63992439438358,62.681147540983616,77.25586206896551,70.17808823529411,80.27891304347827,77.87,66.49073684210528,0.576,0.425,0.182,0.5375325397543178,0.5350927903156514,0.3261111111111112,0.3261111111111112,0.0570551073271525,0.0340817975445702,2890393497,0.032027,0.3902752499999999,0.425,0.2917115,0.2917115,2890393497,3,0.6759116483130011,1.8815057,3.6755009,1.0328431,0.895861,3.9627633,2.826987,0.441,2.076,9.904,0.556,1,AQ,0.04556845243586135,0.3261111111111112,0.5363126650349845
8ryo,2,89.53943527233452,63.26426229508197,76.2953448275862,70.97161764705882,79.3458695652174,76.45617647058823,64.59842105263158,0.558,0.3975,0.109,0.519101655815215,0.5009384130834796,0.343076923076923,0.3430769230769231,0.0541236084020991,0.0308097418657365,2890393497,0.021951,0.37694975,0.3975,0.268879,0.268879,2890393497,2,0.6491226981445158,2.2117777,4.359118,1.0320616,1.0265225,4.780478,2.205307,0.527,2.223,5.411,0.556,0,MQ,0.0424666751339178,0.34307692307692306,0.5100200344493473
5bs0,2,93.22176542269612,96.42127659574469,92.48515151515151,95.59366666666666,94.00297297297296,94.75944444444444,95.78506172839506,0.8640000000000001,0.8775,0.541,0.9810196003425506,0.971658704889614,0.8388888888888889,0.8388888888888889,0.922805620164276,0.8743019138507225,225975530,0.71785675,0.8811685,0.8775,0.8811685,0.8811685,225975530,2,0.9119512479329426,0.6783222,0.9977235,0.6944838,0.5606067,0.7290012,1.081859,0.848,0.501,4.293,0.848,0,HQ,0.8985537670074992,0.8388888888888889,0.9763391526160823
5bs0,3,93.10421325209444,96.36191489361704,92.49984848484848,95.52722222222224,93.94567567567567,94.68944444444443,95.82827160493828,0.858,0.8725,0.543,0.9804817428252623,0.970893078609782,0.8388571428571429,0.8388571428571427,0.9223726080982056,0.87246548870974,225975530,0.7069529999999999,0.875954,0.8725,0.875954,0.875954,225975530,3,0.9076343187792506,0.63615257,0.9217203,0.67454714,0.52920175,0.9663443,0.9866492,0.846,0.476,4.3,0.833,0,HQ,0.8974190484039728,0.8388571428571427,0.9756874107175222
5bs0,4,93.08366031987812,96.2153191489362,92.11530303030302,95.06155555555554,93.79351351351352,94.22944444444444,95.75518518518516,0.852,0.8674999999999999,0.543,0.9797898970840264,0.9699399079457864,0.8,0.7999999999999999,0.917860590153307,0.8680045252684075,225975530,0.70033125,0.87195325,0.8674999999999999,0.87195325,0.87195325,225975530,4,0.9043160746631056,0.6143775,0.80238134,0.7366519,0.5369172,0.7322996,0.81294644,0.882,0.483,3.177,0.864,0,HQ,0.8929325577108573,0.8,0.9748649025149064
5bs0,1,93.0919268849962,96.13574468085106,92.2751515151515,95.37911111111111,93.62945945945944,94.38333333333333,95.27444444444446,0.85,0.865,0.547,0.9787239159096488,0.969137892927366,0.7910256410256411,0.791025641025641,0.9140447208972476,0.8617301160224102,225975530,0.69149725,0.86633075,0.865,0.86633075,0.86633075,225975530,1,0.9019583755168246,0.68857914,0.9714875,0.70674723,0.5878437,0.99542695,0.98616266,0.82,0.546,4.591,0.803,0,HQ,0.8878874184598289,0.7910256410256411,0.9739309044185074
5bs0,0,93.11161766945924,96.26617021276596,92.35878787878788,95.34433333333332,93.77918918918918,94.3662962962963,95.71876543209876,0.852,0.87,0.54,0.9801058281127106,0.9701822368714916,0.8208571428571428,0.8208571428571428,0.919652848534144,0.8712528273872335,225975530,0.7001867500000001,0.8727855,0.87,0.8727855,0.8727855,225975530,0,0.9033848671693356,0.67478096,0.8496053,0.6479022,0.622695,0.73167694,0.92217714,0.873,0.462,3.672,0.864,0,HQ,0.8954528379606888,0.8208571428571428,0.9751440324921011
3ffc,4,93.40980345443715,95.1826,88.22800000000001,90.7529347826087,96.6765625,94.87340425531916,95.89142857142858,0.8640000000000001,0.87,0.606,0.9755355415599382,0.964991971679273,0.8336206896551724,0.8336206896551723,0.8904045241714696,0.8237776695999414,2623095657,0.7089099999999999,0.874506,0.87,0.874506,0.874506,2623095657,4,0.9145049585355902,0.7910208,0.72440696,0.84199524,0.80408126,0.9176421,0.5924467,0.92,0.534,2.151,0.933,0,HQ,0.8570910968857055,0.8336206896551723,0.9702637566196055
3ffc,3,93.43435527099464,95.46600000000002,87.92133333333335,91.2182608695652,96.6690625,95.03872340425534,95.82803571428572,0.8640000000000001,0.8725,0.613,0.9752389093377548,0.9664679562936253,0.8194827586206896,0.8194827586206896,0.8900437223281766,0.828641679248374,2623095657,0.711116,0.876184,0.8725,0.876184,0.876184,2623095657,3,0.9164962075299428,0.80001986,0.76793087,0.99648726,0.7868566,0.88798434,0.76191473,0.928,0.496,1.946,0.933,0,HQ,0.8593427007882752,0.8194827586206896,0.97085343281569
3ffc,2,93.35273525908278,95.0892,87.57716666666667,90.49630434782608,96.62375,94.86936170212768,95.84160714285711,0.86,0.8674999999999999,0.612,0.9742889559141292,0.964876713683354,0.8220338983050848,0.8220338983050848,0.8866778919300516,0.8210909127552575,2623095657,0.6981787500000001,0.86832475,0.8674999999999999,0.86832475,0.86832475,2623095657,2,0.9114288053816796,0.79148096,0.7767635,0.9978268,0.7720401,0.99785393,0.7767599,0.938,0.519,1.72,0.96,0,HQ,0.8538844023426546,0.8220338983050848,0.9695828347987416
3ffc,0,93.31036331149494,95.2572,87.63250000000001,91.1516304347826,96.624375,94.78,95.77714285714286,0.86,0.87,0.606,0.9744283421873916,0.9646451016062272,0.8314035087719298,0.8314035087719297,0.8869093533486175,0.8210548602867425,2623095657,0.69893925,0.86762875,0.87,0.86762875,0.86762875,2623095657,0,0.9108584526757444,0.72702533,0.6353978,0.84361756,0.73910546,0.7704256,0.48339844,0.937,0.443,2.327,0.96,0,HQ,0.85398210681768,0.8314035087719298,0.9695367218968094
3ffc,1,93.1085482430018,94.76359999999998,87.74816666666666,90.17543478260868,96.50625,94.64936170212763,95.38303571428573,0.852,0.86,0.599,0.971865622493417,0.9613136394129036,0.860188679245283,0.8601886792452831,0.8780839053117061,0.804522828856855,2623095657,0.6865607499999999,0.8619607499999999,0.86,0.8619607499999999,0.8619607499999999,2623095657,1,0.906726758513736,0.81043005,0.8186463,0.9218898,0.7959525,1.1401232,0.7814039,0.93,0.547,2.011,0.96,1,HQ,0.8413033670842806,0.8601886792452831,0.9665896309531603
3vxm,3,88.14040760869565,60.60234042553192,74.18539682539684,63.64023529411764,74.41973684210525,65.38642857142857,70.0465934065934,0.438,0.18,0.094,0.1789580423257562,0.195188917101557,0.1503448275862069,0.1503448275862069,0.0115128685719702,0.0100921366021079,1511221372,0.0,0.0,0.18,0.0955425,0.0955425,1511221372,3,0.5170999036675052,8.853293,17.742105,3.3022745,2.686172,10.014481,14.8859415,0.03,15.493,32.066,0.015,0,LQ,0.01080250258703905,0.1503448275862069,0.18707347971365662
3vxm,4,88.1723143115942,60.89425531914894,73.9295238095238,63.03694117647059,74.18710526315789,64.70375,70.61274725274727,0.452,0.205,0.097,0.1754262099683081,0.1887055376286061,0.1017142857142857,0.1017142857142857,0.0112138577495341,0.0096551114805019,1511221372,0.0,0.0,0.205,0.106961,0.106961,1511221372,4,0.525408845524977,9.038639,18.1351,3.9847336,2.5828185,13.241365,11.048922,0.021,16.149,35.007,0.0,0,LQ,0.010434484615018,0.1017142857142857,0.1820658737984571
3vxm,2,87.71435688405798,58.14021276595745,73.7620634920635,63.93894117647057,74.66157894736843,65.81375,69.67725274725275,0.446,0.1925,0.092,0.1695371255198196,0.1914608931071375,0.1025714285714285,0.1025714285714285,0.0110216314982212,0.0099698877464177,1511221372,0.0,0.0,0.1925,0.09991475,0.09991475,1511221372,2,0.5253749063990684,8.046856,16.27958,2.171001,2.1990561,9.632412,14.084935,0.055,13.613,29.439,0.075,1,LQ,0.01049575962231945,0.1025714285714285,0.18049900931347854
3vxm,0,87.9241047705314,60.42957446808511,73.37857142857142,61.58635294117647,73.3586842105263,64.06267857142858,68.94582417582419,0.446,0.205,0.144,0.1788394645236989,0.1899602669921029,0.1053333333333333,0.1053333333333333,0.011551966428096,0.0099266913093342,1511221372,0.0,0.0,0.205,0.10351075,0.10351075,1511221372,0,0.522690429222659,8.874611,17.962288,3.2978294,2.2618995,11.764089,12.866218,0.039,16.278,37.468,0.06,1,LQ,0.0107393288687151,0.1053333333333333,0.1843998657579009
3vxm,1,87.55852053140097,61.23999999999999,73.76047619047618,64.22047058823529,73.31605263157894,64.22160714285714,69.57131868131867,0.4599999999999999,0.2175,0.117,0.1855670147324449,0.1969897218976035,0.117906976744186,0.117906976744186,0.0117202043035517,0.0100325818277256,1511221372,0.0,0.0,0.2175,0.107604,0.107604,1511221372,1,0.5326995252632302,2.5882757,4.8563185,1.8675387,1.1864065,2.198816,5.7626595,0.254,3.198,13.534,0.299,0,AQ,0.01087639306563865,0.117906976744186,0.1912783683150242
1qrn,0,94.49003927492448,94.3690909090909,94.85695652173912,95.94916666666668,95.88021276595742,96.90500000000002,93.89103448275864,0.8720000000000001,0.885,0.592,0.9780990175150448,0.9606696453280988,0.8207692307692306,0.8207692307692308,0.9170364824313996,0.8509819994571141,446089743,0.749366,0.88875775,0.885,0.88875775,0.88875775,446089743,0,0.9258242330459774,0.60938114,0.8221153,0.6808632,0.49198446,0.6309749,0.8954939,0.928,0.428,1.262,0.881,0,HQ,0.8840092409442568,0.8207692307692307,0.9693843314215718
1qrn,1,94.36163897280969,94.20977272727272,94.52608695652174,96.02773809523808,95.968085106383,96.97294117647058,93.98080459770117,0.8779999999999999,0.8875,0.599,0.9781880180069408,0.9576752114768056,0.7941818181818179,0.7941818181818182,0.9168023770027994,0.8429681314407755,446089743,0.75988475,0.89392375,0.8875,0.89392375,0.89392375,446089743,1,0.9300238084642528,0.6837262,0.94337815,0.8667794,0.52049273,0.7433408,1.1561192,0.927,0.441,1.191,0.881,0,HQ,0.8798852542217874,0.7941818181818181,0.9679316147418732
1qrn,3,94.25562990936557,94.22863636363635,94.655,95.9704761904762,95.87234042553192,96.76735294117648,93.7645977011494,0.876,0.89,0.598,0.978518862279018,0.9596658779873036,0.7770909090909088,0.7770909090909089,0.915585269774426,0.8448246542125539,446089743,0.76245075,0.89407675,0.89,0.89407675,0.89407675,446089743,3,0.9316914932788402,0.63387156,0.86492354,0.7675949,0.49563956,0.6360247,0.92614806,0.912,0.463,2.116,0.881,0,HQ,0.88020496199349,0.7770909090909088,0.9690923701331609
1qrn,4,94.43933836858008,94.37977272727272,94.48195652173914,95.90904761904764,95.6727659574468,96.8429411764706,93.82689655172416,0.876,0.8875,0.61,0.9758124848508352,0.9439158812508772,0.7758181818181817,0.7758181818181819,0.9097146632950244,0.7871463035372017,446089743,0.7627517500000001,0.89495775,0.8875,0.89495775,0.89495775,446089743,4,0.9310777362011504,0.58595765,0.838133,0.6809952,0.43541533,0.59639275,1.1293069,0.962,0.323,0.838,0.94,0,HQ,0.848430483416113,0.7758181818181817,0.9598641830508562
1qrn,2,94.5081510574018,94.23931818181818,94.46717391304348,96.09488095238096,96.04042553191488,97.01941176470588,93.97045977011496,0.876,0.8875,0.609,0.9781538770457638,0.959271606912516,0.8026415094339621,0.8026415094339623,0.9164804035531836,0.8479669409987073,446089743,0.7584029999999999,0.89423075,0.8875,0.89423075,0.89423075,446089743,2,0.929938060141486,0.60960984,0.89159757,0.7583288,0.4284769,0.73055947,1.1878433,0.927,0.456,1.021,0.881,0,HQ,0.8822236722759454,0.8026415094339622,0.9687127419791399
5swz,0,87.50196007804293,76.55634615384615,79.86527272727272,67.54057471264368,83.44585365853658,72.96491228070175,75.18168421052633,0.546,0.3725,0.16,0.3528807718148647,0.3783223386498019,0.3071875,0.3071875,0.0282935324798606,0.0182439803211014,4007875240,0.0120425,0.35216575,0.3725,0.2180055,0.2180055,4007875240,0,0.6165426202184093,8.0034485,17.163383,3.8458042,3.6276138,14.019394,9.621032,0.027,16.316,34.886,0.015,0,LQ,0.023268756400480997,0.3071875,0.3656015552323333
5swz,1,88.41932012606935,79.76346153846154,82.22254545454545,69.87471264367814,83.91439024390245,74.07192982456141,78.25673684210524,0.63,0.5075000000000001,0.327,0.5036343322274729,0.5002232834734904,0.2871794871794872,0.2871794871794871,0.0666686532582849,0.0360239027746813,4007875240,0.05994275,0.400291,0.5075000000000001,0.31424775,0.31424775,4007875240,1,0.6979041626539257,7.893137,16.73783,3.9157212,3.7743065,13.849529,10.726932,0.036,16.154,35.882,0.045,1,LQ,0.0513462780164831,0.28717948717948716,0.5019288078504817
5swz,3,87.29985742158186,76.69307692307693,79.36872727272727,67.56563218390805,83.1231707317073,73.05964912280703,74.92505263157896,0.546,0.3675,0.167,0.3747607295692042,0.3860157395842601,0.2967857142857143,0.2967857142857143,0.0315177343718345,0.0182825597513912,4007875240,0.0123492499999999,0.35876625,0.3675,0.22278275,0.22278275,4007875240,3,0.6161015246098753,8.083635,17.221706,4.0824065,3.7705936,12.73459,9.334127,0.036,16.181,35.314,0.045,0,LQ,0.02490014706161285,0.2967857142857143,0.38038823457673215
5swz,4,88.12418580219119,79.66499999999999,82.53527272727274,71.06229885057472,85.32536585365852,75.76438596491228,78.35021052631579,0.646,0.5375000000000001,0.314,0.5075795135475071,0.5040020727125315,0.2284210526315789,0.228421052631579,0.0719219461415738,0.0350437403218903,4007875240,0.0785885,0.4138415,0.5375000000000001,0.3379275,0.3379275,4007875240,4,0.7130587789351716,8.099979,17.224243,4.0036635,3.8229957,14.101088,11.840114,0.036,16.153,35.071,0.045,1,LQ,0.05348284323173205,0.22842105263157897,0.5057907931300193
5swz,2,87.34972384811645,76.82942307692308,79.45145454545454,66.72632183908044,82.72902439024391,72.2719298245614,74.74273684210527,0.534,0.35,0.123,0.3484465670257874,0.3728259679983044,0.3395652173913044,0.3395652173913043,0.0272214720346832,0.0171200479987754,4007875240,0.0118005,0.3478807499999999,0.35,0.204494,0.204494,4007875240,2,0.6062902202456417,8.064531,17.10561,4.0555973,3.845842,12.858787,9.119959,0.035,16.302,36.409,0.045,1,LQ,0.0221707600167293,0.33956521739130435,0.3606362675120459
4qok,1,91.49439076268612,87.47431818181819,91.60891304347828,91.43241379310346,91.3365,89.86172413793102,92.56322916666666,0.8160000000000001,0.8275,0.589,0.9679812694977388,0.9517997978747232,0.8840350877192983,0.8840350877192983,0.8611313908390874,0.7419576371558338,205993464,0.6271135,0.8205455,0.8275,0.8205455,0.8205455,205993464,1,0.8697507739984388,0.8187106,1.385459,0.29155126,0.566827,1.924441,0.79311,0.784,0.937,3.589,0.784,0,MQ,0.8015445139974606,0.8840350877192983,0.959890533686231
4qok,0,91.28445913096324,87.10113636363636,90.25304347826086,90.65810344827588,90.95975,89.40482758620689,91.96250000000002,0.8099999999999999,0.8200000000000001,0.594,0.9649120514395706,0.9444077635401216,0.8571186440677965,0.8571186440677966,0.8495834045850806,0.7052544054327828,205993464,0.6059177499999999,0.8058259999999999,0.8200000000000001,0.8058259999999999,0.8058259999999999,205993464,0,0.8624051463550587,0.7981554,1.3584037,0.6594587,0.5119015,1.8203716,1.1017294,0.804,0.895,2.774,0.77,0,HQ,0.7774189050089317,0.8571186440677965,0.9546599074898461
4qok,2,91.42780461865696,87.45636363636362,91.23891304347826,91.32086206896552,90.96675,89.48655172413794,92.273125,0.8160000000000001,0.8275,0.584,0.9652582881899636,0.9461380908372368,0.8519672131147541,0.8519672131147541,0.8488858612610667,0.7139856385669547,205993464,0.6281825,0.8208234999999999,0.8275,0.8208234999999999,0.8208234999999999,205993464,2,0.8709103379481541,0.9258061,1.6081189,0.29904997,0.60806346,2.018161,1.0193452,0.74,1.069,4.414,0.77,0,MQ,0.7814357499140108,0.8519672131147541,0.9556981895136002
4qok,4,91.14309480401091,87.36863636363637,91.02652173913044,90.4355172413793,90.21025,88.81103448275861,91.35291666666669,0.8019999999999999,0.81,0.6,0.9639948519989214,0.9396640309803104,0.8849999999999999,0.885,0.8412732097647467,0.6849480400982181,205993464,0.5983305,0.80137025,0.81,0.80137025,0.80137025,205993464,4,0.8596635013111048,0.9793336,1.4480863,0.6521302,0.80079985,1.8214074,1.1680468,0.728,1.046,4.663,0.743,0,MQ,0.7631106249314824,0.885,0.9518294414896159
4qok,3,91.15264053479189,87.39204545454545,90.73217391304348,90.6641379310345,90.11475,88.64137931034485,91.359375,0.8039999999999999,0.81,0.603,0.9632615357038355,0.9424640478916964,0.8581034482758622,0.8581034482758622,0.8388606012876192,0.695657092837351,205993464,0.6008995,0.8024965,0.81,0.8024965,0.8024965,205993464,3,0.8586759407783389,0.9186261,1.3455116,0.6386248,0.756388,1.9586117,1.0802848,0.745,1.001,4.792,0.784,0,MQ,0.767258847062485,0.8581034482758622,0.9528627917977659
6amu,0,93.2710228142704,92.26,95.52369565217391,95.9120588235294,91.80309523809524,95.94081081081082,95.96666666666668,0.866,0.88,0.629,0.9751829313290994,0.9715687003122035,0.8442857142857143,0.8442857142857143,0.8942150782425942,0.8891843130984175,3072488462,0.76011275,0.884619,0.88,0.884619,0.884619,3072488462,0,0.9192609911539136,1.2833786,1.4280051,3.0322032,0.798622,0.91827255,1.1846894,0.755,0.994,5.287,0.85,0,MQ,0.8916996956705059,0.8442857142857143,0.9733758158206515
6amu,1,93.23006737099983,92.61545454545454,95.72456521739127,96.00073529411765,91.89809523809522,95.94648648648648,96.0496153846154,0.8699999999999999,0.8875,0.63,0.9774747779068468,0.9737588211093458,0.8282142857142857,0.8282142857142857,0.9023006949938308,0.8962412253800377,3072488462,0.7667120000000001,0.8896517500000001,0.8875,0.8896517500000001,0.8896517500000001,3072488462,1,0.9245029567809274,1.2556949,1.3839619,3.0232463,0.7634761,0.8831102,1.1163529,0.764,0.984,5.21,0.867,0,MQ,0.8992709601869342,0.8282142857142857,0.9756167995080962
6amu,3,93.28180829888224,92.72022727272726,95.84630434782612,96.1289705882353,92.19642857142858,96.27837837837838,96.28564102564104,0.868,0.885,0.632,0.9775983373567227,0.9745439447551772,0.8435087719298245,0.8435087719298247,0.9053767250282854,0.8991623704931235,3072488462,0.765709,0.8888435,0.885,0.8888435,0.8888435,3072488462,3,0.9234621512713636,1.2809925,1.3993758,3.0098894,0.8190591,0.998216,1.1251345,0.769,1.009,4.867,0.867,0,MQ,0.9022695477607044,0.8435087719298247,0.9760711410559499
6amu,4,93.16818098300412,92.75204545454544,95.82521739130436,96.04529411764705,91.80238095238096,95.99756756756756,96.03358974358974,0.8699999999999999,0.8875,0.626,0.9733866936379182,0.9734659547008888,0.8723636363636365,0.8723636363636366,0.888859809411476,0.8957260892438079,3072488462,0.767209,0.8899535,0.8875,0.8899535,0.8899535,3072488462,4,0.9229386852908028,1.296857,1.4661998,3.0007367,0.82123333,1.0545958,1.3197994,0.757,1.017,5.327,0.867,0,MQ,0.8922929493276419,0.8723636363636365,0.9734263241694034
6amu,2,93.34638799571276,92.84863636363636,95.79217391304348,95.93529411764705,91.9395238095238,96.16513513513516,96.14423076923076,0.8720000000000001,0.8875,0.638,0.9775426560714834,0.9742825588312202,0.8303571428571429,0.8303571428571429,0.9033839286671204,0.8978040280672897,3072488462,0.7752005,0.89156225,0.8875,0.89156225,0.89156225,3072488462,2,0.9252823954083824,1.2559032,1.3560963,3.046451,0.7692781,1.0481052,1.1150662,0.762,1.009,5.363,0.883,0,MQ,0.900593978367205,0.8303571428571429,0.9759126074513518
3qdm,2,90.67424214838417,89.22825,88.58145454545453,88.1984375,86.5696,86.52869565217392,91.96517647058825,0.8140000000000001,0.8200000000000001,0.543,0.964064685011596,0.951257824938556,0.786949152542373,0.7869491525423729,0.835136405633268,0.7392506221470433,1788148780,0.57092525,0.80869125,0.8200000000000001,0.80869125,0.80869125,1788148780,2,0.8573487864507601,1.4728422,2.833705,0.8970284,0.6508212,1.5126917,0.9322432,0.792,1.131,2.758,0.833,0,MQ,0.7871935138901556,0.7869491525423729,0.957661254975076
3qdm,3,90.44177666514943,88.28125,87.58727272727272,87.3190625,85.3224,84.46326086956522,91.23847058823527,0.7939999999999999,0.8,0.516,0.9566496470392344,0.9396592330443166,0.8089090909090909,0.8089090909090908,0.801735347032858,0.6870919289516798,1788148780,0.52978925,0.78100525,0.8,0.77943975,0.77943975,1788148780,3,0.8365097350694988,1.4289274,2.7457776,0.70028824,0.6569082,1.3288921,0.9118537,0.837,0.978,1.357,0.833,0,MQ,0.7444136379922689,0.8089090909090908,0.9481544400417755
3qdm,4,90.36032771961769,88.77799999999999,88.02363636363637,88.38140625000001,85.60140000000001,86.26434782608696,91.68811764705885,0.806,0.8125,0.526,0.9629624725135072,0.9473483422337348,0.7906557377049181,0.7906557377049181,0.8300961635330456,0.7213522926222253,1788148780,0.5590605,0.8005260000000001,0.8125,0.799866,0.799866,1788148780,4,0.8524916158393874,1.3885014,2.65249,0.81363404,0.64356494,1.5237551,0.81044924,0.738,1.082,5.042,0.817,0,MQ,0.7757242280776355,0.7906557377049181,0.955155407373621
3qdm,1,90.47185252617204,88.36399999999999,88.05327272727276,86.90265624999999,85.51539999999999,84.87956521739129,91.51164705882351,0.8039999999999999,0.8125,0.521,0.9599157326558644,0.942784013965996,0.8121818181818181,0.8121818181818181,0.8139458051974722,0.6981539012117329,1788148780,0.55398075,0.797195,0.8125,0.7968765,0.7968765,1788148780,1,0.8499055741036841,1.3950434,2.6940303,0.80413395,0.6084904,1.32041,1.0700607,0.811,0.995,2.728,0.833,0,MQ,0.7560498532046025,0.8121818181818181,0.9513498733109302
3qdm,0,90.5381429221666,89.978,88.2150909090909,89.3903125,86.21340000000001,86.52891304347827,92.06223529411766,0.808,0.8175,0.542,0.9651897887596552,0.9522423687469,0.7905660377358492,0.790566037735849,0.8428607291140969,0.7507115386987263,1788148780,0.56574075,0.805005,0.8175,0.8046825,0.8046825,1788148780,0,0.857728552213618,1.5785183,2.9906337,0.8714011,0.76999295,1.5481621,0.76842344,0.719,1.318,4.103,0.783,0,MQ,0.7967861339064116,0.7905660377358491,0.9587160787532776
3qdj,2,93.16648997569868,89.66227272727274,94.55565217391305,91.0620588235294,91.36547619047616,95.05675675675676,94.33179487179488,0.866,0.8775,0.59,0.9662571640225434,0.938079882391898,0.8258695652173912,0.8258695652173913,0.8584824514619643,0.7204642109120425,2209625605,0.697011,0.88111725,0.8775,0.88111725,0.88111725,2209625605,2,0.9144295310583912,0.7601794,0.9950154,0.95447195,0.63491637,0.96445787,1.1376277,0.871,0.635,2.303,0.833,0,HQ,0.7894733311870035,0.8258695652173913,0.9521685232072207
3qdj,3,93.20499848116646,89.81613636363637,94.875,92.14323529411764,91.57785714285716,95.39432432432432,94.7403846153846,0.8699999999999999,0.885,0.598,0.9673220098422244,0.9523211981364672,0.8375,0.8375,0.8638476148020368,0.7813341191400508,2209625605,0.704294,0.886982,0.885,0.886982,0.886982,2209625605,3,0.9169898178133044,0.764352,1.1211534,0.9521309,0.56464183,0.96023214,0.9025122,0.902,0.647,1.077,0.879,0,HQ,0.8225908669710438,0.8375,0.9598216039893458
3qdj,4,93.22717496962332,89.95954545454546,94.95695652173914,91.93338235294118,91.40309523809525,95.13405405405403,94.60461538461536,0.866,0.8775,0.593,0.9671064389304737,0.9437534985528466,0.841063829787234,0.841063829787234,0.8611185148849645,0.7462023430413751,2209625605,0.7000085,0.8824635000000001,0.8775,0.8824635000000001,0.8824635000000001,2209625605,4,0.9148535854087544,0.7326184,1.0290185,0.7453045,0.59282273,0.9473558,1.1542336,0.869,0.651,2.279,0.833,0,HQ,0.8036604289631698,0.841063829787234,0.9554299687416601
3qdj,1,93.22580194410692,90.09045454545456,95.04065217391305,92.21882352941176,91.5242857142857,95.27756756756756,94.73256410256413,0.8699999999999999,0.8875,0.607,0.9692136187502812,0.9522635653294124,0.8232653061224489,0.8232653061224491,0.8709307390131216,0.7795222237137651,2209625605,0.711251,0.8901129999999999,0.8875,0.8901129999999999,0.8901129999999999,2209625605,1,0.919515168424476,0.71571636,0.8981034,0.96055585,0.6099351,0.9337378,1.157125,0.888,0.635,1.876,0.864,0,HQ,0.8252264813634433,0.823265306122449,0.9607385920398468
3qdj,0,93.28458687727824,90.18977272727273,94.90347826086958,91.87220588235292,91.42119047619047,95.08945945945946,94.59,0.8699999999999999,0.88,0.605,0.9663111300761044,0.9444040665222868,0.8432653061224489,0.843265306122449,0.8591411546675304,0.7521946971848461,2209625605,0.70430125,0.884123,0.88,0.884123,0.884123,2209625605,0,0.9175049679596124,0.70695066,0.9272423,0.97179294,0.57741016,1.0544702,1.1595764,0.896,0.632,1.361,0.864,0,HQ,0.8056679259261883,0.8432653061224489,0.9553575982991955
7rtr,2,90.64622222222224,71.11886363636364,80.1017391304348,76.91791666666667,77.96909090909092,83.8935294117647,83.71371428571427,0.6799999999999999,0.585,0.278,0.7019949092166003,0.7168039677280926,0.5,0.5,0.2027088940686936,0.1422049732900187,3135595211,0.15627575,0.496046,0.585,0.44723625,0.44723625,3135595211,2,0.742635968340495,2.2033339,3.4097362,2.020126,1.5783857,3.4471672,3.504282,0.451,2.24,6.303,0.397,0,AQ,0.17245693367935616,0.5,0.7093994384723465
7rtr,4,90.58105783866058,71.95113636363637,81.07782608695652,75.32541666666667,77.24454545454546,83.84980392156861,82.15699999999998,0.678,0.58,0.313,0.6751338624126982,0.6951095437960073,0.5106060606060605,0.5106060606060606,0.1705278835019901,0.1225886268580479,3135595211,0.14425725,0.49106925,0.58,0.435809,0.435809,3135595211,4,0.7442669172157916,1.9072449,3.1841896,1.7435746,1.1622849,3.2560108,2.7692158,0.565,1.876,6.405,0.667,0,MQ,0.146558255180019,0.5106060606060605,0.6851217031043528
7rtr,3,90.81342617960424,72.5425,82.02369565217391,76.58388888888888,78.28681818181818,84.54705882352941,83.56485714285714,0.696,0.6075,0.364,0.706679912713631,0.7207855016213378,0.5206060606060606,0.5206060606060606,0.2134182565088455,0.1462073907778856,3135595211,0.18237475,0.50453775,0.6075,0.46391775,0.46391775,3135595211,3,0.7601646434819466,1.9760714,3.1538522,1.7938821,1.3400463,3.3081965,2.8338668,0.523,1.917,6.02,0.524,0,MQ,0.17981282364336554,0.5206060606060606,0.7137327071674844
7rtr,1,91.0697108066971,73.84750000000001,82.58369565217392,78.38041666666666,80.34863636363636,85.67450980392157,84.87657142857144,0.724,0.65,0.366,0.7459435787436111,0.7562260239556929,0.4652380952380952,0.4652380952380952,0.2700156788764721,0.1911389143411835,3135595211,0.26483125,0.5382,0.65,0.517095,0.517095,3135595211,1,0.7818454998535727,1.8634276,3.0388699,1.7453378,1.1971357,3.1554897,2.8666785,0.563,1.868,6.748,0.683,0,MQ,0.2305772966088278,0.4652380952380952,0.751084801349652
7rtr,0,90.8590806697108,73.25454545454545,82.39021739130436,76.18361111111112,78.59454545454547,85.55862745098038,83.24742857142856,0.704,0.625,0.332,0.7383441975989765,0.7383557634937596,0.4991666666666666,0.4991666666666665,0.2479755636386478,0.1633805985214238,3135595211,0.218411,0.525233,0.625,0.4905119999999999,0.4905119999999999,3135595211,0,0.7691332726962345,1.7354451,3.0036995,1.466434,0.967039,3.391064,2.474641,0.559,1.741,7.412,0.683,0,MQ,0.20567808108003582,0.49916666666666654,0.738349980546368
3gsn,3,90.5227410093684,70.76270833333332,79.13326923076923,72.81519999999999,81.67808510638298,79.29794117647059,77.66191011235956,0.564,0.39,0.337,0.3114273676274863,0.3449475045010303,0.2467307692307692,0.2467307692307692,0.0205792949103058,0.019753931067339,2444823190,0.0,0.0,0.39,0.182182,0.182182,2444823190,3,0.6428608186134459,2.9779282,4.80423,2.563755,2.0915616,3.2177427,6.1008067,0.299,3.553,6.878,0.143,0,AQ,0.0201666129888224,0.2467307692307692,0.32818743606425826
3gsn,4,90.06159715926262,69.40270833333334,77.82980769230768,72.52053333333333,79.98446808510639,77.2229411764706,76.69022471910112,0.51,0.3025,0.24,0.2517451507651369,0.2904905051521492,0.2763636363636363,0.2763636363636363,0.015628374881058,0.0156164134807102,2444823190,0.0,0.0,0.3025,0.14513525,0.14513525,2444823190,4,0.5893158702044267,2.6396532,4.147697,2.2120574,1.9426405,3.339485,4.9960394,0.35,2.954,5.1,0.111,0,AQ,0.0156223941808841,0.2763636363636363,0.27111782795864303
3gsn,2,90.40348745844666,69.71604166666667,78.27442307692307,72.54733333333334,80.33127659574467,77.87735294117647,77.05101123595504,0.538,0.3425,0.315,0.2597739444741493,0.3023586975878686,0.2624489795918367,0.2624489795918368,0.0164468030770531,0.0163281007239224,2444823190,0.0,0.0,0.3425,0.15950875,0.15950875,2444823190,2,0.6105588021747742,2.9122894,4.6812277,2.3285568,2.0793374,3.513963,5.748135,0.331,3.509,6.05,0.175,0,AQ,0.01638745190048775,0.2624489795918368,0.2810663210310089
3gsn,0,90.11082351163496,68.86916666666667,77.53115384615386,70.26906666666665,78.87893617021277,75.92558823529411,75.2047191011236,0.4979999999999999,0.28,0.213,0.2320747284142138,0.2801065454015073,0.2944,0.2944,0.0145031917798861,0.0139956011601294,2444823190,0.0,0.0,0.28,0.1388474999999999,0.1388474999999999,2444823190,0,0.5752077065090491,2.5348291,3.9977906,2.1156754,1.8559175,3.8903754,4.6007776,0.338,2.896,6.548,0.175,0,AQ,0.014249396470007749,0.2944,0.25609063690786055
3gsn,1,90.19957842248414,68.08979166666667,76.93903846153846,71.51093333333333,78.6982978723404,74.82352941176471,76.63764044943821,0.518,0.3225,0.296,0.3075589305921701,0.3560164614020126,0.2398,0.2397999999999999,0.0199586139246446,0.0193892020264501,2444823190,0.0080575,0.270262,0.3225,0.1846525,0.1846525,2444823190,1,0.5909952443007933,2.478686,4.366654,1.8798016,1.4526627,4.227077,4.153535,0.261,3.261,10.048,0.19,0,AQ,0.01967390797554735,0.23979999999999996,0.33178769599709135
2ypl,2,91.06201939100136,88.19955555555556,91.74,85.65385714285716,94.79666666666664,91.3608695652174,95.12555555555558,0.8320000000000001,0.845,0.584,0.963581246769914,0.9382108660627422,0.7778,0.7777999999999998,0.8346049064860083,0.7058672857484166,2452118980,0.6505989999999999,0.843904,0.845,0.843904,0.843904,2452118980,2,0.8778767129513543,1.54008,2.5227437,1.7008494,0.87636626,3.3539681,2.4260988,0.717,1.243,5.265,0.837,0,MQ,0.7702360961172124,0.7777999999999999,0.950896056416328
2ypl,4,91.29729586426298,87.90622222222221,91.47473684210529,83.8587142857143,94.144358974359,90.5008695652174,94.4968253968254,0.8240000000000001,0.835,0.562,0.9614700379156716,0.9316939269661006,0.7846938775510203,0.7846938775510205,0.8226370102979865,0.6788128485049172,2452118980,0.630383,0.83315625,0.835,0.83315625,0.83315625,2452118980,4,0.8722016965539565,1.7878036,3.0329876,1.7912124,0.93916,4.737666,2.400988,0.627,1.548,6.056,0.735,0,MQ,0.7507249294014519,0.7846938775510204,0.9465819824408861
2ypl,3,90.99636873201032,87.97777777777779,91.57122807017544,85.31057142857145,94.40589743589744,91.00086956521736,94.83650793650791,0.826,0.8425,0.582,0.9639619596474504,0.9363938311898202,0.773191489361702,0.773191489361702,0.8309195790184756,0.6913264654447303,2452118980,0.643621,0.84046975,0.8425,0.84046975,0.84046975,2452118980,3,0.8764582702349377,1.6468334,2.8138528,1.7079393,0.82499677,4.2678423,2.326735,0.698,1.285,4.462,0.735,0,MQ,0.761123022231603,0.773191489361702,0.9501778954186353
2ypl,1,91.41806241478564,88.74977777777778,91.93122807017544,86.10814285714285,94.97230769230772,91.7458695652174,95.29190476190472,0.842,0.8574999999999999,0.585,0.9703703677359066,0.94844600374559,0.7726,0.7726,0.8575378408500289,0.7462770643501312,2452118980,0.6749875000000001,0.85650925,0.8574999999999999,0.85650925,0.85650925,2452118980,1,0.8880526323842652,1.4860243,2.4241655,1.7351079,0.8329691,2.8966348,2.4363325,0.721,1.348,4.072,0.796,0,MQ,0.80190745260008,0.7726,0.9594081857407483
2ypl,0,90.21733070746856,86.3871111111111,89.72315789473684,81.256,93.47769230769232,89.23978260869566,93.7293650793651,0.806,0.8200000000000001,0.534,0.9484038346608564,0.900276650853869,0.7674000000000001,0.7673999999999999,0.7684112131087595,0.549955891138651,2452118980,0.59814675,0.8124365,0.8200000000000001,0.8124365,0.8124365,2452118980,0,0.8558580838448202,1.5744911,2.471102,1.9119365,0.96603185,3.3290458,2.4209013,0.689,1.317,5.231,0.776,0,MQ,0.6591835521237053,0.7674,0.9243402427573627
6d78,0,91.80636195182213,90.67,94.39782608695651,92.51514705882352,90.48452380952384,94.6354054054054,92.19916666666668,0.852,0.8625,0.596,0.9544683408729974,0.9428962695981664,0.8354901960784312,0.8354901960784313,0.8039724040414695,0.7422380241910986,3941522143,0.653911,0.86267175,0.8625,0.86267175,0.86267175,3941522143,0,0.9036710297479904,0.9593063,1.099764,2.420338,0.5606127,0.82228196,0.95927846,0.87,0.745,1.784,0.851,0,HQ,0.7731052141162841,0.8354901960784313,0.948682305235582
6d78,1,92.1679756022236,90.49416666666669,94.54217391304348,92.64882352941176,90.42261904761904,94.7316216216216,92.34619047619049,0.8539999999999999,0.8625,0.597,0.9560895190298058,0.9436579094405546,0.8228301886792453,0.8228301886792454,0.8089556280770641,0.7481553395387729,3941522143,0.659535,0.864165,0.8625,0.864165,0.864165,3941522143,1,0.907400362227194,0.97492135,1.0550133,2.6152766,0.5507398,0.8649685,0.9615135,0.833,0.8,3.68,0.878,0,HQ,0.7785554838079185,0.8228301886792453,0.9498737142351802
6d78,4,92.04841568869674,90.18479166666668,93.87695652173912,92.39058823529412,90.06095238095239,94.4291891891892,91.31416666666668,0.8460000000000001,0.855,0.594,0.9580404335587268,0.9439244185777432,0.8334615384615384,0.8334615384615385,0.8173307955799817,0.7374905852686362,3941522143,0.644066,0.8570295,0.855,0.8570295,0.8570295,3941522143,4,0.9064206540218804,1.0082984,1.1679786,2.4749238,0.6080324,0.9237565,1.0666528,0.821,0.86,3.423,0.851,0,HQ,0.777410690424309,0.8334615384615385,0.950982426068235
6d78,3,91.86053582458308,90.74645833333334,94.65586956521742,92.58823529411768,90.53714285714284,94.6583783783784,92.3409523809524,0.858,0.8725,0.605,0.9585606686932894,0.9485525741960336,0.8251923076923077,0.8251923076923079,0.8138557930849587,0.7604485394681777,3941522143,0.67313175,0.87143775,0.8725,0.87143775,0.87143775,3941522143,3,0.9102953200197056,0.9271704,1.0258517,2.4646242,0.5161306,0.8364238,0.9947863,0.861,0.781,2.778,0.892,0,HQ,0.7871521662765681,0.8251923076923078,0.9535566214446615
6d78,2,92.10694101297098,90.83020833333336,94.44760869565218,92.38073529411766,90.55333333333331,94.57702702702704,92.3570238095238,0.8539999999999999,0.865,0.593,0.9579802675029602,0.946309858269722,0.8465384615384615,0.8465384615384616,0.8177721978912877,0.7524101424986319,3941522143,0.6622064999999999,0.86669875,0.865,0.86669875,0.86669875,3941522143,2,0.911833090193902,0.92170864,1.0410378,2.4457433,0.49722195,0.844547,0.91042596,0.878,0.756,1.803,0.878,0,HQ,0.7850911701949599,0.8465384615384615,0.952145062886341
8ye4,0,89.95633545186791,72.47375,72.34171428571429,67.00085106382977,83.9975,79.18837837837837,83.18915662650603,0.6399999999999999,0.535,0.188,0.5383728845859435,0.5000634555232992,0.3988571428571428,0.3988571428571428,0.0696788925350903,0.029946142988258,3738895640,0.08864125,0.3978535,0.535,0.345973,0.345973,3738895640,0,0.7207758717246666,2.2929685,3.6428897,3.2530556,1.3980442,3.4447956,3.8001175,0.35,2.422,10.51,0.377,0,AQ,0.04981251776167415,0.3988571428571428,0.5192181700546213
8ye4,1,90.31185242598048,73.848,74.6997142857143,67.16085106382978,86.777,81.34162162162161,84.64867469879518,0.704,0.64,0.278,0.6628644000429995,0.6045112725817284,0.3554347826086957,0.3554347826086957,0.1524374930371638,0.0514412887996257,3738895640,0.28676625,0.49901775,0.64,0.480455,0.480455,3738895640,1,0.7752547338071496,2.3418782,3.8000376,3.0736663,1.428648,3.8729398,4.074327,0.361,2.476,10.035,0.396,0,AQ,0.10193939091839475,0.3554347826086957,0.6336878363123639
8ye4,4,90.20828088668424,72.58875,70.86885714285714,65.62893617021277,84.12975,78.69594594594597,82.84662650602411,0.6519999999999999,0.545,0.265,0.5457504202750477,0.5088824928920165,0.3154166666666667,0.3154166666666667,0.0734188037146488,0.0303738639024447,3738895640,0.1229832499999999,0.41325975,0.545,0.36881325,0.36881325,3738895640,4,0.7293427098832962,2.624869,4.22157,3.2051258,1.69373,4.7100353,4.260396,0.404,2.82,5.942,0.321,0,AQ,0.05189633380854675,0.3154166666666667,0.5273164565835321
8ye4,3,89.82551542396529,72.37025,71.86657142857143,67.22244680851064,84.5395,79.82540540540542,83.30228915662651,0.638,0.525,0.214,0.5030638800117049,0.470242720010506,0.3562857142857142,0.3562857142857142,0.0576674864924058,0.0252939139511322,3738895640,0.07936325,0.3834745,0.525,0.33490675,0.33490675,3738895640,3,0.7161705230511628,2.155312,3.332058,3.4505217,1.2697533,3.2635493,3.3303797,0.364,2.192,10.5,0.377,0,AQ,0.041480700221769,0.3562857142857142,0.4866533000111054
8ye4,2,90.20564718648272,73.63725,73.40371428571427,66.74287234042554,85.75975,81.31756756756758,83.87024096385542,0.688,0.6174999999999999,0.21,0.6210042841177328,0.560566802349084,0.3865625,0.3865625,0.1157392189939451,0.036760388394825,3738895640,0.2520595,0.47434275,0.6174999999999999,0.449865,0.449865,3738895640,2,0.7593814134706152,2.2390096,3.6006083,3.3224688,1.2816719,3.3681111,3.603601,0.288,2.482,14.404,0.34,1,AQ,0.07624980369438505,0.3865625,0.5907855432334084
5w1v,1,90.18842176870749,79.11625,83.06709090909092,71.77967032967034,83.37875,83.00611111111112,83.63571428571429,0.662,0.565,0.338,0.6954681949296685,0.6360772137925413,0.2027586206896551,0.2027586206896551,0.1679752540457895,0.0556727614479093,2987816783,0.20517275,0.5172605,0.565,0.450001,0.450001,2987816783,1,0.723743785640971,2.924139,5.8755407,1.3236742,1.5440828,5.236924,6.6178446,0.237,4.17,14.094,0.329,0,LQ,0.1118240077468494,0.2027586206896551,0.6657727043611049
5w1v,0,89.8567603930461,78.01825,81.03236363636366,68.45923076923077,80.86156249999999,80.01185185185186,82.02000000000001,0.618,0.485,0.174,0.6256007445429553,0.5647982167217246,0.2254999999999999,0.2254999999999999,0.105780741244514,0.0375466180979249,2987816783,0.12708475,0.460339,0.485,0.375926,0.375926,2987816783,0,0.6888017311141362,1.3898886,2.6146739,0.7930012,0.8770151,2.7273462,3.3038356,0.688,1.242,4.243,0.671,0,MQ,0.07166367967121945,0.2254999999999999,0.59519948063234
5w1v,2,89.60116250944822,77.26400000000001,80.38090909090909,67.41747252747253,79.62718749999999,79.61314814814816,80.85395604395606,0.592,0.44,0.14,0.5706453304012566,0.4976236479162179,0.2182926829268293,0.2182926829268292,0.076689342165706,0.0256502539431385,2987816783,0.0776315,0.42229925,0.44,0.32562525,0.32562525,2987816783,2,0.6678227334267322,1.551854,2.871703,0.86399233,1.0175152,2.8112576,2.9327693,0.648,1.486,3.742,0.603,0,MQ,0.05116979805442225,0.21829268292682924,0.5341344891587373
5w1v,4,90.15886470143612,79.08824999999999,82.12200000000001,69.92505494505495,81.5221875,81.34759259259262,82.37868131868133,0.628,0.5,0.194,0.6523855698085503,0.5706487203455087,0.1911111111111111,0.1911111111111111,0.1304438691834202,0.0364074956460995,2987816783,0.12701075,0.44950125,0.5,0.3713425,0.3713425,2987816783,4,0.6964107162528185,1.8388362,3.6991076,0.9183592,0.958881,2.867548,5.4343014,0.462,2.465,7.007,0.521,1,AQ,0.08342568241475985,0.1911111111111111,0.6115171450770296
5w1v,3,90.29873620559336,82.389,86.81927272727272,74.62406593406594,81.451875,81.96814814814815,81.69153846153847,0.7020000000000001,0.635,0.374,0.7367098550856662,0.6767270950672033,0.2039655172413793,0.2039655172413793,0.229520418169603,0.0689410322568432,2987816783,0.2975065,0.57888525,0.635,0.52917925,0.52917925,2987816783,3,0.7519744970344348,2.8770883,5.911292,1.0687357,1.400662,5.2887244,6.10649,0.272,3.88,13.374,0.397,0,LQ,0.14923072521322311,0.2039655172413793,0.7067184750764348
8ryn,1,89.60452704791345,72.37510638297871,76.53224137931035,70.49632352941177,77.0795652173913,74.80617647058821,61.160526315789475,0.5,0.2925,0.15,0.3676093419079357,0.383424671352377,0.18,0.18,0.027267514070545,0.0184006452571074,74422093,0.0117785,0.34588675,0.2925,0.1911175,0.1911175,74422093,1,0.5732535289045101,2.1791341,3.9537199,1.6648197,1.3537455,4.9732804,3.7610004,0.362,2.64,9.536,0.4,0,AQ,0.022834079663826203,0.18,0.37551700663015636
8ryn,0,90.15401854714064,74.20574468085105,78.05224137931035,71.82470588235294,77.4054347826087,76.5335294117647,63.85073684210528,0.548,0.3725,0.145,0.4674097547783917,0.4698696215299617,0.3546428571428571,0.3546428571428572,0.0429427559212187,0.0247329143423953,74422093,0.0138065,0.378893,0.3725,0.249504,0.249504,74422093,0,0.6269400904671327,1.6129005,2.9351823,1.4697587,0.9563856,3.4024143,2.7151926,0.375,1.812,12.428,0.4,0,AQ,0.033837835131807,0.35464285714285715,0.46863968815417667
8ryn,2,89.88315301391036,74.70021276595746,77.77,72.08661764705883,76.67173913043479,76.39205882352941,59.96547368421053,0.542,0.365,0.195,0.3771890958361307,0.4296165703161984,0.2740540540540541,0.2740540540540541,0.0284269918672197,0.0243434170525652,74422093,0.012471,0.35569025,0.365,0.2328315,0.2328315,74422093,2,0.620266515122677,3.376085,5.5868,2.8700633,2.4572675,6.1045933,4.2373657,0.239,3.711,9.653,0.14,1,AQ,0.026385204459892453,0.2740540540540541,0.40340283307616454
8ryn,3,90.45550077279752,77.57510638297872,79.16586206896551,76.57176470588236,79.23521739130435,80.82000000000001,62.366315789473674,0.624,0.495,0.317,0.503867005985925,0.4998318961031456,0.2756140350877193,0.2756140350877193,0.0557790150954288,0.0299229314871345,74422093,0.053453,0.396894,0.495,0.3203595,0.3203595,74422093,3,0.7069433245761467,2.9812021,5.4425673,2.3015785,1.8198402,5.5648184,6.142712,0.229,3.568,12.446,0.22,1,LQ,0.04285097329128165,0.2756140350877193,0.5018494510445353
8ryn,4,90.27002936630602,75.4395744680851,78.21689655172413,75.15176470588236,78.59391304347825,80.09470588235293,61.89378947368421,0.5980000000000001,0.455,0.214,0.4659312672372184,0.4602190206061909,0.3027499999999999,0.3027499999999999,0.0455602788395918,0.0222943607528265,74422093,0.04594075,0.393273,0.455,0.3034725,0.3034725,74422093,4,0.6832528540413654,2.8004045,5.307831,1.9838836,1.5555272,5.313779,6.400697,0.274,3.335,9.686,0.22,0,LQ,0.03392731979620915,0.3027499999999999,0.4630751439217047
2vlr,2,92.33561678997434,92.51777777777778,93.87444444444444,92.8332786885246,95.66,94.5186956521739,93.9455172413793,0.834,0.8375,0.525,0.9650594273587862,0.9584790824278664,0.897179487179487,0.8971794871794873,0.8619179119286179,0.8197637528890103,79776682,0.61163,0.82105325,0.8375,0.82105325,0.82105325,79776682,2,0.8890150158331356,0.7032612,0.9003717,0.8371279,0.6196078,1.01966,0.65508896,0.897,0.602,3.314,0.962,0,HQ,0.8408408324088141,0.8971794871794871,0.9617692548933263
2vlr,3,92.5333564849766,93.5308333333333,94.4568888888889,93.88934426229508,96.00230769230768,95.07304347826086,94.67666666666668,0.8480000000000001,0.8575,0.542,0.972811755839644,0.96745349440772,0.8746153846153845,0.8746153846153848,0.8912334499483949,0.8588713096878792,79776682,0.64657975,0.84763575,0.8575,0.84763575,0.84763575,79776682,3,0.8981782089774507,0.6758449,0.89468753,0.7769932,0.5870891,0.9641095,0.53403586,0.899,0.546,3.55,0.962,0,HQ,0.8750523798181371,0.8746153846153846,0.9701326251236819
2vlr,4,92.5201298505209,93.00611111111112,94.33733333333332,93.66098360655737,96.0223076923077,95.0367391304348,94.76471264367817,0.844,0.8525,0.545,0.970657074111672,0.9662841668125456,0.8585714285714284,0.8585714285714288,0.8833133196213816,0.8540431308795039,79776682,0.64107775,0.843958,0.8525,0.843958,0.843958,79776682,4,0.897679331145299,0.6591363,0.87461275,0.7699727,0.56996095,1.0082594,0.598859,0.899,0.527,3.627,0.962,0,HQ,0.8686782252504428,0.8585714285714285,0.9684706204621087
2vlr,1,92.35525894609694,92.78416666666666,94.12355555555558,93.58,96.0094871794872,94.86217391304343,94.67977011494254,0.844,0.85,0.543,0.9699794203018788,0.9662261102682684,0.8578048780487804,0.8578048780487806,0.8802187227866847,0.8512293716678593,79776682,0.63658525,0.84309525,0.85,0.84309525,0.84309525,79776682,1,0.8979283995521966,0.8114073,1.2232561,0.79647905,0.65256023,0.96301347,0.56904614,0.881,0.615,3.928,0.962,0,HQ,0.865724047227272,0.8578048780487805,0.9681027652850736
2vlr,0,92.04875736071268,92.89416666666666,94.06333333333332,92.84327868852458,95.87692307692308,94.66043478260872,94.19827586206894,0.844,0.845,0.533,0.9679146916382932,0.962147670134324,0.897179487179487,0.8971794871794873,0.8715716759317145,0.8316447771055562,79776682,0.63046125,0.834622,0.845,0.834622,0.834622,79776682,0,0.891995001754611,0.6647286,0.9006863,0.5296373,0.5961784,0.97192204,0.6282841,0.887,0.609,3.683,0.962,0,HQ,0.8516082265186353,0.8971794871794871,0.9650311808863086
1lp9,0,90.26304169202676,78.97714285714287,82.15916666666666,73.4890625,84.61695652173914,79.2159090909091,83.55808510638298,0.748,0.705,0.312,0.8212992831690076,0.6954607207650474,0.5613636363636364,0.5613636363636364,0.416332156300742,0.0933668513158109,689098158,0.427763,0.64820325,0.705,0.64629475,0.64629475,689098158,0,0.8124803351210521,1.9161209,3.7076695,0.9595531,1.0242692,3.5055637,3.324827,0.48,2.565,6.444,0.551,0,AQ,0.2548495038082764,0.5613636363636364,0.7583800019670275
1lp9,1,90.22461503347536,78.16102040816327,81.71900000000001,72.10885416666667,84.4671739130435,79.24863636363636,83.22691489361702,0.748,0.7,0.331,0.8038419717622425,0.6883244300358308,0.5636363636363636,0.5636363636363636,0.3710576622701179,0.0861952468449428,689098158,0.41431775,0.64376225,0.7,0.64178725,0.64178725,689098158,1,0.8131195149515237,1.9745567,3.8207524,0.9900945,1.0553614,3.7418265,3.177166,0.473,2.49,6.754,0.538,0,AQ,0.22862645455753033,0.5636363636363636,0.7460832008990366
1lp9,3,90.44463633597078,79.54979591836735,82.52233333333331,76.0921875,84.7195652173913,79.80340909090908,83.95542553191488,0.746,0.7025,0.327,0.8176044308825776,0.7187143128634705,0.5468181818181818,0.5468181818181818,0.4090525998997503,0.1130528608339606,689098158,0.4271735,0.6515580000000001,0.7025,0.64898425,0.64898425,689098158,3,0.8136951181022168,1.9574655,3.6676595,1.1189941,1.1500118,3.0250769,3.4142256,0.509,2.427,5.591,0.551,0,MQ,0.26105273036685545,0.5468181818181818,0.7681593718730241
1lp9,4,90.0763405356056,74.58244897959183,80.04566666666666,73.93697916666666,83.76217391304348,79.12318181818182,81.76361702127659,0.724,0.6675,0.247,0.8056056320462709,0.6921050429699769,0.5705,0.5705,0.3650581441341286,0.0880549899094861,689098158,0.377942,0.613054,0.6675,0.6047199999999999,0.6047199999999999,689098158,4,0.7942221774275806,1.7223998,3.341406,0.8683273,0.91101056,2.4994621,3.1563058,0.509,2.169,6.368,0.564,0,MQ,0.22655656702180738,0.5705,0.7488553375081239
1lp9,2,90.13258673158856,77.9761224489796,81.39849999999998,74.8015625,84.3663043478261,79.61931818181819,83.41893617021277,0.738,0.69,0.302,0.8051070900577176,0.6869575088493504,0.568780487804878,0.5687804878048781,0.3752889201417353,0.0885220974946763,689098158,0.405996,0.63416375,0.69,0.6306955,0.6306955,689098158,2,0.8085202933179789,1.893316,3.6411676,0.9903064,1.0308734,3.1438084,3.2511182,0.514,2.436,5.507,0.564,0,MQ,0.23190550881820582,0.5687804878048781,0.746032299453534
6q3s,1,93.8541514004542,94.73489361702129,89.90603448275863,94.33043956043956,96.99404255319148,95.05588235294115,96.52770114942528,0.858,0.8775,0.627,0.9737664091653622,0.9453547976345376,0.8003773584905658,0.8003773584905659,0.9040117447818758,0.7804163278816519,1669719847,0.6960605,0.8766547499999999,0.8775,0.8766547499999999,0.8766547499999999,1669719847,1,0.90311289037411,0.8392147,0.75611544,1.0825808,0.83789235,0.79541487,0.65583533,0.888,0.575,2.673,0.882,0,HQ,0.8422140363317638,0.8003773584905658,0.9595606033999499
6q3s,0,94.1461514004542,95.16595744680852,89.8458620689655,94.75362637362636,97.168085106383,95.51764705882351,96.77597701149423,0.874,0.8925000000000001,0.624,0.9757812004451604,0.9500990717673452,0.7822222222222222,0.7822222222222222,0.911170901747918,0.799348583238958,1669719847,0.7233525000000001,0.89153525,0.8925000000000001,0.89153525,0.89153525,1669719847,0,0.9148354119435363,0.9468074,0.8368118,1.0864941,0.96943516,0.8128044,0.7969942,0.861,0.64,2.898,0.842,0,HQ,0.8552597424934381,0.7822222222222222,0.9629401361062528
6q3s,2,93.9898803936412,95.1446808510638,90.15672413793104,94.65197802197802,97.09425531914891,95.03264705882351,96.7335632183908,0.868,0.8825000000000001,0.628,0.9749129545974534,0.9448633328786996,0.7843396226415091,0.7843396226415094,0.909007777351339,0.7804012423143339,1669719847,0.71041325,0.88484175,0.8825000000000001,0.88484175,0.88484175,1669719847,2,0.9082829899538842,0.9363573,0.8592006,1.0534769,0.95061636,0.8041539,0.9591079,0.864,0.635,2.82,0.842,0,HQ,0.8447045098328365,0.7843396226415092,0.9598881437380765
6q3s,4,93.88947161241484,94.74106382978724,90.0401724137931,93.44417582417584,96.99,95.05558823529412,96.40149425287356,0.868,0.8825000000000001,0.605,0.9723353423828256,0.9383528322887872,0.8009999999999998,0.8009999999999999,0.8990500817011989,0.7485721680404037,1669719847,0.7010445000000001,0.88387525,0.8825000000000001,0.88387525,0.88387525,1669719847,4,0.9093674378943312,0.9084278,0.79938716,1.068205,0.92796314,0.8832604,0.67996925,0.861,0.609,3.47,0.868,0,HQ,0.8238111248708013,0.8009999999999999,0.9553440873358063
6q3s,3,94.0788508705526,95.23148936170212,90.2953448275862,94.49824175824176,96.94617021276598,94.46029411764708,96.62264367816093,0.8720000000000001,0.8875,0.614,0.974352602823278,0.9476568639552873,0.7996153846153844,0.7996153846153844,0.9037626038703958,0.7873639936169976,1669719847,0.71565625,0.8893945000000001,0.8875,0.8893945000000001,0.8893945000000001,1669719847,3,0.9140464994432308,0.8770262,0.73078144,1.2201988,0.8819261,0.7363051,0.7325643,0.892,0.556,2.352,0.868,0,HQ,0.8455632987436967,0.7996153846153844,0.9610047333892826
4g8g,2,90.00570665875723,75.6775,71.70892307692309,74.065,83.16489361702126,80.06411764705882,74.29506024096386,0.554,0.375,0.21,0.3059349298085094,0.3289554037557556,0.2721951219512195,0.2721951219512195,0.0195897204251397,0.0172282218500368,977569078,0.0,0.0,0.375,0.18192325,0.18192325,977569078,2,0.6364594830895342,3.1590264,5.7305255,1.7063951,1.4821321,3.702076,7.461745,0.194,4.432,17.089,0.281,0,LQ,0.01840897113758825,0.2721951219512195,0.3174451667821325
4g8g,4,89.60394186563845,74.66538461538461,70.26307692307691,72.72788135593221,81.43744680851064,76.50264705882353,72.62120481927712,0.504,0.3,0.14,0.2407884409169039,0.2821394089500514,0.2772413793103448,0.2772413793103448,0.0146854588922924,0.0139822097192869,977569078,0.0,0.0,0.3,0.14953125,0.14953125,977569078,4,0.5952251321978198,3.2345576,5.7803936,2.3386958,1.5514551,3.9695125,6.7457504,0.2,4.6,16.759,0.298,0,LQ,0.01433383430578965,0.2772413793103448,0.26146392493347764
4g8g,3,89.78835384843542,75.49,71.1433846153846,73.6799152542373,82.17680851063828,78.10323529411764,73.37277108433736,0.524,0.3325,0.186,0.2815382788253966,0.3025635840521062,0.2884210526315789,0.2884210526315789,0.0171483220454892,0.0151868420178818,977569078,0.0,0.0,0.3325,0.15932575,0.15932575,977569078,3,0.6130742055667829,3.106863,5.584224,2.136091,1.4636005,3.6771605,7.302382,0.224,4.273,14.846,0.316,0,LQ,0.0161675820316855,0.2884210526315789,0.2920509314387514
4g8g,1,89.82744624054575,75.00211538461538,70.71215384615383,73.26042372881358,81.97468085106382,77.90441176470588,73.22602409638554,0.524,0.33,0.189,0.2809415348764582,0.3119282940033059,0.2943589743589743,0.2943589743589743,0.0169042538287247,0.0156054745280028,977569078,0.0,0.0,0.33,0.163685,0.163685,977569078,1,0.6110110673083515,2.8565881,5.1729074,1.7013055,1.3312553,3.7004402,7.0999684,0.237,3.892,14.759,0.333,0,AQ,0.01625486417836375,0.2943589743589743,0.296434914439882
4g8g,0,89.82605665134213,75.66057692307693,70.9533846153846,74.19627118644065,82.0668085106383,78.16911764705883,72.9665060240964,0.538,0.3575,0.226,0.2949537103496159,0.3252513492102213,0.287,0.287,0.0179753761456909,0.0166319591230553,977569078,0.0,0.0,0.3575,0.173227,0.173227,977569078,0,0.6242618173572674,2.893736,5.18223,2.2152584,1.3502446,3.6960716,6.6382947,0.25,4.007,14.418,0.368,0,AQ,0.0173036676343731,0.287,0.3101025297799186
3e3q,0,93.79017016029592,92.76204081632652,96.6231746031746,95.36442857142856,95.78738095238094,97.62837837837836,95.86722222222218,0.8400000000000001,0.88,0.557,0.98175935256184,0.9703617778088302,0.9402631578947368,0.9402631578947368,0.92014010730866,0.8715605400527187,2378234829,0.77983075,0.8777205,0.88,0.8777205,0.8777205,2378234829,0,0.9256408908712224,0.74676806,0.7754586,0.7677184,0.73375887,1.0924878,0.40466085,0.896,0.826,1.372,0.947,0,HQ,0.8958503236806894,0.9402631578947368,0.9760605651853351
3e3q,1,93.45315413070284,91.48857142857142,96.4763492063492,94.21285714285716,95.59380952380953,97.44432432432431,95.7511111111111,0.8219999999999998,0.8625,0.556,0.9784456832185964,0.9637687558716308,0.9397222222222223,0.939722222222222,0.9083378344687262,0.8492700948318315,2378234829,0.7445255,0.8572437500000001,0.8625,0.8572437500000001,0.8572437500000001,2378234829,1,0.9153012169359864,0.8020098,0.775094,1.0046257,0.7859876,1.1402031,0.39361334,0.909,0.79,1.222,0.965,0,HQ,0.8788039646502788,0.9397222222222221,0.9711072195451136
3e3q,4,93.72370160295932,91.89265306122452,96.56031746031744,95.04742857142858,95.73285714285714,97.56432432432432,95.85962962962964,0.834,0.875,0.55,0.9826536039440594,0.9701736520189924,0.9424324324324326,0.942432432432432,0.9221114466404629,0.8703678313515281,2378234829,0.774477,0.8744905000000001,0.875,0.8744905000000001,0.8744905000000001,2378234829,4,0.9233912886302764,0.7931631,0.82278866,0.93617445,0.7644251,1.0061942,0.73795605,0.879,0.88,1.648,0.93,0,HQ,0.8962396389959955,0.9424324324324322,0.9764136279815259
3e3q,3,93.51332675709,91.62102040816328,96.66079365079364,94.78314285714283,95.67857142857144,97.4991891891892,95.72685185185183,0.828,0.87,0.548,0.9796179112403588,0.9664087961258094,0.9405405405405408,0.9405405405405404,0.9126508605588528,0.8577980761540884,2378234829,0.75820525,0.8641512499999999,0.87,0.8641512499999999,0.8641512499999999,2378234829,3,0.9180316941227792,0.7565636,0.70652604,0.9250293,0.7531496,0.94228923,0.38632858,0.901,0.784,0.974,0.93,0,HQ,0.8852244683564706,0.9405405405405406,0.9730133536830841
3e3q,2,93.711598027127,91.41367346938776,96.53650793650796,94.97514285714286,95.72,97.65972972972972,95.91111111111113,0.836,0.8725,0.559,0.98201710515729,0.9672268645728996,0.9597222222222224,0.959722222222222,0.920769582470558,0.8596209303921076,2378234829,0.77201175,0.8689465,0.8725,0.8689465,0.8689465,2378234829,2,0.9257173802156048,0.80586225,0.79180396,0.81600326,0.8097366,0.9487635,0.6535901,0.885,0.796,1.225,0.895,0,HQ,0.8901952564313328,0.9597222222222221,0.9746219848650948
1ao7,1,92.34207760141094,94.485,94.55478260869565,95.65714285714286,95.25787234042554,95.98088235294118,90.65051282051284,0.85,0.8675,0.608,0.9815337702855907,0.9666043936498396,0.8029090909090911,0.8029090909090908,0.9267604887524904,0.8704123441627024,2308868090,0.736364,0.88712625,0.8675,0.86900425,0.86900425,2308868090,1,0.8674482621314953,1.113157,1.7542365,0.9524468,0.7396912,0.75055534,1.203096,0.625,0.744,16.896,0.871,0,MQ,0.8985864164575964,0.802909090909091,0.9740690819677151
1ao7,0,92.30940211640213,94.74636363636364,94.43608695652172,95.69821428571429,95.28957446808514,96.03235294117648,90.5076923076923,0.8539999999999999,0.8725,0.604,0.9817242803198952,0.9649728023942196,0.7846296296296299,0.7846296296296297,0.9273365340420784,0.8639143286084883,2308868090,0.7466675,0.889667,0.8725,0.87299225,0.87299225,2308868090,0,0.8722612989261013,0.9773819,1.7326849,0.7452385,0.43380797,0.7452879,1.4282713,0.622,0.736,16.152,0.843,0,MQ,0.8956254313252834,0.7846296296296298,0.9733485413570574
1ao7,2,92.16696296296296,94.57386363636364,94.56086956521736,95.63035714285714,95.17425531914893,95.9085294117647,90.02692307692307,0.8460000000000001,0.8675,0.607,0.9811470582034068,0.9660293075255608,0.7996296296296298,0.7996296296296296,0.9250163057259456,0.8676496278463252,2308868090,0.73707675,0.88569525,0.8675,0.8676465,0.8676465,2308868090,2,0.8666369027962925,1.1161677,1.7856717,0.9525498,0.7162972,0.74703956,1.4386207,0.63,0.751,15.425,0.857,0,MQ,0.8963329667861354,0.7996296296296297,0.9735881828644838
1ao7,3,91.87485008818342,94.27818181818184,94.0858695652174,95.46119047619048,94.70255319148936,95.80823529411764,89.49115384615385,0.842,0.8625,0.605,0.980263364095742,0.963123714835184,0.8024074074074075,0.8024074074074072,0.9205697056273602,0.8552761148089717,2308868090,0.72576625,0.87991675,0.8625,0.8613299999999999,0.8613299999999999,2308868090,3,0.8650289741691068,1.1170592,1.7787489,0.946095,0.7261438,0.75299466,1.3930981,0.625,0.771,15.137,0.843,0,MQ,0.8879229102181659,0.8024074074074073,0.971693539465463
1ao7,4,91.88803350970018,94.35136363636364,94.2795652173913,95.52071428571428,94.7808510638298,95.87323529411763,89.07269230769231,0.8460000000000001,0.8625,0.602,0.9802632587738894,0.9614789491902228,0.8142307692307694,0.8142307692307693,0.9216047930610828,0.8526193265140785,2308868090,0.7313215,0.8792,0.8625,0.86093025,0.86093025,2308868090,4,0.8629371925217978,1.1021343,1.7376678,0.94226307,0.7317214,0.6275261,1.4142269,0.636,0.755,14.593,0.857,0,MQ,0.8871120597875806,0.8142307692307693,0.9708711039820561
5tje,2,91.77829555138912,95.67153846153847,94.23211538461538,93.84413333333332,94.10434782608694,93.31318181818182,94.7404761904762,0.834,0.8525,0.515,0.9748350481589514,0.9439614865568472,0.8002564102564101,0.8002564102564101,0.902732748686536,0.7806108334091735,1225900547,0.65872875,0.8539445,0.8525,0.8539445,0.8539445,1225900547,2,0.8755364400202394,0.6341004,0.6928808,0.72964495,0.6088503,0.6474823,0.60011923,0.874,0.553,4.114,0.931,0,HQ,0.8416717910478547,0.8002564102564101,0.9593982673578993
5tje,3,91.6440753366286,95.53326923076926,93.9825,93.3916,93.77173913043478,92.84568181818184,94.67738095238094,0.834,0.855,0.517,0.9743673818307286,0.94400855261226,0.8084999999999999,0.8085000000000001,0.89994139536913,0.7775579564447033,1225900547,0.65718775,0.85396925,0.855,0.85396925,0.85396925,1225900547,3,0.8737080406233855,0.67430323,0.7918018,0.9185426,0.61266154,0.60842633,0.6259964,0.84,0.617,5.135,0.931,0,HQ,0.8387496759069166,0.8085,0.9591879672214942
5tje,4,92.03564854269644,96.12557692307692,94.77269230769232,94.42973333333336,94.9008695652174,94.02090909090909,95.6582142857143,0.8480000000000001,0.8674999999999999,0.536,0.978715429153014,0.9542179479745384,0.8079487179487178,0.8079487179487178,0.9183627894683952,0.8248487467791226,1225900547,0.6854025,0.87095175,0.8674999999999999,0.87095175,0.87095175,1225900547,4,0.8867891817545609,0.6462671,0.7477303,0.74161935,0.6091237,0.6366396,0.81487,0.88,0.518,3.563,0.897,0,HQ,0.8716057681237589,0.8079487179487178,0.9664666885637763
5tje,1,91.4768825634907,95.46384615384616,94.0503846153846,93.44720000000002,93.72478260869566,92.96840909090908,93.69285714285714,0.834,0.85,0.503,0.9730210596032072,0.9400375882111436,0.8082926829268293,0.8082926829268293,0.8949020919052646,0.7575512553490025,1225900547,0.6560725000000001,0.8505940000000001,0.85,0.8505940000000001,0.8505940000000001,1225900547,1,0.8742401176752933,0.7943119,1.014513,0.91753626,0.71806455,0.65814215,1.3502145,0.873,0.543,3.979,0.914,0,HQ,0.8262266736271335,0.8082926829268293,0.9565293239071754
5tje,0,91.093512868587,95.1771153846154,93.73826923076922,93.08213333333332,93.52304347826086,92.49977272727274,94.12666666666668,0.8220000000000001,0.84,0.517,0.97210269103417,0.9390850322511796,0.8129268292682926,0.8129268292682926,0.8912199871176606,0.7568571175669463,1225900547,0.6396915,0.84128075,0.84,0.84128075,0.84128075,1225900547,0,0.8616143600476391,0.79435086,0.86374116,0.98337585,0.7552955,0.8563923,0.5737347,0.866,0.558,4.184,0.914,0,HQ,0.8240385523423035,0.8129268292682926,0.9555938616426748
6l9l,0,90.70837907819782,86.68500000000002,83.36842105263158,78.57985507246377,88.72022727272726,87.40820512820513,85.9673417721519,0.768,0.7825,0.275,0.9037734910079428,0.8333051624269131,0.7339130434782608,0.7339130434782607,0.6331556278281907,0.2934497994560892,89789073,0.4636067499999999,0.73410475,0.7825,0.73410475,0.73410475,89789073,0,0.8426408939448989,1.2594929,2.0188353,1.8191898,0.7449957,3.4233518,1.3945105,0.759,1.233,2.083,0.737,0,MQ,0.46330271364213993,0.7339130434782608,0.868539326717428
6l9l,1,90.84096323148628,86.04444444444444,84.0142105263158,74.7908695652174,90.24636363636364,89.55,87.20506329113924,0.772,0.8025,0.341,0.9102912922418438,0.8400255335460931,0.7140000000000001,0.7140000000000001,0.6633276705310766,0.3119174111394275,89789073,0.50287175,0.7619717500000001,0.8025,0.7619717500000001,0.7619717500000001,89789073,1,0.8432110127604018,1.2027172,1.7965535,1.7321315,0.8197719,2.9015975,1.3279564,0.803,0.892,2.837,0.772,0,MQ,0.487622540835252,0.7140000000000001,0.8751584128939685
6l9l,3,90.39672017952702,86.36759259259259,83.84578947368422,76.31840579710143,89.98022727272728,89.00358974358976,87.5232911392405,0.768,0.7975,0.308,0.9142902158504784,0.8543508649741348,0.7525000000000001,0.7525,0.6702993511736004,0.3581948362100168,89789073,0.4905195,0.75265325,0.7975,0.75265325,0.75265325,89789073,3,0.8410299394571277,1.2940577,2.0166948,1.8036702,0.8320248,3.347922,1.3116524,0.749,1.058,3.661,0.737,0,MQ,0.5142470936918087,0.7525,0.8843205404123067
6l9l,4,90.73180907992403,87.06499999999998,83.66947368421054,78.75,90.05795454545454,89.22512820512821,87.19949367088608,0.7779999999999999,0.8025,0.298,0.9122794458512712,0.8433239381142362,0.7339130434782608,0.7339130434782607,0.6684905179713124,0.3218788345516446,89789073,0.49898425,0.7615657499999999,0.8025,0.7615657499999999,0.7615657499999999,89789073,4,0.8505792878912212,1.2948623,2.0100458,1.8160166,0.8361564,3.4111226,1.3484153,0.738,1.265,2.96,0.737,0,MQ,0.49518467626147855,0.7339130434782608,0.8778016919827537
6l9l,2,90.77183152080096,86.65648148148149,84.05368421052631,78.33130434782609,90.3981818181818,90.1448717948718,87.32873417721518,0.78,0.81,0.339,0.9201892288618398,0.8611877517048816,0.7385185185185186,0.7385185185185185,0.690637464614027,0.3706532474945387,89789073,0.49547175,0.77,0.81,0.77,0.77,89789073,2,0.8501467896622715,1.250892,1.9279854,1.8103082,0.80474657,3.3226125,1.2841208,0.781,1.033,2.927,0.772,0,MQ,0.5306453560542829,0.7385185185185186,0.8906884902833607
3o4l,0,92.64404441758576,95.63422222222222,93.76122807017543,95.22342857142856,89.32212765957446,86.40829787234043,93.42026315789474,0.866,0.88,0.612,0.9772511223779976,0.9663574327583978,0.8312068965517242,0.8312068965517242,0.8965118416352185,0.8227356114739264,2280703505,0.73160075,0.8838485,0.88,0.8838485,0.8838485,2280703505,0,0.9121458416309062,1.1566384,2.0728178,0.78530663,0.68890613,0.9155484,2.9787304,0.774,1.12,2.545,0.763,0,MQ,0.8596237265545724,0.8312068965517242,0.9718042775681976
3o4l,1,92.72660975978243,95.63533333333332,93.70403508771932,95.35142857142856,90.26765957446808,86.68702127659573,94.1126315789474,0.874,0.8875,0.613,0.9794533025499677,0.970285845138308,0.8312068965517242,0.8312068965517242,0.9034012715939626,0.8418014245744587,2280703505,0.7442329999999999,0.8923987499999999,0.8875,0.8923987499999999,0.8923987499999999,2280703505,1,0.9186186683518116,1.2236058,2.1770303,0.8057202,0.7460897,1.0019146,3.0535936,0.722,1.214,3.557,0.711,0,MQ,0.8726013480842106,0.8312068965517242,0.9748695738441377
3o4l,4,92.66486478319987,95.73733333333334,93.72526315789474,95.09228571428572,88.53808510638298,84.43085106382979,93.61973684210528,0.8720000000000001,0.89,0.609,0.9789510303507064,0.969255883288423,0.8450877192982456,0.8450877192982456,0.8991206890783493,0.8257873705126564,2280703505,0.74542425,0.891893,0.89,0.891893,0.891893,2280703505,4,0.9185796650800792,1.1815885,2.115314,0.7966098,0.7064522,0.7647963,3.0240798,0.761,1.17,2.435,0.737,0,MQ,0.8624540297955028,0.8450877192982456,0.9741034568195648
3o4l,3,92.72312131741954,95.71688888888887,93.74859649122808,95.38457142857143,88.35361702127659,86.23829787234042,93.57763157894738,0.868,0.8825000000000001,0.606,0.9779674393593508,0.9672191098306944,0.8498305084745764,0.8498305084745762,0.899102847545969,0.8264302796111782,2280703505,0.73420375,0.8851315,0.8825000000000001,0.8851315,0.8851315,2280703505,3,0.914223235673915,1.1685959,2.1022334,0.789671,0.6888184,0.89323395,2.9459553,0.764,1.147,2.849,0.763,0,MQ,0.8627665635785736,0.8498305084745763,0.9725932745950225
3o4l,2,92.64781084756004,95.82755555555556,93.90701754385964,95.22671428571428,89.40255319148936,83.79531914893617,94.0544736842105,0.8699999999999999,0.89,0.615,0.979811804752522,0.9702494240747156,0.8337288135593222,0.8337288135593218,0.9036442965638504,0.8381871723646858,2280703505,0.7437447500000001,0.8912455,0.89,0.8912455,0.8912455,2280703505,2,0.9175632728222722,1.1886961,2.1140268,0.81709915,0.72209704,0.78625494,2.9928877,0.771,1.18,2.04,0.75,0,MQ,0.8709157344642681,0.8337288135593219,0.9750306144136188
4jfd,2,92.37209621474892,88.75431818181818,91.9778431372549,95.01725806451614,95.28025,97.38625,96.0625,0.8939999999999999,0.9125,0.647,0.986230072757572,0.9796437383933,0.9348387096774192,0.9348387096774192,0.942446606631014,0.9036030437242424,4118505490,0.78338025,0.91733075,0.9125,0.91733075,0.91733075,4118505490,2,0.9336623670505756,0.8428586,1.3626556,0.66299766,0.5871272,0.89290494,2.1055965,0.881,0.713,1.468,0.857,0,MQ,0.9230248251776282,0.9348387096774192,0.982936905575436
4jfd,4,92.23130146282612,90.06909090909092,91.92882352941174,94.89370967741937,95.05525,97.19475,96.00531250000002,0.8779999999999999,0.8975,0.656,0.9844267883628052,0.977015939888316,0.9355555555555556,0.9355555555555556,0.9375392016260244,0.8970487197699689,4118505490,0.75446625,0.90176675,0.8975,0.90176675,0.90176675,4118505490,4,0.9187494352680784,0.86222947,1.2092215,0.6059864,0.7315469,0.8909551,2.031221,0.857,0.879,1.806,0.869,0,MQ,0.9172939606979966,0.9355555555555556,0.9807213641255605
4jfd,3,92.42336148393908,88.6856818181818,92.07882352941178,94.79612903225808,95.12625,97.32275,96.14156250000002,0.8939999999999999,0.9075,0.651,0.9862749383250156,0.979125640466782,0.9348387096774192,0.9348387096774192,0.9420937709234032,0.901308198146356,4118505490,0.78048275,0.91504025,0.9075,0.91504025,0.91504025,4118505490,3,0.9321563691941206,0.7820514,1.3393427,0.31890377,0.50788784,0.79925483,2.0730336,0.861,0.87,1.29,0.857,0,MQ,0.9217009845348796,0.9348387096774192,0.9827002893958987
4jfd,1,92.27729904991706,89.765,91.98803921568629,94.8883870967742,95.0505,97.09725,96.01947916666666,0.884,0.9025,0.651,0.9848785959061408,0.977245106758023,0.941875,0.941875,0.9384355941706612,0.8976975047028862,4118505490,0.76256225,0.90500775,0.9025,0.90500775,0.90500775,4118505490,1,0.9216529421218284,0.87907314,1.2118707,0.6447769,0.7552477,0.77888244,2.0907707,0.86,0.878,1.607,0.869,0,MQ,0.9180665494367737,0.941875,0.9810618513320819
4jfd,0,92.51635650731411,90.15636363636364,92.10019607843137,95.09612903225803,95.272,97.4825,96.26729166666668,0.892,0.9075,0.655,0.9859409882784932,0.9789785541563958,0.9403174603174604,0.9403174603174604,0.9420711787069748,0.905324328943092,4118505490,0.77294325,0.91226125,0.9075,0.91226125,0.91226125,4118505490,0,0.9295922322015452,0.83261305,1.37648,0.6511715,0.55543673,0.78952366,1.9936281,0.86,0.861,1.748,0.869,0,HQ,0.9236977538250334,0.9403174603174604,0.9824597712174445
6zky,0,92.2749460376195,84.95553191489363,83.82034482758621,85.8813698630137,88.45042553191489,83.955,85.35586956521738,0.654,0.585,0.246,0.7259311487355857,0.7508821096191832,0.5676000000000001,0.5676000000000001,0.1818908548823211,0.1904094698214676,2283201622,0.184768,0.498228,0.585,0.4664975,0.4664975,2283201622,0,0.7668867205104307,1.7383488,2.0296264,4.621277,1.0032891,2.2568777,1.583955,0.733,1.212,3.517,0.74,0,MQ,0.18615016235189435,0.5676000000000001,0.7384066291773845
6zky,1,92.1796130126426,83.83234042553192,83.03275862068963,85.4513698630137,87.93021276595745,82.6479411764706,84.87228260869564,0.634,0.5525,0.264,0.6957164514993688,0.7165996023799543,0.5321875,0.5321875,0.1478640488406316,0.1514694983346681,2283201622,0.155443,0.48450475,0.5525,0.43744375,0.43744375,2283201622,1,0.7472212402491812,1.8107338,2.3124168,4.8596406,0.91005397,2.124914,1.8947582,0.717,1.407,2.512,0.7,0,MQ,0.14966677358764985,0.5321875,0.7061580269396616
6zky,4,92.25895004625347,84.11851063829786,83.52758620689654,85.63972602739726,87.78319148936171,82.29617647058824,84.74152173913043,0.648,0.57,0.218,0.7165195031102607,0.7314695346224502,0.5328571428571429,0.5328571428571428,0.1653302161873663,0.1603937779026309,2283201622,0.171467,0.5018215,0.57,0.460338,0.460338,2283201622,4,0.7584973267184192,1.7663428,2.295317,4.6276145,0.91803646,2.5646603,1.7773676,0.715,1.271,3.675,0.72,0,MQ,0.1628619970449986,0.5328571428571429,0.7239945188663555
6zky,3,92.16014801110084,84.0940425531915,83.80982758620691,85.06164383561645,87.56276595744683,82.95382352941178,84.59326086956521,0.642,0.56,0.232,0.7023468920637341,0.7273688250577923,0.5804,0.5804,0.1557298647621895,0.1545489670830525,2283201622,0.1643185,0.490242,0.56,0.445824,0.445824,2283201622,3,0.7512566912848176,1.8506031,2.3999016,4.800231,0.987471,2.596353,1.6038816,0.707,1.467,1.944,0.66,0,MQ,0.15513941592262098,0.5804,0.7148578585607632
6zky,2,91.9463351834721,81.7663829787234,82.61689655172415,83.6531506849315,87.06234042553193,81.68970588235294,83.81347826086957,0.602,0.5,0.255,0.6579876261754951,0.6751925340757513,0.5085714285714285,0.5085714285714286,0.1169456146910937,0.1104328594276063,2283201622,0.12237475,0.45405125,0.5,0.38992675,0.38992675,2283201622,2,0.718717464956584,2.0089974,2.8431063,4.849739,1.07994,3.2335477,1.7317871,0.667,1.61,4.305,0.74,0,MQ,0.11368923705935,0.5085714285714285,0.6665900801256233
8i5d,0,91.8487169696044,84.91121212121213,87.88225806451614,78.56929577464788,87.56129032258063,82.63156862745097,73.14845360824742,0.768,0.7475,0.437,0.8657301672366152,0.8128314641283312,0.6732608695652175,0.6732608695652174,0.4493562773119989,0.2165426057964675,3333311452,0.4867782499999999,0.72748625,0.7475,0.72748625,0.72748625,3333311452,0,0.8500511328220608,2.206467,4.8866067,2.5360472,0.74590147,4.338732,6.8178906,0.556,1.886,5.056,0.542,0,AQ,0.3329494415542332,0.6732608695652174,0.8392808156824731
8i5d,1,91.8206369329464,84.63484848484849,87.93435483870968,78.32859154929578,87.08967741935483,82.72843137254903,73.40670103092785,0.768,0.7475,0.452,0.8484327322854244,0.787518149547661,0.6444444444444445,0.6444444444444444,0.4134167154796756,0.1764048396157063,3333311452,0.48887925,0.72700925,0.7475,0.72700925,0.72700925,3333311452,1,0.8509537435980673,1.9999658,4.2902927,2.52338,0.79660696,4.238613,5.746506,0.596,1.632,4.653,0.559,0,AQ,0.29491077754769096,0.6444444444444444,0.8179754409165427
8i5d,4,91.72976630517796,83.91242424242425,87.2141935483871,77.31366197183098,87.07290322580644,82.0356862745098,72.7540206185567,0.754,0.73,0.431,0.8350995310737181,0.781102760965513,0.6518518518518519,0.6518518518518519,0.3712438298879877,0.1628813715039463,3333311452,0.465024,0.70586675,0.73,0.70586675,0.70586675,3333311452,4,0.839802652750988,2.0992439,4.5876565,2.571661,0.7506,4.3756895,6.186638,0.593,1.683,4.338,0.542,0,AQ,0.267062600695967,0.6518518518518519,0.8081011460196156
8i5d,3,91.80885290972964,84.46212121212123,87.88822580645159,72.33098591549296,88.49064516129035,82.9913725490196,76.39773195876289,0.762,0.74,0.412,0.8550091316692567,0.8043605840798247,0.6629787234042553,0.6629787234042553,0.4134664711773952,0.2153608586588264,3333311452,0.473983,0.72038575,0.74,0.72038575,0.72038575,3333311452,3,0.8469346870579421,1.5755358,3.06503,2.5050192,0.80557835,5.3496614,1.5382205,0.71,0.954,5.484,0.712,0,AQ,0.3144136649181108,0.6629787234042553,0.8296848578745407
8i5d,2,91.80352986100505,84.43818181818182,87.52580645161292,77.49549295774649,87.01,81.8864705882353,72.38628865979382,0.758,0.7324999999999999,0.446,0.8407386507209645,0.7808202091935151,0.6620754716981133,0.6620754716981133,0.3880208424402771,0.1684048539474699,3333311452,0.468234,0.71059175,0.7324999999999999,0.71059175,0.71059175,3333311452,2,0.8446023627338418,2.0979345,4.5346003,2.5313818,0.8244218,4.0731444,6.1442633,0.58,1.719,4.474,0.525,0,AQ,0.2782128481938735,0.6620754716981133,0.8107794299572398
8i5c,0,92.10792034052903,83.89462962962963,85.59978260869566,86.45275,86.1907142857143,84.25162162162164,86.70649999999999,0.722,0.69,0.37,0.8325346757253546,0.8419392272694372,0.7170731707317073,0.7170731707317073,0.3540484971804303,0.3487283431904476,1465747288,0.34497225,0.63409,0.69,0.6270985,0.6270985,1465747288,0,0.8088670025688391,1.3176883,2.1947901,2.3152285,0.889462,1.2768781,3.0248182,0.768,1.16,1.986,0.73,0,MQ,0.3513884201854389,0.7170731707317073,0.8372369514973959
8i5c,1,92.34581027667984,85.90814814814813,87.99130434782609,88.03675,87.17142857142858,84.78135135135136,87.67675,0.752,0.73,0.421,0.8532159837015671,0.8665085206539442,0.7342857142857143,0.7342857142857143,0.4093238292381081,0.4262542389316217,1465747288,0.38368825,0.66952825,0.73,0.66931975,0.66931975,1465747288,1,0.8404583362363092,1.3806655,2.4375513,2.4195995,0.85620975,1.4182491,2.9714987,0.66,1.367,5.099,0.698,0,MQ,0.4177890340848649,0.7342857142857143,0.8598622521777557
8i5c,4,92.51041501976285,86.73333333333333,88.58521739130435,88.349,87.3795238095238,85.6091891891892,87.905875,0.754,0.73,0.444,0.8545653038395588,0.8667151562283167,0.7213953488372092,0.7213953488372092,0.4212919639332507,0.4334297543815041,1465747288,0.39033025,0.6690555,0.73,0.6690555,0.6690555,1465747288,4,0.8397315849421538,1.2778934,2.1463084,2.3588333,0.82797366,1.1350031,2.9192736,0.801,1.083,1.577,0.778,0,MQ,0.4273608591573774,0.7213953488372092,0.8606402300339377
8i5c,3,92.40776071754333,86.99703703703702,89.06195652173913,88.677125,87.95142857142858,85.17513513513514,88.29725,0.762,0.7424999999999999,0.437,0.862183536239319,0.8793014040551593,0.7221428571428572,0.7221428571428571,0.4420234114415579,0.4699682729322584,1465747288,0.406982,0.68782875,0.7424999999999999,0.68782875,0.68782875,1465747288,3,0.8487312056436715,1.2310342,2.1367884,2.3670835,0.7341894,1.1480612,2.8808558,0.749,1.083,3.225,0.714,0,MQ,0.45599584218690814,0.7221428571428572,0.8707424701472392
8i5c,2,92.39125874125874,86.79907407407407,88.92282608695652,88.34612499999999,87.885,85.74405405405403,88.22925000000001,0.76,0.7424999999999999,0.424,0.8602959160084126,0.8768624863444531,0.7172093023255813,0.7172093023255814,0.436326973065441,0.4602843792687378,1465747288,0.39512575,0.682806,0.7424999999999999,0.682806,0.682806,1465747288,2,0.8457467850675223,1.2563636,2.199158,2.4042335,0.74090725,1.1796666,2.9267383,0.739,1.149,3.706,0.746,0,MQ,0.4483056761670894,0.7172093023255814,0.8685792011764328
6zkw,2,92.58611693921628,93.76787234042553,89.79810344827588,93.51630136986302,93.15531914893616,87.36529411764707,90.7417391304348,0.796,0.7875,0.424,0.948197075729925,0.9446985107226288,0.7604000000000001,0.7604,0.7960889719899734,0.7306013822452365,1001186984,0.55336925,0.76754525,0.7875,0.76754525,0.76754525,1001186984,2,0.8657840929011403,0.9497905,1.5566459,0.8824915,0.73407125,0.79413474,1.5262563,0.809,0.968,3.091,0.836,0,HQ,0.763345177117605,0.7604,0.9464477932262769
6zkw,3,92.88879049676028,94.19957446808512,90.20637931034484,92.9508219178082,92.85489361702128,85.9935294117647,90.43,0.806,0.8025,0.371,0.9560562581518128,0.9528084081765829,0.7745833333333333,0.7745833333333335,0.8130142773281454,0.7471934686103491,1001186984,0.5778925,0.7876105,0.8025,0.7876105,0.7876105,1001186984,3,0.8739690661973298,0.9950272,1.6763998,0.9691397,0.7388285,0.8012748,1.5192868,0.796,1.11,1.718,0.782,0,MQ,0.7801038729692472,0.7745833333333334,0.9544323331641978
6zkw,4,92.53498302992904,93.3291489361702,89.21706896551724,93.5901369863014,93.2423404255319,88.45970588235294,90.56521739130434,0.792,0.7775,0.4,0.9408224706448356,0.9404481284321828,0.7791304347826088,0.7791304347826086,0.7713686637552389,0.7177630907954569,1001186984,0.53110425,0.751458,0.7775,0.751458,0.751458,1001186984,4,0.8571273232790008,0.9960491,1.5340309,0.9731704,0.8127933,0.9073283,1.4401929,0.841,0.734,3.127,0.836,0,HQ,0.7445658772753478,0.7791304347826087,0.9406352995385092
6zkw,1,93.00373341561246,95.00914893617022,90.64310344827588,94.68575342465752,94.12063829787232,90.06705882352942,91.47554347826087,0.8300000000000001,0.8300000000000001,0.427,0.9620554653366414,0.9604384281602264,0.7604000000000001,0.7604,0.8500676194989304,0.8073544800673378,1001186984,0.624768,0.822271,0.8300000000000001,0.822271,0.822271,1001186984,1,0.8881343525245761,1.0302817,1.5945481,0.8882023,0.8501694,1.324424,1.4314286,0.808,0.802,4.355,0.855,0,HQ,0.828711049783134,0.7604,0.9612469467484339
6zkw,0,92.40487503856836,93.39659574468084,89.6398275862069,92.59767123287672,92.60978723404256,85.98117647058824,90.04097826086957,0.782,0.77,0.36,0.9396137790358944,0.9347327251207028,0.7876000000000001,0.7875999999999999,0.7539348535105478,0.6835046455236694,1001186984,0.5192942500000001,0.74694175,0.77,0.74668075,0.74668075,1001186984,0,0.8520165549412625,1.0081137,1.7304381,0.93499154,0.73627263,0.94294685,1.4402934,0.782,1.198,2.566,0.818,0,MQ,0.7187197495171086,0.7876,0.9371732520782986
5tez,0,92.60781845461364,86.79555555555555,83.10584905660379,88.1326595744681,90.33978723404256,89.54444444444445,93.05383720930232,0.8099999999999999,0.8049999999999999,0.506,0.9492706098159588,0.9256335240654944,0.7447826086956522,0.7447826086956519,0.7999808906478647,0.6210470858635542,3300167214,0.57165875,0.7880272500000001,0.8049999999999999,0.7880272500000001,0.7880272500000001,3300167214,0,0.8747196441537348,0.6466908,0.8348669,0.83950615,0.5493728,0.8587675,0.8429332,0.781,0.712,2.079,0.583,0,MQ,0.7105139882557094,0.744782608695652,0.9374520669407266
5tez,1,92.3466946736684,85.23533333333333,81.69754716981133,88.45574468085104,90.46000000000002,90.59177777777776,92.59720930232558,0.808,0.8025,0.51,0.9504545329793508,0.924780316504107,0.7553488372093022,0.7553488372093022,0.8053266437073062,0.6256634628727177,3300167214,0.572994,0.7808342500000001,0.8025,0.7808342500000001,0.7808342500000001,3300167214,1,0.8687091376372155,0.7242557,0.8948112,0.84124446,0.6476921,0.5633898,0.8470635,0.766,0.722,3.056,0.6,0,MQ,0.715495053290012,0.7553488372093022,0.9376174247417288
5tez,4,92.60853413353338,87.00244444444444,82.91603773584905,89.50744680851065,90.56255319148936,90.57644444444443,93.01825581395347,0.818,0.81,0.507,0.951433069268355,0.9250456795466424,0.7595348837209304,0.7595348837209301,0.816381482104576,0.6405076622755614,3300167214,0.5821675,0.78886175,0.81,0.78886175,0.78886175,3300167214,4,0.874127222199975,0.65454,0.9308272,0.8435946,0.5123931,0.68142,0.8295845,0.769,0.772,3.068,0.633,0,MQ,0.7284445721900688,0.7595348837209303,0.9382393744074987
5tez,3,92.79140735183796,88.20022222222222,84.51358490566038,90.24531914893616,91.00340425531914,90.852,93.94720930232558,0.8280000000000001,0.825,0.543,0.9593695489842744,0.938468549207264,0.754375,0.754375,0.8453476146596739,0.6988652906027627,3300167214,0.61007725,0.8134440000000001,0.825,0.8134440000000001,0.8134440000000001,3300167214,3,0.8837029996033255,0.6003673,0.9073747,0.64102215,0.4587785,0.5944417,0.8356844,0.759,0.765,3.106,0.6,0,MQ,0.7721064526312182,0.754375,0.9489190490957692
5tez,2,92.41054613653414,84.95955555555557,82.1756603773585,87.79276595744682,89.90595744680851,90.11466666666668,91.87372093023257,0.8019999999999999,0.79,0.503,0.9431140892234922,0.9163033667446344,0.736875,0.7368750000000001,0.7744757510815742,0.590190088611181,3300167214,0.547951,0.7632734999999999,0.79,0.7632734999999999,0.7632734999999999,3300167214,2,0.8591883110595847,0.71564317,1.0721401,0.8395544,0.54140687,0.82738006,1.434994,0.796,0.752,1.472,0.617,0,MQ,0.6823329198463777,0.736875,0.9297087279840632
9j4u,0,90.70708687727824,82.70725,69.35057142857143,76.02924242424243,84.18125,84.71370370370374,72.35505154639175,0.762,0.73,0.325,0.846768881319558,0.740274723751027,0.5850000000000001,0.5850000000000001,0.4482326218070805,0.11036964126054,2986282054,0.4897344999999999,0.71330075,0.73,0.71094575,0.71094575,2986282054,0,0.8262542844990414,1.6780859,2.7580314,2.351722,0.8973725,2.1716185,2.3435462,0.62,1.904,4.522,0.696,0,MQ,0.27930113153381025,0.5850000000000001,0.7935218025352925
9j4u,1,90.90440765492102,83.56,67.9782857142857,76.98348484848485,85.2409375,85.20962962962962,73.99876288659794,0.764,0.7424999999999999,0.347,0.8580867906477039,0.7549877163524313,0.6082926829268293,0.6082926829268293,0.467171209476347,0.1224205966324612,2986282054,0.50726,0.7235940000000001,0.7424999999999999,0.723338,0.723338,2986282054,1,0.8315978072429536,1.594175,2.6387582,2.0795786,0.87454724,2.2550566,2.2055166,0.675,1.675,3.356,0.714,0,MQ,0.2947959030544041,0.6082926829268293,0.8065372535000677
9j4u,4,90.85543590522478,82.50925,67.22371428571428,76.94621212121213,84.763125,84.76833333333333,73.04154639175259,0.764,0.7375,0.334,0.8490859435297354,0.7513209191551389,0.5842553191489364,0.5842553191489361,0.4405381933303677,0.117467131360955,2986282054,0.4980455,0.7183597500000001,0.7375,0.71780175,0.71780175,2986282054,4,0.8312887230183589,2.0629013,3.567908,2.1546195,1.0877092,2.2043374,2.9718313,0.485,2.452,7.048,0.589,0,AQ,0.27900266234566135,0.5842553191489362,0.8002034313424371
9j4u,3,90.65980255164034,82.33175,66.89542857142857,76.89969696969699,84.125,84.35148148148147,73.31938144329898,0.758,0.7225,0.317,0.8592357869160491,0.7717969056735102,0.5704347826086957,0.5704347826086957,0.4548430212491806,0.1363414212495685,2986282054,0.47669825,0.702501,0.7225,0.6992127499999999,0.6992127499999999,2986282054,3,0.8178665229213335,1.5836114,2.7189915,2.1200154,0.73705775,2.2029164,1.9967862,0.605,1.826,5.838,0.732,0,MQ,0.29559222124937456,0.5704347826086957,0.8155163462947796
9j4u,2,90.80340826245444,81.63025,67.97,76.36166666666668,85.34437499999999,85.01462962962962,74.64041237113402,0.758,0.73,0.322,0.8501148640735183,0.7469651127086628,0.5976190476190476,0.5976190476190476,0.4463687428558908,0.1150924103559533,2986282054,0.47943,0.7071102499999999,0.73,0.7050775,0.7050775,2986282054,2,0.8233605703019362,1.5178195,2.4869215,2.0624938,0.8379887,2.0988078,1.8656466,0.634,1.567,5.43,0.714,0,MQ,0.28073057660592204,0.5976190476190476,0.7985399883910906
5xov,0,90.57715775361238,82.8901408450704,84.44415094339622,83.84949494949494,82.709,84.2896551724138,82.82126315789475,0.734,0.7050000000000001,0.396,0.8602324615906398,0.7854774906057012,0.5817910447761194,0.5817910447761193,0.4890949604742753,0.1445969191236652,476702476,0.39984875,0.6746645,0.7050000000000001,0.65998425,0.65998425,476702476,0,0.8087168941438466,1.5188887,2.3085458,1.6047591,1.1875528,1.5384793,2.7894247,0.599,1.613,6.653,0.714,0,MQ,0.31684593979897024,0.5817910447761194,0.8228549760981705
5xov,1,90.83692387904068,85.24380281690142,86.47943396226412,84.44353535353535,85.03999999999999,86.07344827586203,86.35052631578948,0.7699999999999999,0.7575,0.427,0.9096847797920729,0.839167451729063,0.61234375,0.61234375,0.6448667277876593,0.253178625737207,476702476,0.4819,0.7291925,0.7575,0.72699025,0.72699025,476702476,1,0.8361598615153173,1.7277607,2.742928,1.6720071,1.3084002,1.6344686,3.7937572,0.53,1.977,7.551,0.667,0,MQ,0.4490226767624331,0.61234375,0.874426115760568
5xov,4,90.81251005511692,83.92422535211267,85.09226415094341,83.79353535353535,84.5685,84.08413793103446,84.25547368421051,0.752,0.725,0.385,0.8806971470524774,0.814298895488821,0.6486440677966101,0.6486440677966101,0.5483071008220807,0.1877452306951079,476702476,0.4302455,0.691643,0.725,0.68354675,0.68354675,476702476,4,0.820450715675345,1.570346,2.417161,1.5489657,1.2286083,1.5891626,3.0228984,0.603,1.737,5.804,0.698,0,MQ,0.36802616575859426,0.6486440677966101,0.8474980212706491
5xov,3,90.84661254282736,85.27295774647888,85.86396226415094,83.38939393939395,85.47875,85.56724137931036,86.25431578947368,0.766,0.7525,0.398,0.9077300595822204,0.8233865007971367,0.5998507462686566,0.5998507462686566,0.6315883451318602,0.2274422205915753,476702476,0.47806375,0.72481,0.7525,0.72094725,0.72094725,476702476,3,0.8344231643423407,1.7105836,2.7472858,1.6468023,1.2775692,1.7074004,3.7777941,0.508,2.06,6.423,0.54,0,MQ,0.42951528286171775,0.5998507462686566,0.8655582801896786
5xov,2,90.565723223596,83.70112676056334,85.3541509433962,83.2641414141414,84.10799999999999,83.46482758620691,84.38515789473685,0.746,0.7225,0.406,0.8796220764182087,0.8095161857737246,0.6104545454545456,0.6104545454545455,0.5379680133780897,0.1899337148361018,476702476,0.432908,0.696203,0.7225,0.6864355,0.6864355,476702476,2,0.8206862453224867,1.6895655,2.7225688,1.621635,1.2570868,1.5358456,3.600755,0.556,2.0,6.788,0.698,0,MQ,0.36395086410709576,0.6104545454545456,0.8445691310959667
6tmo,2,92.2558491704374,91.99795454545452,92.04901960784314,96.0966129032258,95.1335,97.34925,96.03989583333332,0.8960000000000001,0.91,0.66,0.9853325157893312,0.9789502675765084,0.8981250000000001,0.8981250000000001,0.9385282072981248,0.9040855583392928,4149355875,0.7805845,0.9173625,0.91,0.9173625,0.9173625,4149355875,2,0.9349381375850584,0.708165,1.2576686,0.44497043,0.37798473,0.4509183,1.9907228,0.907,0.6,1.808,0.902,0,HQ,0.9213068828187088,0.8981250000000001,0.9821413916829198
6tmo,3,92.1116153846154,91.83704545454546,91.89215686274513,95.74225806451614,94.833,97.1005,95.82604166666664,0.89,0.9075,0.645,0.9841583745528998,0.9768424121710017,0.9069841269841272,0.9069841269841272,0.9344057275648736,0.8947006706919068,4149355875,0.7653485,0.910114,0.9075,0.910114,0.910114,4149355875,3,0.930861141504876,0.6996851,1.2192794,0.44532782,0.39957824,0.4848952,1.9845446,0.904,0.614,1.578,0.89,0,HQ,0.9145531991283902,0.9069841269841272,0.9805003933619507
6tmo,4,92.12395022624436,92.35363636363635,91.44960784313724,95.75435483870967,94.6515,96.98075,95.6459375,0.89,0.9075,0.645,0.9847976541922578,0.9775786273725564,0.9201639344262296,0.9201639344262296,0.9350765782068788,0.8959425863743634,4149355875,0.77114375,0.91366425,0.9075,0.91366425,0.91366425,4149355875,4,0.932603621229607,0.7145221,1.2332256,0.5057732,0.41495162,0.45987582,1.9654036,0.902,0.601,1.882,0.89,0,HQ,0.9155095822906212,0.9201639344262296,0.9811881407824071
6tmo,1,92.02561387631977,92.30545454545457,91.81235294117648,95.82209677419355,94.788,97.11325,95.714375,0.89,0.9075,0.651,0.9845853118137914,0.9777045202950152,0.8844615384615385,0.8844615384615385,0.935819639259436,0.8979366571124885,4149355875,0.7734624999999999,0.913761,0.9075,0.913761,0.913761,4149355875,1,0.9320630946238776,0.7370723,1.3076377,0.245413,0.41434425,0.4738865,2.0711484,0.892,0.644,2.131,0.89,0,MQ,0.9168781481859622,0.8844615384615385,0.9811449160544032
6tmo,0,92.2210527903469,92.07295454545456,91.6527450980392,95.84016129032256,95.09675,97.25975,95.95572916666669,0.892,0.9075,0.656,0.9847806292472884,0.9777002971010288,0.8981250000000001,0.8981250000000001,0.9366747852400245,0.8989318015375716,4149355875,0.7739625,0.91442225,0.9075,0.91442225,0.91442225,4149355875,0,0.933320223883882,0.7562421,1.3081589,0.22255157,0.4627257,0.48684183,1.9669732,0.905,0.601,1.935,0.902,0,HQ,0.9178032933887981,0.8981250000000001,0.9812404631741586
5d2n,3,90.97505721168322,79.65865384615384,80.23545454545454,70.23013333333333,83.07393939393938,82.79666666666668,85.07043956043955,0.662,0.555,0.334,0.5741961948191945,0.5460721435089704,0.473469387755102,0.4734693877551021,0.0923140951683372,0.0379115850140848,4290334085,0.132221,0.4320405,0.555,0.3949519999999999,0.3949519999999999,4290334085,3,0.743105237025769,1.3485553,2.6593125,0.80429536,0.7094342,2.893194,1.8355689,0.636,1.062,7.391,0.672,0,MQ,0.065112840091211,0.47346938775510206,0.5601341691640824
5d2n,4,90.93960403492925,80.30115384615384,81.04454545454544,71.3056,83.23939393939395,82.60944444444443,84.89857142857143,0.6599999999999999,0.5525,0.352,0.5749224506529443,0.5589131395192894,0.4654901960784314,0.4654901960784314,0.0923100988986888,0.0417595050492526,4290334085,0.12632,0.432512,0.5525,0.39482775,0.39482775,4290334085,4,0.7424807700671266,1.2714714,2.4799516,0.7677066,0.69506353,2.0382624,1.2644378,0.732,0.887,5.285,0.734,0,MQ,0.0670348019739707,0.4654901960784314,0.5669177950861168
5d2n,2,91.06057964468532,80.22923076923077,81.51666666666665,70.73266666666667,83.61363636363636,83.14388888888888,85.03890109890109,0.67,0.5725,0.338,0.5882968461362701,0.5581127214670053,0.4606521739130434,0.4606521739130434,0.1021819636311627,0.042358308367091,4290334085,0.15258525,0.4425779999999999,0.5725,0.4109575,0.4109575,4290334085,2,0.7485369496430715,1.2589396,2.4242363,0.8847656,0.70380044,2.1403177,1.836363,0.614,1.124,8.528,0.703,0,MQ,0.07227013599912685,0.4606521739130434,0.5732047838016376
5d2n,0,90.9463489912677,79.30423076923077,81.18606060606061,70.80546666666666,82.47090909090909,82.35944444444446,85.1356043956044,0.646,0.5325,0.289,0.5603431997242049,0.5427767770314836,0.4937209302325582,0.4937209302325582,0.0821261578375216,0.0374866518222911,4290334085,0.10095625,0.41979675,0.5325,0.370582,0.370582,4290334085,0,0.7291968807878434,1.418168,2.837281,0.79759836,0.7084558,3.6894138,2.1538866,0.563,1.207,10.555,0.688,1,MQ,0.059806404829906346,0.4937209302325582,0.5515599883778443
5d2n,1,91.14897771755496,79.77634615384616,80.93454545454546,72.35759999999999,83.30454545454545,82.32092592592592,85.21252747252748,0.662,0.555,0.348,0.597785803301267,0.5728407863138457,0.4446938775510204,0.4446938775510204,0.1064689238414212,0.0412257295575188,4290334085,0.13955825,0.448716,0.555,0.409705,0.409705,4290334085,1,0.7411265873411316,1.1584587,2.2384622,0.73967046,0.649018,1.9531797,1.8427416,0.779,0.97,2.866,0.734,0,MQ,0.07384732669947,0.4446938775510204,0.5853132948075563
3kxf,2,93.73546508172365,90.5728125,83.35557142857142,93.7087234042553,91.9165,92.31567567567566,73.627,0.852,0.8625,0.578,0.9068232815256658,0.8408665742948822,0.6439705882352942,0.6439705882352942,0.6730030017489967,0.3649416011023983,766883941,0.6865415,0.85502625,0.8625,0.85502625,0.85502625,766883941,2,0.8994041852985597,1.2113781,2.104969,0.8390327,0.5898296,0.8668913,4.2746797,0.728,1.664,2.849,0.836,0,MQ,0.5189723014256975,0.6439705882352942,0.873844927910274
3kxf,3,93.91145765230311,91.57734375,84.238,94.56627659574468,92.815,91.7956756756757,75.64488888888887,0.86,0.8725,0.564,0.9570235176002484,0.916762829562836,0.7816666666666668,0.7816666666666667,0.8161269964492432,0.6241539355136705,766883941,0.70432625,0.86750625,0.8725,0.86750625,0.86750625,766883941,3,0.9091238207948694,0.8413429,1.3645248,0.6291271,0.5234153,0.79888177,1.9140971,0.846,0.84,2.901,0.881,0,HQ,0.7201404659814569,0.7816666666666667,0.9368931735815422
3kxf,4,93.78608766716196,91.29453125,83.0162857142857,94.27925531914892,92.38625,92.13270270270272,74.26544444444444,0.8560000000000001,0.8674999999999999,0.593,0.9113961024247248,0.8533166922024704,0.67328125,0.67328125,0.6948801535440423,0.3991266095264719,766883941,0.69441225,0.86302725,0.8674999999999999,0.86302725,0.86302725,766883941,4,0.8987502140680272,1.1698933,2.05253,0.6596877,0.56800336,0.83602685,4.290681,0.727,1.705,2.684,0.836,0,MQ,0.5470033815352571,0.67328125,0.8823563973135976
3kxf,1,93.96249331352152,91.7834375,83.84557142857142,95.0372340425532,93.3195,92.2508108108108,75.31077777777776,0.86,0.875,0.574,0.9592258694043329,0.9219143150258344,0.7778846153846156,0.7778846153846154,0.8272501095323589,0.6481134115678573,766883941,0.71227875,0.87197725,0.875,0.87197725,0.87197725,766883941,1,0.9082931625405684,0.82126766,1.3502066,0.55406463,0.500725,0.7504925,1.8054965,0.858,0.929,1.087,0.866,0,HQ,0.737681760550108,0.7778846153846155,0.9405700922150837
3kxf,0,94.07679791976226,92.40515625,86.71128571428571,95.3055319148936,94.1905,92.92405405405404,80.04322222222221,0.8779999999999999,0.89,0.604,0.9457599100373028,0.897161798766055,0.6435384615384616,0.6435384615384616,0.8113692941553994,0.5498658924711745,766883941,0.74732975,0.89182575,0.89,0.89182575,0.89182575,766883941,0,0.9224265332980476,1.1643623,2.0439131,0.745402,0.5477937,0.7505096,4.2423043,0.723,1.711,2.369,0.806,0,MQ,0.680617593313287,0.6435384615384616,0.9214608544016789
1qse,1,94.36674316774877,94.69136363636365,94.8104347826087,96.0522619047619,95.8572340425532,96.49441176470587,93.59712643678162,0.8880000000000001,0.8975,0.59,0.979885317088769,0.9562773435479256,0.7888888888888891,0.7888888888888889,0.9188171768436736,0.8230931630761256,4074483694,0.78575925,0.905865,0.8975,0.905865,0.905865,4074483694,1,0.9376238797023184,0.601282,0.7297173,0.94596285,0.4819647,0.65767276,0.9953139,0.942,0.358,1.803,0.924,0,HQ,0.8709551699598996,0.788888888888889,0.9680813303183473
1qse,0,94.2485897629473,94.59545454545454,94.755,96.1,95.7553191489362,96.70029411764706,93.38275862068966,0.882,0.895,0.597,0.9803362822638216,0.9560883329333786,0.8125000000000001,0.8125,0.9227171890411558,0.8283539144834773,4074483694,0.7725385,0.89996125,0.895,0.89996125,0.89996125,4074483694,0,0.9319678320489124,0.635847,0.6999797,0.83820546,0.57955676,0.5740196,0.98573893,0.956,0.4,1.19,0.955,0,HQ,0.8755355517623166,0.8125,0.9682123075986001
1qse,2,94.1553087724596,94.41954545454546,94.71282608695654,95.99964285714287,95.67127659574469,96.64735294117648,93.31298850574714,0.8800000000000001,0.895,0.6,0.979315276800205,0.954889963884534,0.8125000000000001,0.8125,0.917795518601661,0.8202983942441687,4074483694,0.773094,0.8990432500000001,0.895,0.8990432500000001,0.8990432500000001,4074483694,2,0.9330984830285616,0.59657365,0.67329055,0.8580705,0.52274907,0.6691165,0.8949313,0.954,0.372,1.212,0.939,0,HQ,0.8690469564229149,0.8125,0.9671026203423695
1qse,3,94.181306054658,94.58340909090909,94.56565217391304,96.03333333333332,95.68489361702125,96.58264705882353,93.2003448275862,0.882,0.895,0.594,0.9817150210513798,0.965527535223746,0.8529166666666667,0.8529166666666667,0.9262955707296469,0.8584964649637682,4074483694,0.77413775,0.899395,0.895,0.899395,0.899395,4074483694,3,0.9325633181287548,0.6514828,0.68529934,0.9638327,0.5895569,0.5562929,0.9529337,0.947,0.417,0.936,0.924,0,HQ,0.8923960178467075,0.8529166666666667,0.9736212781375628
1qse,4,94.38670542050431,93.95568181818182,94.63717391304348,96.21142857142856,95.97765957446808,96.86058823529412,93.41977011494254,0.8960000000000001,0.9075,0.583,0.9835749888572164,0.9673808746225512,0.8379166666666666,0.8379166666666666,0.929558926543006,0.8652332976846695,4074483694,0.80652525,0.916214,0.9075,0.916214,0.916214,4074483694,4,0.9436162444549306,0.6241716,0.7204678,0.74040025,0.56611973,0.59265924,1.1543714,0.943,0.492,1.471,0.955,0,HQ,0.8973961121138377,0.8379166666666666,0.9754779317398838
4eup,2,92.08377274812663,85.43249999999999,94.37239130434784,89.26080645161291,93.66581395348838,86.14460000000001,93.56068181818182,0.842,0.8574999999999999,0.599,0.9644644138409536,0.9436035027731056,0.825,0.8250000000000001,0.8303622357502499,0.7105852093339236,3132587063,0.64718975,0.85677425,0.8574999999999999,0.85677425,0.85677425,3132587063,2,0.897555270263675,0.9063635,1.6180934,0.5787437,0.54741585,4.0717053,0.7305746,0.746,1.066,6.101,0.912,0,MQ,0.7704737225420868,0.825,0.9540339583070296
4eup,4,92.22214711729622,86.25931818181819,94.88978260869564,88.81564516129033,94.1686046511628,86.88319999999997,93.82670454545456,0.8480000000000001,0.8625,0.597,0.9666388545676315,0.9434679260028588,0.8391379310344826,0.8391379310344828,0.8452274404301897,0.7150494826253645,3132587063,0.661355,0.8632085,0.8625,0.8632085,0.8632085,3132587063,4,0.9033893919075404,0.8990192,1.5682306,0.54642946,0.57815576,4.2063656,0.6240709,0.77,0.997,5.519,0.912,0,MQ,0.7801384615277771,0.8391379310344826,0.9550533902852452
4eup,3,91.89562777183056,85.17477272727272,94.30782608695652,87.75225806451616,93.83511627906977,86.3888,93.3630681818182,0.842,0.855,0.578,0.9643808652898624,0.9376523595492936,0.8217241379310345,0.8217241379310344,0.8298993319322285,0.6771472465417205,3132587063,0.6485732500000001,0.85717225,0.855,0.85717225,0.85717225,3132587063,3,0.8973021544253574,0.89947385,1.5807735,0.5537177,0.5676922,4.177002,0.800452,0.743,1.043,6.814,0.947,0,MQ,0.7535232892369745,0.8217241379310345,0.951016612419578
4eup,1,92.01493653463832,85.51886363636363,94.07217391304349,88.54274193548386,93.6346511627907,86.47559999999997,93.34795454545456,0.842,0.855,0.58,0.9639724534334,0.9391298746487536,0.81,0.81,0.8271168284826581,0.687102127251503,3132587063,0.6474865000000001,0.85376125,0.855,0.85376125,0.85376125,3132587063,1,0.8972137484398158,0.9539097,1.6826073,0.5754996,0.5976302,4.207717,0.8434882,0.752,1.035,5.548,0.877,0,MQ,0.7571094778670806,0.81,0.9515511640410768
4eup,0,92.13865575776111,86.13681818181819,94.47217391304348,89.21338709677417,93.54372093023257,85.78120000000001,93.67340909090908,0.842,0.8574999999999999,0.597,0.9653171721492836,0.9428601920394968,0.8259016393442623,0.8259016393442624,0.8359596154931723,0.7077334405090313,3132587063,0.65255325,0.85913275,0.8574999999999999,0.85913275,0.85913275,3132587063,0,0.9002071716913995,0.9240119,1.622474,0.54314685,0.58659494,4.087314,0.6893415,0.755,1.109,5.715,0.93,0,MQ,0.7718465280011018,0.8259016393442624,0.9540886820943901
7ow5,1,91.55548665858096,88.08887096774195,82.7422972972973,89.7419696969697,89.18659574468084,87.6935135135135,90.38918604651164,0.748,0.73,0.433,0.8351484074643434,0.8481033481171519,0.6337254901960786,0.6337254901960785,0.3710717732897441,0.3536304089080789,3833055639,0.3894935,0.67552475,0.73,0.6750842499999999,0.6750842499999999,3833055639,1,0.8475027511289163,1.2082571,2.3248494,1.1992298,0.69164294,0.53179824,2.5175643,0.703,1.344,3.118,0.672,0,MQ,0.3623510910989115,0.6337254901960785,0.8416258777907477
7ow5,0,91.57505761067311,87.85306451612902,82.05932432432432,90.0628787878788,89.60191489361704,88.05567567567564,90.8036046511628,0.752,0.735,0.435,0.8476161280990093,0.8626006064655083,0.6315094339622642,0.6315094339622642,0.403010620160855,0.4050407084510142,3833055639,0.3933407499999999,0.68620925,0.735,0.68576125,0.68576125,3833055639,0,0.8462706132617343,1.236327,2.3741596,1.1414782,0.7237842,0.5718728,2.6841888,0.669,1.409,3.329,0.609,0,MQ,0.40402566430593456,0.6315094339622642,0.8551083672822588
7ow5,2,91.79561400849,88.55790322580644,82.7731081081081,90.48378787878788,89.52680851063829,88.00270270270272,90.8943023255814,0.758,0.74,0.448,0.8592789965261167,0.8542505534165113,0.6401923076923077,0.6401923076923078,0.4435096031393639,0.3907085177247618,3833055639,0.409818,0.6903915,0.74,0.6903915,0.6903915,3833055639,2,0.8501511665765471,1.2306197,2.3512,1.2817122,0.70914114,0.46650708,2.6613615,0.701,1.416,2.798,0.672,0,MQ,0.41710906043206286,0.6401923076923077,0.8567647749713141
7ow5,4,91.55522589448152,87.7843548387097,80.96594594594595,90.06136363636362,89.30829787234042,87.84918918918919,90.53023255813956,0.752,0.73,0.443,0.8521449129524938,0.8563472970614361,0.6518367346938775,0.6518367346938776,0.4113243720748878,0.3820333137786749,3833055639,0.3913642499999999,0.677366,0.73,0.67691775,0.67691775,3833055639,4,0.8455686099521321,1.2783206,2.4662564,1.3233222,0.71777225,0.5182436,2.8330936,0.652,1.544,4.265,0.672,0,MQ,0.39667884292678135,0.6518367346938776,0.854246105006965
7ow5,3,91.46883717404486,87.32596774193549,81.00378378378379,89.79424242424241,88.9663829787234,87.6554054054054,90.30616279069768,0.746,0.73,0.406,0.8494463946466646,0.8510042870225121,0.66375,0.66375,0.4115564772241416,0.3599361197381971,3833055639,0.3761805,0.671827,0.73,0.6716135,0.6716135,3833055639,3,0.8443942268477,1.2655985,2.386844,1.445973,0.7340556,0.5336877,2.6012397,0.649,1.542,4.001,0.641,0,MQ,0.38574629848116937,0.66375,0.8502253408345883
7ndq,3,90.0819767797128,77.95785714285715,79.9360975609756,63.61336956521741,81.29886363636363,83.21764705882353,72.64857142857143,0.6900000000000001,0.61,0.25,0.7611047281570914,0.6976927558853023,0.4796969696969697,0.4796969696969696,0.253894909700407,0.1026700594012165,3645705911,0.24256725,0.5339595,0.61,0.5082485,0.5082485,3645705911,3,0.75754136131159,2.2417793,4.347798,3.095118,1.370228,5.2022142,3.9129424,0.41,2.906,6.674,0.4,0,AQ,0.17828248455081175,0.4796969696969696,0.7293987420211969
7ndq,4,90.06803391384051,77.26964285714287,77.78219512195122,66.62271739130436,81.8484090909091,84.16921568627451,73.35178571428571,0.6839999999999999,0.5975,0.24,0.7487996763242429,0.6764442964025648,0.476969696969697,0.476969696969697,0.2294911723713178,0.0894600087112932,3645705911,0.2173884999999999,0.52514625,0.5975,0.48871575,0.48871575,3645705911,4,0.7520846491960976,2.356507,4.686338,3.1050842,1.4021004,5.271384,4.772656,0.355,2.866,9.079,0.383,3,AQ,0.1594755905413055,0.476969696969697,0.7126219863634038
7ndq,2,90.2759074243813,77.61874999999999,78.48487804878049,66.43836956521739,82.20386363636364,84.56588235294117,75.15785714285714,0.696,0.6174999999999999,0.25,0.7817209472596188,0.7017869066129035,0.463125,0.463125,0.276333061336127,0.11714959723522,3645705911,0.249891,0.54408875,0.6174999999999999,0.5140867499999999,0.5140867499999999,3645705911,2,0.765668696555403,2.2857924,4.666322,3.0304635,1.2743267,4.083058,5.36173,0.363,2.867,9.242,0.417,0,AQ,0.1967413292856735,0.463125,0.7417539269362612
7ndq,0,89.71329972502292,76.96178571428572,77.64024390243902,65.3070652173913,80.07772727272729,82.14882352941177,71.53464285714284,0.666,0.5675,0.193,0.7163405397717024,0.6656008771439267,0.4874193548387097,0.4874193548387096,0.1880246398116469,0.0836063017383739,3645705911,0.1747345,0.4991075,0.5675,0.4543425,0.4543425,3645705911,0,0.7338378630173445,2.2117498,4.2789016,3.114828,1.3438307,3.822274,4.858291,0.386,2.735,8.046,0.4,0,AQ,0.1358154707750104,0.48741935483870963,0.6909707084578145
7ndq,1,90.03266880537733,77.005,77.06219512195122,66.06641304347826,82.3809090909091,83.9866666666667,73.72071428571428,0.696,0.61,0.259,0.7743866476781373,0.6928593831511684,0.4951724137931034,0.4951724137931034,0.2760673228011101,0.1006216994819336,3645705911,0.2454585,0.5470335,0.61,0.51461675,0.51461675,3645705911,1,0.7599468409090901,2.147338,4.1456184,3.0403361,1.306086,3.65134,4.650753,0.391,2.574,8.763,0.433,1,AQ,0.18834451114152187,0.4951724137931034,0.7336230154146528
4jfe,1,92.7718650195842,92.7931818181818,92.60470588235292,96.47870967741936,95.7095,97.45825,95.64,0.892,0.91,0.641,0.98237734139777,0.9756620220686296,0.909322033898305,0.9093220338983052,0.9269591617006284,0.8935181994535438,2651988104,0.7721785,0.91568775,0.91,0.91568775,0.91568775,2651988104,1,0.9336034130161112,0.8169593,1.3399204,0.5421417,0.55883527,0.7736409,1.9456928,0.86,0.775,2.182,0.852,0,HQ,0.9102386805770861,0.9093220338983051,0.9790196817331998
4jfe,0,92.73857637842724,93.0,92.25372549019608,96.23080645161288,95.21875,97.12825,95.14760416666668,0.8800000000000001,0.8975,0.634,0.9800013095385902,0.9715655071829414,0.8868253968253966,0.8868253968253968,0.9199860739874344,0.8775642506647983,2651988104,0.75190025,0.90331675,0.8975,0.90331675,0.90331675,2651988104,0,0.9226148284755316,0.775203,1.280949,0.80610704,0.48498353,0.761417,1.9123799,0.838,0.978,1.995,0.864,0,HQ,0.8987751623261163,0.8868253968253967,0.9757834083607658
4jfe,2,93.0608029526966,93.66204545454546,92.76941176470588,96.46032258064515,95.5115,97.30675,95.7246875,0.898,0.9125,0.633,0.9809966954136562,0.9724312861737876,0.8838095238095237,0.8838095238095239,0.9249243006205626,0.8824172268579542,2651988104,0.78244925,0.9197055,0.9125,0.9197055,0.9197055,2651988104,2,0.935505114240318,0.81300575,1.3312032,0.6657039,0.54453665,0.8741549,1.9361371,0.813,1.206,1.821,0.877,0,HQ,0.9036707637392585,0.8838095238095238,0.9767139907937219
4jfe,3,92.97370442904489,91.88204545454543,92.47039215686274,96.13419354838707,95.34975,97.21475,95.41531249999998,0.89,0.9075,0.629,0.9817109871793128,0.9739119293042012,0.8943333333333333,0.8943333333333335,0.9248035718350308,0.8852829338259741,2651988104,0.7710885,0.913211,0.9075,0.913211,0.913211,2651988104,3,0.931699669752482,0.7994032,1.3164066,0.6553419,0.5289315,0.80086255,1.9863079,0.808,0.988,3.038,0.84,0,HQ,0.9050432528305025,0.8943333333333334,0.977811458241757
4jfe,4,92.69724163904792,92.39613636363636,92.45588235294116,96.28919354838708,95.16675,97.20575,95.47927083333332,0.89,0.905,0.632,0.9815460151116274,0.9739253642802318,0.9106666666666666,0.910666666666667,0.9238954848166911,0.8856858545073294,2651988104,0.763711,0.91013225,0.905,0.91013225,0.91013225,2651988104,4,0.9281387852626476,0.78521687,1.2830493,0.6784465,0.52382135,0.7176599,1.941408,0.853,0.751,2.727,0.852,0,HQ,0.9047906696620103,0.9106666666666667,0.9777356896959296
6zkx,1,90.47582771305947,87.05000000000001,84.70741379310344,87.66602739726028,88.68319148936169,84.43999999999998,87.13510869565216,0.712,0.665,0.312,0.8372365226242475,0.8593653803252765,0.6575,0.6575,0.3524612276517241,0.3702913105090171,4139123812,0.34219,0.6142195,0.665,0.601041,0.601041,4139123812,1,0.7978354656661227,2.5408952,3.3352067,2.3882987,2.3467224,2.1049252,2.6597605,0.465,3.196,5.482,0.508,0,AQ,0.36137626908037057,0.6575,0.848300951474762
6zkx,0,90.2668746167995,84.80595744680852,83.71827586206898,87.50780821917809,87.89170212765958,83.18264705882353,86.13119565217391,0.6799999999999999,0.6174999999999999,0.275,0.8060810550840644,0.8419278575468627,0.6983333333333334,0.6983333333333331,0.2630307042756225,0.3034588126124824,4139123812,0.3016385,0.5941195,0.6174999999999999,0.55357025,0.55357025,4139123812,0,0.7707612126577108,2.5400984,3.428134,2.419036,2.3124938,2.1924217,2.529905,0.428,3.24,6.717,0.492,0,AQ,0.28324475844405245,0.6983333333333333,0.8240044563154636
6zkx,2,90.2703832004905,84.78446808510638,83.98982758620687,86.97479452054795,88.01893617021275,83.9285294117647,86.31467391304348,0.692,0.6325000000000001,0.254,0.7954423156934893,0.8288446849851235,0.5892592592592594,0.5892592592592593,0.2459362434178533,0.2873503164494324,4139123812,0.3267535,0.6039315000000001,0.6325000000000001,0.5732597500000001,0.5732597500000001,4139123812,2,0.7804109897274465,2.6276124,3.9296217,2.118463,2.2974648,2.3177028,3.0790815,0.419,3.696,7.05,0.523,0,AQ,0.26664327993364284,0.5892592592592594,0.8121435003393065
6zkx,4,90.56253832004904,88.46127659574469,85.47862068965517,89.74191780821917,88.58425531914894,83.11088235294119,87.30108695652174,0.728,0.69,0.288,0.8397565785652406,0.8705365367042213,0.7265217391304348,0.7265217391304348,0.3414578919534614,0.4158188981295078,4139123812,0.373305,0.642571,0.69,0.634615,0.634615,4139123812,4,0.8141446198046611,2.3638952,2.441407,2.2765555,2.3555784,1.3910624,1.9877497,0.542,2.507,4.12,0.554,0,MQ,0.37863839504148455,0.7265217391304348,0.8551465576347309
6zkx,3,90.61057939914164,87.91574468085106,84.87758620689657,89.21232876712328,88.36893617021275,82.5120588235294,87.20369565217393,0.72,0.6775,0.269,0.8396682879311981,0.8718961493715299,0.6748000000000001,0.6748000000000001,0.3512807220471481,0.4157364259514308,4139123812,0.358347,0.6320785,0.6775,0.618446,0.618446,4139123812,3,0.8055060065631001,2.246919,2.3680477,2.1825843,2.2261126,1.2036755,1.9599952,0.512,2.449,4.831,0.508,0,MQ,0.38350857399928945,0.6748000000000001,0.855782218651364
4prp,1,92.2702374154771,93.8155,92.78169811320754,93.38555555555556,93.5428125,92.36407407407408,92.3488732394366,0.858,0.8775,0.576,0.9782577690948084,0.9718055376350728,0.8243103448275861,0.8243103448275861,0.8856556560473223,0.8269973600645733,177451077,0.697983,0.87824525,0.8775,0.87824525,0.87824525,177451077,1,0.9083645476581425,0.78304976,0.9148095,1.0499457,0.67541,0.7610907,0.61764,0.893,0.416,3.985,0.93,0,HQ,0.8563265080559478,0.8243103448275861,0.9750316533649406
4prp,0,92.17471525169046,93.8205,92.8633962264151,93.3762222222222,93.4659375,92.48981481481484,92.24338028169016,0.8560000000000001,0.87,0.564,0.977874035265038,0.971986328137228,0.8549090909090907,0.8549090909090907,0.8836995178470763,0.8281130786211427,177451077,0.6915757499999999,0.875478,0.87,0.875478,0.875478,177451077,0,0.9068010408998308,0.7723179,0.99834836,0.7804573,0.65591747,1.1483538,0.7056597,0.881,0.449,4.122,0.915,0,HQ,0.8559062982341095,0.8549090909090907,0.974930181701133
4prp,2,92.19438166791886,93.7055,92.31396226415096,93.25344444444444,93.0465625,92.4488888888889,91.64676056338028,0.8560000000000001,0.87,0.569,0.9770052714178056,0.9706410964188638,0.8241379310344827,0.8241379310344829,0.8781386342271491,0.8194409653132064,177451077,0.68839425,0.8744395,0.87,0.8744395,0.8744395,177451077,2,0.904552938440541,0.82885754,1.0580447,0.9597078,0.69144017,1.1573663,0.9104937,0.877,0.491,3.72,0.887,0,HQ,0.8487897997701778,0.8241379310344827,0.9738231839183347
4prp,4,91.88008414725768,92.88525,91.54264150943396,92.55133333333332,91.911875,90.83537037037038,91.23338028169012,0.842,0.855,0.561,0.9721824083924652,0.9663339060045946,0.8514545454545452,0.8514545454545452,0.8509136336458067,0.7903339511514385,177451077,0.6541415,0.85736425,0.855,0.85736425,0.85736425,177451077,4,0.8949972177194626,0.9048415,1.1644944,0.83907634,0.7829692,1.1539855,0.5390635,0.872,0.68,3.269,0.915,0,HQ,0.8206237923986226,0.8514545454545452,0.9692581571985299
4prp,3,91.9840781367393,93.31575,92.01396226415092,93.06844444444448,92.98625,92.08351851851852,91.82774647887324,0.844,0.865,0.576,0.9753697018847703,0.9705130395674528,0.825,0.825,0.8738209153180332,0.8193637310882018,177451077,0.6719515,0.8645705,0.865,0.8645705,0.8645705,177451077,3,0.8963023789186993,0.7757304,0.95128644,1.1179008,0.6252996,0.92837375,0.5218639,0.917,0.445,2.34,0.901,0,HQ,0.8465923232031175,0.825,0.9729413707261116
5til,0,92.23639986376024,96.2019230769231,94.76442307692312,94.89226666666669,95.02347826086957,93.89704545454546,95.68761904761904,0.844,0.8674999999999999,0.468,0.977263318880749,0.9593319952571888,0.8006451612903226,0.8006451612903226,0.913791474091832,0.839652424909459,1299718217,0.68663575,0.8693445,0.8674999999999999,0.8693445,0.8693445,1299718217,0,0.8863623579799809,0.75300366,1.3104143,0.71676517,0.53915757,0.57841116,1.9423983,0.797,0.76,3.589,0.746,0,MQ,0.8767219495006455,0.8006451612903226,0.968297657068969
5til,1,91.66623126702996,95.82673076923076,94.4653846153846,94.31666666666668,94.26065217391306,93.36386363636365,94.87416666666664,0.8320000000000001,0.8574999999999999,0.458,0.9736259129715452,0.951762604291738,0.8059375,0.8059375,0.8979134334138203,0.8053115191719558,1299718217,0.6641815,0.85862475,0.8574999999999999,0.85862475,0.85862475,1299718217,1,0.8746190399760831,0.8222386,1.3171924,0.9017375,0.63489527,0.8882902,1.8084632,0.802,0.83,3.832,0.81,0,HQ,0.851612476292888,0.8059375,0.9626942586316416
5til,3,91.85254257493187,95.9230769230769,94.31423076923076,94.48986666666666,94.3428260869565,93.50272727272728,95.21833333333332,0.8320000000000001,0.855,0.468,0.9750520488554124,0.9558036039404908,0.8006451612903226,0.8006451612903226,0.9041847287644064,0.8228503720772458,1299718217,0.66338775,0.856285,0.855,0.856285,0.856285,1299718217,3,0.8712975433220623,0.85787696,1.3725814,0.9171963,0.6665738,0.89690465,1.9090306,0.706,0.857,6.891,0.762,0,MQ,0.8635175504208261,0.8006451612903226,0.9654278263979517
5til,4,92.26679155313352,96.43423076923077,95.06153846153846,95.19693333333332,95.03826086956524,94.06590909090907,95.85642857142858,0.852,0.8725,0.463,0.9787487259228984,0.9621498997132404,0.7949999999999999,0.795,0.9180394473734526,0.8502932176801059,1299718217,0.699059,0.87540675,0.8725,0.87540675,0.87540675,1299718217,4,0.8923760193341292,0.7574365,1.3430545,0.71553344,0.5278852,0.60502297,1.9803514,0.798,0.771,4.119,0.794,0,MQ,0.8841663325267792,0.7949999999999999,0.9704493128180693
5til,2,91.8345538147139,96.03615384615388,94.40307692307692,94.7076,94.65195652173912,93.57386363636364,95.6777380952381,0.834,0.86,0.472,0.9768313996610574,0.9611269433996162,0.8256666666666667,0.8256666666666667,0.9111717260017068,0.8434939819743336,1299718217,0.673084,0.86079325,0.86,0.86079325,0.86079325,1299718217,2,0.8766687082082231,0.9534023,1.3977649,1.7437327,0.6635297,0.89635223,1.9907514,0.747,0.84,5.319,0.762,0,MQ,0.8773328539880202,0.8256666666666667,0.9689791715303369
7nme,2,90.15228727438192,72.25999999999999,80.8457894736842,84.01079999999999,83.47045454545454,85.21745098039216,86.62493333333332,0.708,0.65,0.409,0.7535560551128163,0.7676512432182895,0.5340425531914892,0.5340425531914893,0.282887219272945,0.2116825322808969,3975399715,0.256649,0.53929575,0.65,0.51871475,0.51871475,3975399715,2,0.7692710239811679,1.8696119,2.8248699,1.4545681,1.3143041,2.3912663,2.7401648,0.517,2.102,7.543,0.653,0,MQ,0.24728487577692096,0.5340425531914892,0.7606036491655529
7nme,4,90.42834673138177,72.78066666666668,81.82105263157895,83.76933333333332,84.49159090909092,86.39078431372548,87.56906666666667,0.728,0.6775,0.402,0.7800956114682986,0.7786603451454589,0.525681818181818,0.525681818181818,0.3328974255190516,0.2266637426080954,3975399715,0.31303425,0.574665,0.6775,0.56376125,0.56376125,3975399715,4,0.7879421926797988,1.9312744,2.8910942,1.4992546,1.382667,2.5706835,2.8941221,0.512,2.101,6.763,0.587,0,MQ,0.27978058406357353,0.525681818181818,0.7793779783068788
7nme,3,90.20942969816473,73.36711111111111,81.7156140350877,84.37879999999998,84.68954545454545,86.80999999999999,86.71279999999999,0.7220000000000001,0.6699999999999999,0.425,0.7885489036173099,0.7803424882371951,0.5015384615384615,0.5015384615384615,0.3436534136265051,0.22463144120255,3975399715,0.29246275,0.573817,0.6699999999999999,0.554028,0.554028,3975399715,3,0.7799578050382897,1.7550558,2.55493,1.4569869,1.3072318,2.349809,2.5961487,0.579,1.814,5.506,0.627,0,MQ,0.28414242741452755,0.5015384615384615,0.7844456959272526
7nme,1,90.09336265736388,71.01644444444445,79.65175438596492,83.67346666666666,83.88636363636363,85.33725490196078,86.71826666666668,0.708,0.65,0.378,0.7645628960729274,0.7714047418684647,0.5519047619047618,0.5519047619047618,0.2935648667109486,0.2131575503551137,3975399715,0.25948075,0.547829,0.65,0.52737475,0.52737475,3975399715,1,0.7706753145624159,1.8517684,2.844892,1.3264658,1.2718825,2.389058,2.7690744,0.475,2.137,8.839,0.613,0,AQ,0.2533612085330311,0.5519047619047618,0.767983818970696
7nme,0,89.8528226907326,71.13444444444445,80.03122807017543,82.98066666666665,81.66863636363638,83.54509803921569,85.45106666666666,0.682,0.6025,0.369,0.7100180747083914,0.7183110278964525,0.5475,0.5475,0.2110550369653012,0.1513779014319444,3975399715,0.18869925,0.50548575,0.6025,0.4700185,0.4700185,3975399715,0,0.747258386706582,1.6653631,2.5092301,1.3730994,1.1668125,2.124458,2.5434728,0.578,1.746,5.777,0.627,0,MQ,0.1812164691986228,0.5475,0.714164551302422
6vmx,0,92.77996575852316,92.37479166666668,92.93096153846156,93.62855263157896,94.30394736842103,94.0539285714286,93.84160919540231,0.8560000000000001,0.87,0.493,0.9770505688145658,0.9722986061708444,0.8233333333333334,0.8233333333333334,0.9000411694079402,0.8524479229554932,1183200395,0.6834417500000001,0.8732295,0.87,0.8732295,0.8732295,1183200395,0,0.90483881608785,0.86601907,1.0220696,0.64051706,0.836427,1.0617143,1.0163089,0.868,0.747,2.103,0.86,0,HQ,0.8762445461817168,0.8233333333333334,0.9746745874927051
6vmx,1,93.44849486377848,92.88270833333335,93.36884615384616,94.08276315789476,94.75947368421052,94.48107142857144,93.93275862068964,0.874,0.885,0.486,0.9801852005684828,0.9725605041590232,0.8506451612903225,0.8506451612903226,0.912649592841629,0.8574090779409892,1183200395,0.71901525,0.891493,0.885,0.891493,0.891493,1183200395,1,0.9181765850892272,0.8930744,1.0341654,0.79920125,0.85578823,0.9992918,1.2030388,0.848,0.877,1.355,0.825,0,HQ,0.8850293353913091,0.8506451612903225,0.9763728523637529
6vmx,4,93.20566770879856,92.3525,93.09038461538464,94.19236842105263,94.67184210526317,94.5125,94.136091954023,0.868,0.8775,0.484,0.97827617289614,0.972942832751854,0.8291176470588235,0.8291176470588235,0.906679152843007,0.8619713841807004,1183200395,0.6970735,0.8833949999999999,0.8775,0.8833949999999999,0.8833949999999999,1183200395,4,0.9108642563921316,0.83023226,0.92304206,0.6498898,0.819181,1.0820745,0.6851543,0.868,0.838,2.026,0.895,0,HQ,0.8843252685118537,0.8291176470588235,0.975609502823997
6vmx,3,93.46905463748698,92.77395833333333,93.44557692307691,94.43434210526316,94.81473684210523,94.51196428571428,94.1042528735632,0.8800000000000001,0.8925000000000001,0.471,0.9788236593139212,0.975845751239692,0.8341935483870968,0.8341935483870968,0.9082627900658888,0.8666173828271807,1183200395,0.7202284999999999,0.8964934999999999,0.8925000000000001,0.8964934999999999,0.8964934999999999,1183200395,3,0.9243747985591084,0.88841695,0.94146496,0.6980252,0.8920142,1.1293764,0.7092965,0.762,1.471,1.502,0.807,0,MQ,0.8874400864465348,0.8341935483870968,0.9773347052768067
6vmx,2,92.95674854845912,92.14458333333332,92.76423076923076,93.045,94.07473684210528,93.47928571428572,93.13735632183908,0.8619999999999999,0.8725,0.409,0.975970498485915,0.9701774749881876,0.8229032258064516,0.8229032258064516,0.8925347040846686,0.8344727413857457,1183200395,0.68761425,0.8777005,0.8725,0.8777005,0.8777005,1183200395,2,0.9087271298559108,0.8390231,0.90001476,0.63672286,0.84092045,0.99518657,0.67387366,0.789,1.419,1.699,0.877,0,MQ,0.8635037227352071,0.8229032258064516,0.9730739867370513
2oi9,3,93.3239847215377,86.62489795918367,95.83095238095238,93.55125,95.32404761904762,97.50189189189189,95.6975925925926,0.826,0.865,0.544,0.9776947632904258,0.9551635310272588,0.9143902439024392,0.9143902439024392,0.9052820568191832,0.8048218737709818,1118747352,0.76069425,0.8626885,0.865,0.8626885,0.8626885,1118747352,3,0.9174627936463068,0.9159712,0.8040683,0.8965687,0.9565495,0.33094063,0.7614237,0.925,0.542,0.994,0.905,0,HQ,0.8550519652950825,0.9143902439024392,0.9664291471588423
2oi9,4,93.18295712173484,87.90204081632653,95.9152380952381,93.43796875,95.24714285714286,97.31648648648648,95.59611111111111,0.8240000000000001,0.8674999999999999,0.562,0.977966044212227,0.9564814899800448,0.8946153846153845,0.8946153846153845,0.9049885186252904,0.8085885333482314,1118747352,0.76090075,0.8627549999999999,0.8674999999999999,0.8627549999999999,0.8627549999999999,1118747352,4,0.9170207571939136,1.0250633,1.2276776,1.0942079,0.9292364,0.43961486,0.60102224,0.876,0.822,1.453,0.889,0,HQ,0.8567885259867609,0.8946153846153845,0.9672237670961359
2oi9,2,93.45324790537212,87.54448979591835,95.97920634920634,93.6703125,95.41857142857144,97.44837837837838,95.74407407407408,0.8320000000000001,0.875,0.562,0.9750935437518604,0.9533526910539776,0.9209756097560976,0.9209756097560976,0.8983182423454267,0.7991866293516727,1118747352,0.7704055,0.87260375,0.875,0.87260375,0.87260375,1118747352,2,0.9225698816839192,0.91170704,0.8429971,0.93334985,0.9337278,0.36014992,0.87981826,0.92,0.53,1.132,0.889,0,HQ,0.8487524358485496,0.9209756097560976,0.964223117402919
2oi9,0,93.25956628881222,85.26428571428573,95.87952380952382,93.61984375,95.27357142857144,97.54054054054052,95.28222222222222,0.834,0.8725,0.567,0.9800225532655756,0.9558843573939532,0.9173809523809524,0.9173809523809524,0.9111774207030776,0.8068546237813422,1118747352,0.7654225,0.867907,0.8725,0.867907,0.867907,1118747352,0,0.9221620507333116,1.1417006,1.5924842,0.9075997,0.9466097,0.6319404,0.60033536,0.903,0.677,1.413,0.905,0,HQ,0.8590160222422099,0.9173809523809524,0.9679534553297644
2oi9,1,93.25076145884672,87.72448979591837,95.80476190476192,93.525,95.1602380952381,97.3572972972973,94.83814814814816,0.834,0.8725,0.566,0.9729527843500444,0.9519804977751914,0.9126829268292684,0.9126829268292684,0.8885076139147452,0.7883258392321393,1118747352,0.7616937500000001,0.86798925,0.8725,0.86798925,0.86798925,1118747352,1,0.9228090888947654,0.9337542,0.8095779,0.7376547,0.994844,0.5303783,0.5322995,0.935,0.537,1.112,0.937,0,HQ,0.8384167265734422,0.9126829268292684,0.9624666410626179
8gvb,1,89.3866419180201,72.94638297872339,88.60000000000002,79.59448717948717,91.09863636363636,92.64941176470587,90.61688679245285,0.8220000000000001,0.8300000000000001,0.52,0.9327517837026432,0.8390241693106056,0.7496153846153846,0.7496153846153845,0.7300145424612731,0.3087023043682719,4029011990,0.628629,0.8297145,0.8300000000000001,0.8297145,0.8297145,4029011990,1,0.8849831201142121,1.076862,1.398938,1.0632118,0.98460287,1.2655857,1.515313,0.81,1.032,2.385,0.824,0,HQ,0.5193584234147725,0.7496153846153846,0.8858879765066244
8gvb,0,89.54988708430008,73.18446808510637,89.37920634920636,81.63641025641024,91.29136363636364,92.57941176470588,91.15367924528302,0.82,0.8275,0.534,0.939234186952208,0.8479199938172675,0.7240384615384615,0.7240384615384612,0.7526066690950709,0.3301813934083848,4029011990,0.62502625,0.8294170000000001,0.8275,0.8294170000000001,0.8294170000000001,4029011990,0,0.8838023621035886,1.0449576,1.4276702,1.0207641,0.9315734,1.1860638,1.508009,0.816,1.167,1.788,0.868,0,HQ,0.5413940312517278,0.7240384615384614,0.8935770903847378
8gvb,2,89.34777416860015,73.23489361702129,88.514126984127,78.9347435897436,89.97795454545455,92.5672549019608,90.14745283018868,0.8220000000000001,0.8300000000000001,0.514,0.9277902587753056,0.8306500000322266,0.7254385964912281,0.7254385964912281,0.7224219920046222,0.2798402370468286,4029011990,0.62920425,0.82945525,0.8300000000000001,0.82945525,0.82945525,4029011990,2,0.8843499464294058,1.0817254,1.4362255,1.0411199,0.98123294,1.5085049,1.472972,0.796,1.079,2.737,0.824,0,MQ,0.5011311145257253,0.7254385964912281,0.879220129403766
8gvb,4,89.29901314771848,73.60404255319149,88.90523809523809,78.37012820512821,90.04818181818182,92.58627450980391,90.59556603773586,0.8220000000000001,0.8300000000000001,0.526,0.932658615111426,0.8387768245610615,0.751372549019608,0.7513725490196076,0.7357586359964337,0.2994488175373587,4029011990,0.63218175,0.8314269999999999,0.8300000000000001,0.8314269999999999,0.8314269999999999,4029011990,4,0.8844187526844296,1.0909841,1.5954963,1.051588,0.93306273,1.9451686,1.5617452,0.8,1.081,2.8,0.838,0,MQ,0.5176037267668961,0.7513725490196078,0.8857177198362438
8gvb,3,89.36014694508894,73.47404255319148,88.41126984126986,79.20320512820513,90.96840909090908,92.70196078431373,90.25235849056604,0.8220000000000001,0.8300000000000001,0.5,0.931674812325242,0.8400352641126059,0.7489285714285714,0.7489285714285714,0.7271406322945382,0.3041345579544599,4029011990,0.6263455,0.82788475,0.8300000000000001,0.82788475,0.82788475,4029011990,3,0.8822020819827046,1.0593036,1.425025,1.0831553,0.94689125,1.436962,1.5069797,0.82,1.077,2.019,0.853,0,HQ,0.515637595124499,0.7489285714285714,0.8858550382189239
3e2h,2,91.76591222879684,78.61673469387756,95.00301587301588,84.49375,93.77666666666669,93.08297297297298,93.92129629629628,0.79,0.8200000000000001,0.448,0.9539496171439538,0.9335978643824516,0.8415384615384613,0.8415384615384616,0.7695141208250412,0.6327649116999888,3962069044,0.6856145,0.79975325,0.8200000000000001,0.79975325,0.79975325,3962069044,2,0.8953047526442488,1.3164597,2.0561297,0.96990216,0.9724265,4.073353,0.9270988,0.828,0.735,1.236,0.698,0,MQ,0.701139516262515,0.8415384615384615,0.9437737407632028
3e2h,4,92.27826923076924,77.70938775510204,95.46158730158731,84.618375,93.86119047619049,93.7291891891892,94.39333333333332,0.8019999999999999,0.835,0.474,0.9628220647385688,0.9372230584986644,0.8654054054054053,0.8654054054054054,0.8121934989296647,0.658902068771515,3962069044,0.69813075,0.8164485,0.835,0.8164485,0.8164485,3962069044,4,0.900946450370495,1.2584214,1.9176333,0.845267,0.9722682,2.8770933,0.7675368,0.856,0.802,1.199,0.81,0,MQ,0.7355477838505899,0.8654054054054054,0.9500225616186166
3e2h,3,91.54229289940828,78.52897959183673,95.21761904761908,82.68350000000001,93.5147619047619,93.1272972972973,94.02759259259258,0.784,0.8125,0.459,0.9619451476896907,0.9295033181350396,0.8518918918918917,0.851891891891892,0.8064918298714163,0.6430332136438481,3962069044,0.67132275,0.79086425,0.8125,0.79086425,0.79086425,3962069044,3,0.8887792408821327,1.1933572,1.7475268,0.8577745,0.9636029,3.0455618,0.8823415,0.836,0.836,1.095,0.762,0,MQ,0.7247625217576322,0.8518918918918919,0.9457242329123652
3e2h,1,91.48207347140038,77.38632653061224,94.9742857142857,82.399,93.34476190476192,92.76027027027024,93.58796296296298,0.778,0.8125,0.451,0.9440147605518708,0.9166533801108268,0.8114285714285714,0.8114285714285716,0.7274650423647219,0.5639545449294031,3962069044,0.6709995,0.786514,0.8125,0.786514,0.786514,3962069044,1,0.8887716689765945,1.2941514,2.0258117,0.9242127,0.9557673,3.610057,0.78036976,0.837,0.824,1.204,0.762,0,MQ,0.6457097936470625,0.8114285714285715,0.9303340703313487
3e2h,0,91.30104289940827,76.86938775510205,94.71190476190476,82.633375,93.15190476190476,92.8554054054054,93.3214814814815,0.774,0.8049999999999999,0.468,0.9420234295523828,0.9139587682209231,0.8153488372093024,0.8153488372093025,0.7175002076834242,0.5587906673967883,3962069044,0.666249,0.781347,0.8049999999999999,0.781347,0.781347,3962069044,0,0.8904334176806354,1.2828833,1.9687648,0.9628632,0.9710423,3.607022,0.78628474,0.844,0.788,1.038,0.762,0,MQ,0.6381454375401062,0.8153488372093025,0.927991098886653
8v4z,2,93.1130734223301,89.34522727272729,95.0319512195122,86.80142857142856,93.65454545454548,91.3429411764706,83.90776470588236,0.8400000000000001,0.8375,0.413,0.9375768009005444,0.8638163102000064,0.7548275862068966,0.7548275862068966,0.7406197336879342,0.3946268013883934,2035058927,0.635006,0.8323564999999999,0.8375,0.8323564999999999,0.8323564999999999,2035058927,2,0.8991641898027928,1.4381112,2.5780308,1.104815,0.94051915,2.6266425,2.7848153,0.671,1.162,4.664,0.619,0,MQ,0.5676232675381638,0.7548275862068966,0.9006965555502754
8v4z,3,92.62971632281553,87.38022727272727,94.01292682926828,84.616,91.93878787878788,89.88078431372548,82.16776470588235,0.8140000000000001,0.8,0.412,0.905235678290194,0.8222497537646031,0.6978378378378378,0.6978378378378378,0.6348905351782423,0.2680655000050095,2035058927,0.584434,0.7913669999999999,0.8,0.7913669999999999,0.7913669999999999,2035058927,3,0.8771838723138332,1.1352844,1.9004261,0.74007446,0.84902173,2.518827,1.3395911,0.78,0.823,3.242,0.698,0,MQ,0.4514780175916259,0.6978378378378378,0.8637427160273985
8v4z,4,92.7781280339806,88.32909090909091,94.35658536585366,86.55271428571427,92.94545454545457,91.29686274509804,82.84094117647058,0.8300000000000001,0.8275,0.437,0.9168068285068712,0.8221048921425972,0.7070270270270271,0.7070270270270269,0.6839360637884829,0.2811608373150172,2035058927,0.61339,0.81799775,0.8275,0.81799775,0.81799775,2035058927,4,0.8905785810836764,1.4100438,2.4843435,1.2020743,0.9393852,2.574056,2.1015372,0.69,1.148,4.606,0.667,0,MQ,0.48254845055175005,0.707027027027027,0.8694558603247342
8v4z,1,92.65315685679612,87.45363636363635,93.67048780487804,85.51214285714285,92.52818181818182,90.53176470588237,82.73105882352941,0.8220000000000001,0.815,0.451,0.9112374497003776,0.822159179243382,0.705,0.705,0.6587862709204698,0.2731201001268498,2035058927,0.593211,0.80325725,0.815,0.80325725,0.80325725,2035058927,1,0.8830940686870887,1.1971796,2.0397096,0.97695667,0.8517334,2.3028657,1.7961516,0.799,0.804,2.739,0.714,0,MQ,0.46595318552365983,0.705,0.8666983144718798
8v4z,0,92.9003140169903,88.91227272727272,94.70658536585366,87.49714285714283,93.55878787878788,91.90803921568629,83.7404705882353,0.836,0.8300000000000001,0.428,0.9356729310424248,0.8603601751646561,0.7372727272727273,0.7372727272727273,0.7440207171391896,0.3938599021444007,2035058927,0.629499,0.8247932499999999,0.8300000000000001,0.8247932499999999,0.8247932499999999,2035058927,0,0.8906023659731216,1.2983243,2.2593267,1.0152293,0.89668244,2.456312,2.8095763,0.733,0.988,3.554,0.651,0,MQ,0.5689403096417951,0.7372727272727273,0.8980165531035404
3hg1,0,91.61146697038724,88.38522727272726,91.03304347826086,91.59051724137932,90.444,89.92241379310344,92.1425,0.812,0.825,0.588,0.9665954173248696,0.9476024887309156,0.8964912280701753,0.8964912280701753,0.8557017555920438,0.7326496057132604,2937373615,0.6121607499999999,0.81021625,0.825,0.81021625,0.81021625,2937373615,0,0.8656394466195696,0.88467586,1.5242966,0.5738893,0.5941019,1.8472643,1.4039704,0.783,1.031,3.426,0.811,0,MQ,0.7941756806526521,0.8964912280701753,0.9570989530278926
3hg1,1,91.68191192103264,88.15636363636362,90.90739130434784,91.63586206896552,90.81975,90.10862068965515,92.42604166666666,0.818,0.8275,0.594,0.96831502707748,0.951396658375256,0.8843859649122806,0.8843859649122806,0.8624232932113423,0.747106033704212,2937373615,0.6236517500000001,0.81754825,0.8275,0.81754825,0.81754825,2937373615,1,0.8686799291835411,0.85257107,1.4564056,0.5659551,0.5811219,1.8808622,1.4419827,0.798,1.009,3.122,0.824,0,MQ,0.8047646634577772,0.8843859649122806,0.9598558427263679
3hg1,3,91.6884874715262,81.93363636363635,87.83173913043478,86.49034482758621,89.63725,89.70793103448275,90.3665625,0.7939999999999999,0.7849999999999999,0.575,0.9535957660870048,0.915358582878638,0.8003225806451612,0.8003225806451612,0.7848586375817288,0.5596483617449565,2937373615,0.56100975,0.772115,0.7849999999999999,0.76835725,0.76835725,2937373615,3,0.8415229268041751,0.8555792,1.3890747,0.71917975,0.61994517,1.4619263,1.4552923,0.838,0.917,2.496,0.865,0,HQ,0.6722534996633427,0.8003225806451612,0.9344771744828214
3hg1,4,91.58871678056188,89.105,91.1967391304348,91.70379310344828,90.93425,89.86551724137931,92.34385416666667,0.818,0.825,0.597,0.9678441616455176,0.9503292913631912,0.8740677966101694,0.8740677966101694,0.8622357765717814,0.7475699303146376,2937373615,0.61891125,0.81604875,0.825,0.81604875,0.81604875,2937373615,4,0.8667101429352461,0.8496211,1.4612848,0.56154376,0.57161236,1.7460779,1.5661172,0.788,1.063,2.812,0.797,0,MQ,0.8049028534432094,0.8740677966101694,0.9590867265043543
3hg1,2,91.64414882308276,87.60295454545457,90.05934782608695,91.95241379310345,91.09875,90.43758620689655,92.57333333333334,0.818,0.8300000000000001,0.598,0.9696720871259074,0.9536908316998628,0.9076363636363636,0.9076363636363636,0.8674717569961597,0.755605249393504,2937373615,0.625576,0.820394,0.8300000000000001,0.820394,0.820394,2937373615,2,0.8698838518118697,0.8055424,1.307572,0.5930085,0.5929376,1.8225744,1.4709352,0.8,0.957,2.972,0.797,0,MQ,0.8115385031948319,0.9076363636363636,0.9616814594128851
2ol3,0,93.04792736757624,89.63661016949152,91.98428571428572,84.3698076923077,93.08071428571428,93.0109090909091,93.64516853932584,0.8039999999999999,0.8200000000000001,0.431,0.9294636772848396,0.8451958108536969,0.7244827586206896,0.7244827586206897,0.7458617306624289,0.3631877143054266,3053170927,0.59819975,0.814327,0.8200000000000001,0.814327,0.814327,3053170927,0,0.8790572747992024,1.5711235,3.0828993,1.8445818,0.71624583,5.200373,2.542652,0.792,1.131,1.887,0.786,0,AQ,0.5545247224839278,0.7244827586206897,0.8873297440692682
2ol3,1,92.98618980738362,88.67237288135594,91.47928571428572,83.3001923076923,93.1464285714286,92.85068181818184,93.39191011235954,0.806,0.8200000000000001,0.422,0.9310548497532848,0.8414305099093093,0.7432000000000001,0.7432,0.7494770101075481,0.3445002940192649,3053170927,0.6242555,0.81489975,0.8200000000000001,0.81489975,0.81489975,3053170927,1,0.8805702034238397,1.437187,2.8298228,1.1376038,0.76071525,4.8089757,2.6005576,0.76,1.173,2.877,0.762,0,MQ,0.5469886520634065,0.7432000000000001,0.886242679831297
2ol3,4,93.10239566613164,89.14237288135593,91.33071428571428,83.00115384615384,93.20125,92.43136363636364,93.98719101123596,0.808,0.8200000000000001,0.439,0.9302675055910112,0.8406202683492863,0.6416666666666667,0.6416666666666666,0.7479752187794573,0.3303534909776477,3053170927,0.6290392499999999,0.8148617499999999,0.8200000000000001,0.8148617499999999,0.8148617499999999,3053170927,4,0.8835701835790802,1.727846,3.6220171,1.105663,0.7051412,5.5697412,2.5953505,0.727,1.446,2.823,0.762,0,AQ,0.5391643548785525,0.6416666666666666,0.8854438869701488
2ol3,3,92.97100120385232,88.14932203389831,91.58814285714286,80.72557692307693,92.52339285714284,92.57,92.9605617977528,0.8,0.8049999999999999,0.369,0.8954247365320922,0.7692091041062763,0.6533333333333332,0.6533333333333332,0.6508336677641413,0.1946841181263788,3053170927,0.6037272499999999,0.7974457500000001,0.8049999999999999,0.7974457500000001,0.7974457500000001,3053170927,3,0.8761182819617779,1.4658931,2.9906871,1.1436157,0.6665304,5.1723623,2.5045063,0.793,1.111,1.988,0.786,0,AQ,0.42275889294526003,0.6533333333333332,0.8323169203191843
2ol3,2,93.02554173354734,89.12389830508475,91.75885714285717,83.71576923076924,93.19125,93.03613636363636,93.8061797752809,0.808,0.8200000000000001,0.416,0.9377408690432552,0.8661306620429592,0.7858333333333333,0.7858333333333333,0.7680732207444644,0.4218229155771472,3053170927,0.6291765,0.816363,0.8200000000000001,0.816363,0.816363,3053170927,2,0.8786909212915588,1.5533818,3.1397123,1.1560507,0.74959356,5.1115375,2.5332067,0.737,1.242,2.767,0.714,0,AQ,0.5949480681608058,0.7858333333333333,0.9019357655431072
9j4t,2,89.9782770628312,74.83216216216218,77.97596774193549,72.00507246376812,80.95434782608696,77.62764705882353,74.35980198019801,0.558,0.395,0.178,0.4204547010102072,0.4546606037590492,0.4117857142857143,0.4117857142857143,0.034444869019732,0.0280508895162702,1536383580,0.0148875,0.3647435,0.395,0.24922825,0.24922825,1536383580,2,0.6317944431289654,1.867091,2.5635,2.5399182,1.4255134,3.2564871,2.2704105,0.521,1.897,7.207,0.595,0,MQ,0.0312478792680011,0.4117857142857143,0.4375576523846282
9j4t,3,90.3662816048448,75.7045945945946,78.53193548387098,72.37101449275362,83.27499999999999,82.57882352941176,75.80722772277227,0.614,0.4775,0.187,0.5161091882576235,0.5372183233003877,0.4067857142857143,0.4067857142857143,0.0593214149390002,0.0451274307726146,1536383580,0.037341,0.38032725,0.4775,0.2958247499999999,0.2958247499999999,1536383580,3,0.6954475377512617,2.4349964,4.207329,2.7257235,1.2909479,4.2214904,3.5655448,0.351,2.884,13.212,0.548,0,AQ,0.052224422855807404,0.4067857142857143,0.5266637557790056
9j4t,4,90.25791067373204,75.50459459459458,78.54209677419355,72.1304347826087,82.83413043478262,81.47735294117648,75.42217821782178,0.6020000000000001,0.4599999999999999,0.179,0.4981215620805801,0.5056916842281556,0.448695652173913,0.448695652173913,0.0538275475230981,0.0362610877317613,1536383580,0.0240755,0.37414475,0.4599999999999999,0.2818435,0.2818435,1536383580,4,0.685393409872435,2.015821,3.2645748,2.6230764,1.1904503,3.834711,2.2774792,0.443,2.227,10.489,0.619,1,AQ,0.045044317627429706,0.448695652173913,0.5019066231543678
9j4t,1,90.35567146101438,75.6227027027027,78.65451612903227,72.51782608695653,82.8136956521739,81.75264705882353,75.96950495049504,0.6,0.455,0.163,0.4855433902915335,0.5102844595167162,0.4404347826086957,0.4404347826086958,0.0496463696815035,0.0392251191806318,1536383580,0.02137975,0.3762689999999999,0.455,0.27871425,0.27871425,1536383580,1,0.682579661783105,2.1157148,3.4369624,2.5736303,1.2888298,4.008802,2.517859,0.427,2.385,10.359,0.595,0,AQ,0.04443574443106765,0.44043478260869573,0.49791392490412484
9j4t,0,90.04717183951551,74.8908108108108,77.93177419354836,71.25217391304349,82.62652173913042,81.63764705882352,74.36851485148514,0.596,0.4475,0.155,0.4865949273827873,0.5146204435956502,0.4018518518518519,0.4018518518518519,0.0495411277126273,0.0390172827892082,1536383580,0.01944975,0.3712904999999999,0.4475,0.272902,0.272902,1536383580,0,0.6796793170731044,2.421937,4.153746,2.6312501,1.3393677,4.385101,2.8809183,0.355,2.914,14.358,0.595,0,AQ,0.04427920525091775,0.4018518518518519,0.5006076854892187
6vmc,3,91.3225030102348,76.56863636363636,85.12173913043479,78.38011764705882,86.73461538461538,82.00869565217391,83.76707317073172,0.696,0.6275,0.39,0.7787339062227555,0.7367935997942883,0.5872727272727273,0.5872727272727273,0.3188504557028195,0.1611358039832521,3259431204,0.27602225,0.546624,0.6275,0.511518,0.511518,3259431204,3,0.7616844324475425,1.7899184,3.384963,1.5187554,0.94118345,1.6958398,2.9785237,0.463,2.671,11.449,0.793,0,AQ,0.2399931298430358,0.5872727272727273,0.757763753008522
6vmc,4,91.43738711619508,76.59681818181818,84.6141304347826,78.70764705882353,87.05999999999997,82.77565217391303,84.22463414634146,0.6980000000000001,0.6275,0.387,0.7844278240539961,0.7346953030734115,0.5995121951219513,0.5995121951219512,0.3301362864172064,0.1611452243121959,3259431204,0.26824425,0.5401320000000001,0.6275,0.50717025,0.50717025,3259431204,4,0.7633964118565754,1.7466425,3.3154116,1.5336434,0.89645344,1.5059808,2.8948674,0.461,2.616,9.458,0.69,0,AQ,0.24564075536470115,0.5995121951219513,0.7595615635637039
6vmc,2,91.39650812763396,76.30545454545455,84.06826086956521,78.73211764705883,86.54666666666665,82.0654347826087,83.91097560975608,0.6839999999999999,0.6025,0.379,0.76505831370247,0.7232763995227005,0.6472972972972972,0.6472972972972973,0.2889728904162192,0.1471719667137116,3259431204,0.2392362499999999,0.5227615,0.6025,0.4830815,0.4830815,3259431204,2,0.7495978116453118,1.779715,3.4029093,1.5242915,0.89312047,1.7272049,3.0222056,0.453,2.697,9.381,0.672,0,AQ,0.2180724285649654,0.6472972972972972,0.7441673566125853
6vmc,0,91.01230734497292,74.92886363636363,82.8145652173913,76.89858823529411,86.39051282051284,82.39565217391306,82.75182926829268,0.67,0.5825,0.378,0.7642670787744498,0.7038200015080649,0.5911904761904763,0.5911904761904762,0.2867792322549079,0.1267104415939886,3259431204,0.207331,0.5085765,0.5825,0.4629335,0.4629335,3259431204,0,0.7317844913986926,1.7587585,3.4143834,1.1272889,0.88338935,1.6308044,3.228604,0.45,2.66,9.676,0.672,0,AQ,0.20674483692444826,0.5911904761904763,0.7340435401412573
6vmc,1,91.44812913907283,74.90363636363637,83.59586956521738,78.64788235294117,86.12384615384615,82.62586956521739,84.03487804878048,0.6839999999999999,0.5975,0.364,0.7464948246942347,0.7126289349629821,0.5953488372093023,0.5953488372093023,0.2514548147262502,0.1444643509269235,3259431204,0.227631,0.5101445,0.5975,0.47260675,0.47260675,3259431204,1,0.7493546559713117,2.003457,3.8565078,1.504786,1.0116174,1.9044119,3.1068606,0.392,3.221,10.55,0.603,0,AQ,0.19795958282658685,0.5953488372093023,0.7295618798286083
2bnr,2,94.04447396226416,95.31829787234042,89.85120689655174,94.91527472527471,97.1372340425532,95.24176470588236,96.80724137931036,0.8720000000000001,0.885,0.618,0.976165507990678,0.9446138416403844,0.7627777777777778,0.7627777777777778,0.9111148275503488,0.7842659446610184,388519401,0.7202315,0.89057225,0.885,0.89057225,0.89057225,388519401,2,0.9142908531967456,0.7433998,0.9806222,0.6000729,0.6455332,1.1079009,0.6362637,0.877,0.703,2.505,0.892,0,HQ,0.8476903861056836,0.7627777777777778,0.9603896748155312
2bnr,3,94.16202113207548,95.1859574468085,89.77620689655171,94.64846153846156,97.11765957446808,95.07911764705884,96.82114942528736,0.868,0.8825000000000001,0.619,0.9748651796903444,0.9514241598260376,0.8089999999999999,0.8089999999999997,0.9082519279816867,0.8065491854846997,388519401,0.71220775,0.88490875,0.8825000000000001,0.88490875,0.88490875,388519401,3,0.9108389941096754,0.68278486,0.84130603,0.733093,0.6042312,0.92990255,0.64819014,0.918,0.562,1.45,0.905,0,HQ,0.8574005567331933,0.8089999999999998,0.9631446697581909
2bnr,4,93.85253132075472,94.42680851063832,89.38758620689653,93.26802197802198,96.88510638297872,94.6679411764706,96.48252873563216,0.8560000000000001,0.87,0.603,0.9690876515007856,0.9303903021643836,0.8087755102040817,0.8087755102040817,0.8906938325590078,0.7227581384332405,388519401,0.6860094999999999,0.87102375,0.87,0.87102375,0.87102375,388519401,4,0.9000422074381563,0.7474381,0.9739393,0.853847,0.6239194,1.1224072,0.87517506,0.896,0.641,1.326,0.865,0,HQ,0.8067259854961242,0.8087755102040817,0.9497389768325846
2bnr,1,93.93750037735848,94.97574468085108,89.69637931034484,94.48571428571432,97.00893617021276,94.90911764705882,96.70678160919542,0.8619999999999999,0.88,0.624,0.9730975721467277,0.942769138400766,0.7742307692307692,0.7742307692307691,0.9030629579580892,0.7744730717033084,388519401,0.70214175,0.8806225,0.88,0.8806225,0.8806225,388519401,1,0.9081458267180452,0.75191146,0.95380074,0.7303416,0.66051465,1.0361035,0.62440825,0.869,0.638,2.924,0.865,0,HQ,0.8387680148306988,0.7742307692307691,0.9579333552737468
2bnr,0,94.04335094339622,94.92702127659577,89.63948275862069,94.44494505494508,96.93106382978722,93.34147058823528,96.64735632183908,0.8640000000000001,0.88,0.624,0.9728703380791996,0.9424712258284488,0.7789285714285714,0.7789285714285714,0.8992730297569135,0.7690054988053209,388519401,0.7060467500000001,0.8811905,0.88,0.8811905,0.8811905,388519401,0,0.9081107708802572,0.76633376,0.95502454,0.69620246,0.68822324,0.9786325,0.8848437,0.891,0.597,2.283,0.878,0,HQ,0.8341392642811172,0.7789285714285714,0.9576707819538242
3utt,0,92.08858638743456,92.16745098039216,83.5686046511628,95.02670588235294,96.28275,94.09775510204084,94.77574074074076,0.86,0.88,0.448,0.975137115729975,0.9752191368363134,0.841153846153846,0.8411538461538461,0.8981875914443638,0.8806033740318512,1018229500,0.686929,0.88085475,0.88,0.88085475,0.88085475,1018229500,0,0.9049976636882476,1.025285,1.3852541,0.90560716,0.9105917,1.1804363,1.0352585,0.76,1.06,3.143,0.733,0,MQ,0.8893954827381074,0.8411538461538461,0.9751781262831443
3utt,1,92.18730291697833,92.6072549019608,84.09186046511627,95.47023529411764,96.46925000000002,94.46877551020408,95.02194444444444,0.866,0.885,0.443,0.976530346913956,0.9769183728217936,0.8748,0.8747999999999999,0.9043569348506608,0.8913910594227447,1018229500,0.69855025,0.8859505,0.885,0.8859505,0.8859505,1018229500,1,0.9076048748617916,1.0624866,1.4637734,0.8279884,0.94214046,1.2493863,1.2371677,0.744,1.178,3.131,0.733,0,MQ,0.8978739971367027,0.8748,0.9767243598678748
3utt,4,92.17283021690352,92.1127450980392,82.91302325581397,95.12058823529412,96.03799999999998,93.89408163265308,94.52351851851849,0.86,0.88,0.435,0.9743126530121574,0.9744890459001764,0.8857142857142856,0.8857142857142858,0.8911258778857084,0.8764522730764935,1018229500,0.6858474999999999,0.878893,0.88,0.878893,0.878893,1018229500,4,0.9025192873047316,0.9927912,1.2734724,0.82496506,0.91491795,1.1458602,0.903343,0.8,0.976,2.509,0.778,0,MQ,0.883789075481101,0.8857142857142857,0.9744008494561669
3utt,3,92.18376514584892,91.53098039215686,82.75232558139535,94.7995294117647,96.4355,94.34591836734695,94.66333333333333,0.866,0.8825000000000001,0.463,0.9756036713002956,0.974216694764359,0.814074074074074,0.8140740740740741,0.8985984613208439,0.8753837315393447,1018229500,0.691827,0.88389575,0.8825000000000001,0.88389575,0.88389575,1018229500,3,0.9074819583550384,1.0457692,1.387845,0.9386063,0.93790793,1.2355083,1.0615293,0.788,1.025,2.751,0.778,0,MQ,0.8869910964300942,0.814074074074074,0.9749101830323272
3utt,2,92.21274794315632,92.56627450980396,84.12162790697674,95.45788235294116,96.51375,94.43591836734696,94.97805555555556,0.868,0.885,0.425,0.9777676768683627,0.9779881987191812,0.8708333333333335,0.8708333333333332,0.90756359514973,0.894467844340246,1018229500,0.70645825,0.88980825,0.885,0.88980825,0.88980825,1018229500,2,0.9102361555570738,1.0869735,1.548166,0.8312221,0.94234735,1.2680314,1.2200006,0.714,1.2,3.954,0.711,0,MQ,0.901015719744988,0.8708333333333333,0.977877937793772
7pbe,1,92.09010623971272,92.76575,91.126,94.01910256410255,89.92295454545454,93.46392156862744,95.03,0.8699999999999999,0.8875,0.591,0.9805069780365624,0.9719243080315456,0.8409433962264151,0.8409433962264151,0.9131114324906257,0.8569914291730582,412755557,0.72517025,0.89210575,0.8875,0.89210575,0.89210575,412755557,1,0.917186803257009,0.8399633,1.270328,0.93916196,0.5993336,1.0825753,1.4849046,0.829,1.11,1.811,0.883,0,HQ,0.8850514308318419,0.8409433962264151,0.9762156430340541
7pbe,0,91.97341313781236,92.402,90.79228571428573,93.31307692307692,88.70272727272727,91.98470588235293,94.18418918918918,0.866,0.88,0.576,0.9793994826139184,0.9679361748199564,0.8558823529411764,0.8558823529411764,0.902600638079476,0.8306460339835652,412755557,0.721121,0.885413,0.88,0.885413,0.885413,412755557,0,0.9138623153905004,0.8813052,1.3593179,0.91000444,0.6222421,1.4326878,1.4126086,0.801,1.138,2.438,0.844,0,HQ,0.8666233360315205,0.8558823529411764,0.9736678287169374
7pbe,2,91.88262456980398,92.23675,90.288,93.39602564102564,89.12681818181818,93.05372549019606,94.61175675675676,0.8640000000000001,0.88,0.583,0.9796182268026618,0.9696070298465144,0.8731372549019608,0.8731372549019607,0.9066137737587844,0.8429527864809626,412755557,0.71262125,0.88389675,0.88,0.88389675,0.88389675,412755557,2,0.9104080050268982,0.92012817,1.260887,0.75183034,0.7839911,1.0931084,1.3788995,0.829,1.106,1.489,0.87,0,HQ,0.8747832801198735,0.8731372549019607,0.9746126283245881
7pbe,4,92.21635792308844,92.88675,91.3754285714286,94.0698717948718,90.19068181818182,93.56509803921568,95.12932432432432,0.876,0.89,0.592,0.9815318003425638,0.9725021377640112,0.859056603773585,0.859056603773585,0.9160974151068448,0.8583079247126427,412755557,0.7303785,0.8946855,0.89,0.8946855,0.8946855,412755557,4,0.9188181563356432,0.8851826,1.3498319,0.9726392,0.6263144,1.3758608,1.4395056,0.787,1.177,2.887,0.844,0,MQ,0.8872026699097437,0.859056603773585,0.9770169690532875
7pbe,3,91.96078856800835,92.57875,91.14171428571429,93.53371794871794,89.48113636363638,92.14980392156862,94.81513513513514,0.8699999999999999,0.8875,0.58,0.9796961404568516,0.9694192570854666,0.8247169811320755,0.8247169811320756,0.9053088567638992,0.8404410884604927,412755557,0.723194,0.88977425,0.8875,0.88977425,0.88977425,412755557,3,0.916966073850556,0.86374134,1.3349736,0.8810533,0.60959077,1.433741,1.4624822,0.804,1.135,2.498,0.857,0,HQ,0.8728749726121959,0.8247169811320756,0.974557698771159
3rgv,1,89.36560812860175,87.94818181818181,89.23843137254902,86.52328358208955,87.17309523809524,86.27594594594595,86.83816091954021,0.754,0.7625,0.421,0.9601728251059582,0.9356443902957332,0.8283783783783784,0.8283783783783785,0.773469546447526,0.6183070068882354,1070811978,0.61330575,0.74632775,0.7625,0.74632775,0.74632775,1070811978,1,0.8634626128734182,1.811704,1.853519,4.222805,1.0997452,2.1790698,1.6221081,0.8,1.057,3.131,0.851,1,MQ,0.6958882766678807,0.8283783783783785,0.9479086077008457
3rgv,0,89.42045647558386,87.96636363636364,89.13,86.58477611940297,87.33190476190477,86.46729729729729,86.4751724137931,0.754,0.765,0.363,0.9605077721208818,0.9395476086223046,0.8494117647058823,0.8494117647058824,0.7731895914658392,0.6288927995516612,1070811978,0.61548425,0.74864175,0.765,0.74864175,0.74864175,1070811978,0,0.8617465737694026,1.7708834,1.8401543,4.151516,1.0502903,1.9731516,1.7058095,0.763,1.06,3.785,0.787,0,MQ,0.7010411955087502,0.8494117647058823,0.9500276903715932
3rgv,2,89.43559144676979,88.15499999999999,89.47568627450981,86.7892537313433,87.23119047619048,85.98837837837836,86.43977011494253,0.758,0.765,0.43,0.9591707173680364,0.9353569212358946,0.8311428571428571,0.8311428571428571,0.7734418739188564,0.6169612860944965,1070811978,0.610699,0.7461180000000001,0.765,0.7461180000000001,0.7461180000000001,1070811978,2,0.8632498285638336,1.7442629,1.9918714,3.9050858,1.0549326,2.0526657,1.9476715,0.749,1.196,3.884,0.809,0,MQ,0.6952015800066764,0.8311428571428571,0.9472638193019656
3rgv,4,89.53649226569608,87.86045454545454,89.52078431372549,86.93970149253731,87.1802380952381,85.47378378378379,86.41643678160918,0.756,0.765,0.388,0.9432978098394598,0.9269166993013992,0.7926315789473684,0.7926315789473685,0.7011113049713698,0.5980979304603034,1070811978,0.61227525,0.747987,0.765,0.747987,0.747987,1070811978,4,0.8634672941216172,1.8341153,2.0716407,4.1994634,1.0699981,2.2080114,1.993119,0.709,1.205,4.313,0.723,0,MQ,0.6496046177158366,0.7926315789473684,0.9351072545704295
3rgv,3,89.448271155596,87.78886363636363,89.25745098039214,86.56328358208955,87.02833333333335,85.55108108108108,86.13816091954024,0.758,0.7675000000000001,0.399,0.95850458233798,0.9369162978513464,0.8097222222222222,0.8097222222222222,0.7634493168650538,0.6150064233028241,1070811978,0.612766,0.7501295,0.7675000000000001,0.7501295,0.7501295,1070811978,3,0.8634036602128715,1.7683485,1.9835196,3.997995,1.0652418,2.1912715,1.7467823,0.737,1.232,3.887,0.787,0,MQ,0.6892278700839389,0.8097222222222222,0.9477104400946632
6ulr,0,92.57146927460344,85.90678571428573,88.22560975609755,75.75797752808988,90.788,85.64866666666668,84.22615384615385,0.774,0.75,0.343,0.8970856686524135,0.8133684117151493,0.7656666666666667,0.7656666666666667,0.6230477840699101,0.236853921476735,4167155043,0.5262105,0.72934175,0.75,0.72934175,0.72934175,4167155043,0,0.847196170944922,1.3897452,2.554943,1.0731987,0.95760345,2.7370284,3.3409724,0.722,1.217,3.423,0.702,0,MQ,0.42995085277332257,0.7656666666666667,0.8552270401837814
6ulr,1,92.9987093793316,87.96517857142855,89.59829268292683,80.58044943820224,92.008,87.16866666666668,86.3876923076923,0.792,0.7775000000000001,0.382,0.912589619283093,0.8385912227176501,0.7415151515151516,0.7415151515151515,0.6803152004371639,0.2955407143359683,4167155043,0.5633555,0.7651600000000001,0.7775000000000001,0.7651600000000001,0.7651600000000001,4167155043,1,0.864823275458723,1.3613427,2.608965,0.8833024,0.8826649,2.830313,3.228225,0.733,1.097,3.139,0.667,0,MQ,0.4879279573865661,0.7415151515151515,0.8755904210003715
6ulr,4,92.90377945479749,87.59410714285715,89.88536585365854,77.92876404494382,91.3497142857143,86.73150000000001,84.21923076923076,0.79,0.77,0.363,0.9139960524820534,0.8378312011677287,0.7515625,0.7515625,0.6883548970469601,0.2851107895623848,4167155043,0.55236025,0.75206525,0.77,0.75206525,0.75206525,4167155043,4,0.8595048223724682,1.4604415,2.7051342,1.0548952,1.00006,2.8136027,3.5150783,0.71,1.198,3.291,0.649,0,MQ,0.4867328433046724,0.7515625,0.875913626824891
6ulr,3,92.8420606807331,87.00142857142858,89.58317073170733,78.1979775280899,91.412,86.22833333333334,83.85472527472527,0.782,0.76,0.385,0.8999506581014189,0.8116599954472747,0.7440625000000001,0.7440625000000001,0.6406974996267814,0.2386240875655212,4167155043,0.548095,0.74652775,0.76,0.74652775,0.74652775,4167155043,3,0.8577074141621133,1.4905791,2.7882402,0.96479213,1.0124172,2.9181986,3.4660482,0.663,1.245,4.954,0.649,0,MQ,0.4396607935961513,0.7440625000000001,0.8558053267743468
6ulr,2,92.76100415832434,87.37625,90.31268292682928,77.1791011235955,90.22714285714288,85.5985,83.6057142857143,0.788,0.7675000000000001,0.388,0.9175565781584418,0.844062680441826,0.7225,0.7225,0.6841913857132444,0.2940349815182035,4167155043,0.55434225,0.75248375,0.7675000000000001,0.75248375,0.75248375,4167155043,2,0.8614603654406524,1.4778277,2.8361785,0.90959555,0.95936424,2.7471702,3.832273,0.726,1.219,2.982,0.684,0,MQ,0.489113183615724,0.7225,0.880809629300134
3uts,1,91.91416592195412,92.22607843137254,82.3739534883721,94.97882352941176,95.8345,94.1395918367347,94.14111111111109,0.86,0.8775,0.436,0.974916582449582,0.9751515107213912,0.881111111111111,0.881111111111111,0.8956395187688997,0.878527730505043,308302468,0.68744275,0.87894925,0.8775,0.87894925,0.87894925,308302468,1,0.9030500725310592,0.7758552,1.1783284,0.5746339,0.6269066,0.92435646,0.9226366,0.733,0.917,6.648,0.85,0,MQ,0.8870836246369713,0.881111111111111,0.9750340465854865
3uts,0,91.91476169198688,91.84666666666668,82.55441860465118,94.90117647058824,95.947,94.15102040816328,94.23462962962964,0.866,0.885,0.436,0.9761875377980656,0.976469843419422,0.8735999999999998,0.8736,0.8989505757841351,0.8824696460667908,308302468,0.69589675,0.8854835,0.885,0.8854835,0.8854835,308302468,0,0.906356653487148,0.76629895,1.17501,0.5865994,0.6107801,0.82276297,0.95421016,0.821,0.672,5.16,0.9,0,HQ,0.8907101109254629,0.8735999999999999,0.9763286906087438
3uts,2,91.7414745308311,92.50607843137254,83.50558139534883,95.21658823529413,96.02825,94.2369387755102,94.47222222222224,0.866,0.885,0.44,0.9755377036201018,0.976047149226889,0.8735999999999998,0.8736,0.9003904652760563,0.8862626909959074,308302468,0.691395,0.8839615000000001,0.885,0.8839615000000001,0.8839615000000001,308302468,2,0.9058414613139536,0.71896386,1.0891632,0.5669655,0.5789511,0.73618096,0.7191477,0.813,0.828,4.616,0.9,0,HQ,0.8933265781359818,0.8735999999999999,0.9757924264234954
3uts,3,91.8789708072684,92.33098039215686,82.66395348837209,95.16611764705884,95.84775,94.16040816326532,94.40805555555556,0.8640000000000001,0.88,0.44,0.9763343475800828,0.9766257340354824,0.8488888888888887,0.8488888888888888,0.9032961437023728,0.887304372134768,308302468,0.69433175,0.883164,0.88,0.883164,0.883164,308302468,3,0.9047329699440732,0.7298881,1.0698601,0.5704595,0.6080672,0.7619267,0.62852156,0.791,0.841,5.089,0.875,0,MQ,0.8953002579185704,0.8488888888888888,0.9764800408077825
3uts,4,92.02564492106048,92.05098039215687,83.02348837209301,94.91658823529411,95.37925,93.4322448979592,94.11212962962962,0.858,0.8775,0.448,0.9747748685013558,0.9748837538061804,0.8784615384615383,0.8784615384615383,0.8906720900110642,0.8774699346471473,308302468,0.68757275,0.87863,0.8775,0.87863,0.87863,308302468,4,0.9009096306989746,0.85255814,1.2931888,0.6054271,0.6923513,0.94019175,1.0233761,0.739,0.846,7.557,0.9,0,MQ,0.8840710123291058,0.8784615384615383,0.974829311153768
8rlu,0,91.26124502297093,81.06357142857144,89.385,72.78666666666666,81.61755102040816,83.08444444444444,81.54318681318681,0.742,0.6950000000000001,0.357,0.8864846168555636,0.8363330275011691,0.63375,0.63375,0.5243332789639233,0.2890506566431585,434235967,0.407511,0.6721557499999999,0.6950000000000001,0.65691025,0.65691025,434235967,0,0.8061870707269022,1.8079846,3.0983074,1.3444781,1.1640267,3.66328,1.9014499,0.585,2.212,5.363,0.726,0,MQ,0.4066919678035409,0.63375,0.8614088221783663
8rlu,1,91.21269372128636,80.93571428571428,89.44708333333331,72.24059523809525,81.26775510204081,81.57444444444444,82.68989010989011,0.742,0.7,0.308,0.9013144603504576,0.8637884654416019,0.6275999999999999,0.6275999999999999,0.574647061187184,0.3576655862711413,434235967,0.4270064999999999,0.6818965,0.7,0.66718775,0.66718775,434235967,1,0.8064665715629117,1.1753647,1.8918422,1.2072139,0.81381595,2.6602433,1.4023141,0.746,1.306,2.401,0.742,0,MQ,0.46615632372916266,0.6275999999999999,0.8825514628960298
8rlu,3,90.92869984686064,81.10095238095239,89.16416666666667,71.9525,81.49836734693878,82.6263888888889,81.81989010989011,0.732,0.685,0.364,0.8911516833703199,0.8439726596210866,0.6528571428571428,0.6528571428571428,0.5415586115241432,0.3132025314835377,434235967,0.39239625,0.66595925,0.685,0.646035,0.646035,434235967,3,0.8026905904601828,1.6664634,2.840447,1.1953865,1.0906364,3.609449,1.8900118,0.614,1.967,4.715,0.71,0,MQ,0.42738057150384046,0.6528571428571428,0.8675621714957032
8rlu,4,90.8998361408882,80.8240476190476,88.67604166666666,73.09678571428572,80.76265306122448,82.20777777777778,81.2657142857143,0.7220000000000001,0.675,0.348,0.8810644557510028,0.8433736253804908,0.6639393939393939,0.6639393939393939,0.5155270172106082,0.3034778620480186,434235967,0.38233675,0.6601125,0.675,0.6338125,0.6338125,434235967,4,0.7894616180198354,1.539794,2.549871,1.2128174,1.0569426,3.7156057,1.5704367,0.645,1.732,4.057,0.694,0,MQ,0.40950243962931343,0.6639393939393939,0.8622190405657468
8rlu,2,90.92163246554364,79.49190476190476,88.79583333333333,69.02964285714286,80.28510204081633,80.95777777777778,80.91153846153846,0.726,0.6699999999999999,0.332,0.8671470008902572,0.8068169714976638,0.6742857142857143,0.6742857142857144,0.474479854927495,0.2167209364722313,434235967,0.3827955,0.65598775,0.6699999999999999,0.634216,0.634216,434235967,2,0.7874980530522485,1.3189873,2.0255864,1.1614097,1.005357,2.6369464,1.6882064,0.746,1.301,2.673,0.758,0,MQ,0.34560039569986317,0.6742857142857144,0.8369819861939605
5c0b,4,93.64552325581396,94.71745098039216,88.43441860465114,97.26058823529412,97.4115,96.2512244897959,96.58601851851851,0.884,0.905,0.475,0.982115813773372,0.9819645539041264,0.8657692307692307,0.8657692307692308,0.9331467474260332,0.9283053074798622,1497096118,0.74716,0.90977375,0.905,0.90977375,0.90977375,1497096118,4,0.9225070259831244,0.72757787,1.1022091,0.6007368,0.57985276,0.70047694,1.3352278,0.833,0.837,2.994,0.846,0,HQ,0.9307260274529476,0.8657692307692308,0.9820401838387491
5c0b,3,93.3654442456768,94.34098039215684,88.33953488372094,97.006,97.3125,95.97265306122448,96.43092592592592,0.8800000000000001,0.9,0.502,0.9803310959808658,0.9800547911970288,0.8103448275862067,0.8103448275862067,0.9284111522761864,0.9214460578303446,1497096118,0.72880275,0.90308975,0.9,0.90308975,0.90308975,1497096118,3,0.9160136580046528,0.87755376,1.4047512,0.6985663,0.65533376,0.79083,1.546692,0.756,1.071,4.533,0.827,0,MQ,0.9249286050532655,0.8103448275862067,0.9801929435889473
5c0b,2,93.49574090638043,94.3854901960784,87.93232558139535,97.01447058823533,97.235,96.04938775510202,96.28518518518516,0.8699999999999999,0.89,0.48,0.9788389488124344,0.9789225884390206,0.8444827586206896,0.8444827586206896,0.9242889853180816,0.9195628651413608,1497096118,0.71397675,0.8943365,0.89,0.8943365,0.8943365,1497096118,2,0.9095886251427696,0.76100624,1.0729916,0.52353936,0.6614627,0.66185325,1.1316507,0.828,0.813,3.1,0.827,0,HQ,0.9219259252297212,0.8444827586206896,0.9788807686257275
5c0b,0,93.30201401311868,94.37470588235294,87.23674418604651,96.98011764705882,97.14825,95.67551020408165,96.20203703703704,0.8720000000000001,0.895,0.487,0.979144143366608,0.9805923509494048,0.8517241379310343,0.8517241379310343,0.924903381557462,0.9221193290620044,1497096118,0.71923475,0.8976357500000001,0.895,0.8976357500000001,0.8976357500000001,1497096118,0,0.9117549971763348,0.74350154,1.060479,0.66664183,0.6227719,0.7301058,1.1547776,0.834,0.781,3.024,0.827,0,HQ,0.9235113553097332,0.8517241379310343,0.9798682471580065
5c0b,1,93.48658765652952,94.25941176470587,87.29418604651163,96.84188235294116,97.226,95.59836734693876,96.25638888888888,0.8699999999999999,0.8925000000000001,0.477,0.9783579694786873,0.9788812987232084,0.8163333333333332,0.8163333333333331,0.9211600638260706,0.9162539830557268,1497096118,0.71850725,0.89698,0.8925000000000001,0.89698,0.89698,1497096118,1,0.912286674966213,0.71348274,0.95049775,0.7768821,0.61245173,0.6391919,1.0269728,0.834,0.705,3.768,0.846,0,HQ,0.9187070234408987,0.8163333333333331,0.9786196341009479
7rk7,0,83.75252858753423,66.46678571428572,72.3470731707317,61.165757575757574,69.4166,70.3928260869565,75.13190476190478,0.526,0.3475,0.14,0.2799617584947416,0.3133454381073395,0.2262499999999999,0.2262499999999999,0.0171880792087385,0.012157801755808,4054469333,0.0,0.0,0.3475,0.177252,0.177252,4054469333,0,0.6147618843935821,2.896679,6.037215,2.3129785,1.08954,6.3180285,6.3114305,0.278,2.956,14.659,0.379,0,LQ,0.014672940482273251,0.2262499999999999,0.29665359830104054
7rk7,1,83.0038234820422,65.5975,71.91951219512195,60.65136363636364,70.31599999999999,69.19608695652173,75.49142857142857,0.502,0.31,0.125,0.2565598265553735,0.2866325316810553,0.2446511627906977,0.2446511627906977,0.0156862042899316,0.0110171218544338,4054469333,0.0,0.0,0.31,0.1613745,0.1613745,4054469333,1,0.5984965463382685,2.497177,5.1297646,2.212393,0.99807775,6.2687397,6.09362,0.333,2.439,14.482,0.47,0,LQ,0.013351663072182699,0.2446511627906977,0.27159617911821443
7rk7,4,83.37290223868577,65.68214285714286,71.48219512195122,60.421515151515145,70.17360000000001,68.68195652173912,75.38857142857141,0.512,0.3275,0.21,0.2657174321191242,0.2833767385292756,0.2222058823529411,0.2222058823529412,0.0167093342953973,0.0109005574338165,4054469333,0.0,0.0,0.3275,0.170797,0.170797,4054469333,4,0.6056099536677151,2.641448,5.386542,2.2837467,1.120553,5.2877045,5.807246,0.36,2.491,13.463,0.53,0,LQ,0.013804945864606899,0.22220588235294114,0.2745470853241999
7rk7,3,83.49078917700113,66.02107142857143,71.75439024390244,59.99954545454545,68.68180000000001,67.82108695652173,74.61023809523809,0.508,0.32,0.199,0.258461280664028,0.2807951147760479,0.2033333333333333,0.2033333333333333,0.0161569231277034,0.0108804659339622,4054469333,0.0,0.0,0.32,0.16547925,0.16547925,4054469333,3,0.6006883788144178,2.5772278,5.3755965,2.053498,0.9641161,7.1276484,4.1428146,0.518,1.923,8.352,0.667,1,AQ,0.013518694530832799,0.2033333333333333,0.269628197720038
7rk7,2,83.08129328394267,66.49839285714286,73.2480487804878,61.56045454545454,67.68379999999999,69.52565217391303,73.26714285714284,0.526,0.345,0.184,0.2863452655091705,0.3103050374280054,0.2019642857142857,0.2019642857142856,0.0179514457168183,0.0122186590468952,4054469333,0.0,0.0,0.345,0.178277,0.178277,4054469333,2,0.6231269733868768,2.673622,5.520707,2.3153565,1.040789,7.192472,3.9397242,0.344,2.583,14.168,0.515,0,AQ,0.01508505238185675,0.20196428571428565,0.29832515146858796
2e7l,0,93.18387994143484,86.26979591836734,95.86746031746031,92.24354430379748,94.99095238095238,96.71567567567568,95.20833333333331,0.834,0.87,0.544,0.9802742277552876,0.9635339194016752,0.8955813953488373,0.8955813953488372,0.9052936219936446,0.8276168175449667,36256018,0.75199375,0.869854,0.87,0.869854,0.869854,36256018,0,0.9163508484607988,0.85053146,1.0575385,0.9339708,0.7458053,1.3244225,0.9141685,0.931,0.557,1.686,0.952,0,HQ,0.8664552197693056,0.8955813953488372,0.9719040735784814
2e7l,1,93.09258174719376,86.56020408163265,95.904126984127,92.4593670886076,95.1359523809524,96.69621621621624,95.42018518518518,0.8240000000000001,0.865,0.542,0.9773841205944092,0.959365378404442,0.8765116279069767,0.8765116279069767,0.8942694370383664,0.8188280366477443,36256018,0.73296575,0.861062,0.865,0.861062,0.861062,36256018,1,0.9095675915933464,0.8019829,0.91157806,1.1413722,0.7058153,1.16283,0.71415824,0.934,0.518,1.426,0.937,0,HQ,0.8565487368430553,0.8765116279069767,0.9683747494994256
2e7l,3,93.30659102000976,86.61632653061223,96.05587301587302,92.48164556962026,95.2104761904762,96.90513513513514,95.5953703703704,0.834,0.87,0.54,0.9794383536812508,0.9641097185117528,0.8827906976744188,0.8827906976744186,0.9022447008484804,0.8333758536862826,36256018,0.7509585,0.86903275,0.87,0.86903275,0.86903275,36256018,3,0.9163569201923782,0.84200114,1.0339719,1.112041,0.71619034,1.4104091,0.94719046,0.908,0.604,1.733,0.905,0,HQ,0.8678102772673815,0.8827906976744186,0.9717740360965017
2e7l,4,92.98631527574426,86.15081632653062,95.7733333333333,92.31430379746836,94.99904761904762,96.82027027027029,95.20648148148148,0.8320000000000001,0.87,0.544,0.979202244348842,0.9644048989056472,0.8897435897435898,0.8897435897435898,0.8992858810285107,0.8287766990710086,36256018,0.74350225,0.8669264999999999,0.87,0.8669264999999999,0.8669264999999999,36256018,4,0.9153292392113752,0.7999854,1.0224198,1.1278307,0.6442663,1.5367996,0.8466923,0.92,0.509,1.338,0.889,0,HQ,0.8640312900497596,0.8897435897435898,0.9718035716272446
2e7l,2,93.08245485602734,86.24714285714288,95.82507936507936,92.286835443038,95.01761904761904,96.7091891891892,94.84592592592593,0.8300000000000001,0.87,0.542,0.978773108463699,0.962409735015064,0.8953658536585366,0.8953658536585366,0.8984274053601803,0.8218569949470865,36256018,0.745518,0.867645,0.87,0.867645,0.867645,36256018,2,0.9150718783520926,0.80665386,1.0670375,0.9799405,0.6559032,1.5364587,0.97841316,0.921,0.563,1.636,0.921,0,HQ,0.8601422001536334,0.8953658536585366,0.9705914217393815
8en8,4,90.95752355316284,85.41155555555555,90.47433962264152,76.42662337662337,75.57148936170212,78.02787234042552,71.28860215053764,0.7699999999999999,0.755,0.375,0.8024051978244536,0.686748966939201,0.5385185185185185,0.5385185185185185,0.3604135290508094,0.0770354306639762,1330766334,0.48289675,0.71958775,0.755,0.71958775,0.71958775,1330766334,4,0.8427995407497093,2.4175835,4.437016,1.371699,1.174734,4.03772,6.2763968,0.378,2.594,8.257,0.37,0,AQ,0.2187244798573928,0.5385185185185185,0.7445770823818273
8en8,3,91.16179303125467,86.0268888888889,90.7524528301887,78.4544155844156,76.58595744680851,78.71085106382978,73.49387096774193,0.774,0.7625,0.358,0.8588789739926767,0.7696903982984855,0.5694444444444444,0.5694444444444445,0.4912173198098371,0.1541898268282859,1330766334,0.496507,0.73256025,0.7625,0.73256025,0.73256025,1330766334,3,0.8476352631693349,2.3809164,4.4148107,1.1798046,1.1153377,4.199622,6.596111,0.431,2.485,7.116,0.438,0,AQ,0.3227035733190615,0.5694444444444444,0.814284686145581
8en8,2,91.11503514281442,86.34666666666666,90.7322641509434,78.24597402597402,76.27978723404256,78.9959574468085,72.97236559139786,0.78,0.7675,0.36,0.8554475829424907,0.761829704861807,0.5730612244897959,0.5730612244897959,0.4794827759296881,0.1391698966528315,1330766334,0.5086652500000001,0.74278725,0.7675,0.74278725,0.74278725,1330766334,2,0.8509065303384813,2.3949509,4.4240294,1.3129233,1.1306345,4.218344,6.668747,0.391,2.499,7.867,0.37,0,AQ,0.3093263362912598,0.5730612244897959,0.8086386439021489
8en8,0,90.97840436668162,85.76599999999999,90.5277358490566,77.4748051948052,76.98489361702127,78.36999999999999,72.65279569892473,0.7699999999999999,0.7575,0.365,0.8379923937831361,0.740109382322284,0.560701754385965,0.5607017543859648,0.4354658267380068,0.1217362044943774,1330766334,0.48677925,0.7206172500000001,0.7575,0.7206172500000001,0.7206172500000001,1330766334,0,0.8434672910941103,2.3053691,4.247071,1.3252101,1.0965165,4.23052,6.2581797,0.445,2.414,7.295,0.479,0,AQ,0.2786010156161921,0.5607017543859649,0.7890508880527101
8en8,1,90.97574398085838,85.36177777777779,90.5211320754717,76.64324675324676,76.05595744680852,77.10702127659575,72.55451612903225,0.766,0.7475,0.371,0.8308963805003594,0.7370065533501062,0.5773584905660377,0.5773584905660377,0.414893108134118,0.11702492392209,1330766334,0.476573,0.714611,0.7475,0.714611,0.714611,1330766334,1,0.8404673948803525,2.2199864,4.0920463,1.2181416,1.0599275,4.1652017,6.0529394,0.451,2.328,7.442,0.493,0,AQ,0.265959016028104,0.5773584905660377,0.7839514669252328
2pye,0,94.38319074440555,97.13872340425532,90.33706896551725,96.83181818181816,97.83659574468084,98.14272727272726,97.34795454545451,0.8859999999999999,0.905,0.606,0.9839389709027844,0.9789682220017014,0.8155319148936171,0.815531914893617,0.9369152532466016,0.9112244352265056,2293656607,0.7573615,0.91111275,0.905,0.91111275,0.91111275,2293656607,0,0.927644881759224,0.58344096,0.7080422,0.28015766,0.553431,0.54724795,0.5526535,0.953,0.48,1.161,0.97,0,HQ,0.9240698442365536,0.8155319148936171,0.9814535964522428
2pye,1,94.39514385751256,97.1776595744681,90.15586206896552,96.97020202020204,97.88702127659572,98.17575757575756,97.38795454545452,0.884,0.9025,0.616,0.9844631842077074,0.9789363091292452,0.8217391304347827,0.8217391304347827,0.9387301259036596,0.9148269283507476,2293656607,0.757201,0.908355,0.9025,0.908355,0.908355,2293656607,1,0.92523033620976,0.6541039,0.85242003,0.8479619,0.5255098,0.5707722,0.6244901,0.93,0.566,2.327,0.985,0,HQ,0.9267785271272035,0.8217391304347827,0.9816997466684763
2pye,4,94.29458669508296,97.07510638297872,90.19810344827586,96.80707070707068,97.78106382978724,98.12333333333332,97.26420454545456,0.882,0.9025,0.609,0.983190990980665,0.9782090681790766,0.8293333333333335,0.8293333333333334,0.9359386855670832,0.910496533010984,2293656607,0.7441355000000001,0.90536075,0.9025,0.90536075,0.90536075,2293656607,4,0.9218762735483176,0.62935764,0.8148433,0.5243587,0.55092365,0.58274686,0.5848566,0.942,0.52,1.251,0.955,0,HQ,0.9232176092890336,0.8293333333333335,0.9807000295798708
2pye,3,94.35324402496576,97.02319148936172,90.1955172413793,96.74222222222222,97.86872340425532,98.1809090909091,97.26011363636364,0.882,0.9025,0.612,0.9832418622863812,0.9777921391835795,0.8174468085106383,0.8174468085106383,0.9346065085255464,0.9103519599447252,2293656607,0.74456225,0.9060745,0.9025,0.9060745,0.9060745,2293656607,3,0.9229658200472198,0.6294199,0.8098012,0.67140985,0.5356356,0.5595803,0.6008237,0.947,0.509,1.425,0.97,0,HQ,0.9224792342351358,0.8174468085106383,0.9805170007349804
2pye,2,94.38595067742428,97.06510638297873,90.37241379310343,96.75454545454544,97.84,98.16121212121212,97.31875,0.8800000000000001,0.9,0.618,0.9834832063546164,0.9778885522128394,0.8080851063829788,0.8080851063829788,0.9367920993030924,0.9112703711744924,2293656607,0.74281975,0.9033705,0.9,0.9033705,0.9033705,2293656607,2,0.9209462752051952,0.6992595,0.9725247,0.2891198,0.5947074,0.59314775,0.63889873,0.934,0.512,2.209,0.97,0,HQ,0.9240312352387924,0.8080851063829788,0.9806858792837279
7pb2,4,87.93283868935099,70.50109375,66.22814285714286,64.62827586206897,77.37702127659576,75.7562162162162,79.98477272727273,0.426,0.1675,0.103,0.1624405652509609,0.1955619323426288,0.1429032258064516,0.1429032258064516,0.0110976046635703,0.010381797457303,3434994320,0.0,0.0,0.1675,0.08717475,0.08717475,3434994320,4,0.5078382017316684,2.865498,5.6521482,2.1917298,1.7319905,5.835565,7.7171974,0.227,4.178,11.119,0.197,0,LQ,0.01073970106043665,0.1429032258064516,0.17900124879679485
7pb2,3,88.33439823566478,70.52859375,65.39871428571429,64.76666666666665,77.31893617021277,76.84837837837838,80.1653409090909,0.432,0.175,0.14,0.1683163526807992,0.201768753871914,0.094054054054054,0.094054054054054,0.0112399265109778,0.0111421833016389,3434994320,0.0,0.0,0.175,0.08638725,0.08638725,3434994320,3,0.5139582980274426,4.3761897,9.592897,2.5859776,1.8265249,11.213022,7.5830927,0.091,7.471,35.791,0.18,0,LQ,0.01119105490630835,0.094054054054054,0.1850425532763566
7pb2,2,87.79410365469438,71.01625,64.864,66.56643678160918,77.09617021276597,76.58162162162162,79.60613636363637,0.418,0.16,0.175,0.1569076090791917,0.1904848994062832,0.0780952380952381,0.0780952380952381,0.010944898139533,0.0107884755267965,3434994320,0.0,0.0,0.16,0.08247375,0.08247375,3434994320,2,0.512666078506764,4.862919,10.597142,2.9629517,2.093261,11.995692,8.238104,0.077,8.204,36.149,0.148,0,LQ,0.01086668683316475,0.0780952380952381,0.17369625424273744
7pb2,0,87.90830655324513,69.91499999999999,64.824,65.70770114942529,76.9268085106383,75.4045945945946,79.59829545454546,0.416,0.1625,0.127,0.1567477503655225,0.1952645023803554,0.1654166666666666,0.1654166666666666,0.0108721978750559,0.0105312901545091,3434994320,0.0,0.0,0.1625,0.08608875,0.08608875,3434994320,0,0.5012964081426692,2.9060054,6.1423664,2.174863,1.4036936,7.436524,7.0408297,0.171,4.734,18.405,0.246,0,LQ,0.0107017440147825,0.1654166666666666,0.17600612637293894
7pb2,1,87.99279143037177,70.260625,65.52228571428572,64.69862068965517,76.9795744680851,75.17918918918919,79.82840909090909,0.43,0.185,0.15,0.165159197592883,0.1980572322996109,0.1558974358974358,0.1558974358974358,0.0112486433942933,0.010294187801212,3434994320,0.0,0.0,0.185,0.09144625,0.09144625,3434994320,1,0.5126165287894722,1.3628424,2.4514387,2.0306761,0.82563585,2.506945,2.2414658,0.539,1.452,7.271,0.525,1,MQ,0.010771415597752649,0.1558974358974358,0.18160821494624696
1fo0,1,93.15184811149264,87.88576271186443,92.06428571428572,72.29423076923075,94.81946428571428,94.17704545454544,95.5643820224719,0.8379999999999999,0.8674999999999999,0.386,0.9288352578281668,0.850082047717615,0.866153846153846,0.8661538461538462,0.7600172311093593,0.3433077313632353,1428996118,0.7101095,0.87381225,0.8674999999999999,0.87381225,0.87381225,1428996118,1,0.9129866579785132,0.95282304,1.9616054,0.52523893,0.59101564,5.4650054,0.71779597,0.828,0.9,3.674,0.905,0,MQ,0.5516624812362972,0.866153846153846,0.8894586527728909
1fo0,0,93.21198343768936,88.21627118644068,91.74271428571429,76.1401923076923,94.6969642857143,94.18113636363636,95.17022471910111,0.8320000000000001,0.8574999999999999,0.453,0.9197711276539836,0.8127331456830675,0.6761111111111111,0.676111111111111,0.7415964107373118,0.262374787851475,1428996118,0.69944825,0.86131225,0.8574999999999999,0.86131225,0.86131225,1428996118,0,0.9072567221208984,0.8581428,1.6775413,0.71805197,0.56440324,4.385086,0.8443676,0.806,1.089,2.741,0.857,0,MQ,0.5019855992943933,0.6761111111111111,0.8662521366685256
1fo0,2,93.07487578267018,87.12983050847457,91.54085714285716,71.82538461538462,94.37428571428572,93.6411363636364,94.71775280898876,0.8300000000000001,0.8525,0.43,0.8868063210724692,0.7890066212320552,0.7340625,0.7340625000000001,0.6462983544503814,0.1951559637448773,1428996118,0.68809125,0.8568335,0.8525,0.8568335,0.8568335,1428996118,2,0.9038543957470464,0.94772995,2.018221,0.74638414,0.50993425,5.826755,0.63716525,0.889,0.797,1.105,0.905,0,AQ,0.42072715909762937,0.7340625000000001,0.8379064711522621
1fo0,4,93.13170672591396,87.64016949152543,91.20985714285712,76.19769230769231,94.57607142857144,94.08136363636363,95.1123595505618,0.8320000000000001,0.8575,0.388,0.9163357849811868,0.8016745953671173,0.7041379310344825,0.7041379310344825,0.7269129218139572,0.250774397972035,1428996118,0.6963785,0.8600632500000001,0.8575,0.8600632500000001,0.8600632500000001,1428996118,4,0.9080116161058206,0.9083658,1.8000361,0.6703699,0.5929823,4.630436,0.7978257,0.756,1.315,3.28,0.833,0,MQ,0.48884365989299605,0.7041379310344825,0.859005190174152
1fo0,3,92.88105635225207,86.74830508474577,91.441,72.68192307692308,94.27982142857142,93.65727272727273,94.82134831460677,0.8220000000000001,0.85,0.407,0.8930334236046876,0.7852590683196213,0.7322857142857142,0.7322857142857142,0.6620271603628073,0.2057536629663485,1428996118,0.68430225,0.855646,0.85,0.855646,0.855646,1428996118,3,0.9004140215291352,0.9502593,1.9856137,0.76376414,0.5397522,5.4146814,0.8276797,0.804,1.295,2.683,0.929,0,MQ,0.43389041166457787,0.7322857142857142,0.8391462459621545
6uln,0,90.67343485617596,74.33053571428572,78.98902439024391,64.19067415730336,82.98542857142857,79.42299999999999,69.05193181818181,0.58,0.415,0.244,0.460280674964404,0.4541457908441662,0.2875757575757576,0.2875757575757576,0.0456526025434661,0.0238548923315606,4054102139,0.01392275,0.380874,0.415,0.25430775,0.25430775,4054102139,0,0.6486407015470883,1.7458897,3.6930332,0.8834739,0.9191058,5.1386747,2.9387891,0.563,1.745,5.664,0.571,0,AQ,0.034753747437513346,0.2875757575757576,0.45721323290428506
6uln,1,90.58789417012768,74.15625,78.15121951219511,68.11101123595506,81.57885714285713,79.56633333333335,70.20034090909091,0.544,0.3675,0.255,0.4164797211065456,0.4226839120506264,0.2721951219512195,0.2721951219512195,0.0341930516221106,0.0225696836507856,4054102139,0.012902,0.36507625,0.3675,0.2240935,0.2240935,4054102139,1,0.6147578703288337,1.4187815,2.7620466,0.86937815,0.9213881,2.32088,2.7604146,0.631,1.381,5.836,0.673,1,MQ,0.0283813676364481,0.2721951219512195,0.41958181657858595
6uln,3,90.47951699738502,73.16982142857144,77.35634146341462,66.92707865168539,81.76857142857145,78.85283333333334,68.92636363636365,0.548,0.365,0.219,0.443189333951674,0.4338544014336048,0.2964705882352941,0.2964705882352941,0.0402924191410572,0.022125147221018,4054102139,0.0133675,0.3719295,0.365,0.2293675,0.2293675,4054102139,3,0.6189416119829685,1.8119746,3.8008802,0.96528757,0.9785138,4.6273513,3.1414263,0.5,1.913,7.387,0.551,1,MQ,0.0312087831810376,0.2964705882352941,0.4385218676926394
6uln,4,90.74353330256884,73.76517857142858,73.51243902439023,65.35865168539326,82.29971428571427,80.25116666666668,69.89386363636363,0.5900000000000001,0.43,0.281,0.502955485470499,0.5025595753451926,0.2799999999999999,0.28,0.0562600267534275,0.0307729087752717,4054102139,0.02010675,0.38803475,0.43,0.27439475,0.27439475,4054102139,4,0.6655610336769652,1.7895716,3.7418053,0.8612068,0.98385376,4.636683,3.2254765,0.496,2.142,6.54,0.531,0,MQ,0.0435164677643496,0.27999999999999997,0.5027575304078458
6uln,2,90.7568912475004,73.13535714285715,78.34829268292684,68.50696629213483,82.48114285714284,79.7875,69.60238636363637,0.554,0.3725,0.269,0.4220450553850358,0.4110008881024475,0.2893023255813953,0.2893023255813953,0.0362021542925388,0.0200374590799485,4054102139,0.0133925,0.37384675,0.3725,0.22112075,0.22112075,4054102139,2,0.6260953848848769,1.4600774,2.8972306,0.7375331,0.9214355,2.638985,2.8640912,0.619,1.599,5.921,0.714,1,MQ,0.02811980668624365,0.2893023255813953,0.41652297174374164
1g6r,4,89.63706564885497,76.13285714285713,90.39476190476192,79.5634375,93.04261904761906,94.46972972972972,91.9522222222222,0.8099999999999999,0.8375,0.527,0.9518120482757888,0.9030575831434484,0.7589285714285714,0.7589285714285714,0.7835213135760831,0.5037725117951987,1016822548,0.64676225,0.8350235,0.8375,0.83465325,0.83465325,1016822548,4,0.8743581373851842,1.3941773,1.8503071,1.9894544,1.0834377,2.2537158,1.6068374,0.751,1.036,4.192,0.772,0,MQ,0.6436469126856409,0.7589285714285714,0.9274348157096186
1g6r,3,89.62630534351146,73.12816326530611,90.31936507936508,78.79890625,92.9390476190476,94.46405405405406,91.85370370370369,0.8119999999999999,0.8375,0.516,0.9505164504965246,0.8988422729480485,0.7849090909090908,0.7849090909090907,0.7793032934053861,0.4805999417504712,1016822548,0.6448935,0.83580225,0.8375,0.83494,0.83494,1016822548,3,0.8762521010120392,1.3345021,1.8491043,1.1960202,1.1001004,2.2116446,1.6230272,0.766,1.095,3.738,0.807,0,MQ,0.6299516175779286,0.7849090909090908,0.9246793617222866
1g6r,2,90.13678167938932,70.53367346938775,90.92841269841271,79.04328125,92.97880952380952,94.93783783783783,91.4498148148148,0.8380000000000001,0.8575,0.524,0.9570628996104462,0.9053657033088496,0.7763265306122448,0.7763265306122449,0.8035562528545929,0.4837963417622714,1016822548,0.67986925,0.8601825,0.8575,0.8601825,0.8601825,1016822548,2,0.8890679461863107,1.475649,2.451652,0.8829199,0.95154953,2.2516956,1.5252105,0.732,1.227,3.923,0.772,0,MQ,0.6436762973084321,0.7763265306122449,0.9312143014596479
1g6r,0,89.90049007633587,72.79367346938776,88.82730158730158,80.40375,93.4759523809524,94.55972972972974,91.37462962962962,0.8320000000000001,0.85,0.524,0.9548393599223556,0.9081941891109564,0.7396491228070174,0.7396491228070174,0.7824753454933479,0.4869010254207626,1016822548,0.6754487499999999,0.855349,0.85,0.8543015,0.8543015,1016822548,0,0.8906734526535841,1.3657249,2.3155465,0.6537255,0.85002106,1.6556075,1.4135587,0.814,0.846,3.457,0.825,0,MQ,0.6346881854570552,0.7396491228070174,0.9315167745166559
1g6r,1,89.56000458015268,75.77326530612245,90.2736507936508,77.77906250000001,92.94642857142856,94.26756756756755,91.8824074074074,0.808,0.8375,0.495,0.9480832945139306,0.8944834974885901,0.7542105263157893,0.7542105263157896,0.7705942308494984,0.469250093828195,1016822548,0.640243,0.83405125,0.8375,0.8335965000000001,0.8335965000000001,1016822548,1,0.8733041503378259,1.3110131,1.8110645,1.1923608,1.0820844,1.9611083,1.6389225,0.734,1.095,4.994,0.807,0,MQ,0.6199221623388467,0.7542105263157894,0.9212833960012603
6rpa,1,90.3267229299363,91.495,92.1032258064516,93.6465,94.66594594594596,94.0258695652174,96.32605263157896,0.8619999999999999,0.88,0.633,0.9817318940743982,0.9710048150086172,0.7881967213114754,0.7881967213114754,0.923555804264629,0.8609855808787156,1161719723,0.71589225,0.883553,0.88,0.883553,0.883553,1161719723,1,0.9065848764661566,0.58034563,0.8487177,0.6621516,0.44508094,0.8125349,0.7211836,0.881,0.648,2.102,0.859,0,HQ,0.8922706925716724,0.7881967213114754,0.9763683545415077
6rpa,0,90.95990445859871,91.45613636363636,92.10064516129032,93.57190000000004,94.60702702702704,93.78239130434784,96.5478947368421,0.8619999999999999,0.88,0.633,0.981186230559694,0.9701277369518916,0.7979661016949152,0.7979661016949153,0.921685294998133,0.8591363526275201,1161719723,0.7107405,0.880753,0.88,0.880753,0.880753,1161719723,0,0.9042380343094808,0.54547584,0.82428837,0.5399323,0.41436318,0.7852375,0.6844055,0.899,0.672,1.179,0.885,0,HQ,0.8904108238128265,0.7979661016949153,0.9756569837557928
6rpa,2,90.44713375796178,92.08954545454544,92.59629032258064,94.0165,94.78432432432432,93.87978260869563,96.5707894736842,0.868,0.885,0.632,0.982375673058637,0.972233391511393,0.7949180327868854,0.7949180327868854,0.9264395896872868,0.8672704521644703,1161719723,0.7213205,0.8881175,0.885,0.8881175,0.8881175,1161719723,2,0.9090982716736784,0.5275602,0.8736592,0.40977487,0.36093873,0.99098104,0.7153913,0.907,0.64,0.796,0.885,1,HQ,0.8968550209258785,0.7949180327868854,0.977304532285015
6rpa,4,90.94278025477708,91.66272727272728,91.76467741935488,93.7386,94.66675675675675,94.0358695652174,96.40973684210526,0.86,0.875,0.64,0.980876588819092,0.9692467557007188,0.7881967213114754,0.7881967213114754,0.9216827071237992,0.8575859300922829,1161719723,0.70527975,0.877511,0.875,0.877511,0.877511,1161719723,4,0.9022994152668576,0.51621425,0.85160744,0.38933685,0.35725284,0.8084261,0.6667761,0.911,0.646,0.798,0.897,1,HQ,0.8896343186080411,0.7881967213114754,0.9750616722599055
6rpa,3,90.75918312101912,91.41863636363637,91.68838709677418,93.6674,94.40594594594596,93.80717391304348,96.2292105263158,0.852,0.87,0.643,0.9804287488948988,0.9692814647473492,0.8005,0.8005000000000001,0.920320813352564,0.8573646178131213,1161719723,0.6964405,0.871926,0.87,0.871926,0.871926,1161719723,3,0.8975816383700929,0.6054836,0.9501219,0.7359469,0.41103372,0.94526714,0.7902703,0.876,0.743,2.382,0.897,0,HQ,0.8888427155828427,0.8005,0.974855106821124
7n5p,1,87.84617508724018,76.84777777777778,77.68657894736843,65.19874999999999,85.108,81.14510638297874,79.47863013698631,0.6060000000000001,0.51,0.279,0.4032499466879448,0.4761445825340937,0.4248387096774192,0.4248387096774194,0.0398109724098396,0.0324096368509953,1975571826,0.0660565,0.3950905,0.51,0.2838994999999999,0.2838994999999999,1975571826,1,0.6435401962482645,1.5488322,2.4604604,1.3357226,1.0016348,3.680147,2.8929887,0.408,1.287,27.108,0.559,0,AQ,0.03611030463041745,0.4248387096774193,0.4396972646110192
7n5p,0,89.28620239720831,76.15018518518518,76.30631578947369,65.18575000000001,84.59275,80.5323404255319,78.65630136986303,0.592,0.4975,0.247,0.4473038775009155,0.4911857712090574,0.4246666666666666,0.4246666666666666,0.0490327286323121,0.0332613900463352,1975571826,0.0574787499999999,0.38626825,0.4975,0.29225225,0.29225225,1975571826,0,0.6635599222264121,1.3193905,2.0835354,1.2288424,0.85077006,2.805255,2.8428278,0.721,1.057,3.319,0.627,0,MQ,0.04114705933932365,0.4246666666666666,0.46924482435498643
7n5p,2,89.82660142618722,77.92074074074074,78.77315789473683,68.888375,85.94649999999999,82.45617021276595,80.51876712328767,0.6359999999999999,0.5800000000000001,0.269,0.5405596775778112,0.5388353661289114,0.3577777777777777,0.3577777777777777,0.086701269346079,0.0413860798237309,1975571826,0.1285685,0.4465715,0.5800000000000001,0.375958,0.375958,1975571826,2,0.6961990936782739,1.073773,1.846999,0.7136738,0.566911,3.0487661,2.042251,0.781,0.933,3.421,0.763,0,MQ,0.06404367458490495,0.3577777777777777,0.5396975218533613
7n5p,4,87.95965103929602,76.84203703703704,77.46763157894736,66.205125,85.50399999999999,81.16212765957445,79.4258904109589,0.6140000000000001,0.525,0.281,0.4039021086294804,0.4706882471454129,0.4232258064516128,0.4232258064516129,0.0395578034115938,0.0312067461801165,1975571826,0.0785835,0.40415325,0.525,0.29298475,0.29298475,1975571826,4,0.6501703165314479,1.3072611,1.9786518,2.0617018,0.72600245,3.2867706,2.1689394,0.44,1.128,30.766,0.61,0,MQ,0.03538227479585515,0.42322580645161284,0.43729517788744665
7n5p,3,89.9749825519648,77.41388888888888,78.36105263157894,66.9385,86.63799999999999,82.27851063829786,80.50657534246577,0.646,0.5675,0.265,0.5224479277279327,0.5346571445126939,0.4203333333333333,0.4203333333333333,0.0781970779240791,0.0423702817267605,1975571826,0.11767925,0.4394825,0.5675,0.369832,0.369832,1975571826,3,0.7001023219527971,1.1034408,1.8485005,0.8504786,0.62631714,2.7501788,2.3179886,0.753,1.009,2.663,0.661,0,MQ,0.060283679825419795,0.4203333333333333,0.5285525361203133
8enh,4,91.3114099685676,85.22466666666666,90.44377358490566,75.53961038961037,76.69276595744682,79.44978723404255,72.74322580645162,0.78,0.77,0.372,0.8283749629956044,0.7185475261265206,0.5805882352941177,0.5805882352941177,0.4169249743938362,0.1031637306153122,59268532,0.497141,0.73697075,0.77,0.73697075,0.73697075,59268532,4,0.8498906293928009,2.1179419,3.8624127,1.142994,1.074059,3.952127,6.0206876,0.557,2.155,2.818,0.444,0,AQ,0.2600443525045742,0.5805882352941177,0.7734612445610625
8enh,3,90.91602903756925,85.75911111111111,90.37207547169812,76.31974025974026,73.37914893617021,78.42787234042552,74.1667741935484,0.782,0.77,0.353,0.868714374647952,0.7713960230735981,0.5336000000000001,0.5336,0.5016131841747111,0.1480375145868993,59268532,0.50983575,0.7408915,0.77,0.7408915,0.7408915,59268532,3,0.8474560946321423,2.3950355,4.3158326,1.3101878,1.2762063,4.2301397,6.4316616,0.535,2.277,3.091,0.42,0,AQ,0.3248253493808052,0.5336000000000001,0.820055198860775
8enh,2,90.84245322556504,85.0311111111111,90.1301886792453,75.63467532467533,73.97148936170211,78.66063829787235,72.43408602150537,0.768,0.7525,0.349,0.8433834210040323,0.7365605418582445,0.5490384615384616,0.5490384615384616,0.4392802520534391,0.1157364588325003,59268532,0.4861062499999999,0.72309825,0.7525,0.72309825,0.72309825,59268532,2,0.839550771299737,2.3282382,4.2459526,1.0637451,1.2002707,4.1454916,6.233582,0.523,2.315,3.693,0.432,0,AQ,0.2775083554429697,0.5490384615384616,0.7899719814311383
8enh,0,90.56746744499328,84.75622222222222,89.89886792452829,75.18480519480521,74.84893617021275,76.9527659574468,72.4643010752688,0.768,0.755,0.331,0.8465295191756343,0.7388237415341946,0.5927906976744186,0.5927906976744186,0.4473702174632475,0.1203908571425821,59268532,0.48139625,0.721172,0.755,0.7210025,0.7210025,59268532,0,0.8373285752805695,2.3448238,4.2331843,1.3755064,1.2296798,4.331698,6.077774,0.459,2.293,5.651,0.383,0,AQ,0.2838805373029148,0.5927906976744186,0.7926766303549144
8enh,1,90.74985481215388,84.838,89.64339622641508,75.33168831168831,76.9372340425532,78.36787234042555,72.59795698924732,0.766,0.75,0.336,0.8204260021188675,0.712577639939891,0.5722000000000002,0.5722,0.3956855931977147,0.1004037894359617,59268532,0.466858,0.70514625,0.75,0.7035475,0.7035475,59268532,1,0.8363390301779685,2.369649,4.2910957,1.3572259,1.2305756,4.402444,6.0194,0.447,2.559,4.867,0.333,0,AQ,0.2480446913168382,0.5722,0.7665018210293792
6eqa,0,92.03068005476952,85.27045454545454,93.11978260869564,89.94172413793105,90.05475000000001,90.251724137931,90.60552083333334,0.7939999999999999,0.7975,0.556,0.9424349409885264,0.9188377088005308,0.7445614035087719,0.7445614035087719,0.7625870348964544,0.5996726206676578,400101951,0.5379355,0.78421325,0.7975,0.78421325,0.78421325,400101951,0,0.858181208404124,1.3422298,1.8622183,2.4582691,0.9094692,1.4068232,1.8861192,0.528,1.693,9.076,0.677,0,MQ,0.6811298277820561,0.7445614035087719,0.9306363248945286
6eqa,1,92.60755362848012,85.94113636363637,93.7782608695652,91.6451724137931,91.572,92.3106896551724,92.52635416666668,0.8240000000000001,0.8300000000000001,0.57,0.9542538145136196,0.9390437080217812,0.7244827586206897,0.7244827586206897,0.8119238509981097,0.6996431132666814,400101951,0.594909,0.82704625,0.8300000000000001,0.82704625,0.82704625,400101951,1,0.8813663474189596,1.354678,2.0472648,2.404138,0.8133122,1.6576109,2.012525,0.449,2.107,10.835,0.631,0,AQ,0.7557834821323955,0.7244827586206897,0.9466487612677004
6eqa,4,91.91810284497184,83.7359090909091,92.62434782608696,89.84568965517242,90.33525,88.91862068965516,91.11552083333332,0.8,0.8049999999999999,0.557,0.9438695053021974,0.9239479584169272,0.7482142857142857,0.7482142857142857,0.7637728049557412,0.6200825270268584,400101951,0.5517095,0.7916460000000001,0.8049999999999999,0.7916460000000001,0.7916460000000001,400101951,4,0.8594820499085699,1.2664956,1.7930104,2.4915547,0.7822346,1.3144948,1.8949416,0.545,1.602,7.647,0.615,0,MQ,0.6919276659912998,0.7482142857142857,0.9339087318595622
6eqa,3,92.0913844515442,84.91636363636364,93.29652173913044,90.1053448275862,90.621,90.69896551724138,91.72729166666666,0.8099999999999999,0.815,0.56,0.949280000853754,0.9290012426701006,0.7386206896551725,0.7386206896551724,0.7913844436057365,0.6541279201849985,400101951,0.5691345,0.80610325,0.815,0.80610325,0.80610325,400101951,3,0.8702471298992596,1.3992609,2.0363529,2.4661613,0.9065913,1.5654792,2.1196299,0.479,1.852,10.182,0.631,0,AQ,0.7227561818953675,0.7386206896551724,0.9391406217619274
6eqa,2,92.09213144682792,84.32636363636362,92.95152173913044,89.53086206896552,90.22875,90.36758620689656,91.11854166666669,0.798,0.7975,0.543,0.9410483349172446,0.918124765308723,0.7382142857142858,0.7382142857142856,0.7594411239981171,0.6030304254973413,400101951,0.5438965,0.78750825,0.7975,0.78750825,0.78750825,400101951,2,0.8618240343615862,1.3300192,1.9808874,2.3954945,0.8121117,1.7108903,2.010739,0.451,1.933,11.278,0.615,0,MQ,0.6812357747477292,0.7382142857142857,0.9295865501129839
8rj5,3,89.77592990305742,74.7615,73.42885714285715,69.3047,85.86475,80.72972972972973,84.70292682926829,0.65,0.5475,0.246,0.4643530783104355,0.4484316561363345,0.4213513513513514,0.4213513513513513,0.0474089082397377,0.029612919809236,415232346,0.061077,0.36145975,0.5475,0.3125015,0.3125015,415232346,3,0.7332653923926097,2.2510276,3.8405533,3.2508106,1.3197566,3.306654,4.2512712,0.294,2.541,14.451,0.367,0,AQ,0.03851091402448685,0.4213513513513514,0.456392367223385
8rj5,4,89.88208650261,75.2675,74.10657142857143,70.7693,86.16975,81.37135135135135,85.01829268292683,0.666,0.5775,0.254,0.5236192592570396,0.5297137580299076,0.4456756756756757,0.4456756756756756,0.0668233117242334,0.0494016748208165,415232346,0.1244565,0.3824475,0.5775,0.35489675,0.35489675,415232346,4,0.7455594625595232,2.2475007,3.9273527,3.0804324,1.2894292,3.3455553,4.362735,0.262,2.626,16.341,0.327,0,AQ,0.05811249327252495,0.4456756756756757,0.5266665086434736
8rj5,2,89.7899701715138,75.02925,74.12685714285713,69.9449,86.49674999999999,81.73729729729729,84.85487804878049,0.6599999999999999,0.5625,0.282,0.4901927215188523,0.4901679048933483,0.4021212121212121,0.4021212121212121,0.055318268168216,0.0382337998387476,415232346,0.0950075,0.36903975,0.5625,0.331299,0.331299,415232346,2,0.7391829381442787,2.414813,4.252199,3.1808882,1.3940737,3.8439715,4.632835,0.251,2.742,16.155,0.306,1,AQ,0.0467760340034818,0.4021212121212121,0.49018031320610034
8rj5,0,89.79615063385532,74.57775,72.44742857142856,70.52539999999999,86.33575,81.79351351351349,84.68756097560974,0.6519999999999999,0.5525,0.216,0.4888245910040575,0.47733120513931,0.4524999999999999,0.4525,0.0550473765164477,0.0355327328398977,415232346,0.07538675,0.36756025,0.5525,0.32196925,0.32196925,415232346,0,0.7327404158388073,2.4074757,4.1449146,3.450423,1.3888489,3.5659761,4.355485,0.228,2.818,16.061,0.245,0,AQ,0.045290054678172695,0.45249999999999996,0.4830778980716838
8rj5,1,89.8295018642804,74.678,73.16857142857144,72.1665,85.67425,81.65270270270268,84.75353658536586,0.654,0.56,0.247,0.4931540374936989,0.4975928299654482,0.4605555555555555,0.4605555555555556,0.0553963944482968,0.0415411771871976,415232346,0.09501725,0.3735985,0.56,0.3353345,0.3353345,415232346,1,0.7399748495997801,2.2821858,3.8789172,3.428551,1.3097341,3.3355749,4.0942087,0.265,2.64,14.15,0.286,1,AQ,0.048468785817747204,0.46055555555555555,0.49537343372957354
9hlj,4,90.35093023255814,71.32511111111111,79.54561403508772,72.99380281690141,82.67333333333335,78.76882352941176,69.72597701149424,0.5640000000000001,0.4225,0.133,0.5731573177334357,0.487256187226206,0.3490625,0.3490625,0.0600674525755366,0.0245260608155602,2663763092,0.08944625,0.44355025,0.4225,0.3429855,0.3429855,2663763092,4,0.6452112109410096,2.2391074,4.2115097,2.2584555,1.0208008,4.859069,4.0369487,0.222,2.81,21.634,0.312,0,AQ,0.0422967566955484,0.3490625,0.5302067524798209
9hlj,3,90.87178037886954,75.8468888888889,79.92052631578947,75.33788732394366,82.83757575757575,82.15588235294115,69.14172413793105,0.64,0.5425,0.34,0.6687441279819456,0.587956196753233,0.455686274509804,0.455686274509804,0.1263892289173074,0.0472881371324979,2663763092,0.2130175,0.50470775,0.5425,0.45802175,0.45802175,2663763092,3,0.7227071254874231,1.778442,2.8942459,2.278915,1.1508548,2.9080822,3.0341046,0.526,1.987,5.971,0.545,0,MQ,0.08683868302490265,0.455686274509804,0.6283501623675893
9hlj,2,91.034845217927,77.02377777777778,79.98947368421054,77.42309859154929,83.58151515151515,83.12960784313725,68.56091954022989,0.6559999999999999,0.575,0.262,0.7100476633293669,0.6295405679675321,0.4389130434782609,0.4389130434782608,0.1689769033925105,0.065447957278736,2663763092,0.2286355,0.51747125,0.575,0.47427325,0.47427325,2663763092,2,0.7386268552881825,2.0421522,3.6216555,2.1087804,1.1640911,3.1560805,5.2036185,0.466,2.41,5.886,0.442,0,AQ,0.11721243033562326,0.4389130434782609,0.6697941156484495
9hlj,0,90.62054828276604,72.45488888888889,79.59877192982457,73.51408450704224,83.31272727272727,79.41901960784314,71.30666666666667,0.5860000000000001,0.4575,0.161,0.6097850376657307,0.5178208340927724,0.3513888888888889,0.3513888888888888,0.0772885209120695,0.0290035371756715,2663763092,0.12053225,0.464593,0.4575,0.3782955,0.3782955,2663763092,0,0.6667011727227108,2.1007216,3.8585825,2.365787,1.0126514,4.2882776,3.694414,0.267,2.744,18.098,0.39,0,AQ,0.0531460290438705,0.35138888888888886,0.5638029358792516
9hlj,1,90.8641999075928,74.50044444444447,79.48122807017545,74.19788732394368,82.82545454545453,81.19156862745099,69.16747126436782,0.632,0.5275,0.344,0.644371034426104,0.566612492176872,0.3595081967213115,0.3595081967213114,0.1054855042332281,0.0382644477172073,2663763092,0.18680475,0.49492325,0.5275,0.4414424999999999,0.4414424999999999,2663763092,1,0.7166885831380256,2.47519,4.2980843,2.3071933,1.5382783,4.3360653,4.3676157,0.376,2.951,8.609,0.429,0,AQ,0.07187497597521769,0.35950819672131146,0.605491763301488
3d39,1,93.95055211947503,92.7443181818182,94.00065217391302,93.33630952380952,94.1791489361702,95.11970588235296,92.76885057471264,0.844,0.85,0.549,0.9624642421558356,0.9314153871096676,0.8113333333333332,0.8113333333333332,0.8476393329766833,0.7088916140086954,728117249,0.6516759999999999,0.8484155,0.85,0.8484155,0.8484155,728117249,1,0.9131463105163928,0.74061847,1.2268281,1.0359945,0.47183734,0.47856727,0.8561757,0.886,0.597,2.529,0.875,0,HQ,0.7782654734926893,0.8113333333333332,0.9469398146327517
3d39,0,93.76598431135918,93.0009090909091,94.33608695652174,93.54452380952382,94.15297872340425,95.64176470588237,92.65379310344828,0.852,0.8574999999999999,0.552,0.9629548808351164,0.9315980717785556,0.8136956521739129,0.8136956521739132,0.849886799850451,0.7148215401586745,728117249,0.65981825,0.85402375,0.8574999999999999,0.85402375,0.85402375,728117249,0,0.9161719657707867,0.7297015,1.1602509,1.1951361,0.460745,0.5172012,0.8357292,0.9,0.609,1.972,0.893,0,HQ,0.7823541700045628,0.813695652173913,0.947276476306836
3d39,2,93.9659254789561,92.83477272727274,94.32673913043476,93.26904761904764,94.3072340425532,95.42941176470588,92.73689655172412,0.844,0.85,0.524,0.9615330796817302,0.9301973364510692,0.8102222222222221,0.8102222222222223,0.8409857877634538,0.7062962947192456,728117249,0.6440137499999999,0.84655525,0.85,0.84655525,0.84655525,728117249,2,0.913550228723304,0.75462717,1.188475,1.0515031,0.5246166,0.44076174,0.84540397,0.866,0.603,2.572,0.821,0,HQ,0.7736410412413497,0.8102222222222222,0.9458652080663996
3d39,4,94.17015990345452,93.21,94.39956521739131,93.8852380952381,94.33574468085108,95.79,93.1303448275862,0.8560000000000001,0.8674999999999999,0.563,0.9657548262169376,0.941145787986858,0.85,0.85,0.8593111659539033,0.7482855269875607,728117249,0.6632757499999999,0.8648899999999999,0.8674999999999999,0.8648899999999999,0.8648899999999999,728117249,4,0.9200091846491816,0.80170095,1.243497,1.2713267,0.5377983,0.5183542,0.82551026,0.908,0.571,1.763,0.893,0,HQ,0.803798346470732,0.85,0.9534503071018978
3d39,3,93.76853371549254,92.84590909090907,93.83065217391304,93.56857142857142,94.19510638297872,95.37264705882352,92.69057471264368,0.8460000000000001,0.855,0.547,0.9625119142083736,0.9306326212921018,0.79625,0.79625,0.8483964522199026,0.709828163176393,728117249,0.6519895,0.85006275,0.855,0.85006275,0.85006275,728117249,3,0.9132746589921404,0.73499185,1.1744689,0.9457699,0.5142688,0.45156324,0.8605236,0.927,0.552,1.485,0.929,0,HQ,0.7791123076981478,0.79625,0.9465722677502377
5c0c,0,93.66771437063456,93.98235294117649,85.6711627906977,96.95564705882352,96.969,95.44857142857144,96.14888888888892,0.868,0.885,0.469,0.9776809465616604,0.9778838154882672,0.8032142857142857,0.8032142857142858,0.9206808225432276,0.9154148213251132,1259042150,0.705228,0.88866575,0.885,0.88866575,0.88866575,1259042150,0,0.9090089785149826,0.74177754,0.94991267,0.7314343,0.66306674,0.5092051,1.0009227,0.875,0.69,2.623,0.887,0,HQ,0.9180478219341703,0.8032142857142857,0.9777823810249637
5c0c,1,93.8198127507802,94.00725490196078,85.65744186046513,96.9195294117647,97.1375,95.91979591836734,96.22768518518518,0.874,0.8925000000000001,0.487,0.9793398327852316,0.9796087701514692,0.7826666666666665,0.7826666666666667,0.9259377348266816,0.920473440554186,1259042150,0.7159205,0.89562225,0.8925000000000001,0.89562225,0.89562225,1259042150,1,0.9147963121801292,0.77827317,1.1564845,0.7919855,0.60775846,0.7406717,1.1920153,0.844,0.848,3.328,0.906,0,HQ,0.9232055876904338,0.7826666666666666,0.9794743014683505
5c0c,3,93.81502600683608,94.08117647058825,86.30697674418604,96.96541176470588,97.0335,95.74979591836735,96.23583333333332,0.868,0.8875,0.494,0.9779532423795976,0.9784928997032551,0.809310344827586,0.8093103448275861,0.92310552284611,0.9174648194159324,1259042150,0.71122425,0.8909385000000001,0.8875,0.8909385000000001,0.8909385000000001,1259042150,3,0.9127938127206436,0.79622614,0.9965173,0.8604049,0.7115067,0.62903744,1.1062816,0.85,0.757,3.065,0.868,0,HQ,0.9202851711310212,0.809310344827586,0.9782230710414264
5c0c,4,93.86214742160796,94.24941176470588,86.55162790697673,97.07,97.083,95.8961224489796,96.20935185185188,0.882,0.9,0.509,0.9801150935571876,0.9809086796923334,0.809310344827586,0.8093103448275861,0.9278956943069172,0.9236938161974924,1259042150,0.7309565,0.901771,0.9,0.901771,0.901771,1259042150,4,0.9211462304574992,0.72974616,1.0352561,0.8668627,0.5774335,0.6361239,1.0936416,0.868,0.758,2.821,0.906,0,HQ,0.9257947552522048,0.809310344827586,0.9805118866247605
5c0c,2,93.49413434388468,93.97627450980391,85.5286046511628,96.8489411764706,96.8925,95.40489795918366,96.18305555555555,0.868,0.8875,0.499,0.977793430832646,0.97751553375436,0.8109677419354837,0.8109677419354839,0.9208222801584592,0.9114207948197176,1259042150,0.702674,0.88719675,0.8875,0.88719675,0.88719675,1259042150,2,0.9105761101027948,0.7772447,1.0647732,0.7904646,0.6575848,0.65856546,1.143589,0.858,0.767,2.904,0.887,0,HQ,0.9161215374890884,0.8109677419354838,0.9776544822935029
7n6e,4,89.61422628951748,68.52374999999999,72.00771428571429,71.92671052631579,76.77000000000001,73.05804347826086,78.1893670886076,0.534,0.3275,0.205,0.4401720133532792,0.430019614239602,0.2022222222222222,0.2022222222222222,0.035698043916637,0.0256560499561743,2774331314,0.014584,0.3942765,0.3275,0.195286,0.195286,2774331314,4,0.6036949790160852,2.6394691,4.542426,1.666928,1.6296641,4.5611033,4.024363,0.381,3.299,7.744,0.426,1,AQ,0.03067704693640565,0.2022222222222222,0.4350958137964406
7n6e,3,89.48214944788988,69.0835,71.71199999999999,70.93631578947367,76.3153846153846,72.33869565217393,78.0106329113924,0.538,0.3349999999999999,0.21,0.4615182478387726,0.4433537252959432,0.2180487804878048,0.2180487804878048,0.0407688206807946,0.026741909692728,2774331314,0.01495675,0.40044975,0.3349999999999999,0.2018744999999999,0.2018744999999999,2774331314,3,0.6046655433857889,2.4539661,4.22999,1.569365,1.5058779,3.8781612,4.027028,0.382,3.177,7.441,0.397,0,AQ,0.033755365186761296,0.2180487804878048,0.4524359865673579
7n6e,2,89.59063530479503,68.4185,68.90171428571428,70.86921052631577,75.93897435897436,72.13543478260871,76.96367088607595,0.506,0.2875,0.164,0.4032597529428233,0.423524977962247,0.2680645161290322,0.2680645161290322,0.0308675209885995,0.0248562901942809,2774331314,0.0132555,0.37341975,0.2875,0.1785255,0.1785255,2774331314,2,0.5732763154538985,9.013859,18.20547,1.9197904,1.5628575,12.2918625,12.347816,0.052,17.634,38.856,0.103,0,LQ,0.0278619055914402,0.2680645161290322,0.4133923654525351
7n6e,0,89.36428376947512,68.65950000000001,70.63914285714284,69.5775,76.36871794871796,71.83978260869564,77.1726582278481,0.506,0.29,0.13,0.4189347794588401,0.4105602323984098,0.3219047619047618,0.3219047619047619,0.0340675947583506,0.023414585981913,2774331314,0.01302925,0.3702775,0.29,0.17510375,0.17510375,2774331314,0,0.5717330315242792,9.061794,18.3187,1.8886447,1.5085385,12.617963,12.413968,0.047,17.17,39.583,0.088,0,LQ,0.028741090370131797,0.32190476190476186,0.41474750592862497
7n6e,1,89.7810406897595,70.6635,74.67828571428572,72.54526315789474,77.90769230769232,74.14500000000001,79.70936708860759,0.5900000000000001,0.425,0.275,0.5683326556615959,0.5438118184569408,0.2172340425531915,0.2172340425531916,0.0761829383655865,0.0453520374382221,2774331314,0.016655,0.42192425,0.425,0.2489085,0.2489085,2774331314,1,0.659375674362213,2.1376693,3.776545,1.3201311,1.2224511,3.138099,3.9537277,0.464,2.838,6.506,0.544,1,AQ,0.060767487901904296,0.21723404255319156,0.5560722370592683
5wkf,4,92.03948372445116,81.1625,74.71333333333334,89.7890625,94.5590625,93.15744680851068,91.5335483870968,0.8220000000000001,0.8200000000000001,0.587,0.9578129435103336,0.9511648103080652,0.8163636363636361,0.8163636363636365,0.8191698314017589,0.7376810919797012,612165763,0.60002325,0.8043005,0.8200000000000001,0.8043005,0.8043005,612165763,4,0.8858529298049906,0.6299456,0.9049016,0.5442382,0.53745055,0.88418174,0.925275,0.866,0.988,1.994,0.953,0,HQ,0.77842546169073,0.8163636363636363,0.9544888769091995
5wkf,3,92.12336714610144,81.036,75.42098039215686,90.17390625,95.015625,93.59851063829788,91.6636559139785,0.8220000000000001,0.8175,0.59,0.9612564950191258,0.9542419926901026,0.8496078431372549,0.8496078431372549,0.8352033607244579,0.752651004468085,612165763,0.6023277499999999,0.805586,0.8175,0.805586,0.805586,612165763,3,0.8905467224440342,0.6089514,0.9115859,0.6705242,0.48397344,0.930669,0.9405586,0.827,1.142,2.125,0.906,0,HQ,0.7939271825962715,0.8496078431372549,0.9577492438546142
5wkf,2,92.13068130204393,81.275,75.44039215686274,90.4025,95.5490625,94.11744680851064,92.29709677419352,0.828,0.8275,0.599,0.9665237055624336,0.9597027410044726,0.790892857142857,0.7908928571428572,0.8567611442865626,0.7842598380663269,612165763,0.62427825,0.8171085,0.8275,0.8171085,0.8171085,612165763,2,0.8956801741344236,0.60684603,0.9209492,0.55824083,0.48958775,0.9700313,0.9509899,0.82,1.099,3.016,0.922,0,HQ,0.8205104911764447,0.7908928571428571,0.9631132232834532
5wkf,0,92.26496290688873,81.282,75.26,90.3246875,95.476875,93.91531914893616,92.87548387096774,0.8380000000000001,0.84,0.582,0.9638138497350904,0.957616736710686,0.8556862745098038,0.8556862745098041,0.8440512695455124,0.7692949379545289,612165763,0.64155225,0.8309765,0.84,0.8309765,0.8309765,612165763,0,0.8969547213629,0.5828135,0.8656848,0.5558614,0.47763216,0.9309063,0.89534456,0.822,1.04,3.29,0.922,0,HQ,0.8066731037500205,0.855686274509804,0.9607152932228882
5wkf,1,92.1538198334595,81.902,74.8807843137255,90.7725,95.2284375,93.73148936170212,92.27559139784948,0.828,0.8300000000000001,0.594,0.9657117376846606,0.9604951709393283,0.7998181818181817,0.799818181818182,0.8528937246874898,0.7870210004141114,612165763,0.6240465,0.81773825,0.8300000000000001,0.81773825,0.81773825,612165763,1,0.895764729344085,0.62381166,0.9349553,0.54953676,0.51205117,0.96303135,0.9488331,0.813,1.097,3.114,0.906,0,HQ,0.8199573625508005,0.7998181818181818,0.9631034543119945
7dzn,2,90.207854676475,73.6561111111111,75.06135135135135,75.67255319148937,78.34176470588235,76.00102040816327,78.55700000000002,0.548,0.3725,0.139,0.5315298355941842,0.510942936099289,0.4088461538461538,0.4088461538461538,0.0497502658305375,0.0357314479541414,2756317113,0.01824275,0.44500175,0.3725,0.2343815,0.2343815,2756317113,2,0.6122919207353597,1.0108879,1.6181601,1.2343496,0.7754133,0.87041646,0.6981297,0.613,1.081,5.518,0.476,0,MQ,0.042740856892339446,0.4088461538461538,0.5212363858467366
7dzn,4,90.09197567932743,73.21296296296295,74.8754054054054,75.97521276595745,79.65970588235294,76.73428571428572,79.31785714285715,0.5599999999999999,0.39,0.138,0.5566066396728434,0.5393470735376529,0.4092592592592592,0.4092592592592592,0.0594596977246741,0.0418086666288318,2756317113,0.01850975,0.44665925,0.39,0.245575,0.245575,2756317113,4,0.6260150350969903,0.87521076,1.2469916,1.348875,0.6899622,1.1908782,0.8669474,0.717,0.622,3.638,0.452,0,MQ,0.050634182176752945,0.4092592592592592,0.5479768566052481
7dzn,3,89.88515388079868,73.55148148148149,76.40432432432432,73.09223404255319,77.1635294117647,72.25897959183673,78.57300000000001,0.4939999999999999,0.29,0.138,0.4282637426732052,0.4239231415603965,0.2525714285714285,0.2525714285714285,0.0289968539869185,0.0213270054731456,2756317113,0.0153915,0.40862475,0.29,0.1986985,0.1986985,2756317113,3,0.560095364531864,7.100562,16.200872,2.6651587,2.3988128,13.091456,15.477194,0.02,12.008,39.689,0.0,0,LQ,0.025161929730032048,0.2525714285714285,0.4260934421168009
7dzn,1,89.80142020717611,72.50703703703704,76.0327027027027,72.34914893617022,77.87058823529411,73.04795918367347,77.99757142857143,0.486,0.285,0.159,0.4085851759176034,0.4065113249028476,0.2509302325581395,0.2509302325581395,0.0272540611201043,0.0201494972098148,2756317113,0.01530025,0.40805075,0.285,0.1940812499999999,0.1940812499999999,2756317113,1,0.556932732711941,6.9954395,16.089027,2.4892879,2.1695087,13.588309,15.921679,0.019,11.867,40.226,0.0,0,LQ,0.023701779164959552,0.2509302325581395,0.40754825041022547
7dzn,0,89.90978681879596,73.64518518518518,75.07108108108109,74.37478723404256,78.8120588235294,76.32285714285713,78.33642857142857,0.546,0.37,0.141,0.5171031582931594,0.4977074831433449,0.3796875,0.3796874999999999,0.0481877400224833,0.0336030518182206,2756317113,0.0178017499999999,0.4422372499999999,0.37,0.23490175,0.23490175,2756317113,0,0.6165447900748834,0.79841757,0.99531484,1.2573097,0.6779452,0.87674904,0.7661224,0.789,0.489,1.673,0.5,0,MQ,0.04089539592035195,0.37968749999999996,0.5074053207182522
7pbc,0,93.0425128360012,92.25727272727272,95.76847826086956,93.619625,94.39608695652176,92.67,92.75915492957748,0.882,0.895,0.547,0.984403477543816,0.9785747023990286,0.8262162162162162,0.8262162162162162,0.930328461930024,0.89242104389471,740196249,0.7766755,0.903644,0.895,0.903644,0.903644,740196249,0,0.9297680334984576,0.91551065,1.5115045,0.8558965,0.54757965,1.758429,1.7280871,0.807,0.988,2.013,0.776,0,HQ,0.911374752912367,0.8262162162162162,0.9814890899714223
7pbc,1,92.989383871942,92.0640909090909,95.554347826087,94.053375,94.56108695652172,92.55108108108108,93.07873239436618,0.8699999999999999,0.885,0.539,0.9831078005211196,0.9774480465968468,0.8225,0.8225,0.928704559366748,0.8939997941594432,740196249,0.75526725,0.89202325,0.885,0.89202325,0.89202325,740196249,1,0.9215621586648336,0.7945471,1.2329043,0.48206198,0.5767705,1.5987527,0.5199162,0.817,0.98,2.07,0.806,0,HQ,0.9113521767630957,0.8225,0.9802779235589831
7pbc,3,92.90181365146482,92.37818181818184,95.56978260869565,92.957125,93.18869565217392,91.15351351351352,92.89732394366196,0.876,0.8925000000000001,0.553,0.982799709197174,0.9783246578014791,0.8092857142857142,0.8092857142857142,0.9216847976384404,0.8843383090915891,740196249,0.76135425,0.89705225,0.8925000000000001,0.89705225,0.89705225,740196249,3,0.9247343322609922,0.888045,1.4107218,0.83528674,0.5846228,1.6731471,0.70769256,0.799,1.22,2.064,0.851,1,MQ,0.9030115533650147,0.8092857142857142,0.9805621834993266
7pbc,4,93.0672093023256,91.69681818181816,95.51456521739128,93.292125,94.44413043478262,92.19108108108108,93.1395774647887,0.874,0.89,0.54,0.9823716039586556,0.9768994976885972,0.8127027027027027,0.8127027027027026,0.9240424490704102,0.8864226946050584,740196249,0.7625645,0.89505425,0.89,0.89505425,0.89505425,740196249,4,0.92454350281723,0.81801856,1.320189,0.8112286,0.5129166,2.175192,0.50868016,0.801,1.03,2.006,0.776,1,MQ,0.9052325718377343,0.8127027027027027,0.9796355508236264
7pbc,2,92.8813424947146,91.82090909090908,95.03956521739131,93.621125,94.36173913043478,92.44324324324324,93.0543661971831,0.866,0.88,0.549,0.9809224145496525,0.9745735514827184,0.8047222222222223,0.8047222222222223,0.9203554261848508,0.8781380285579492,740196249,0.73947525,0.88424825,0.88,0.88424825,0.88424825,740196249,2,0.913572793760833,0.7803808,1.1502287,0.7349164,0.58726114,1.5258894,0.7486663,0.819,1.095,1.871,0.851,1,HQ,0.8992467273714,0.8047222222222223,0.9777479830161855
8rlt,4,92.08956997533907,89.04357142857143,93.813125,88.42547619047619,91.77122448979593,93.30416666666666,91.4663736263736,0.836,0.845,0.477,0.9615625891978926,0.953252697838046,0.8504761904761905,0.8504761904761906,0.8207161988064677,0.7526916670544255,1702226469,0.6382242499999999,0.8462385,0.845,0.8462385,0.8462385,1702226469,4,0.8956400125142986,0.8624712,1.1845835,0.8148952,0.73663336,0.84548265,1.5402929,0.822,0.584,4.7,0.831,0,HQ,0.7867039329304466,0.8504761904761906,0.9574076435179693
8rlt,3,92.0516029593095,88.56261904761905,93.38729166666668,88.26833333333332,92.06020408163266,93.50111111111111,91.60736263736264,0.8379999999999999,0.845,0.461,0.9574176558591324,0.9492322785039684,0.8204545454545454,0.8204545454545454,0.7996557154819265,0.7347787805085029,1702226469,0.63378975,0.84881275,0.845,0.84881275,0.84881275,1702226469,3,0.8975790463587252,0.8137202,1.2042648,0.5352783,0.67079437,0.7402933,1.5601723,0.86,0.524,4.104,0.877,0,HQ,0.7672172479952146,0.8204545454545454,0.9533249671815505
8rlt,2,91.95128082614058,88.66547619047618,93.67958333333333,88.02940476190477,91.49816326530612,92.42444444444445,91.3742857142857,0.836,0.845,0.458,0.9569023209138318,0.9500647593001804,0.8319047619047618,0.831904761904762,0.8019598869304422,0.7388858805047208,1702226469,0.6334642500000001,0.8451405,0.845,0.8451405,0.8451405,1702226469,2,0.8968289038396423,0.80044633,1.1306869,0.74693877,0.66832566,0.5999797,1.5391366,0.846,0.537,4.596,0.877,0,HQ,0.7704228837175815,0.8319047619047619,0.9534835401070061
8rlt,0,92.12013717632551,88.9145238095238,93.755,88.38619047619048,91.76183673469389,93.33166666666666,91.7376923076923,0.836,0.845,0.462,0.95573572958987,0.946495736099464,0.8234782608695653,0.8234782608695653,0.7969521719956953,0.7217877842812797,1702226469,0.63553725,0.8465995,0.845,0.8465995,0.8465995,1702226469,0,0.8973900864173356,0.82022315,1.2428303,0.47352788,0.66436505,0.5399238,1.5448426,0.833,0.63,3.794,0.815,0,HQ,0.7593699781384875,0.8234782608695653,0.951115732844667
8rlt,1,91.88799630086312,88.7845238095238,93.86916666666666,87.50095238095238,91.34244897959184,93.03111111111112,91.38142857142856,0.836,0.8474999999999999,0.452,0.9565156414473016,0.945217456859843,0.8591304347826086,0.8591304347826086,0.7977345979181059,0.711137040721278,1702226469,0.6350855,0.847069,0.8474999999999999,0.847069,0.847069,1702226469,1,0.897060997957594,0.85239154,1.213162,0.6652857,0.7202444,0.5417096,1.5324627,0.861,0.608,3.149,0.846,0,HQ,0.754435819319692,0.8591304347826086,0.9508665491535724
7n5c,2,92.39973234538031,89.83444444444446,85.12026315789474,88.25725,93.96125,92.28127659574469,88.77082191780823,0.8240000000000001,0.835,0.447,0.9630047258899556,0.9332413377037226,0.7841379310344827,0.7841379310344827,0.84618225637483,0.6550158151362538,3450779734,0.6429615,0.8302645,0.835,0.8302645,0.8302645,3450779734,2,0.8743631208848914,0.74578756,1.0216426,0.74527454,0.5984594,1.5062152,1.1772026,0.898,0.531,3.188,0.93,0,HQ,0.7505990357555419,0.7841379310344827,0.9481230317968391
7n5c,4,91.97877211553002,88.08925925925926,83.98421052631579,85.8585,93.1335,91.16297872340424,87.98397260273973,0.8039999999999999,0.8075,0.422,0.9519817983550756,0.916029850951996,0.7803125,0.7803125,0.8050640430699088,0.5758951427931938,3450779734,0.597525,0.8012325,0.8075,0.8012325,0.8012325,3450779734,4,0.858748928895829,0.9123776,1.2087637,0.91067636,0.7598106,1.431152,1.2652159,0.866,0.602,3.685,0.895,0,HQ,0.6904795929315513,0.7803125,0.9340058246535358
7n5c,3,92.4932254649932,89.68611111111112,84.73342105263157,88.785375,94.40475,92.77851063829787,89.56739726027398,0.8300000000000001,0.8425,0.46,0.9652218253052266,0.938965058683569,0.7876666666666666,0.7876666666666667,0.8533191474183626,0.6773006311217078,3450779734,0.65767825,0.841564,0.8425,0.841564,0.841564,3450779734,3,0.8824672802739435,0.76671994,1.0637858,0.71288794,0.61338264,1.5268676,1.1803253,0.873,0.693,3.079,0.912,0,HQ,0.7653098892700352,0.7876666666666667,0.9520934419943978
7n5c,1,92.1430182972932,88.55444444444446,84.68052631578946,83.144375,93.37925,91.54872340425533,88.22246575342466,0.8140000000000001,0.8225,0.403,0.9526955925240058,0.9196762809492453,0.7675,0.7675000000000001,0.8006253849023723,0.5753669530977937,3450779734,0.62263775,0.81674075,0.8225,0.81674075,0.81674075,3450779734,1,0.8661754722899153,1.0713995,1.3455038,2.2070372,0.6640605,2.332574,1.1864195,0.889,0.614,1.914,0.86,0,MQ,0.6879961690000831,0.7675000000000001,0.9361859367366255
7n5c,0,92.12639195523968,89.11037037037039,84.83421052631577,87.783625,93.701,91.69978723404256,88.72931506849315,0.812,0.825,0.438,0.9596670814792456,0.9293705601812868,0.7796969696969697,0.7796969696969696,0.8319843094852277,0.6382207868591866,3450779734,0.6246875000000001,0.8203985,0.825,0.8203985,0.8203985,3450779734,0,0.8676936535706015,0.87848383,1.2002301,0.8892423,0.7054783,1.4657352,1.2076899,0.876,0.608,3.233,0.895,0,HQ,0.7351025481722071,0.7796969696969696,0.9445188208302662
5wkh,1,91.9890598031794,80.124,71.30960784313726,89.9175,94.86875,93.28893617021276,92.21247311827956,0.826,0.825,0.606,0.9578078774736272,0.951140850743029,0.7975471698113207,0.7975471698113207,0.8228366206607447,0.7449518777622324,1658790204,0.60864125,0.81404075,0.825,0.81404075,0.81404075,1658790204,1,0.887762286774934,0.63664013,0.849398,0.8439342,0.53379077,0.7930179,0.9541788,0.874,0.862,2.3,0.939,0,HQ,0.7838942492114885,0.7975471698113207,0.9544743641083281
5wkh,0,91.95443149129449,81.1795,70.69901960784314,90.65953125,95.210625,93.73553191489364,92.84827956989248,0.842,0.8475,0.589,0.9601239502155096,0.9513984568918596,0.7787272727272727,0.7787272727272726,0.8340846542074293,0.7486034555128868,1658790204,0.63653025,0.8397220000000001,0.8475,0.8397220000000001,0.8397220000000001,1658790204,0,0.8972195227411701,0.6351987,0.8969275,0.5006117,0.55313414,0.81457573,0.96681666,0.851,0.792,3.408,0.909,0,HQ,0.791344054860158,0.7787272727272727,0.9557612035536847
5wkh,2,92.1316654049962,80.66375000000001,73.86725490196079,90.18578125,95.17875,93.58255319148935,92.6298924731183,0.8300000000000001,0.8325,0.6,0.9615680439134476,0.9551250270504098,0.7962962962962963,0.7962962962962963,0.8424096469138357,0.7676775500188995,1658790204,0.626279,0.8220455,0.8325,0.8220455,0.8220455,1658790204,2,0.8923615031065908,0.6348798,0.8911051,0.513686,0.55406076,0.8174455,0.92865777,0.851,1.0,1.939,0.909,0,HQ,0.8050435984663675,0.7962962962962963,0.9583465354819287
5wkh,4,92.05773202119606,80.27675,73.3864705882353,89.46890625,95.1290625,93.49085106382977,92.12483870967742,0.828,0.8300000000000001,0.602,0.95939992015647,0.9523801603937316,0.7923636363636364,0.7923636363636362,0.8305440040526814,0.745162187111193,1658790204,0.62228225,0.82009,0.8300000000000001,0.82009,0.82009,1658790204,4,0.8905918880660861,0.70439345,0.8522367,0.48711815,0.6764739,0.82557964,0.9626674,0.795,0.979,4.191,0.879,0,MQ,0.7878530955819372,0.7923636363636363,0.9558900402751008
5wkh,3,91.92703709311128,80.62899999999999,68.68725490196078,90.24921875,95.0278125,93.57744680851064,91.68182795698924,0.8220000000000001,0.8225,0.592,0.9607440345402916,0.9542873546284968,0.8077999999999999,0.8078,0.8362977347581576,0.7616435492303409,1658790204,0.60887075,0.80710075,0.8225,0.80710075,0.80710075,1658790204,3,0.8884333785316024,0.6024785,0.884758,0.50922686,0.50512326,0.8389013,0.91865504,0.855,1.027,1.345,0.909,0,HQ,0.7989706419942493,0.8077999999999999,0.9575156945843941
6rp9,2,90.48181859341986,65.24522727272728,78.80739130434783,65.05546511627908,75.20484848484848,77.01462962962962,64.9167469879518,0.528,0.3249999999999999,0.136,0.3633814645292559,0.3680282703609705,0.2408333333333333,0.2408333333333333,0.0260995297598263,0.0159286639706142,2794198840,0.01211175,0.3555359999999999,0.3249999999999999,0.19335025,0.19335025,2794198840,2,0.5888386621555302,2.9390264,5.7481365,3.6827397,1.0421606,6.5047045,5.602609,0.146,4.125,22.32,0.195,0,LQ,0.02101409686522025,0.2408333333333333,0.3657048674451132
6rp9,4,90.717624509508,65.9,78.4554347826087,67.98872093023257,78.19787878787879,78.87333333333333,70.19156626506023,0.532,0.3399999999999999,0.209,0.382094490634109,0.3830017153785476,0.3086046511627907,0.3086046511627907,0.0299585709102187,0.0171547471876738,2794198840,0.01228975,0.35787975,0.3399999999999999,0.19303475,0.19303475,2794198840,4,0.6042190813184317,2.3784742,4.5084586,3.5758522,0.8029564,5.738518,4.9152975,0.232,3.263,19.705,0.366,0,AQ,0.02355665904894625,0.3086046511627907,0.3825481030063283
6rp9,3,90.50121340175068,66.1,78.62434782608696,67.5517441860465,77.65333333333334,77.3101851851852,68.76734939759035,0.528,0.325,0.261,0.3880261670714797,0.383103039543048,0.2655172413793103,0.2655172413793104,0.030489309140971,0.0169213861765188,2794198840,0.0095575,0.2577645,0.325,0.190332,0.190332,2794198840,3,0.5956370856266612,2.426844,4.527064,3.6539655,0.9262334,6.4193087,4.9751964,0.33,3.291,13.558,0.537,0,AQ,0.0237053476587449,0.2655172413793103,0.38556460330726383
6rp9,1,90.78434651373377,65.87818181818182,79.13239130434783,66.17709302325582,78.18575757575756,78.26074074074074,70.73963855421687,0.538,0.345,0.243,0.3866743455889961,0.3786505438538712,0.2735849056603773,0.2735849056603773,0.0306000624932611,0.0166483834276855,2794198840,0.0125189999999999,0.362588,0.345,0.1989255,0.1989255,2794198840,1,0.6037112666603301,2.620824,4.756391,4.1671143,1.0786003,6.691161,5.045888,0.24,3.403,17.418,0.366,0,AQ,0.0236242229604733,0.2735849056603773,0.3826624447214336
6rp9,0,90.55918351946876,65.57863636363638,78.83521739130435,65.89744186046512,76.81818181818181,77.73166666666667,67.82734939759037,0.526,0.335,0.231,0.4059857913965231,0.3892011134990675,0.2944186046511628,0.2944186046511628,0.030635996231167,0.0162403381044412,2794198840,0.01238325,0.36047025,0.335,0.19928825,0.19928825,2794198840,0,0.5973959607638536,2.5368261,4.774332,4.008478,0.80930316,6.6703014,5.1522727,0.228,3.481,19.268,0.366,0,AQ,0.0234381671678041,0.2944186046511628,0.3975934524477953
5m02,1,92.56533865765628,96.4025,95.0996153846154,95.0156,94.15934782608696,92.86045454545454,95.37095238095236,0.8400000000000001,0.86,0.475,0.9744675172684782,0.956319943722606,0.8324999999999999,0.8324999999999999,0.9024527216147612,0.827636534660774,2594793813,0.669252,0.86177525,0.86,0.86177525,0.86177525,2594793813,1,0.8947674778122581,0.8770263,1.2502228,0.6820533,0.7790465,0.70046085,1.9511852,0.822,0.764,3.103,0.79,0,HQ,0.8650446281377676,0.8324999999999999,0.9653937304955421
5m02,0,92.72970511442176,96.46557692307694,94.84942307692307,95.15866666666666,94.15565217391304,92.74886363636364,95.47511904761905,0.852,0.87,0.482,0.9760880438028452,0.9605874257704586,0.8096666666666666,0.8096666666666666,0.9061436463550108,0.8393539446526999,2594793813,0.6871065,0.87186725,0.87,0.87186725,0.87186725,2594793813,0,0.906222043622302,0.9443347,1.2123741,0.56049836,0.89914703,0.5186235,1.9206085,0.852,0.748,1.945,0.806,0,HQ,0.8727487955038553,0.8096666666666666,0.968337734786652
5m02,2,92.6749777299954,96.5803846153846,95.15326923076924,95.20186666666667,94.05521739130432,92.31681818181818,95.50964285714284,0.8480000000000001,0.865,0.478,0.9756480864858452,0.959469877556958,0.8096666666666666,0.8096666666666666,0.9053357646742904,0.8378207229026653,2594793813,0.68197625,0.8677064999999999,0.865,0.8677064999999999,0.8677064999999999,2594793813,2,0.9029212738071748,0.91517377,1.2089071,0.6940252,0.8493908,0.69767404,1.9063178,0.84,0.749,2.059,0.774,0,HQ,0.8715782437884778,0.8096666666666666,0.9675589820214017
5m02,4,92.84113039471664,96.63423076923078,95.13076923076925,95.3116,94.4991304347826,93.37613636363636,95.6329761904762,0.852,0.87,0.481,0.9757706667192668,0.9567243163745136,0.7893103448275861,0.7893103448275861,0.9095892263963234,0.8318984830391023,2594793813,0.688159,0.8722255,0.87,0.8722255,0.8722255,2594793813,4,0.9042468348923756,0.9170628,1.2287188,0.68990844,0.8455642,0.71156603,1.8798351,0.806,0.758,3.14,0.742,0,HQ,0.8707438547177129,0.7893103448275861,0.9662474915468902
5m02,3,92.76639225925356,95.92096153846155,95.00307692307692,94.66773333333336,94.44347826086955,93.69863636363635,95.52952380952382,0.8539999999999999,0.87,0.477,0.9760094629190884,0.9567728758783932,0.8210344827586207,0.8210344827586207,0.905651216253872,0.8224767130644357,2594793813,0.69436675,0.873236,0.87,0.873236,0.873236,2594793813,3,0.9065131414264695,0.75289035,1.2149316,0.4271104,0.62012774,0.76030856,1.84794,0.781,0.834,3.982,0.758,0,MQ,0.8640639646591539,0.8210344827586207,0.9663911693987408
7byd,0,89.4915911179173,87.78037037037038,88.62342105263158,75.72692307692307,90.52914285714286,83.9720754716981,87.24789999999999,0.722,0.71,0.447,0.8778887060728437,0.847076063109624,0.6988679245283018,0.6988679245283018,0.4425376942153324,0.3154157336221911,3756292714,0.36809575,0.628525,0.71,0.628525,0.628525,3756292714,0,0.8709316349228645,0.93528837,1.4764713,0.9956388,0.71429193,6.028437,0.9593101,0.746,1.11,4.324,0.797,0,MQ,0.37897671391876175,0.6988679245283018,0.8624823845912339
7byd,1,89.64069525267993,88.74962962962964,88.83868421052632,77.94584615384615,91.36914285714286,83.4288679245283,87.99710000000003,0.724,0.7075,0.456,0.8792688402380531,0.883173323356217,0.7670731707317073,0.7670731707317073,0.4411609107475937,0.4600228784773246,3756292714,0.36754525,0.6256675,0.7075,0.6256675,0.6256675,3756292714,1,0.8724633687119034,0.92044,1.3646914,1.2517941,0.7231572,1.5346403,1.221684,0.748,1.077,4.404,0.797,0,MQ,0.4505918946124592,0.7670731707317073,0.8812210817971351
7byd,3,89.75050382848393,88.31148148148148,88.63342105263156,78.18138461538462,91.69628571428572,84.59094339622642,88.262,0.73,0.72,0.46,0.8702946740132648,0.8798048197064267,0.7154347826086958,0.7154347826086958,0.4086616263714505,0.4469139172721877,3756292714,0.37224175,0.637616,0.72,0.637616,0.637616,3756292714,3,0.8750093120200623,0.8786401,1.3305523,0.95088726,0.7002677,1.9518384,1.1908197,0.769,0.965,4.421,0.814,0,MQ,0.4277877718218191,0.7154347826086958,0.8750497468598457
7byd,4,89.61651301684532,88.57574074074073,89.02736842105263,79.15538461538462,91.87457142857144,84.1243396226415,88.2776,0.738,0.7275,0.45,0.8934495686375445,0.9003627577775277,0.749318181818182,0.7493181818181818,0.4843300193590504,0.4958877855786452,3756292714,0.3752645,0.64937025,0.7275,0.64937025,0.64937025,3756292714,4,0.876973320397859,0.8565919,1.2887917,0.8682988,0.6919663,1.0945501,1.2390038,0.758,1.066,4.522,0.831,0,MQ,0.4901089024688478,0.7493181818181819,0.8969061632075361
7byd,2,89.5421102603369,87.53999999999998,88.83026315789473,78.07507692307694,91.27714285714286,84.21169811320753,87.9455,0.728,0.72,0.464,0.8908948993477577,0.8848022254919131,0.7320000000000001,0.732,0.488326508960906,0.4269438392289583,3756292714,0.37057,0.6360755,0.72,0.6360755,0.6360755,3756292714,2,0.872191099168984,0.88754475,1.4182583,1.18955,0.64220124,1.3575357,1.4938399,0.753,0.998,4.648,0.797,0,MQ,0.45763517409493215,0.732,0.8878485624198353
7rm4,1,90.5224113156713,66.5462,73.35825396825399,65.7578823529412,82.8709375,73.30787234042553,70.46164835164835,0.5,0.2775,0.171,0.3078080589669051,0.3225333696413235,0.1908888888888888,0.1908888888888888,0.0205460212935741,0.0145378977514127,555131066,0.01155525,0.3479085,0.2775,0.16039575,0.16039575,555131066,1,0.5761750044450117,9.746893,18.822752,3.533054,3.4762082,5.8318167,20.56239,0.027,14.26,31.05,0.0,0,LQ,0.0175419595224934,0.1908888888888888,0.3151707143041143
7rm4,0,90.67258194881006,66.18520000000001,72.38444444444445,66.03529411764706,83.128125,72.58893617021276,71.44175824175825,0.48,0.24,0.117,0.3274967620634677,0.3395985908232484,0.1329411764705882,0.1329411764705882,0.0210580870541344,0.0148587542806813,555131066,0.0112545,0.3406335,0.24,0.1532115,0.1532115,555131066,0,0.5511330881398052,1.7449988,3.2913668,0.9053097,0.7253635,3.4623826,4.480886,0.436,1.841,5.517,0.204,0,AQ,0.01795842066740785,0.1329411764705882,0.33354767644335803
7rm4,2,90.90137554258344,69.6556,75.394126984127,67.30682352941177,83.67124999999999,74.78446808510637,71.46846153846154,0.534,0.33,0.177,0.3930156482114983,0.3931888066218714,0.2064444444444444,0.2064444444444444,0.0322307427098798,0.0187836257596912,555131066,0.01234625,0.36118975,0.33,0.18145475,0.18145475,555131066,2,0.613298512615354,9.548812,18.104786,3.973442,3.9406054,7.5093813,19.909828,0.028,13.155,30.408,0.0,0,LQ,0.0255071842347855,0.2064444444444444,0.3931022274166849
7rm4,4,90.47797635084568,65.1024,72.11349206349207,67.1050588235294,81.8828125,72.04617021276597,68.93208791208792,0.466,0.2175,0.242,0.2589484642933451,0.2731402530366933,0.0963636363636363,0.0963636363636363,0.0157076683939012,0.0133055637181779,555131066,0.0026835,0.068096,0.2175,0.1379604999999999,0.1379604999999999,555131066,4,0.5395739858389511,3.0014608,5.1930933,1.8924799,1.7981435,4.7902737,3.7111976,0.186,3.403,15.524,0.163,0,LQ,0.014506616056039551,0.0963636363636363,0.2660443586650192
7rm4,3,90.77420446041012,67.4422,72.45555555555555,68.39882352941177,83.72093749999999,73.38893617021276,73.06120879120878,0.488,0.2575,0.122,0.3306327679326521,0.3388443008001665,0.1202777777777777,0.1202777777777777,0.0217183714828517,0.0172538986131354,555131066,0.0117559999999999,0.3490952499999999,0.2575,0.16496775,0.16496775,555131066,3,0.5530856414844821,2.4118538,4.5373116,1.0254766,1.0493128,3.6188548,5.7013516,0.271,2.529,11.128,0.184,0,AQ,0.01948613504799355,0.1202777777777777,0.3347385343664093
6uon,0,91.91918289713938,82.42113636363636,91.245,86.59637500000001,88.03020833333335,86.43810810810812,87.67367647058823,0.774,0.76,0.388,0.8373833795317784,0.865205555646662,0.6883333333333334,0.6883333333333334,0.3203068023539284,0.3996658710689104,381930724,0.49840425,0.7142355,0.76,0.7142355,0.7142355,381930724,0,0.865624989527796,2.6612382,4.723751,3.417829,1.568393,5.1410093,4.0782585,0.33,3.629,10.552,0.45,0,AQ,0.3599863367114194,0.6883333333333334,0.8512944675892202
6uon,1,92.10625684723068,82.3331818181818,90.80565217391305,87.22549999999998,88.23583333333333,86.77324324324324,88.06235294117647,0.772,0.7575000000000001,0.389,0.817631140629581,0.8654440370569546,0.6849999999999999,0.685,0.280969953346851,0.4009787959364285,381930724,0.497795,0.7141065,0.7575000000000001,0.7141065,0.7141065,381930724,1,0.8670480673847205,2.556855,4.5106735,3.426065,1.4980314,4.9479947,3.8775287,0.348,3.434,10.229,0.475,0,AQ,0.3409743746416397,0.685,0.8415375888432678
6uon,4,92.02043822276325,82.44068181818183,90.8036956521739,87.06674999999998,88.104375,86.35729729729731,87.79220588235296,0.764,0.75,0.378,0.8232567620558349,0.8623257084225772,0.6730232558139535,0.6730232558139535,0.2930579490033318,0.3938979519607085,381930724,0.4801455,0.70560125,0.75,0.70560125,0.70560125,381930724,4,0.8588111703227607,2.705412,4.830349,3.574731,1.5483822,4.9825654,4.3140717,0.319,3.729,10.586,0.425,0,AQ,0.3434779504820201,0.6730232558139535,0.842791235239206
6uon,3,91.88921332927572,82.20545454545454,90.61173913043476,86.537375,87.83541666666667,86.27513513513513,87.60720588235294,0.768,0.75,0.374,0.8268955601663457,0.8634904557415345,0.6928571428571428,0.6928571428571428,0.3010418490380219,0.3929403895350202,381930724,0.47791025,0.698405,0.75,0.698405,0.698405,381930724,3,0.8597487510939957,2.5834024,4.572362,3.4620876,1.5011871,4.96435,3.9885771,0.33,3.526,10.15,0.425,0,AQ,0.34699111928652104,0.6928571428571428,0.84519300795394
6uon,2,91.860689287888,81.75681818181818,90.92043478260872,86.1215,87.541875,86.2637837837838,87.27117647058826,0.76,0.7375,0.374,0.8149635527188591,0.8483581412285843,0.6882051282051282,0.6882051282051282,0.2745413113129772,0.356085135545499,381930724,0.4562287499999999,0.68244575,0.7375,0.68244575,0.68244575,381930724,2,0.8540945803075525,2.638512,4.6564007,3.4925165,1.5542258,5.134075,4.0964723,0.355,3.508,9.208,0.45,0,AQ,0.31531322342923807,0.6882051282051282,0.8316608469737217
9rxm,4,80.53274299835256,76.94138888888887,83.32780000000001,64.16,78.42162162162163,78.32814814814816,74.15344086021504,0.54,0.39,0.169,0.3800589962626935,0.400823160116283,0.3073529411764705,0.3073529411764706,0.0289135492368184,0.0220296595613135,504653129,0.011588,0.3234114999999999,0.39,0.20783925,0.20783925,504653129,4,0.6621088303321415,3.0158942,5.818497,2.1157193,1.7832557,7.31933,4.5418787,0.162,3.965,16.573,0.152,0,LQ,0.02547160439906595,0.30735294117647055,0.39044107818948826
9rxm,3,81.33928006589785,78.3447222222222,84.9456,61.699534883720936,80.73810810810811,80.65351851851852,77.17602150537634,0.6060000000000001,0.5075000000000001,0.297,0.5807190235820652,0.5625244945004079,0.3,0.3,0.0884983384378739,0.0472644613919608,504653129,0.08770525,0.388714,0.5075000000000001,0.32641825,0.32641825,504653129,3,0.6926549770170891,2.880044,5.732636,2.0896316,1.5327575,7.2403755,4.5567493,0.226,3.954,12.646,0.242,1,LQ,0.06788139991491735,0.3,0.5716217590412365
9rxm,2,80.34522899505765,75.17027777777777,81.4556,58.3117441860465,79.1191891891892,78.85722222222222,73.41075268817202,0.534,0.38,0.201,0.4174677030930763,0.4166649751708868,0.3047826086956521,0.3047826086956522,0.0338460195818904,0.020975383293664,504653129,0.01252425,0.33886275,0.38,0.221412,0.221412,504653129,2,0.6552594697905749,2.0787294,3.947844,1.5757447,1.264725,4.6134353,3.4589446,0.322,2.776,9.947,0.318,1,AQ,0.0274107014377772,0.30478260869565216,0.41706633913198154
9rxm,0,79.43585337726525,70.48694444444445,77.1738,54.94790697674418,75.03702702702705,73.23518518518519,69.53989247311829,0.444,0.2225,0.144,0.2883864106179641,0.2844464819950603,0.0969999999999999,0.097,0.016992231999867,0.0128044782838002,504653129,0.0055375,0.16441725,0.2225,0.126337,0.126337,504653129,0,0.5838213428466649,7.934998,17.778193,1.9326757,1.967496,20.93008,10.954184,0.034,16.928,32.916,0.03,0,LQ,0.0148983551418336,0.09699999999999995,0.2864164463065122
9rxm,1,79.716392092257,71.29750000000001,76.8396,59.35197674418604,74.41432432432433,72.55055555555556,69.08419354838709,0.444,0.22,0.13,0.3070902613153952,0.3145926690688084,0.1124390243902438,0.1124390243902439,0.0173313721997248,0.0147159127852221,504653129,0.00525975,0.158723,0.22,0.12522475,0.12522475,504653129,1,0.5682259462002501,7.8471003,17.633411,1.8240765,1.8289219,20.8564,10.6898775,0.031,16.578,30.942,0.015,0,LQ,0.01602364249247345,0.11243902439024385,0.31084146519210176
4n5e,1,92.250329594478,81.1404081632653,95.40158730158728,85.95447368421053,96.22590909090908,95.76641025641024,96.88571428571429,0.798,0.8674999999999999,0.478,0.9554847118841044,0.9241684137670167,0.861875,0.861875,0.8459891036458318,0.6779394252400212,3368392227,0.6632972500000001,0.87333875,0.8674999999999999,0.87333875,0.87333875,3368392227,1,0.8896487895270249,1.0035071,1.5409101,1.1796587,0.7533345,1.9335545,0.7891534,0.8,0.877,1.99,0.706,0,MQ,0.7619642644429265,0.861875,0.9398265628255607
4n5e,0,92.60889559965489,82.13857142857144,96.09238095238096,87.90302631578949,96.34454545454548,96.01538461538462,97.22671428571428,0.8119999999999999,0.8825000000000001,0.503,0.954198581598608,0.9265922154429628,0.7653658536585366,0.7653658536585366,0.8394577848869713,0.6584270985469746,3368392227,0.683385,0.88520375,0.8825000000000001,0.88520375,0.88520375,3368392227,0,0.9015767764101776,0.95099664,1.2305281,1.0994654,0.8335767,1.2601573,0.78977823,0.838,0.837,2.607,0.838,0,HQ,0.748942441716973,0.7653658536585366,0.9403953985207854
4n5e,2,92.2607610008628,80.79591836734694,95.70238095238096,87.01776315789475,96.27977272727271,95.69820512820516,97.20728571428572,0.796,0.8725,0.501,0.9528870812074616,0.9202116928824944,0.7684210526315788,0.7684210526315788,0.834770386156553,0.6497085603194256,3368392227,0.66144275,0.8764905000000001,0.8725,0.8764905000000001,0.8764905000000001,3368392227,2,0.8886415987571874,0.8751361,1.0215455,1.1877161,0.78669715,1.0551823,0.82538265,0.875,0.658,1.679,0.824,0,HQ,0.7422394732379893,0.7684210526315788,0.9365493870449779
4n5e,4,92.3773097497843,81.05244897959183,95.63619047619046,87.34078947368421,96.39136363636366,96.1405128205128,97.26471428571428,0.8099999999999999,0.8825000000000001,0.507,0.9561434686740912,0.9261305198046486,0.7795,0.7795,0.8464888240245438,0.6681714117376393,3368392227,0.68806775,0.885906,0.8825000000000001,0.885906,0.885906,3368392227,4,0.8991273377656157,0.83892876,0.96872133,1.0804317,0.76674825,0.9935919,0.83972746,0.881,0.634,1.797,0.838,0,HQ,0.7573301178810916,0.7795,0.9411369942393699
4n5e,3,92.50368421052632,81.92469387755102,95.91984126984129,87.9667105263158,96.2434090909091,95.57871794871792,97.03557142857144,0.8019999999999999,0.8725,0.493,0.9627175478420528,0.9456597190408969,0.8903333333333333,0.8903333333333332,0.8660120536883573,0.7568737978259028,3368392227,0.66769925,0.8766357499999999,0.8725,0.8766357499999999,0.8766357499999999,3368392227,3,0.8899918621461035,0.8641324,1.0455605,1.2014239,0.75784683,1.1993111,0.95077765,0.859,0.667,1.697,0.779,0,HQ,0.8114429257571301,0.8903333333333332,0.9541886334414749
6vrn,4,91.9453968012186,73.35338709677416,65.2257142857143,72.30144329896908,78.1686,79.18913043478261,75.3352688172043,0.5780000000000001,0.3974999999999999,0.173,0.3669374783340989,0.3806841035524481,0.2351515151515151,0.2351515151515151,0.0305182826321327,0.0184917075565825,2142262490,0.01186025,0.34763375,0.3974999999999999,0.2180185,0.2180185,2142262490,4,0.6628756032384244,5.4007583,9.427501,3.3231564,3.1911476,8.928546,8.336732,0.089,6.463,21.07,0.075,0,LQ,0.0245049950943576,0.2351515151515151,0.3738107909432735
6vrn,3,91.96152018278752,73.06693548387096,66.56542857142855,72.26969072164948,78.2064,79.02804347826087,75.47387096774195,0.5660000000000001,0.38,0.157,0.3391218454575647,0.3555419723435674,0.2303225806451613,0.2303225806451613,0.0263798534836294,0.0163477517392816,2142262490,0.0095475,0.2973925,0.38,0.20522425,0.20522425,2142262490,3,0.6474696129767578,5.3134794,9.175272,3.3001761,3.237558,9.125299,8.388528,0.081,6.235,21.965,0.057,0,LQ,0.0213638026114555,0.2303225806451613,0.34733190890056603
6vrn,2,91.93176389946689,73.55499999999999,68.21657142857144,72.29886597938145,77.1886,78.20347826086956,73.02623655913978,0.5700000000000001,0.3875,0.168,0.3753329474170899,0.3773900092163528,0.2175675675675676,0.2175675675675675,0.0311953750451009,0.0174942867518474,2142262490,0.01255875,0.36045525,0.3875,0.2163225,0.2163225,2142262490,2,0.6552890906764783,5.238162,9.043343,3.365564,3.1808484,8.766027,7.6534734,0.082,6.258,23.35,0.075,1,LQ,0.02434483089847415,0.21756756756756757,0.37636147831672134
6vrn,0,92.11294440213253,73.70193548387097,65.60542857142856,72.85371134020617,77.4218,78.50478260869563,73.67032258064516,0.576,0.395,0.219,0.387428093789069,0.3929841257095033,0.223170731707317,0.223170731707317,0.0333678323023468,0.0192763636178244,2142262490,0.0130739999999999,0.3687745,0.395,0.22449975,0.22449975,2142262490,0,0.6587492078773564,4.906135,8.872206,2.7494347,2.5859318,7.7237687,6.878002,0.099,6.299,22.113,0.113,0,LQ,0.0263220979600856,0.223170731707317,0.39020610974928616
6vrn,1,91.6957776085301,72.42306451612903,65.42314285714285,71.68680412371134,76.771,75.09391304347828,74.19086021505376,0.518,0.2975,0.099,0.2743474934117828,0.2931830680311021,0.2188461538461538,0.2188461538461538,0.0187190098894025,0.0129622514441285,2142262490,0.0028575,0.10705775,0.2975,0.15787225,0.15787225,2142262490,1,0.596929250537078,5.436828,9.471997,3.2677803,3.240169,8.793202,8.304743,0.074,6.752,25.476,0.075,0,LQ,0.015840630666765502,0.2188461538461538,0.28376528072144247
7q9b,1,91.50711555959964,83.49659090909091,94.23456521739128,79.07266666666666,87.55617021276596,88.9379411764706,86.07934579439252,0.8160000000000001,0.8200000000000001,0.438,0.9418466176555788,0.8729819006823156,0.7632142857142858,0.7632142857142857,0.7923392944522167,0.4596137303448018,3825406127,0.619893,0.81650875,0.8200000000000001,0.81650875,0.81650875,3825406127,1,0.8754729644619865,2.783701,5.3273473,0.96775925,1.1685295,5.2728987,6.0624304,0.204,4.31,17.55,0.312,0,LQ,0.6259765123985093,0.7632142857142858,0.9074142591689471
7q9b,0,91.84065059144676,84.05340909090908,94.3991304347826,79.52799999999999,89.36702127659576,90.83823529411764,87.63644859813085,0.82,0.8225,0.464,0.9476082691494028,0.8835149509217474,0.767,0.7670000000000001,0.8170395719259856,0.5169639581138472,3825406127,0.62514075,0.818985,0.8225,0.818985,0.818985,3825406127,0,0.8777324398777507,2.7612722,5.289061,0.9575647,1.1520494,5.131473,6.0183096,0.193,4.154,18.388,0.287,0,LQ,0.6670017650199165,0.7670000000000001,0.915561610035575
7q9b,2,91.59649681528664,83.61431818181819,94.31913043478262,78.51422222222222,88.41297872340427,89.70205882352943,86.60616822429905,0.8099999999999999,0.8125,0.449,0.9382208674041248,0.8660787330434123,0.7466666666666667,0.7466666666666668,0.7886069585607125,0.4571222077649005,3825406127,0.603986,0.80675825,0.8125,0.80675825,0.80675825,3825406127,2,0.8700795106200183,2.742416,5.263767,0.9510054,1.1270201,5.1731157,6.088583,0.203,4.11,17.47,0.3,0,LQ,0.6228645831628065,0.7466666666666668,0.9021498002237686
7q9b,3,91.8956490749166,84.14431818181819,94.80652173913045,79.65044444444443,88.83212765957448,90.33294117647058,87.36523364485981,0.8220000000000001,0.8275,0.431,0.945364857503346,0.8735097625589994,0.7703571428571429,0.7703571428571427,0.8136914696972447,0.4845998605099986,3825406127,0.6285845,0.8212585,0.8275,0.8212585,0.8212585,3825406127,3,0.881317523937895,2.7646995,5.275867,0.96559733,1.1835207,5.3724008,6.129573,0.195,4.101,18.901,0.3,0,LQ,0.6491456651036216,0.7703571428571427,0.9094373100311727
7q9b,4,91.82573855019716,84.02886363636364,94.70739130434782,79.298,88.9776595744681,90.06794117647058,87.17514018691588,0.8140000000000001,0.8175,0.448,0.9404532144350491,0.8690881171177272,0.7629629629629631,0.7629629629629628,0.7973241874412689,0.4724226850975179,3825406127,0.616986,0.81304975,0.8175,0.81304975,0.81304975,3825406127,4,0.8751251412263035,2.7613683,5.267082,1.0110806,1.1819029,5.3176646,6.0288424,0.204,4.026,17.476,0.3,0,LQ,0.6348734362693934,0.762962962962963,0.9047706657763881
5hhm,0,91.72279139072847,94.72250000000004,95.73511111111112,95.36590163934426,96.93846153846157,96.4658695652174,95.97045454545454,0.8539999999999999,0.8725,0.544,0.9720906464079012,0.9712617915060324,0.8446511627906973,0.8446511627906976,0.8958383414775384,0.8892513050385598,1756263994,0.663037,0.8728575000000001,0.8725,0.8661855,0.8661855,1756263994,0,0.906456541569636,0.7367754,1.2123667,0.69831014,0.5252408,0.89764607,0.62695956,0.872,0.487,4.914,0.961,0,HQ,0.8925448232580491,0.8446511627906974,0.9716762189569668
5hhm,1,91.02439735099335,94.54277777777776,95.13555555555556,95.00819672131148,96.58230769230772,95.98130434782608,95.47886363636364,0.828,0.8425,0.535,0.9712383220415016,0.96575966002085,0.8414285714285713,0.8414285714285715,0.8932263577460032,0.871049817367137,1756263994,0.632666,0.85670025,0.8425,0.83192025,0.83192025,1756263994,1,0.9010867068286128,0.7661828,0.9018194,0.8746898,0.7090344,0.97732335,0.7706105,0.865,0.521,4.483,0.922,0,HQ,0.8821380875565701,0.8414285714285714,0.9684989910311759
5hhm,3,91.52171523178808,95.085,95.71311111111112,95.6665573770492,96.85435897435896,96.35608695652174,95.85295454545454,0.8480000000000001,0.8625,0.529,0.9726184992986264,0.9711465489003326,0.8584210526315791,0.8584210526315789,0.9006975186833013,0.8905667659614659,1756263994,0.6618415,0.87459625,0.8625,0.8594155,0.8594155,1756263994,3,0.9005944519671732,0.61279815,0.85718036,0.6799137,0.5111278,0.87371874,0.753085,0.874,0.457,4.428,0.922,0,HQ,0.8956321423223836,0.858421052631579,0.9718825240994795
5hhm,4,91.17559602649008,94.6538888888889,95.3077777777778,95.00245901639344,96.6297435897436,96.02630434782608,95.53988636363636,0.8300000000000001,0.8475,0.535,0.9700423495290854,0.9648816328626,0.8607142857142857,0.8607142857142859,0.8899516811598622,0.8690178759928212,1756263994,0.63426075,0.85639625,0.8475,0.835279,0.835279,1756263994,4,0.8901714733054594,0.7849219,0.92717946,0.99713486,0.71182394,1.0133898,0.7306428,0.907,0.524,3.586,0.98,0,HQ,0.8794847785763418,0.8607142857142858,0.9674619911958426
5hhm,2,91.66523344370862,95.10694444444444,95.76266666666666,95.67704918032786,96.83589743589744,96.33956521739132,95.98034090909093,0.8480000000000001,0.8625,0.546,0.969543911447636,0.968477934315054,0.8789999999999999,0.8789999999999999,0.8915404035286825,0.8849490106575452,1756263994,0.65208,0.86967525,0.8625,0.8538825,0.8538825,1756263994,2,0.8988506617430223,0.5746897,0.7936323,0.6940758,0.47650963,0.77448994,0.6909816,0.855,0.507,4.948,0.922,0,HQ,0.8882447070931139,0.8789999999999999,0.969010922881345
7n2s,0,87.68630181648813,75.54085106382979,76.88120689655173,73.30818181818182,79.52812499999999,78.17629629629629,73.39876288659794,0.502,0.2925,0.147,0.4153814788892618,0.3958281742995195,0.2213636363636363,0.2213636363636363,0.0324305242736325,0.0183141189697139,640330079,0.01323,0.36491,0.2925,0.19346475,0.19346475,640330079,0,0.5920352254736821,2.529959,5.09574,0.9052329,1.3362026,3.325006,5.6029162,0.221,3.747,12.594,0.212,0,LQ,0.025372321621673202,0.2213636363636363,0.4056048265943907
7n2s,1,87.56679863375253,74.65361702127659,76.45224137931034,72.37488636363636,78.8365625,77.76407407407407,72.0159793814433,0.496,0.2725,0.137,0.3798836669355087,0.3654035533889317,0.1817021276595744,0.1817021276595745,0.0269371334932565,0.0169028846986659,640330079,0.009701,0.25533575,0.2725,0.17880225,0.17880225,640330079,1,0.5852511202645989,2.9223232,5.9105406,1.2732773,1.50232,3.7720046,6.9390635,0.208,4.443,11.45,0.167,1,LQ,0.0219200090959612,0.18170212765957444,0.3726436101622202
7n2s,4,87.5138984629716,74.92638297872338,76.21655172413793,72.31272727272727,78.894375,77.71259259259259,72.42185567010308,0.49,0.2725,0.143,0.3977474725137879,0.3926338759312692,0.2354054054054054,0.2354054054054054,0.028529892851829,0.0182718225129237,640330079,0.01264525,0.3558265,0.2725,0.1797675,0.1797675,640330079,4,0.5762938745165205,3.5764122,7.3861785,1.2054992,1.6986189,5.2076077,7.531744,0.12,5.92,15.222,0.061,0,LQ,0.02340085768237635,0.2354054054054054,0.3951906742225285
7n2s,3,87.70804688712933,75.25978723404255,76.61775862068964,72.44875,79.016875,77.67629629629627,72.47639175257731,0.488,0.2675,0.159,0.3735570029010705,0.372935164829097,0.1983333333333333,0.1983333333333333,0.026233553817062,0.0165757234075126,640330079,0.0094325,0.25108625,0.2675,0.17621225,0.17621225,640330079,3,0.5768609979255102,3.8465319,8.001882,1.24253,1.7630352,5.364935,8.018195,0.107,6.539,16.419,0.061,0,LQ,0.0214046386122873,0.1983333333333333,0.37324608386508373
7n2s,2,88.02977332712312,75.32276595744682,76.28017241379311,73.12227272727273,79.2821875,77.67370370370371,72.86938144329898,0.512,0.295,0.2,0.3740758990175786,0.3798439161427652,0.1686274509803921,0.1686274509803921,0.0261794345283703,0.0183651230882859,640330079,0.0135025,0.37053425,0.295,0.19714475,0.19714475,640330079,2,0.5937670148751705,3.5825717,7.4602757,1.28512,1.6241279,5.6159244,7.7548885,0.136,5.984,14.395,0.091,0,LQ,0.0222722788083281,0.1686274509803921,0.3769599075801719
1mwa,2,90.37748243201956,85.52204081632655,93.07349206349208,87.4321875,94.45238095238096,95.1237837837838,94.38703703703705,0.8220000000000001,0.8525,0.579,0.9669506228028728,0.9403371719959296,0.8244827586206898,0.8244827586206898,0.8554100157461563,0.6844046182853222,2637256959,0.68920025,0.85424625,0.8525,0.85424625,0.85424625,2637256959,2,0.8852530815233148,0.98619115,1.1443596,1.1568142,0.893349,1.0063124,0.76069856,0.899,0.565,2.834,0.922,1,HQ,0.7699073170157392,0.8244827586206898,0.9536438973994013
1mwa,3,90.40085853956614,86.50714285714287,93.0173015873016,89.55265625,94.65666666666668,95.29594594594596,94.46074074074072,0.8240000000000001,0.855,0.591,0.970632866881678,0.9490666479420076,0.8264406779661018,0.8264406779661018,0.867136597682855,0.7266565048347446,2637256959,0.69075975,0.85666425,0.855,0.85666425,0.85666425,2637256959,3,0.88531871842443,0.9834046,1.1450788,1.1423997,0.8904482,1.2119114,0.92027354,0.906,0.532,2.72,0.922,0,HQ,0.7968965512587998,0.8264406779661018,0.9598497574118428
1mwa,4,90.48332569508096,86.05122448979593,93.16761904761908,87.99562499999999,94.68857142857142,95.26675675675676,94.54351851851852,0.8320000000000001,0.86,0.582,0.9702925792690366,0.944773361960867,0.8278947368421053,0.8278947368421053,0.8673599215569062,0.704603411178616,2637256959,0.70440525,0.8643745,0.86,0.8643745,0.8643745,2637256959,4,0.8913812471199098,0.97909456,1.1080853,1.1379758,0.9023315,1.0196095,0.9152137,0.907,0.537,2.612,0.922,0,HQ,0.7859816663677611,0.8278947368421053,0.9575329706149518
1mwa,1,90.4312037885732,85.01897959183674,92.88841269841272,86.93921875000001,94.48595238095238,95.10216216216216,94.15388888888891,0.828,0.855,0.57,0.9663670122517608,0.9389892591405876,0.8325423728813561,0.832542372881356,0.8517318180386274,0.6764610839229516,2637256959,0.6930780000000001,0.85666375,0.855,0.85666375,0.85666375,2637256959,1,0.8871031505694292,0.9707121,1.1364969,1.1538312,0.87192327,0.9840182,0.7664896,0.914,0.579,1.934,0.922,1,HQ,0.7640964509807895,0.8325423728813561,0.9526781356961742
1mwa,0,90.24889703635807,86.09367346938775,93.10015873015874,89.26374999999999,94.46023809523808,95.04729729729728,94.22833333333335,0.818,0.85,0.595,0.9698243117279438,0.9474512949036696,0.8137931034482759,0.8137931034482759,0.8629115395661705,0.7185617609776611,2637256959,0.6848062500000001,0.8539875,0.85,0.8539875,0.8539875,2637256959,0,0.8839556554305323,1.003094,1.211882,1.1366447,0.8894889,1.2297333,0.74963456,0.86,0.607,4.065,0.906,0,HQ,0.7907366502719158,0.8137931034482759,0.9586378033158067
5nht,4,91.72085839504308,90.42295454545454,96.07739130434784,95.7867857142857,94.84358974358972,93.20695652173912,95.23988095238094,0.8800000000000001,0.8975,0.612,0.9848507443020104,0.9766431857364948,0.9195555555555556,0.9195555555555556,0.9346645938022556,0.8912664774975994,3253993539,0.74834825,0.903172,0.8975,0.903172,0.903172,3253993539,4,0.9193125360471388,0.73331964,0.9224214,0.6979329,0.66388,0.4084304,0.7956109,0.873,0.544,3.028,0.848,0,HQ,0.9129655356499276,0.9195555555555556,0.9807469650192526
5nht,3,91.5639202055312,90.35704545454546,96.21630434782608,96.36821428571427,95.03564102564104,93.1391304347826,95.50119047619047,0.8779999999999999,0.895,0.611,0.9836561069542354,0.9755855874965532,0.8776470588235293,0.8776470588235293,0.9319366880630884,0.8928428547816167,3253993539,0.74017975,0.89892975,0.895,0.89892975,0.89892975,3253993539,3,0.9187836299472378,0.73847586,1.0399917,0.6318417,0.62049246,0.6814762,1.0815264,0.876,0.57,2.237,0.818,0,HQ,0.9123897714223526,0.8776470588235293,0.9796208472253943
5nht,2,91.5515278827263,90.4759090909091,96.00043478260868,96.1175,94.8074358974359,93.1908695652174,95.17928571428573,0.876,0.895,0.612,0.9834196272291916,0.9744411166376318,0.9179591836734692,0.9179591836734696,0.9312878343060156,0.8861692738497132,3253993539,0.73880275,0.8984825,0.895,0.8984825,0.8984825,3253993539,2,0.9154418053243418,0.7146684,0.8916195,0.690708,0.6492051,0.6045137,0.82592595,0.899,0.544,1.251,0.833,0,HQ,0.9087285540778645,0.9179591836734694,0.9789303719334117
5nht,0,91.46028562792806,90.58090909090907,96.2,96.43964285714286,95.10846153846155,93.27434782608698,95.53369047619049,0.8779999999999999,0.8975,0.611,0.9842125677283466,0.976064135328932,0.8987755102040816,0.8987755102040818,0.9339489294359336,0.8957692822744496,3253993539,0.74222175,0.90119075,0.8975,0.90119075,0.90119075,3253993539,0,0.918159907767659,0.7354374,0.9206544,0.8016842,0.6564719,0.66167897,0.89379036,0.851,0.554,3.271,0.803,0,HQ,0.9148591058551916,0.8987755102040818,0.9801383515286393
5nht,1,91.7690237267644,90.0775,96.1463043478261,95.5917857142857,94.79128205128208,92.96347826086956,95.04928571428572,0.8779999999999999,0.895,0.601,0.9837066674920852,0.9734882640249918,0.8935416666666667,0.8935416666666667,0.9288582728403944,0.8793479180383443,3253993539,0.74253625,0.899428,0.895,0.899428,0.899428,3253993539,1,0.9197679354953066,0.7753956,1.0171436,0.81994706,0.6731289,0.5158927,1.0184617,0.85,0.627,2.398,0.773,0,HQ,0.9041030954393694,0.8935416666666667,0.9785974657585386
6vqo,0,92.26811383590676,89.78235294117648,88.31651162790696,83.24257731958761,93.26957446808512,89.87644444444443,91.35409090909091,0.782,0.7625,0.369,0.9036360757194092,0.8680212546836029,0.6722222222222222,0.6722222222222223,0.6759832706777442,0.4147382946211388,1972653730,0.47372225,0.7202554999999999,0.7625,0.71688975,0.71688975,1972653730,0,0.841096230915415,2.6754384,4.8253365,1.3914729,1.5107172,5.308183,4.539481,0.29,3.369,14.421,0.447,0,AQ,0.5453607826494415,0.6722222222222223,0.885828665201506
6vqo,1,92.26435815924916,89.78960784313726,87.3006976744186,82.9862886597938,92.61063829787234,89.17222222222222,90.76545454545456,0.7779999999999999,0.755,0.344,0.8971438227051957,0.8587198506577803,0.6822222222222222,0.6822222222222223,0.650295130199937,0.3821621711539808,1972653730,0.46579775,0.7240245,0.755,0.7162044999999999,0.7162044999999999,1972653730,1,0.8359594365119367,2.7314723,4.934182,1.4660262,1.529093,5.3058085,4.692274,0.28,3.496,16.226,0.468,0,AQ,0.5162286506769589,0.6822222222222223,0.877931836681488
6vqo,4,92.57602179836512,90.22627450980391,88.38837209302324,84.46030927835051,93.04893617021276,88.36155555555554,91.69715909090912,0.7859999999999999,0.7675,0.349,0.9082933253567492,0.8777402047050425,0.6611538461538462,0.6611538461538462,0.6829616155452743,0.4467388521380786,1972653730,0.4838599999999999,0.7343805,0.7675,0.7282425,0.7282425,1972653730,4,0.8420378664031659,2.7608726,5.0433636,1.4221269,1.4891877,5.559896,4.605773,0.267,3.558,16.858,0.447,1,AQ,0.5648502338416765,0.6611538461538462,0.8930167650308959
6vqo,3,92.36015289131092,90.08078431372547,88.46046511627907,83.41061855670102,93.11978723404256,89.39177777777778,90.6206818181818,0.7779999999999999,0.7625,0.351,0.9041597779545012,0.8661336209020237,0.678076923076923,0.6780769230769231,0.67574122018866,0.4128749963025756,1972653730,0.47197025,0.7271595,0.7625,0.72098375,0.72098375,1972653730,3,0.8385298214627454,2.7173874,4.892759,1.5006974,1.5339756,5.4017854,4.629203,0.272,3.464,15.455,0.426,0,AQ,0.5443081082456178,0.678076923076923,0.8851466994282624
6vqo,2,92.17147441719648,89.06607843137255,87.66348837209301,82.46432989690723,92.65404255319147,88.66933333333333,90.04920454545454,0.758,0.73,0.32,0.8603752521209347,0.8209940606088691,0.6907692307692307,0.6907692307692308,0.5465788130304395,0.2939339456749705,1972653730,0.41844625,0.679898,0.73,0.67140475,0.67140475,1972653730,2,0.817408603602615,2.6116493,4.6748123,1.3502785,1.5132616,5.0588007,4.435436,0.275,3.302,15.637,0.426,0,AQ,0.420256379352705,0.6907692307692308,0.840684656364902
5nme,2,93.43322333883306,87.29704545454545,94.3141304347826,95.15308641975308,94.18657894736845,92.9165,96.19885057471264,0.86,0.8775,0.591,0.9792210555209772,0.9719004286446846,0.8190000000000001,0.8190000000000002,0.9136870428517742,0.8708594051851483,1590223274,0.71161825,0.87879725,0.8775,0.87879725,0.87879725,1590223274,2,0.9139384665802154,0.78729194,0.92501104,0.9773996,0.7196139,0.955513,0.75764996,0.854,0.643,4.108,0.907,0,HQ,0.8922732240184612,0.8190000000000002,0.975560742082831
5nme,4,93.31380230988452,86.78931818181819,94.13478260869567,94.94111111111113,94.0463157894737,92.94066666666664,96.08919540229886,0.86,0.8775,0.59,0.97961536945459,0.9722920510692028,0.8125,0.8125,0.9134550220922872,0.8685721578289474,1590223274,0.71355375,0.87916275,0.8775,0.87916275,0.87916275,1590223274,4,0.914638531260309,0.7954323,1.0060972,0.96044254,0.70326287,0.90698326,0.7798547,0.856,0.648,3.816,0.893,0,HQ,0.8910135899606173,0.8125,0.9759537102618965
5nme,3,92.90930703464826,85.70545454545456,93.42065217391304,93.73197530864198,91.85394736842105,88.0585,93.9796551724138,0.842,0.8525,0.54,0.9726548823562878,0.9602640839398408,0.8145652173913043,0.8145652173913046,0.8771317754009291,0.7919981489531833,1590223274,0.676817,0.85411825,0.8525,0.85411825,0.85411825,1590223274,3,0.9004901444398988,0.76306075,0.91571355,0.91865635,0.69435304,0.84298176,0.7149104,0.824,0.665,4.301,0.84,0,HQ,0.8345649621770562,0.8145652173913045,0.9664594831480643
5nme,1,93.44390130493476,87.56409090909091,94.42108695652172,95.23185185185186,94.22131578947368,92.16183333333332,96.10758620689656,0.8640000000000001,0.8825000000000001,0.58,0.9795362552978164,0.9732292259287312,0.8125,0.8125,0.913289941410728,0.8718437307999709,1590223274,0.72713275,0.8849622500000001,0.8825000000000001,0.8849622500000001,0.8849622500000001,1590223274,1,0.9172467076225124,0.7766388,0.8719056,0.994674,0.71995276,0.8830696,0.73188406,0.837,0.648,4.588,0.893,0,HQ,0.8925668361053494,0.8125,0.9763827406132738
5nme,0,93.19923503824808,87.6565909090909,93.17869565217394,94.68888888888888,93.155,90.42833333333334,95.48551724137928,0.8560000000000001,0.8674999999999999,0.568,0.9768307861091154,0.9689614446891104,0.7929787234042552,0.7929787234042556,0.9010085997750787,0.8466656220256659,1590223274,0.7009715,0.87175425,0.8674999999999999,0.87175425,0.87175425,1590223274,0,0.9122462990353049,0.74213517,0.7993113,1.0463104,0.6849441,0.8711024,0.6879281,0.883,0.48,3.224,0.867,0,HQ,0.8738371109003723,0.7929787234042553,0.9728961153991129
7n2o,3,92.51654803197104,93.80170212765957,88.79603448275863,87.64740740740743,93.7003125,90.73555555555556,91.72229166666666,0.8320000000000001,0.845,0.534,0.9549862689732644,0.9158340084223888,0.6673584905660377,0.6673584905660377,0.8200762406740473,0.572775147085179,2523115923,0.6236269999999999,0.83698175,0.845,0.83698175,0.83698175,2523115923,3,0.8865606086935403,1.0624741,1.8993828,0.67096394,0.69157994,2.9174209,1.5948102,0.599,1.383,4.694,0.492,0,MQ,0.6964256938796132,0.6673584905660377,0.9354101386978266
7n2o,4,92.66636555572312,93.6563829787234,88.80362068965518,87.68222222222222,93.8590625,91.27259259259262,91.3434375,0.8320000000000001,0.8425,0.527,0.9528492649846736,0.9181338102999697,0.6579629629629629,0.657962962962963,0.81111414406263,0.5819056818078747,2523115923,0.62498025,0.8359265,0.8425,0.8359265,0.8359265,2523115923,4,0.8856155887796682,1.113035,2.025321,0.651838,0.7003031,3.088822,1.4596738,0.637,1.431,3.153,0.508,0,MQ,0.6965099129352523,0.6579629629629629,0.9354915376423216
7n2o,2,92.93074800180968,93.8731914893617,89.1191379310345,87.62444444444445,94.4184375,91.27870370370368,92.28781250000002,0.8480000000000001,0.8625,0.514,0.9535010863969414,0.9137364594419494,0.696,0.6960000000000001,0.8146033922728363,0.5558761632591784,2523115923,0.66005175,0.857151,0.8625,0.857151,0.857151,2523115923,2,0.9001689105953017,1.0210013,1.7698529,0.6224939,0.7086521,2.6831195,1.6174186,0.61,1.258,5.316,0.525,0,MQ,0.6852397777660073,0.696,0.9336187729194454
7n2o,0,92.55665812094706,93.49851063829789,88.96241379310344,87.22685185185185,93.963125,91.22111111111111,91.7090625,0.8400000000000001,0.8525,0.53,0.9563838856656426,0.9211188838213548,0.6626415094339622,0.6626415094339622,0.8251593851366734,0.5831711520779154,2523115923,0.6399265000000001,0.8469107499999999,0.8525,0.8469107499999999,0.8469107499999999,2523115923,0,0.8881673150981781,1.0697966,1.9316224,0.6696094,0.6814473,2.9324985,1.5413673,0.582,1.399,5.739,0.525,0,MQ,0.7041652686072943,0.6626415094339622,0.9387513847434987
7n2o,1,92.59603830493138,94.19382978723404,88.44689655172412,87.95648148148148,94.02156250000002,90.73574074074077,92.51166666666666,0.834,0.85,0.523,0.9590356144054404,0.9304400262202954,0.8049999999999999,0.805,0.8360520213540126,0.6597837713733321,2523115923,0.6279027500000001,0.83848525,0.85,0.83848525,0.83848525,2523115923,1,0.8871919199662133,1.0221865,1.8321664,0.69002163,0.6570199,2.5817182,1.5618439,0.609,1.189,5.298,0.492,0,MQ,0.7479178963636723,0.8049999999999999,0.9447378203128679
6bj3,1,93.34164389731272,92.4012676056338,89.84490566037736,90.44833333333332,91.8065,87.07297297297298,91.8210891089109,0.8379999999999999,0.8425,0.503,0.9744419225218464,0.948750040343762,0.8116666666666665,0.8116666666666665,0.8693704195903135,0.7064654175200873,876620493,0.6628594999999999,0.845959,0.8425,0.845959,0.845959,876620493,1,0.896461711389154,0.9098651,1.1515522,0.68523073,0.83422554,0.52203226,1.0183175,0.816,0.998,3.141,0.875,0,HQ,0.7879179185552003,0.8116666666666665,0.9615959814328041
6bj3,0,93.27299204323675,92.07845070422536,89.51943396226417,90.2401388888889,91.72575,86.79270270270271,91.6861386138614,0.8400000000000001,0.845,0.517,0.9728483172860356,0.9440022497539928,0.8133333333333335,0.8133333333333335,0.8640050171546385,0.6830555081129144,876620493,0.665475,0.849173,0.845,0.849173,0.849173,876620493,0,0.8976487407472119,1.0220174,1.3592267,0.7811626,0.9037541,0.8062016,0.9887967,0.799,1.077,2.96,0.844,1,MQ,0.7735302626337764,0.8133333333333335,0.9584252835200142
6bj3,2,93.26692838913075,91.91985915492955,89.65000000000002,89.40777777777778,91.67175,86.90324324324324,91.35841584158416,0.8400000000000001,0.8474999999999999,0.509,0.9735782064819772,0.9428883357421312,0.8151111111111111,0.8151111111111112,0.8656901281689036,0.6761890469800776,876620493,0.6704345,0.8501385,0.8474999999999999,0.8501385,0.8501385,876620493,2,0.8997095188739918,0.9550075,1.2150682,0.46855244,0.89044315,0.62678856,0.89649093,0.823,0.987,2.404,0.844,0,HQ,0.7709395875744907,0.8151111111111111,0.9582332711120543
6bj3,4,93.14986488515238,92.39549295774648,90.24792452830188,90.16611111111112,91.77325,87.73027027027027,91.54920792079209,0.836,0.8425,0.499,0.9736237724507107,0.9445550634281308,0.8278571428571427,0.827857142857143,0.8722399712548262,0.6930502612773298,876620493,0.6573145,0.84439875,0.8425,0.84439875,0.84439875,876620493,4,0.8954037926825579,0.89047366,1.0811259,0.6884308,0.8357959,0.7604581,0.67267114,0.849,0.988,1.742,0.891,0,HQ,0.782645116266078,0.8278571428571428,0.9590894179394207
6bj3,3,93.20321573337336,92.01999999999998,89.13735849056603,89.83569444444444,91.6335,86.81216216216214,91.4183168316832,0.8400000000000001,0.845,0.511,0.9724993572122884,0.9398207779199276,0.8018604651162788,0.801860465116279,0.8574123465920498,0.6624741418380101,876620493,0.66688475,0.8479095000000001,0.845,0.8479095000000001,0.8479095000000001,876620493,3,0.8962099852290163,0.98766357,1.3328558,0.61922854,0.8746786,0.8277789,0.9349126,0.794,1.07,3.217,0.844,0,MQ,0.75994324421503,0.8018604651162788,0.9561600675661079
7qpj,0,92.5994033015296,90.38463414634148,95.6608888888889,92.140125,92.44108695652174,91.64852941176471,94.522,0.8539999999999999,0.87,0.572,0.9771732108657428,0.9714799372674934,0.7283720930232558,0.7283720930232558,0.8972239600462948,0.8601656023823167,2352682241,0.7205090000000001,0.87221825,0.87,0.87221825,0.87221825,2352682241,0,0.910216717756544,0.77501154,1.1037174,1.1012673,0.56371444,1.1189002,1.4357944,0.905,0.517,1.208,0.841,0,HQ,0.8786947812143058,0.7283720930232558,0.974326574066618
7qpj,1,92.49077994850823,89.94219512195122,95.53933333333332,91.9145,91.9608695652174,91.2858823529412,94.0826153846154,0.852,0.865,0.557,0.9771091664418649,0.9715449430577568,0.7486046511627906,0.7486046511627908,0.8931610674242604,0.8537234600856836,2352682241,0.716388,0.86946725,0.865,0.86946725,0.86946725,2352682241,1,0.9097576639857566,0.8727932,1.3702831,1.0394355,0.5708096,1.8552296,1.509704,0.885,0.513,1.28,0.783,0,HQ,0.8734422637549719,0.7486046511627907,0.9743270547498109
7qpj,3,92.75465545963957,90.57341463414636,96.08177777777776,92.70375,93.1063043478261,92.93911764705882,94.56307692307696,0.8560000000000001,0.87,0.549,0.9776481545634008,0.972212098703956,0.773076923076923,0.773076923076923,0.9048274900899064,0.8691612712021571,2352682241,0.7258830000000001,0.875929,0.87,0.875929,0.875929,2352682241,3,0.9131208516544306,0.68395406,0.9201015,1.1175332,0.5055241,0.7760964,1.3204385,0.863,0.471,3.125,0.797,0,HQ,0.8869943806460318,0.773076923076923,0.9749301266336784
7qpj,4,92.486004846282,89.99658536585365,94.98177777777778,91.659125,91.4995652173913,90.2941176470588,93.68123076923077,0.844,0.8575,0.558,0.9741269950497272,0.9673010865555774,0.716304347826087,0.716304347826087,0.8784848039140325,0.8329333517515302,2352682241,0.7032435,0.8597772499999999,0.8575,0.8597772499999999,0.8597772499999999,2352682241,4,0.9035814034034694,0.808506,1.0798814,1.1414971,0.6367498,1.0348315,1.4459758,0.896,0.567,1.434,0.841,0,HQ,0.8557090778327814,0.716304347826087,0.9707140408026523
7qpj,2,92.33179009541118,89.16780487804877,94.202,91.361,90.43739130434784,89.85617647058824,93.07646153846154,0.8379999999999999,0.845,0.569,0.970018405253314,0.964033789319789,0.7217021276595745,0.7217021276595745,0.8537546236656148,0.8107422600033583,2352682241,0.6856175,0.8499005,0.845,0.8499005,0.8499005,2352682241,2,0.8972509755871825,0.9114605,1.297674,1.1709882,0.6849115,1.3524834,1.4181602,0.865,0.626,2.047,0.797,0,HQ,0.8322484418344865,0.7217021276595745,0.9670260972865514
8gom,0,89.23179878971254,69.71216666666666,67.93385714285712,75.26465517241378,77.77852941176471,74.58816326530612,67.90970297029703,0.458,0.2225,0.183,0.1773065503510836,0.2213165661514982,0.163076923076923,0.1630769230769231,0.011707599421294,0.0116124047014754,2082819952,0.0,0.0,0.2225,0.10706175,0.10706175,2082819952,0,0.5392847057427914,2.0567002,3.2168393,3.3085885,1.0714402,3.000882,4.735933,0.515,1.765,5.795,0.444,0,MQ,0.0116600020613847,0.16307692307692306,0.1993115582512909
8gom,1,89.27827685325265,68.14316666666667,66.31257142857142,76.02000000000001,75.27147058823527,73.85795918367347,67.06683168316833,0.436,0.1675,0.13,0.1796698007858803,0.2026647691932982,0.1013333333333333,0.1013333333333333,0.0116529409712856,0.0110275117295029,2082819952,0.0,0.0,0.1675,0.092834,0.092834,2082819952,1,0.5143841704331608,10.096332,19.769571,2.4634573,1.5567815,12.238497,13.318283,0.028,15.567,43.383,0.037,0,LQ,0.01134022635039425,0.1013333333333333,0.19116728498958924
8gom,3,89.28424810892587,69.63683333333333,67.9442857142857,76.64965517241379,77.72852941176471,75.08367346938776,67.66237623762376,0.466,0.2225,0.198,0.1783046860009075,0.2210648192453823,0.1668421052631579,0.1668421052631579,0.0117713216021544,0.0117269610594441,2082819952,0.0,0.0,0.2225,0.1068675,0.1068675,2082819952,3,0.5405850523098524,1.8745052,2.9771574,2.3406475,1.1199561,2.7578344,3.9153812,0.501,1.73,6.54,0.444,0,MQ,0.01174914133079925,0.1668421052631579,0.1996847526231449
8gom,4,89.36189258698941,67.93750000000001,66.54600000000002,76.10655172413793,74.93558823529413,73.49408163265306,67.23861386138614,0.436,0.1675,0.144,0.1818604441957719,0.2010713628332429,0.1009375,0.1009375,0.0116868903238384,0.0107861891631718,2082819952,0.0,0.0,0.1675,0.092238,0.092238,2082819952,4,0.5146891122201243,9.911806,19.425896,2.4112623,1.4416316,11.70498,12.730671,0.032,15.352,43.899,0.049,0,LQ,0.011236539743505101,0.1009375,0.1914659035145074
8gom,2,89.35614977307111,69.85033333333332,67.654,75.24344827586206,77.66235294117648,75.15877551020408,67.17326732673267,0.462,0.22,0.195,0.1753685693441693,0.2167002874760065,0.1781818181818182,0.1781818181818182,0.0116886249311292,0.011538034873987,2082819952,0.0,0.0,0.22,0.10614575,0.10614575,2082819952,2,0.5395342673898171,2.0194995,3.348733,2.3234935,1.099786,2.792086,5.2837477,0.517,1.758,5.929,0.457,0,AQ,0.0116133299025581,0.1781818181818182,0.1960344284100879
7jwj,1,89.15158601740193,77.23256410256411,85.75800000000002,77.21152777777777,85.61341463414634,84.33052631578946,86.86021276595746,0.642,0.545,0.233,0.6825943283534361,0.6308334408871811,0.4942424242424242,0.4942424242424242,0.1874048832811907,0.0757719178156641,2710736364,0.16888625,0.45434025,0.545,0.41110125,0.41110125,2710736364,1,0.7142102573041742,1.7551196,3.4197054,1.5688995,0.9407196,6.88344,3.046012,0.448,2.635,8.094,0.574,0,AQ,0.1315884005484274,0.4942424242424242,0.6567138846203087
7jwj,0,89.47591970691498,78.71846153846154,86.73166666666665,78.2238888888889,87.29243902439025,86.24052631578948,87.84670212765958,0.678,0.5975,0.249,0.7329282093308115,0.6840454604845188,0.5,0.5,0.2585327170953284,0.1083067651145972,2710736364,0.244083,0.4961425,0.5975,0.46637375,0.46637375,2710736364,0,0.74578086722355,1.6771687,3.2538886,1.4219912,0.92465454,7.1394305,2.935635,0.506,2.589,6.848,0.66,0,AQ,0.18341974110496279,0.5,0.7084868349076652
7jwj,2,89.3510120592276,77.98641025641025,86.02533333333334,78.14013888888888,86.43975609756097,84.20929824561402,87.66521276595745,0.65,0.5525,0.286,0.7241606963770995,0.6721056503939671,0.4783333333333334,0.4783333333333333,0.236984050956553,0.1048716898022273,2710736364,0.18609375,0.46381425,0.5525,0.41787725,0.41787725,2710736364,2,0.717510067832983,1.5091155,2.8423858,1.4076103,0.88676465,6.31851,2.62493,0.568,2.053,5.894,0.681,1,AQ,0.17092787037939017,0.47833333333333333,0.6981331733855333
7jwj,4,89.47298885666311,78.51846153846155,86.77299999999998,77.66166666666666,87.53317073170732,85.90315789473685,88.26840425531914,0.6719999999999999,0.59,0.246,0.7402087421761828,0.6831645142160069,0.5238709677419355,0.5238709677419354,0.2677977506329315,0.1147752472491398,2710736364,0.23354225,0.4950799999999999,0.59,0.4612025,0.4612025,2710736364,4,0.7376061746768638,1.8441219,3.6317942,1.6018909,0.9587401,7.452445,3.204602,0.458,2.983,8.282,0.66,1,AQ,0.19128649894103564,0.5238709677419355,0.7116866281960949
7jwj,3,88.99247290490001,77.09102564102565,85.56,76.53625,85.21414634146342,84.39684210526318,86.61170212765957,0.64,0.545,0.22,0.6886621594244017,0.6478763519831974,0.5482142857142859,0.5482142857142859,0.1894767195629399,0.0818432261664469,2710736364,0.17820425,0.46337925,0.545,0.41983475,0.41983475,2710736364,3,0.7096380049649437,1.8587373,3.664133,1.3587269,1.0023705,7.452678,3.3235133,0.454,2.907,7.922,0.617,1,AQ,0.1356599728646934,0.5482142857142859,0.6682692557037995
7l1d,3,90.73221777914488,77.04545454545455,88.70543478260868,72.99214285714287,85.7115625,88.78074074074073,70.71894736842106,0.746,0.7175,0.397,0.7753219021862707,0.6733951771520169,0.5975,0.5975,0.2620832835061138,0.0721083640334378,3953044503,0.42128825,0.6656365,0.7175,0.66539025,0.66539025,3953044503,3,0.8159292622821048,2.9129999,5.843764,1.818619,1.2935017,4.3273406,6.1178155,0.437,3.021,5.985,0.446,0,AQ,0.1670958237697758,0.5975,0.7243585396691439
7l1d,4,90.73413411258072,77.73545454545456,88.49130434782609,73.08857142857144,84.9515625,88.3062962962963,69.11184210526316,0.74,0.705,0.385,0.756852530359214,0.6463933548787343,0.5794827586206897,0.5794827586206897,0.2325078734537664,0.0587702245029819,3953044503,0.40752675,0.65011575,0.705,0.6493185,0.6493185,3953044503,4,0.8117760110873802,2.9553895,5.950134,1.5880626,1.3178604,4.2921147,6.324796,0.448,3.083,5.283,0.432,0,AQ,0.14563904897837415,0.5794827586206897,0.7016229426189742
7l1d,2,90.7141971701015,76.8106818181818,88.1345652173913,72.89528571428575,84.46968749999999,87.43296296296296,69.52973684210527,0.734,0.6975,0.385,0.7467725892792266,0.6395858232787731,0.571639344262295,0.571639344262295,0.2176698396120765,0.0570818565465458,3953044503,0.387207,0.6363602500000001,0.6975,0.63612925,0.63612925,3953044503,2,0.8075331652282255,2.843431,5.7121854,1.9065355,1.2331179,3.9899487,6.0554485,0.456,2.957,5.346,0.446,0,AQ,0.13737584807931116,0.571639344262295,0.6931792062789999
7l1d,0,90.84006151953244,78.0084090909091,88.90478260869565,73.21514285714287,85.504375,88.70296296296294,70.50078947368422,0.746,0.7175,0.41,0.7811881141901731,0.683793745738357,0.6156140350877194,0.6156140350877193,0.2725280002714303,0.0784006558823705,3953044503,0.42052775,0.66473275,0.7175,0.66473275,0.66473275,3953044503,0,0.81723782229407,3.0045657,6.062064,1.9919279,1.2713746,4.023798,6.644668,0.458,3.142,4.825,0.432,0,AQ,0.1754643280769004,0.6156140350877193,0.732490929964265
7l1d,1,90.8192648415872,77.83795454545454,88.84086956521739,73.21000000000002,85.22281249999999,88.26925925925924,70.23605263157896,0.74,0.705,0.406,0.7636030568413855,0.6690157452270564,0.5831666666666667,0.5831666666666666,0.2456531767405729,0.0713103468850505,3953044503,0.39577675,0.6427425,0.705,0.6427425,0.6427425,3953044503,1,0.8127369735897453,2.989658,6.01374,1.6168779,1.3388275,4.2121706,6.1299605,0.433,3.11,5.863,0.432,0,AQ,0.1584817618128117,0.5831666666666666,0.716309401034221
3tf7,2,88.59834132310642,76.52,93.13301587301588,78.82144736842105,90.41636363636364,85.00666666666666,93.358,0.72,0.7375,0.351,0.8850396599385634,0.8561874332079628,0.809285714285714,0.8092857142857142,0.5407639534542195,0.3906466389746349,155955667,0.60474575,0.71352575,0.7375,0.70656,0.70656,155955667,2,0.8642167485111689,1.2616041,2.1482375,1.1048347,0.8875937,2.0094705,0.99770045,0.881,0.859,1.886,0.936,0,MQ,0.4657052962144272,0.8092857142857142,0.8706135465732631
3tf7,4,88.5487631831256,76.50571428571428,93.0336507936508,78.29434210526317,90.2240909090909,84.9574358974359,93.214,0.72,0.7375,0.348,0.8849864739833136,0.8529700072871088,0.8137931034482757,0.8137931034482757,0.5415220749718228,0.3797035767036524,155955667,0.60967775,0.7134367500000001,0.7375,0.7065165,0.7065165,155955667,4,0.8648058605567016,1.30146,2.3092582,1.0833001,0.85699165,1.8196173,1.0321976,0.869,0.864,1.68,0.894,0,MQ,0.4606128258377376,0.8137931034482757,0.8689782406352112
3tf7,3,88.61470278044104,76.57346938775511,93.08698412698412,79.23618421052632,89.82454545454546,84.90410256410256,93.23142857142858,0.724,0.7425,0.361,0.893913145592872,0.8636562401452044,0.8141379310344825,0.8141379310344826,0.5695973293159842,0.4093187691949391,155955667,0.61351475,0.720362,0.7425,0.71348575,0.71348575,155955667,3,0.8626570960265842,1.298075,2.2867963,1.0673242,0.86881596,1.9017031,1.0164676,0.879,0.886,1.732,0.936,0,MQ,0.48945804925546166,0.8141379310344825,0.8787846928690382
3tf7,1,88.57039069990412,76.27428571428572,92.9963492063492,78.33828947368421,89.97863636363637,84.78256410256411,93.06828571428572,0.716,0.735,0.363,0.8731430065111286,0.8329417460649936,0.7816129032258062,0.7816129032258062,0.5008002782546118,0.3326978876245415,155955667,0.6062575,0.7113195,0.735,0.704417,0.704417,155955667,1,0.8588962904922155,1.2715412,2.2244241,1.0353771,0.86378056,2.058871,1.0125515,0.873,0.877,1.78,0.915,0,MQ,0.4167490829395767,0.7816129032258062,0.8530423762880611
3tf7,0,88.71259348034516,77.05448979591836,93.21841269841272,79.04105263157895,90.5731818181818,85.23820512820512,93.37528571428572,0.724,0.7425,0.383,0.8766261946231957,0.8457252961304675,0.7883870967741933,0.7883870967741934,0.5133274473630579,0.3655412654852891,155955667,0.61443825,0.71871625,0.7425,0.71181175,0.71181175,155955667,0,0.8656369456992896,1.2500356,2.1909263,1.0166112,0.84636253,2.0672133,1.0449343,0.859,0.858,2.352,0.894,0,MQ,0.4394343564241735,0.7883870967741933,0.8611757453768316
4qrp,3,91.68669716514174,78.50292682926829,86.18058823529414,79.5536842105263,94.1796875,92.20297872340429,86.80704081632652,0.8019999999999999,0.78,0.469,0.9196788321957312,0.8660146801781764,0.665625,0.6656249999999999,0.6785215946763166,0.3771602268091903,3410322805,0.530687,0.755771,0.78,0.755771,0.755771,3410322805,3,0.8531354466035649,1.3223788,1.8881599,0.8785854,1.1707108,0.98683774,1.3832803,0.761,1.133,4.164,0.841,0,MQ,0.5278409107427534,0.6656249999999999,0.8928467561869537
4qrp,4,91.56773361331932,77.97682926829269,86.07058823529411,78.85973684210528,94.319375,92.23914893617022,87.25142857142856,0.8019999999999999,0.7825,0.448,0.9171326126544512,0.8580087716944923,0.6724489795918367,0.6724489795918367,0.6676313154993723,0.3451004704974157,3410322805,0.528891,0.7622852499999999,0.7825,0.7622852499999999,0.7622852499999999,3410322805,4,0.8549778097354025,1.2507366,1.852383,0.7793603,1.0820352,1.0747205,1.3091646,0.68,1.122,6.718,0.783,0,MQ,0.506365892998394,0.6724489795918367,0.8875706921744717
4qrp,2,91.72801859907004,79.98853658536585,86.91999999999999,80.27052631578945,94.38,92.3836170212766,87.48479591836735,0.812,0.8,0.478,0.931597726012548,0.8809386875938526,0.6644000000000001,0.6644,0.7161737945777223,0.4113910511039068,3410322805,0.56054325,0.78182,0.8,0.78182,0.78182,3410322805,2,0.8615995682536561,1.2964144,1.9550554,0.7505227,1.1096535,0.919495,1.505446,0.769,1.16,3.908,0.855,0,MQ,0.5637824228408146,0.6644000000000001,0.9062682068032003
4qrp,0,91.6604739763012,78.81829268292682,86.37745098039215,79.67342105263158,94.23875,92.1495744680851,87.39908163265305,0.796,0.7825,0.456,0.923968645761232,0.8734071685045364,0.6780769230769229,0.678076923076923,0.6939012007765949,0.3953125879392256,3410322805,0.5303475,0.7575555,0.7825,0.7575555,0.7575555,3410322805,0,0.8524222162289447,1.3229463,1.846814,0.70692223,1.2007571,0.9707781,1.3472402,0.741,1.107,4.359,0.783,1,MQ,0.5446068943579102,0.678076923076923,0.8986879071328842
4qrp,1,91.6758047097645,79.64073170731707,86.6507843137255,80.79355263157895,94.51625,92.30914893617025,88.10540816326531,0.8099999999999999,0.7925,0.479,0.9309685609138344,0.8781996333804146,0.6795918367346939,0.6795918367346938,0.7066954136302589,0.4046848799210289,3410322805,0.55560575,0.7770155,0.7925,0.7770155,0.7770155,3410322805,1,0.8615838920824114,1.303735,1.7964519,0.70288736,1.1924078,0.9603689,1.330256,0.752,1.062,4.746,0.826,0,MQ,0.5556901467756439,0.6795918367346938,0.9045840971471245
8eo8,0,91.01166965620328,86.83111111111111,92.37037735849056,76.14051948051947,89.21531914893617,81.84617021276594,90.1783870967742,0.8400000000000001,0.855,0.551,0.9620148796745952,0.9228877434497624,0.7872340425531913,0.7872340425531912,0.8262612279173287,0.5782923466911571,1940603715,0.67827125,0.85710125,0.855,0.85710125,0.85710125,1940603715,0,0.8876957032331485,0.9054427,1.2150545,0.65173256,0.79599166,1.8350774,0.8358974,0.748,1.25,4.39,0.865,0,MQ,0.7022767873042429,0.7872340425531912,0.9424513115621789
8eo8,1,90.70682660687594,86.29511111111111,91.981320754717,76.34623376623377,88.12148936170213,79.62106382978725,89.77709677419354,0.8320000000000001,0.85,0.536,0.9571140610976936,0.9151276372716328,0.8438095238095238,0.8438095238095238,0.8079654375194547,0.5437986581832345,1940603715,0.66023,0.8475225,0.85,0.8475225,0.8475225,1940603715,1,0.8808777337149368,0.8905482,1.1730429,0.7362667,0.78588504,1.5485861,0.9441909,0.751,1.273,3.985,0.851,0,MQ,0.6758820478513445,0.8438095238095238,0.9361208491846632
8eo8,4,91.97398206278028,90.02733333333332,93.44283018867924,83.61766233766232,90.0608510638298,84.71893617021277,92.13698924731185,0.858,0.875,0.575,0.9781828454302728,0.955163697484338,0.8397674418604651,0.8397674418604651,0.8868151159360063,0.7435683408972874,1940603715,0.71863525,0.8799875,0.875,0.8799875,0.8799875,1940603715,4,0.9033913563323974,0.87082034,1.1367903,0.3197067,0.80048364,1.6506351,0.7124773,0.686,1.491,5.339,0.838,0,MQ,0.8151917284166468,0.8397674418604651,0.9666732714573054
8eo8,3,91.26277130044842,87.87288888888888,92.84641509433962,79.82259740259741,90.38851063829787,83.63489361702128,91.45311827956988,0.8460000000000001,0.865,0.552,0.9729084110890974,0.9456178338273608,0.8551162790697675,0.8551162790697674,0.8640773451009224,0.6966868055090634,1940603715,0.69043575,0.863572,0.865,0.863572,0.863572,1940603715,3,0.8906996688176326,0.776552,1.1064259,0.33048916,0.6625721,1.3548087,0.7636119,0.733,1.639,3.355,0.878,0,MQ,0.7803820753049928,0.8551162790697675,0.9592631224582291
8eo8,2,91.26641554559042,86.35977777777777,92.45962264150944,76.56428571428572,89.8195744680851,83.49617021276595,90.19795698924732,0.844,0.855,0.535,0.9565749985225388,0.9134565942468832,0.8314285714285713,0.8314285714285713,0.8135690235817928,0.5427212675741415,1940603715,0.6861072500000001,0.85906675,0.855,0.85906675,0.85906675,1940603715,2,0.8914007691029867,0.89957696,1.1925846,0.3838786,0.8154913,1.9226749,0.80397046,0.769,1.382,1.858,0.811,0,MQ,0.6781451455779672,0.8314285714285713,0.935015796384711
7n4k,0,90.85337744360902,82.8677777777778,80.73500000000001,70.5045,90.265,88.85914893617021,83.83917808219176,0.762,0.76,0.297,0.8694980000552162,0.7576454033858573,0.6529629629629627,0.652962962962963,0.5355443880850582,0.1622038641972637,2572035012,0.48739875,0.72388425,0.76,0.7004815,0.7004815,2572035012,0,0.8133489149403311,1.023609,1.6235884,0.9600217,0.65412813,2.5750399,1.966081,0.765,1.063,2.804,0.727,0,MQ,0.348874126141161,0.6529629629629629,0.8135717017205367
7n4k,1,89.02675639097745,82.66481481481479,79.92157894736842,70.87800000000001,89.566,88.4995744680851,83.89164383561643,0.742,0.7275,0.304,0.8179342927441013,0.712083281557034,0.6451851851851851,0.6451851851851851,0.429847478111921,0.1226415688320446,2572035012,0.410383,0.6653074999999999,0.7275,0.61492025,0.61492025,2572035012,1,0.7704815097389099,1.1688656,1.9293044,1.190829,0.6468197,3.381156,1.931306,0.471,1.172,23.091,0.673,0,MQ,0.2762445234719828,0.6451851851851851,0.7650087871505677
7n4k,4,88.88552781954887,84.1987037037037,80.59026315789474,75.084375,89.52000000000001,88.3008510638298,83.9135616438356,0.736,0.725,0.344,0.8195151614068542,0.7476660631754929,0.6986206896551722,0.6986206896551724,0.4441614218710026,0.1828017843385993,2572035012,0.3942347499999999,0.6378035,0.725,0.58673125,0.58673125,2572035012,4,0.7644854275911318,1.1468233,1.6111534,2.2881305,0.5815464,2.3006704,1.9004431,0.517,1.14,23.45,0.8,0,MQ,0.31348160310480094,0.6986206896551723,0.7835906122911735
7n4k,3,90.99506315789476,85.10907407407406,81.31394736842105,76.674875,90.105,88.96744680851064,84.40123287671233,0.768,0.775,0.38,0.8987049508327711,0.8293332368524435,0.6421212121212121,0.6421212121212122,0.6262620785227189,0.2821043255773335,2572035012,0.501723,0.73366175,0.775,0.714767,0.714767,2572035012,3,0.8186976817209548,1.1170969,1.4725194,2.2447133,0.65592873,2.2244828,1.9062532,0.786,1.112,2.925,0.818,0,MQ,0.45418320205002616,0.6421212121212121,0.8640190938426073
7n4k,2,90.69417293233084,83.74925925925926,81.10894736842106,70.9505,89.8505,88.80297872340425,83.47383561643835,0.764,0.765,0.337,0.868630684884228,0.7685204450483879,0.6608823529411766,0.6608823529411765,0.542839078524937,0.1669344416553626,2572035012,0.49398675,0.72166375,0.765,0.7026795,0.7026795,2572035012,2,0.8164645908577822,1.1125375,1.8760239,0.6886509,0.64519686,3.1282623,1.8829699,0.738,1.193,3.756,0.764,0,MQ,0.35488676009014974,0.6608823529411765,0.818575564966308
7n2r,4,89.3556662534862,74.10425531914893,75.03758620689656,73.07415584415584,77.9290625,77.09944444444444,67.69484536082474,0.548,0.365,0.188,0.4910741392797319,0.4508158845936132,0.2923333333333333,0.2923333333333333,0.0434447097946549,0.0253486838814465,2489643401,0.013641,0.37419925,0.365,0.2523615,0.2523615,2489643401,4,0.6271503317428905,2.2567074,4.746698,1.4677957,1.0636408,4.777174,5.348254,0.345,2.973,8.304,0.321,0,AQ,0.0343966968380507,0.2923333333333333,0.4709450119366726
7n2r,3,89.45315308335915,73.55638297872339,74.66034482758621,73.02701298701298,77.219375,77.03740740740741,67.02835051546391,0.55,0.37,0.177,0.4849918387208684,0.484481827038429,0.3281081081081081,0.3281081081081081,0.0472937611864658,0.028979766319425,2489643401,0.01471375,0.3878725,0.37,0.26285725,0.26285725,2489643401,3,0.6196764170841391,2.3510413,4.709549,1.5558382,1.3312484,3.9091184,5.743732,0.379,2.551,8.408,0.375,1,AQ,0.0381367637529454,0.3281081081081081,0.4847368328796487
7n2r,2,89.37896808180973,73.81744680851064,74.9656896551724,73.26883116883117,77.46781250000001,77.5651851851852,67.11969072164949,0.552,0.3725,0.179,0.4703275859513811,0.4449157221067749,0.2612195121951219,0.2612195121951219,0.0393355653762541,0.0263407741986428,2489643401,0.0143725,0.3842775,0.3725,0.26423675,0.26423675,2489643401,2,0.628707934363559,2.6877177,5.6535044,1.5035654,1.2950966,4.5322223,6.437494,0.275,3.833,9.55,0.25,0,AQ,0.032838169787448454,0.2612195121951219,0.45762165402907795
7n2r,0,89.3544747443446,73.88127659574471,74.8501724137931,73.24935064935065,77.5053125,76.68055555555556,68.18783505154639,0.544,0.3625,0.13,0.4965300456165728,0.4725170036158987,0.36125,0.36125,0.0476952462899825,0.0258748474523525,2489643401,0.01548725,0.3747845,0.3625,0.25781075,0.25781075,2489643401,0,0.6175666176434375,1.9260273,3.8973026,1.4576571,1.0342723,2.728948,5.707855,0.427,1.764,8.141,0.339,0,AQ,0.0367850468711675,0.36125,0.48452352461623577
7n2r,1,89.23265726681127,73.5840425531915,74.06706896551724,72.75103896103896,77.3275,76.83888888888887,67.84020618556701,0.542,0.355,0.175,0.4950416813217012,0.4846428449954236,0.3555882352941176,0.3555882352941176,0.0497474763022055,0.0288321884875309,2489643401,0.014296,0.38526,0.355,0.2532905,0.2532905,2489643401,1,0.6142059035978307,2.4956005,4.9836955,1.5994447,1.4317155,4.4062686,6.5171766,0.365,2.605,9.7,0.411,0,AQ,0.039289832394868204,0.3555882352941176,0.4898422631585624
3dxa,3,90.53954950936664,81.43074074074075,85.19594594594597,75.79555555555555,84.08704545454545,88.40647058823531,70.72284482758621,0.7140000000000001,0.6775,0.286,0.741616454755459,0.7191114978331773,0.5374,0.5374,0.2107670162566059,0.122530064712194,3047994093,0.34457075,0.596585,0.6775,0.59510425,0.59510425,3047994093,3,0.8145592244774716,1.6452835,2.8277647,1.7873647,0.87764543,2.32394,4.0611215,0.762,1.25,2.367,0.767,0,MQ,0.16664854048439995,0.5374,0.7303639762943182
3dxa,4,90.87322777282188,81.94796296296298,84.83567567567566,76.97086419753086,84.32499999999999,88.89039215686276,70.98344827586209,0.742,0.715,0.368,0.7969815961360864,0.772899472575131,0.5275,0.5275,0.2683460317362276,0.1678732838383897,3047994093,0.42459325,0.658794,0.715,0.65855375,0.65855375,3047994093,4,0.8308902869084965,1.4535929,2.1746292,2.1215165,0.94262373,2.7062368,2.4361825,0.686,1.151,6.441,0.795,0,MQ,0.21810965778730868,0.5275,0.7849405343556087
3dxa,2,91.39610020814747,84.12648148148149,87.25486486486484,78.91888888888889,86.12659090909091,90.78882352941176,75.17353448275863,0.78,0.7725,0.343,0.85891130013643,0.8180563276022778,0.4995833333333333,0.4995833333333334,0.4350626338455185,0.2357375477310191,3047994093,0.4949435,0.73606275,0.7725,0.73606275,0.73606275,3047994093,2,0.8584915626007344,1.5487998,2.659572,1.9511908,0.752227,2.316385,3.637436,0.725,1.24,4.253,0.781,0,MQ,0.3354000907882688,0.4995833333333334,0.8384838138693539
3dxa,0,90.782245019328,80.93999999999998,85.1627027027027,76.24000000000001,83.7625,89.25450980392158,70.63034482758621,0.726,0.695,0.323,0.7452305905492753,0.7124499917190353,0.5022448979591836,0.5022448979591837,0.2037245113035399,0.1118093512429614,3047994093,0.388978,0.6234155,0.695,0.62318275,0.62318275,3047994093,0,0.8292898524170963,1.6790924,2.492026,3.2018368,0.8329958,2.7703185,3.2757335,0.676,1.136,6.58,0.767,0,MQ,0.15776693127325064,0.5022448979591836,0.7288402911341554
3dxa,1,90.44373624739816,81.24814814814815,85.2208108108108,75.32962962962962,83.69636363636363,88.58725490196078,69.63827586206897,0.718,0.6875,0.319,0.7598872922500668,0.7331195309889138,0.5174074074074074,0.5174074074074074,0.2224378877247994,0.1309550846775224,3047994093,0.37633825,0.6169625000000001,0.6875,0.61516,0.61516,3047994093,1,0.8199569168392111,1.7761256,2.9473743,2.553772,0.8799009,2.8657901,4.2962613,0.702,1.134,5.154,0.74,1,MQ,0.1766964862011609,0.5174074074074074,0.7465034116194903
4l3e,3,91.71700272479563,91.62291666666664,94.4817391304348,93.48691176470588,89.66880952380953,94.39621621621622,92.1579761904762,0.874,0.8875,0.615,0.9791223774037412,0.9621239322731472,0.8562264150943397,0.8562264150943395,0.9030539545754674,0.8141251266401842,2225511814,0.72930925,0.891854,0.8875,0.891854,0.891854,2225511814,3,0.9184023735380402,0.7581947,1.1981918,0.6068805,0.52293724,1.113269,1.0541494,0.901,0.661,1.046,0.882,0,HQ,0.8585895406078259,0.8562264150943396,0.9706231548384442
4l3e,4,91.4278625491977,91.33625,94.23065217391304,92.95573529411764,89.23571428571428,94.14702702702702,91.64535714285714,0.868,0.8825000000000001,0.617,0.9779130808650236,0.9588399471610324,0.8562264150943397,0.8562264150943395,0.8954478738582927,0.7961673556454815,2225511814,0.7169625,0.88521625,0.8825000000000001,0.88521625,0.88521625,2225511814,4,0.913450403410914,0.8314134,1.2378376,0.8003321,0.6179945,1.1425405,1.0921907,0.886,0.704,1.067,0.855,0,HQ,0.8458076147518871,0.8562264150943396,0.968376514013028
4l3e,2,91.51586133817742,91.39229166666668,94.4382608695652,93.225,89.13023809523808,94.0754054054054,91.7975,0.868,0.8825000000000001,0.618,0.9787161020850994,0.9606361330927924,0.8578181818181818,0.8578181818181819,0.9004237859322446,0.8063972544445831,2225511814,0.71554775,0.88301325,0.8825000000000001,0.88301325,0.88301325,2225511814,2,0.9114679982792996,0.8812056,1.3726852,0.63479316,0.6318805,1.1340665,1.100841,0.847,0.684,3.076,0.829,0,HQ,0.8534105201884139,0.8578181818181818,0.9696761175889459
4l3e,0,91.76761126248864,91.67208333333332,94.4434782608696,93.46750000000002,89.38690476190476,94.16756756756756,91.96928571428572,0.8699999999999999,0.885,0.614,0.9787749676518817,0.9629657982055558,0.8424561403508771,0.8424561403508771,0.902910330826766,0.8152938186438404,2225511814,0.7267095,0.88984975,0.885,0.88984975,0.88984975,2225511814,0,0.916267159411806,0.8734083,1.3397452,0.605898,0.645023,1.1105297,1.0734993,0.902,0.655,1.025,0.882,0,HQ,0.8591020747353032,0.8424561403508771,0.9708703829287187
4l3e,1,91.71119134120497,91.24104166666666,94.34043478260868,92.42882352941176,89.12595238095238,93.83027027027026,90.99869047619048,0.868,0.8825000000000001,0.606,0.9770243559016656,0.9552209279811584,0.8578846153846155,0.8578846153846154,0.8918902381047816,0.773746689067861,2225511814,0.72313275,0.8870275000000001,0.8825000000000001,0.8870275000000001,0.8870275000000001,2225511814,1,0.914693796532221,0.79624456,1.2209387,0.61386395,0.58235,1.1627684,1.0104306,0.894,0.657,1.404,0.868,0,HQ,0.8328184635863214,0.8578846153846154,0.966122641941412
6g9q,3,93.14241008300031,96.74923076923076,95.33326923076922,95.7144,95.52413043478262,94.76409090909092,94.8004761904762,0.85,0.8674999999999999,0.525,0.9682194267290752,0.9162765030345222,0.7958536585365853,0.7958536585365854,0.8915025830466917,0.6966873440470235,2949033848,0.6643982500000001,0.87083725,0.8674999999999999,0.87083725,0.87083725,2949033848,3,0.9021889142193984,0.71337193,1.1149293,0.7159856,0.55235076,0.78076136,1.6063426,0.905,0.725,1.545,0.936,0,HQ,0.7940949635468576,0.7958536585365854,0.9422479648817987
6g9q,4,93.22458960959116,96.94692307692308,95.59576923076922,96.01973333333332,95.79891304347828,95.24772727272727,95.48916666666666,0.858,0.875,0.538,0.9718242118878632,0.9270014380461946,0.784047619047619,0.784047619047619,0.9029506096579224,0.7403723343494184,2949033848,0.68204175,0.8809215,0.875,0.8809215,0.8809215,2949033848,4,0.9080869481884372,0.6844811,1.1188314,0.47909385,0.52570283,0.76333106,1.637586,0.89,0.731,2.748,0.957,0,HQ,0.8216614720036703,0.784047619047619,0.9494128249670288
6g9q,2,93.03017061174302,96.69346153846156,95.13846153846156,95.7028,95.6576086956522,95.06272727272729,95.16428571428573,0.852,0.87,0.537,0.9688462811386916,0.9199112657055484,0.7843902439024389,0.7843902439024389,0.8933848283043669,0.710172858160557,2949033848,0.67255675,0.87401475,0.87,0.87401475,0.87401475,2949033848,2,0.9040587074458208,0.6508431,1.0750362,0.4873011,0.49002182,0.77175,1.5731646,0.891,0.7,2.599,0.936,0,HQ,0.801778843232462,0.7843902439024389,0.9443787734221201
6g9q,0,93.22729480479558,96.77403846153848,95.42884615384614,95.78493333333334,95.675,95.0525,94.10809523809525,0.86,0.875,0.522,0.9674771661202684,0.9076350469177648,0.8024999999999999,0.8025,0.889959315999144,0.6705136598387083,2949033848,0.6754935,0.87836475,0.875,0.87836475,0.87836475,2949033848,0,0.9078916273062878,0.72945046,1.2513676,0.51360357,0.52304626,0.76094306,1.9585035,0.866,0.698,3.092,0.894,0,HQ,0.7802364879189261,0.8025,0.9375561065190166
6g9q,1,93.18746695358132,96.83653846153848,95.52576923076924,95.81813333333334,95.715,94.91454545454545,95.19011904761904,0.8539999999999999,0.87,0.534,0.969530272752047,0.9244060916938844,0.7831707317073169,0.7831707317073171,0.893696717778332,0.7254911935375924,2949033848,0.6675545,0.87585825,0.87,0.87585825,0.87585825,2949033848,1,0.9060533490820388,0.82263064,1.1313709,1.7882931,0.4971492,0.7802154,1.6805005,0.902,0.71,2.316,0.957,0,HQ,0.8095939556579622,0.783170731707317,0.9469681822229656
7n1f,1,91.84242410512006,79.91999999999999,88.65673913043479,85.02749999999999,83.84977272727272,89.64274509803923,87.25828571428572,0.798,0.7775,0.437,0.9193446145406962,0.8993103215508595,0.7347058823529412,0.7347058823529412,0.6750514201047768,0.5112259913257768,1456097976,0.521187,0.74166625,0.7775,0.74166625,0.74166625,1456097976,1,0.859237134785604,1.4789759,2.4539583,1.4155576,0.913007,1.6724052,2.4274375,0.58,1.61,8.204,0.758,0,MQ,0.5931387057152768,0.7347058823529412,0.9093274680457779
7n1f,0,91.80565171424256,80.53909090909093,88.72043478260869,85.95208333333332,83.97431818181818,90.101568627451,86.40857142857143,0.808,0.795,0.437,0.9331370611139136,0.9231488176276847,0.7466666666666668,0.7466666666666667,0.7100912861217384,0.581603807965297,1456097976,0.560705,0.77659775,0.795,0.77659775,0.77659775,1456097976,0,0.8699954531914817,1.4055827,2.3357563,1.0432276,0.9131949,1.5736707,2.460124,0.625,1.536,7.004,0.79,0,MQ,0.6458475470435177,0.7466666666666668,0.9281429393707992
7n1f,2,91.78224739465338,80.3575,88.23913043478262,85.36583333333334,85.08363636363634,89.95333333333333,86.058,0.8019999999999999,0.7875,0.444,0.9206121094092596,0.905806615443732,0.722857142857143,0.7228571428571429,0.6726616374976806,0.5244064565188485,1456097976,0.5444495,0.75902625,0.7875,0.75902625,0.75902625,1456097976,2,0.8659337275477863,1.484723,2.4527066,1.3438679,0.9406592,1.8021504,2.5121746,0.625,1.574,6.837,0.79,0,MQ,0.5985340470082645,0.7228571428571429,0.9132093624264959
7n1f,3,91.7400045310376,79.93113636363636,88.24391304347827,85.3163888888889,84.00636363636364,89.68019607843136,84.78914285714283,0.7939999999999999,0.7825,0.442,0.9233349329309662,0.9103080716802908,0.7463888888888889,0.7463888888888889,0.6804389762789143,0.5335594040089382,1456097976,0.534678,0.7548682499999999,0.7825,0.7548682499999999,0.7548682499999999,1456097976,3,0.8594494060833846,1.4009981,2.384326,1.2682426,0.8184795,1.4727007,2.5295804,0.597,1.466,7.379,0.71,0,MQ,0.6069991901439262,0.7463888888888889,0.9168215023056285
7n1f,4,91.383256305694,78.4084090909091,86.3795652173913,83.90875,84.04545454545456,89.38411764705883,84.28214285714286,0.79,0.7675,0.435,0.9133401159732064,0.9006759779188925,0.7224999999999999,0.7224999999999999,0.6347603404093421,0.472976507323039,1456097976,0.52284875,0.7419767500000001,0.7675,0.7419767500000001,0.7419767500000001,1456097976,4,0.8530871306763259,1.5769323,2.5774126,1.5979743,0.9936128,2.0570526,2.571511,0.614,1.583,7.005,0.774,0,MQ,0.5538684238661906,0.7224999999999999,0.9070080469460495
6bj2,1,87.97953096812988,76.76609375,73.48228571428572,75.00270833333333,78.59885714285716,76.21306451612907,72.96892857142856,0.63,0.5,0.099,0.4422479170646939,0.480403392982172,0.393,0.3929999999999999,0.0404567124308363,0.0285141313601303,245095547,0.052206,0.380459,0.5,0.3058475,0.3058475,245095547,1,0.7035032469804798,9.303853,18.10237,2.62664,2.4459305,21.914597,10.114299,0.045,15.611,39.092,0.081,0,LQ,0.0344854218954833,0.39299999999999996,0.4613256550234329
6bj2,0,88.045288634997,75.475,72.90114285714283,75.313125,79.02942857142858,77.38225806451614,72.95119047619048,0.626,0.495,0.129,0.4887666799141395,0.5286520542679275,0.3464285714285714,0.3464285714285714,0.0480115735740829,0.0412331217012064,245095547,0.0609915,0.38626375,0.495,0.30693425,0.30693425,245095547,0,0.6994704158065581,9.759216,18.817133,3.0839453,2.9613156,23.503464,9.609857,0.035,16.152,39.866,0.054,0,LQ,0.04462234763764465,0.3464285714285714,0.5087093670910335
6bj2,2,88.00807276007215,75.75375,73.7422857142857,74.71906249999999,78.38914285714286,76.50338709677416,72.2227380952381,0.6279999999999999,0.4975,0.104,0.4152812042602664,0.4362971699571097,0.2885185185185185,0.2885185185185185,0.0329858018917848,0.019751018700582,245095547,0.05279225,0.3807082499999999,0.4975,0.30061125,0.30061125,245095547,2,0.7041535844081646,9.628054,18.54775,4.254063,2.794275,22.602476,10.332593,0.022,16.004,39.64,0.014,0,LQ,0.0263684102961834,0.2885185185185185,0.42578918710868807
6bj2,4,87.97031569452797,76.53453125000001,74.0982857142857,74.8809375,77.79685714285714,75.93854838709679,71.90857142857142,0.642,0.5275000000000001,0.171,0.477493707270976,0.4765287430887422,0.2673529411764706,0.2673529411764705,0.0467345422042267,0.0230103907748959,245095547,0.080471,0.4028845,0.5275000000000001,0.334486,0.334486,245095547,4,0.7157689565792824,9.431407,18.208662,3.73177,2.7071474,21.94343,10.640887,0.028,15.666,37.584,0.027,0,LQ,0.0348724664895613,0.26735294117647057,0.4770112251798591
6bj2,3,87.8887342152736,74.76890624999999,71.13028571428572,74.42125,77.85628571428569,76.24725806451613,72.3045238095238,0.604,0.4575,0.079,0.3930802643000312,0.4441052858963922,0.3821428571428572,0.3821428571428572,0.0301835115190119,0.0234433617314352,245095547,0.02278275,0.36098975,0.4575,0.26596525,0.26596525,245095547,3,0.6804651370844175,9.610251,18.641907,2.7942722,2.6677268,22.623821,9.919514,0.03,16.156,40.603,0.041,0,LQ,0.02681343662522355,0.3821428571428572,0.4185927750982117
7n2n,2,89.4249246919215,79.68446808510639,77.7794827586207,75.98722222222223,78.88968750000001,78.22777777777776,69.46927083333334,0.472,0.2324999999999999,0.165,0.1945201398519905,0.2420028227148883,0.1502631578947368,0.1502631578947368,0.0124876315333489,0.011619184685948,3224317673,0.0,0.0,0.2324999999999999,0.11561225,0.11561225,3224317673,2,0.548037470916506,2.446862,5.1408253,1.1566793,1.2009898,2.6649652,5.388882,0.174,4.193,13.996,0.14,0,LQ,0.01205340810964845,0.1502631578947368,0.2182614812834394
7n2n,3,89.19893503727369,79.44531914893618,77.61120689655172,75.85370370370372,78.3721875,77.74648148148147,68.58447916666667,0.452,0.1875,0.1,0.1899577313027853,0.2220480776516928,0.1628,0.1628,0.0124531121898145,0.0105185419761136,3224317673,0.0,0.0,0.1875,0.10141575,0.10141575,3224317673,3,0.5351007662676849,2.3824716,4.9897366,0.9071295,1.2031376,3.1547725,4.5087776,0.18,3.951,13.797,0.14,0,AQ,0.01148582708296405,0.1628,0.20600290447723904
7n2n,4,89.24515594097065,78.6627659574468,77.17344827586207,75.94555555555556,79.113125,78.15925925925924,69.00124999999998,0.4679999999999999,0.2275,0.191,0.1943412781833648,0.2316518290668112,0.1423076923076923,0.1423076923076923,0.0125965788127433,0.0115672595939822,3224317673,0.0,0.0,0.2275,0.11347925,0.11347925,3224317673,4,0.5485936461361349,3.774115,7.972003,1.4321189,1.8363302,4.2724843,8.098578,0.125,6.516,16.046,0.105,0,LQ,0.01208191920336275,0.1423076923076923,0.21299655362508801
7n2n,1,89.05705005324813,78.6663829787234,76.7343103448276,75.49166666666667,78.0640625,77.44166666666668,68.12479166666667,0.448,0.1875,0.074,0.188406279301964,0.218741297108569,0.1691666666666667,0.1691666666666667,0.0122834537990605,0.010525465758078,3224317673,0.0,0.0,0.1875,0.09975675,0.09975675,3224317673,1,0.5293645381397489,2.1402996,4.4807014,0.7590535,1.0864861,3.2354803,4.225681,0.211,3.467,11.975,0.14,0,AQ,0.01140445977856925,0.1691666666666667,0.2035737882052665
7n2n,0,89.19725239616614,78.71170212765956,77.04551724137933,75.72351851851852,78.36812499999999,77.62499999999999,68.61729166666667,0.47,0.2225,0.22,0.1976752350939142,0.2330448457204274,0.1167924528301886,0.1167924528301886,0.012815888670736,0.0116836878667547,3224317673,0.0,0.0,0.2225,0.1104425,0.1104425,3224317673,0,0.5477317806511823,1.9246632,3.9564729,0.8761072,1.0334407,2.1417694,4.4976497,0.286,3.328,8.541,0.193,0,AQ,0.01224978826874535,0.1167924528301886,0.2153600404071708
1mi5,0,91.19779332129964,85.55326923076925,85.25121212121212,82.12491803278688,94.04818181818182,92.6678431372549,92.23929411764708,0.842,0.845,0.471,0.9113651465031024,0.8340507516720589,0.5693181818181818,0.569318181818182,0.6256525465492387,0.2695638806686957,3016617022,0.61684575,0.8376335,0.845,0.8376335,0.8376335,3016617022,0,0.8949568757410606,1.1400555,1.7282149,1.1142675,0.9197791,1.8038636,1.1382284,0.71,0.979,6.851,0.822,0,MQ,0.4476082136089672,0.5693181818181818,0.8727079490875806
1mi5,1,90.95356498194948,85.16211538461538,84.85363636363637,81.42426229508197,93.3709090909091,91.93450980392156,91.80823529411764,0.8300000000000001,0.8325,0.425,0.9288874648619148,0.8793511443099952,0.7238888888888889,0.7238888888888889,0.6793542094456322,0.375741971054473,3016617022,0.60846125,0.82258225,0.8325,0.82258225,0.82258225,3016617022,1,0.8866581593036096,1.3725997,2.545697,1.098554,0.8371161,3.7868829,1.2134192,0.666,1.249,6.748,0.795,0,MQ,0.5275480902500526,0.7238888888888889,0.904119304585955
1mi5,3,91.28103941034897,86.35134615384617,86.1169696969697,83.19295081967212,93.83666666666667,92.43921568627452,92.3589411764706,0.8400000000000001,0.85,0.477,0.9182311619332816,0.8417448739304051,0.5908510638297872,0.5908510638297872,0.660298050235165,0.2729377244514354,3016617022,0.65080475,0.84567975,0.85,0.84567975,0.84567975,3016617022,3,0.8974571024850874,0.9357383,1.2732394,0.9313772,0.82054603,1.4078709,1.1480823,0.782,0.874,5.643,0.904,0,MQ,0.4666178873433002,0.5908510638297872,0.8799880179318433
1mi5,4,90.94380264741277,86.16211538461539,85.09545454545454,84.11000000000001,93.6821212121212,92.15470588235294,91.9550588235294,0.8300000000000001,0.8325,0.447,0.9276607787314144,0.8723573454952833,0.6589743589743591,0.6589743589743591,0.6819277117650289,0.3608241546000835,3016617022,0.616446,0.8238265,0.8325,0.8238265,0.8238265,3016617022,4,0.8866744453763579,0.90886366,1.2139283,0.790684,0.8185972,1.6677467,0.97834015,0.795,0.792,5.4,0.89,0,MQ,0.5213759331825562,0.6589743589743591,0.9000090621133489
1mi5,2,90.87001654632972,85.77865384615384,85.77090909090907,81.9688524590164,93.72242424242424,92.28156862745098,91.82376470588235,0.8300000000000001,0.835,0.433,0.9503433882690566,0.9197827542212615,0.7787096774193548,0.7787096774193549,0.7473062407929696,0.5412895898783247,3016617022,0.6201145,0.82878875,0.835,0.82878875,0.82878875,3016617022,2,0.889053631999137,1.4184899,2.5995739,1.1021465,0.8947027,3.5021455,1.0729436,0.656,1.253,6.944,0.781,0,MQ,0.6442979153356472,0.7787096774193549,0.9350630712451591
4nhu,3,89.20795063445159,68.40918367346939,84.74873015873015,76.84027027027028,80.86714285714285,80.78324324324325,86.5988888888889,0.5660000000000001,0.545,0.204,0.639595427497975,0.6206977411288526,0.4861702127659574,0.4861702127659574,0.0799522240727995,0.0744093050376038,2130646927,0.186906,0.4804965,0.545,0.4453145,0.4453145,2130646927,3,0.7850459126840333,5.8190985,7.8011727,8.394864,4.018145,4.4000454,8.769959,0.156,6.957,15.792,0.2,1,LQ,0.07718076455520165,0.4861702127659574,0.6301465843134137
4nhu,4,89.17170345906483,67.36224489795917,84.15793650793653,76.14324324324325,80.05071428571429,80.29945945945946,85.54314814814813,0.5599999999999999,0.53,0.237,0.5886702949936383,0.6074562789756089,0.4398181818181818,0.4398181818181818,0.0572528700008625,0.0671588252653143,2130646927,0.1633804999999999,0.44822175,0.53,0.41733425,0.41733425,2130646927,4,0.7722406699471052,5.8766375,7.823654,7.909296,4.27773,4.4885683,8.266934,0.191,6.633,17.513,0.333,0,LQ,0.0622058476330884,0.4398181818181818,0.5980632869846236
4nhu,2,88.58422214496785,64.2265306122449,82.27317460317462,74.29675675675675,78.61380952380952,76.99567567567567,84.99351851851853,0.51,0.4549999999999999,0.205,0.4579342560171593,0.5159133378790737,0.2686567164179104,0.2686567164179105,0.0263042284177859,0.036894766064775,2130646927,0.0959344999999999,0.40708275,0.4549999999999999,0.343471,0.343471,2130646927,2,0.7249665807205751,6.144564,9.714091,6.657158,3.3966591,6.9335165,11.026449,0.095,8.7,20.648,0.111,1,LQ,0.03159949724128045,0.26865671641791045,0.4869237969481165
4nhu,0,89.1658925777855,67.32102040816326,83.98873015873015,76.66,80.63238095238096,80.44378378378379,86.14555555555556,0.5479999999999999,0.515,0.196,0.5650657709119974,0.5849638695139505,0.455,0.4549999999999999,0.0513823525690204,0.0596003526728987,2130646927,0.16165725,0.446566,0.515,0.40788375,0.40788375,2130646927,0,0.7688929448485647,6.039645,8.558478,8.195567,3.915665,5.004223,9.545689,0.149,7.532,17.679,0.222,0,LQ,0.05549135262095955,0.45499999999999996,0.5750148202129739
4nhu,1,89.62019468103598,68.48959183673469,85.21793650793653,77.27797297297298,80.96119047619047,81.47432432432431,86.42481481481478,0.5940000000000001,0.5725,0.206,0.6678302592681951,0.6816859038800136,0.4624444444444444,0.4624444444444443,0.0932716284693682,0.1056669431963052,2130646927,0.20142725,0.4955724999999999,0.5725,0.47767625,0.47767625,2130646927,1,0.7945227383024104,5.9470644,7.8467393,8.36458,4.2798834,4.492492,8.371203,0.178,6.794,17.13,0.289,0,LQ,0.0994692858328367,0.4624444444444443,0.6747580815741043
9d95,1,88.59456350409215,81.06649999999999,82.62963636363635,69.0249438202247,73.87255319148936,73.10021276595745,59.59524752475248,0.6359999999999999,0.545,0.28,0.6074783357882324,0.6067800799835231,0.3092857142857143,0.3092857142857143,0.0876976763077372,0.0510725280313674,4186326878,0.11601925,0.4329345,0.545,0.384724,0.384724,4186326878,1,0.7268873929532557,1.5447143,2.6634185,1.6220484,0.8264149,2.4435487,3.6478922,0.654,1.592,4.953,0.744,1,MQ,0.06938510216955229,0.3092857142857143,0.6071292078858778
9d95,0,88.57949530160654,80.47575,82.0450909090909,68.11101123595506,73.40404255319149,72.14468085106384,59.5770297029703,0.614,0.51,0.275,0.5386531651050861,0.5608429879691785,0.2979245283018867,0.2979245283018867,0.0574354868829674,0.0395726595626835,4186326878,0.076136,0.4027207499999999,0.51,0.33996575,0.33996575,4186326878,0,0.7065151519142711,1.2155873,2.0710452,1.3071779,0.67126447,2.1694596,2.5554159,0.699,1.336,5.096,0.805,1,MQ,0.04850407322282545,0.2979245283018867,0.5497480765371323
9d95,2,88.15142467414367,79.041,79.99981818181818,69.27887640449438,73.49382978723405,71.91255319148935,60.41960396039604,0.58,0.4625,0.255,0.5014004970562014,0.5213183134619563,0.3519512195121951,0.351951219512195,0.0474553544530703,0.0349128075254228,4186326878,0.04043025,0.375322,0.4625,0.29356825,0.29356825,4186326878,2,0.6782285112431214,1.6414547,2.8568738,1.6681992,0.85971755,2.2823026,4.19293,0.659,1.382,5.829,0.756,2,MQ,0.04118408098924655,0.35195121951219505,0.5113594052590789
9d95,3,88.39593058502577,79.57775000000001,81.60381818181816,66.5138202247191,72.93787234042553,71.76957446808511,60.25861386138613,0.61,0.5,0.3,0.5515074341812248,0.5460304885897588,0.311111111111111,0.311111111111111,0.0685903970430026,0.0369083946485388,4186326878,0.05535225,0.393955,0.5,0.327509,0.327509,4186326878,3,0.7055251124616547,1.584707,2.564327,2.604782,0.7540559,1.9632034,3.6908748,0.632,1.485,6.269,0.744,0,MQ,0.0527493958457707,0.311111111111111,0.5487689613854918
9d95,4,88.87549105789633,81.13175000000001,83.29781818181817,69.47707865168539,75.03617021276595,74.25063829787233,61.06584158415841,0.65,0.5625,0.294,0.6239472277901242,0.6209065206831926,0.3180701754385965,0.3180701754385964,0.0986814670766454,0.0554147032670838,4186326878,0.1233342499999999,0.44733725,0.5625,0.40313875,0.40313875,4186326878,4,0.7351202090329112,1.4822656,2.6362555,1.4697435,0.7146054,2.3655193,3.529745,0.638,1.588,6.238,0.793,0,MQ,0.0770480851718646,0.31807017543859645,0.6224268742366584
8dnt,1,92.09456689342404,91.05113636363636,95.21413043478262,89.00175675675675,93.6540625,88.57790697674419,93.92344827586209,0.86,0.8775,0.583,0.9689292685750656,0.9397932026635722,0.7906,0.7905999999999999,0.858084862454642,0.6992615653616411,3423533226,0.7263317499999999,0.87997125,0.8775,0.87997125,0.87997125,3423533226,1,0.9101371022378778,1.2453585,1.6502255,1.1545912,1.0620828,2.3308969,1.3971337,0.56,1.097,7.267,0.452,0,MQ,0.7786732139081416,0.7906,0.954361235619319
8dnt,0,92.25591383219954,88.84045454545455,95.0167391304348,87.46972972972974,93.3725,89.06395348837209,93.65494252873565,0.86,0.875,0.563,0.9636807105214166,0.9212115960393296,0.7114545454545452,0.7114545454545452,0.8311123489902813,0.6107871062623587,3423533226,0.722925,0.879486,0.875,0.879486,0.879486,3423533226,0,0.9138538126700334,1.1987911,1.4536651,1.1616051,1.0903575,1.781837,1.4407129,0.62,1.126,3.934,0.397,0,MQ,0.7209497276263199,0.7114545454545452,0.9424461532803731
8dnt,2,92.13002569916856,91.0809090909091,95.26782608695652,88.73094594594593,93.660625,89.34953488372092,93.61241379310344,0.86,0.875,0.589,0.9682449450588316,0.9372150015320272,0.7514814814814813,0.7514814814814813,0.8574794667197517,0.6939292082931093,3423533226,0.725221,0.8776565000000001,0.875,0.8776565000000001,0.8776565000000001,3423533226,2,0.9082336099233792,1.2607539,1.6679263,1.210486,1.0715141,2.4662495,1.3994055,0.576,1.085,6.476,0.438,0,MQ,0.7757043375064305,0.7514814814814813,0.9527299732954294
8dnt,3,92.4695283446712,91.32522727272728,95.64565217391302,89.84689189189189,94.3765625,90.14558139534884,94.44206896551724,0.8800000000000001,0.895,0.583,0.9750830026523056,0.9552976475680464,0.7956862745098039,0.7956862745098038,0.8802948844562609,0.7585604280684763,3423533226,0.76342275,0.89969175,0.895,0.89969175,0.89969175,3423533226,3,0.9274752878662832,1.2497125,1.6365021,1.202183,1.0717399,2.251071,1.4203453,0.619,1.014,5.137,0.438,0,MQ,0.8194276562623686,0.7956862745098039,0.965190325110176
8dnt,4,92.15441874527588,90.65090909090908,95.47239130434782,88.6237837837838,93.6621875,89.1393023255814,93.94126436781607,0.86,0.875,0.586,0.9701481888872844,0.9447412494997232,0.7769230769230767,0.7769230769230767,0.8638074432389649,0.7224455631866589,3423533226,0.72834375,0.879381,0.875,0.879381,0.879381,3423533226,4,0.9098262408420356,1.2949605,1.723413,1.2181238,1.0977184,2.5532537,1.4805144,0.658,1.019,3.746,0.452,0,MQ,0.7931265032128119,0.7769230769230767,0.9574447191935038
8ryp,2,91.38142923005994,87.33553191489362,84.52741379310345,82.13755555555555,91.2421875,93.2540740740741,74.61433734939759,0.8140000000000001,0.8075,0.35,0.879436961737845,0.7656071584229214,0.5802702702702703,0.5802702702702703,0.5439659051280901,0.1446380629856186,1053974805,0.5725939999999999,0.79702875,0.8075,0.79702875,0.79702875,1053974805,2,0.8811931361728996,1.7222072,3.596959,0.72501916,0.45469356,2.569923,6.6861587,0.583,1.723,7.487,0.754,0,AQ,0.3443019840568543,0.5802702702702703,0.8225220600803832
8ryp,3,91.36814507453512,89.00936170212765,84.91879310344828,84.3051111111111,91.7290625,93.56944444444444,79.81361445783133,0.8039999999999999,0.7975,0.397,0.897991801969461,0.813359595884172,0.6243589743589744,0.6243589743589744,0.612717894646345,0.2509932043265687,1053974805,0.5537704999999999,0.78112525,0.7975,0.78112525,0.78112525,1053974805,3,0.8752358718852787,1.0287111,1.6140925,1.0240333,0.76683015,1.1066849,2.7843525,0.762,1.006,5.533,0.895,0,MQ,0.4318555494864568,0.6243589743589744,0.8556756989268165
8ryp,4,91.4669970800676,88.91021276595744,84.88913793103448,83.21422222222222,92.28875,94.03833333333334,78.96530120481928,0.8140000000000001,0.81,0.388,0.908650726377876,0.8097353762556555,0.6342105263157896,0.6342105263157896,0.6500984023991954,0.2437640817468503,1053974805,0.57640275,0.79918025,0.81,0.79918025,0.79918025,1053974805,4,0.8830856519126518,0.9204606,1.6245974,1.0224795,0.5278643,1.3023578,2.6974308,0.767,0.963,5.138,0.86,0,MQ,0.4469312420730228,0.6342105263157896,0.8591930513167658
8ryp,1,91.43037805440296,88.80574468085108,85.03120689655174,82.42077777777779,91.666875,93.27037037037036,79.74204819277108,0.8,0.7925,0.328,0.8880064036825438,0.7917468021373383,0.648,0.6479999999999999,0.5669804507605334,0.2079617654289378,1053974805,0.55146775,0.77671325,0.7925,0.77671325,0.77671325,1053974805,1,0.8747671011348533,1.0157372,1.9410353,0.83490896,0.48626268,2.49856,2.6727037,0.817,0.943,2.938,0.842,0,MQ,0.3874711080947356,0.6479999999999999,0.839876602909941
8ryp,0,91.64491009681882,89.86340425531915,85.31086206896553,86.28511111111112,90.6521875,93.45851851851856,77.92240963855421,0.8160000000000001,0.8175,0.382,0.9010947545257372,0.8171701306007542,0.6183333333333333,0.6183333333333334,0.6347033723170419,0.2505607950139518,1053974805,0.5845137499999999,0.80483525,0.8175,0.80483525,0.80483525,1053974805,0,0.8816473777653541,0.8928747,1.5791345,0.8776833,0.53241897,0.9629073,2.5862815,0.724,0.925,6.875,0.842,0,MQ,0.44263208366549683,0.6183333333333334,0.8591324425632456
3vxu,3,93.13401960784314,90.74840909090908,94.3582608695652,93.55780821917809,96.39765957446808,95.15155555555556,96.25097222222222,0.874,0.8975,0.646,0.9847226603102034,0.9786837743394816,0.7572727272727273,0.7572727272727273,0.9347322964950427,0.9046881811227364,2173523135,0.74903175,0.8987105,0.8975,0.8987105,0.8987105,2173523135,3,0.9096760420383748,1.5845596,2.3259962,1.1776563,1.1909213,3.2395597,1.886265,0.708,1.169,3.408,0.639,0,MQ,0.9197102388088896,0.7572727272727273,0.9817032173248426
3vxu,4,93.3234826546003,91.38795454545452,94.43956521739128,93.4868493150685,96.48297872340429,95.20866666666667,96.4701388888889,0.876,0.8975,0.647,0.9853557329888092,0.9801872499847324,0.7327272727272728,0.7327272727272727,0.9368532279126036,0.9091514103592104,2173523135,0.75602525,0.900919,0.8975,0.900919,0.900919,2173523135,4,0.9138756089032946,1.5897307,2.360844,1.1507959,1.1757182,3.2050219,1.89008,0.726,1.191,2.42,0.639,0,MQ,0.923002319135907,0.7327272727272727,0.9827714914867708
3vxu,2,93.06496983408748,90.82999999999998,94.33391304347823,92.8245205479452,96.25489361702128,94.72444444444444,96.2226388888889,0.8699999999999999,0.895,0.639,0.984635304696713,0.97932426179549,0.7610810810810812,0.7610810810810811,0.9328799128321666,0.903409410695733,2173523135,0.745557,0.89642575,0.895,0.89642575,0.89642575,2173523135,2,0.9076367000328482,1.5836812,2.3259647,1.0813354,1.201372,3.1985297,1.828014,0.721,1.215,2.518,0.639,0,MQ,0.9181446617639498,0.7610810810810811,0.9819797832461015
3vxu,0,93.073185520362,91.2090909090909,94.06652173913044,93.1664383561644,96.40595744680849,95.11955555555556,96.33958333333334,0.876,0.8975,0.642,0.9850416295911976,0.9795521549791548,0.7542105263157894,0.7542105263157893,0.9347588096510774,0.905846325120538,2173523135,0.7538710000000001,0.9011715,0.8975,0.9011715,0.9011715,2173523135,0,0.9124069662322568,1.5466188,2.2778926,1.067395,1.1665618,3.1552205,1.7596254,0.719,1.184,2.662,0.629,0,MQ,0.9203025673858076,0.7542105263157894,0.9822968922851762
3vxu,1,93.01057466063348,90.92545454545456,94.16543478260868,93.21260273972604,96.28893617021276,94.99555555555554,96.2002777777778,0.8720000000000001,0.8975,0.641,0.9850593651885082,0.9801703161621182,0.7454545454545455,0.7454545454545455,0.9337180903970694,0.9055921891641056,2173523135,0.75181025,0.89938825,0.8975,0.89938825,0.89938825,2173523135,1,0.9124407945106368,1.5984484,2.3362484,1.1182483,1.2187173,3.1660519,1.9048663,0.711,1.165,3.132,0.629,0,MQ,0.9196551397805874,0.7454545454545455,0.9826148406753132
2j8u,3,89.62272381242389,76.93714285714285,79.13283333333332,74.60729166666667,82.08173913043478,76.61727272727272,79.91063829787234,0.6839999999999999,0.6025,0.302,0.7980504123679846,0.7200473739711839,0.5389130434782609,0.5389130434782607,0.3166462111539536,0.1065253719433832,3244035172,0.2513815,0.5349495,0.6025,0.50785275,0.50785275,3244035172,3,0.7503795297778587,1.9369937,3.8562312,0.7041602,0.93832636,4.373065,3.1421223,0.489,2.387,6.622,0.562,0,AQ,0.21158579154866838,0.5389130434782607,0.7590488931695842
2j8u,4,89.2718224725944,74.60979591836735,78.19433333333335,73.94625,81.31478260869565,75.87090909090908,78.2568085106383,0.658,0.5625,0.308,0.7659948220340744,0.6980050832136709,0.5416,0.5416,0.2607122352398816,0.0888070843863441,3244035172,0.20754275,0.51186625,0.5625,0.4677242499999999,0.4677242499999999,3244035172,4,0.7296564377018642,1.8950595,3.646949,0.89207536,1.038429,3.8455362,3.1641924,0.556,2.213,5.411,0.641,0,MQ,0.17475965981311284,0.5416,0.7319999526238727
2j8u,2,89.63834805115714,78.09489795918367,80.47333333333333,72.78166666666667,81.84086956521739,75.68386363636364,79.84478723404256,0.6839999999999999,0.6025,0.245,0.7810112282279756,0.6935022827498917,0.5036363636363635,0.5036363636363635,0.2877718766795372,0.0755980613717159,3244035172,0.2639435,0.5512125,0.6025,0.521644,0.521644,3244035172,2,0.7565181806419006,1.9655167,3.8085396,0.8563587,1.0566252,3.7008033,3.3069015,0.452,2.783,7.869,0.594,0,AQ,0.18168496902562653,0.5036363636363635,0.7372567554889337
2j8u,0,90.13560292326432,81.41448979591837,81.3035,76.570625,84.155,77.75681818181818,83.27989361702127,0.736,0.6799999999999999,0.308,0.8685815100404832,0.8035525236859286,0.4624489795918367,0.4624489795918367,0.4834081985147092,0.1829574266010349,3244035172,0.38207575,0.616716,0.6799999999999999,0.6111675,0.6111675,3244035172,0,0.8016006216290708,1.861337,3.6260626,0.83117336,0.97802746,3.4612784,3.6956756,0.47,2.373,7.722,0.578,0,AQ,0.333182812557872,0.4624489795918367,0.8360670168632058
2j8u,1,89.78920676004873,79.04857142857144,80.29133333333333,74.56229166666667,82.08847826086959,76.42818181818183,79.99042553191488,0.7,0.6325000000000001,0.267,0.8237591896463852,0.7345726220370368,0.5332558139534883,0.5332558139534883,0.3701883379353733,0.1094057708944431,3244035172,0.30285,0.5736542499999999,0.6325000000000001,0.55108775,0.55108775,3244035172,1,0.7713924249933489,1.7119617,3.326233,0.7133762,0.91376466,3.1077392,3.2133904,0.53,2.351,6.099,0.641,0,MQ,0.2397970544149082,0.5332558139534883,0.779165905841711
3vxr,1,91.87779848484848,91.50212765957448,85.62379310344828,92.85397727272728,86.9718181818182,90.9972549019608,87.56583333333332,0.826,0.8325,0.469,0.9589010696367936,0.9507220126551936,0.7214583333333332,0.7214583333333334,0.8009017846819597,0.7233215363853632,3292432231,0.633976,0.83097275,0.8325,0.83097275,0.83097275,3292432231,1,0.8800208863220095,1.0120468,1.362382,1.3328333,0.7965682,1.0864649,1.2111182,0.719,1.014,6.237,0.821,0,MQ,0.7621116605336615,0.7214583333333333,0.9548115411459936
3vxr,0,92.24880757575758,92.18212765957448,85.95499999999998,93.5884090909091,87.68318181818181,92.46372549019608,88.62238095238095,0.842,0.8475,0.49,0.9666097479817902,0.9632252643785634,0.7454545454545454,0.7454545454545454,0.8396912513961671,0.7882268803103499,3292432231,0.65513975,0.8486607500000001,0.8475,0.8486607500000001,0.8486607500000001,3292432231,0,0.8924540803381674,1.1192316,1.5947967,1.2741132,0.8655612,1.3304912,1.4504677,0.705,1.082,6.835,0.851,0,MQ,0.8139590658532585,0.7454545454545454,0.9649175061801768
3vxr,2,92.26633636363636,92.24808510638296,86.51086206896551,93.39375,87.81159090909091,92.19588235294115,89.46559523809523,0.8320000000000001,0.845,0.532,0.9628653890636792,0.95691414053725,0.698076923076923,0.698076923076923,0.8246678401579841,0.7578810523630554,3292432231,0.65484725,0.845329,0.845,0.845329,0.845329,3292432231,2,0.8894091543841949,1.0754853,1.4363624,1.2544067,0.88497317,1.1221027,1.285711,0.74,1.076,5.256,0.836,0,MQ,0.7912744462605197,0.698076923076923,0.9598897648004646
3vxr,4,92.30538484848483,92.4308510638298,86.71224137931036,93.50522727272728,87.1475,92.19549019607842,89.52678571428571,0.836,0.8475,0.503,0.9639517631099253,0.9577651244958476,0.7272340425531914,0.7272340425531915,0.8332112842512992,0.7638190801335902,3292432231,0.6584795,0.8453965,0.8475,0.8453965,0.8453965,3292432231,4,0.8913975611796041,1.0557714,1.478337,1.0268084,0.86237025,1.1760432,1.3613684,0.714,1.125,5.607,0.806,0,MQ,0.7985151821924448,0.7272340425531914,0.9608584438028864
3vxr,3,92.2407606060606,92.4036170212766,86.57931034482759,93.19522727272728,87.38886363636364,92.23254901960784,89.60964285714287,0.842,0.8475,0.514,0.9658782611545996,0.960002145188002,0.7225,0.7225,0.832851911626132,0.7637403861073627,3292432231,0.66073625,0.8494765,0.8475,0.8494765,0.8494765,3292432231,3,0.8911208073109063,0.96307665,1.4056731,1.107775,0.7202321,1.117696,1.2715589,0.782,0.925,4.432,0.836,0,MQ,0.7982961488667474,0.7225,0.9629402031713008
8v51,3,92.11996352583589,86.65204545454546,93.2939024390244,83.0127142857143,90.64727272727274,88.35843137254902,81.48141176470588,0.8,0.78,0.417,0.8848172740825058,0.792704861661735,0.6719047619047619,0.671904761904762,0.5755984668485207,0.2169963318681968,1223425913,0.532595,0.7487937499999999,0.78,0.7487937499999999,0.7487937499999999,1223425913,3,0.8640851939370015,1.23288,2.1075127,1.0864191,0.8756937,2.606743,1.6446928,0.781,1.001,2.092,0.708,0,MQ,0.3962973993583587,0.671904761904762,0.8387610678721205
8v51,4,92.17305775075988,87.58545454545455,93.86682926829268,84.89228571428569,91.62272727272726,89.56392156862745,82.52635294117648,0.812,0.7975,0.414,0.9142838511096938,0.8469463300812156,0.7148484848484847,0.7148484848484848,0.6682254548579131,0.3374229949480946,1223425913,0.55670125,0.7710855,0.7975,0.7710855,0.7710855,1223425913,4,0.871347686756223,1.3503933,2.3804553,1.006833,0.93290967,2.3734827,2.4594316,0.758,1.041,2.484,0.677,0,MQ,0.5028242249030038,0.7148484848484848,0.8806150905954546
8v51,2,91.92563373860185,85.14636363636363,92.63219512195124,82.47085714285713,90.28636363636365,88.43705882352943,80.82576470588235,0.78,0.755,0.384,0.8770848542662276,0.780617748947125,0.6682051282051281,0.6682051282051282,0.545214485933206,0.1992594802262526,1223425913,0.49821,0.7187245,0.755,0.7187245,0.7187245,1223425913,2,0.8478165704228562,1.230837,2.1712892,0.9420454,0.84646875,2.0617127,1.9785187,0.799,0.954,1.694,0.723,0,MQ,0.3722369830797293,0.6682051282051282,0.8288513016066763
8v51,0,92.03125075987842,85.82431818181819,92.68024390243902,82.9812857142857,90.11757575757576,88.00019607843137,80.24447058823529,0.7939999999999999,0.7725,0.375,0.8792136455273637,0.7903521467349334,0.6741463414634147,0.6741463414634146,0.543568455089366,0.2070118046865881,1223425913,0.5233875,0.7448835,0.7725,0.7448835,0.7448835,1223425913,0,0.858939295276718,1.2020698,2.0048707,1.1011261,0.8800002,2.2207239,1.8760853,0.778,0.96,1.974,0.677,0,MQ,0.37529012988797705,0.6741463414634146,0.8347828961311485
8v51,1,92.2761641337386,88.10045454545454,93.8021951219512,85.08642857142856,91.93121212121213,89.91058823529411,82.13623529411764,0.8140000000000001,0.805,0.432,0.905752505761608,0.8236359400961455,0.6795238095238095,0.6795238095238096,0.6477346381180537,0.2833344576683733,1223425913,0.5796785,0.78507775,0.805,0.78507775,0.78507775,1223425913,1,0.8766859621299717,1.2433687,2.142537,1.0698994,0.87522256,2.495473,2.0897048,0.781,1.007,1.735,0.692,0,MQ,0.46553454789321347,0.6795238095238096,0.8646942229288768
5hyj,4,92.2920703125,92.90352941176472,85.10093023255814,95.61176470588236,96.4095,95.05102040816328,94.94787037037035,0.8779999999999999,0.895,0.448,0.979879803170847,0.978760080799972,0.8155555555555554,0.8155555555555556,0.9181833519563412,0.9025553631440713,3976247026,0.7194495000000001,0.89609025,0.895,0.89609025,0.89609025,3976247026,4,0.9168702929460952,0.6121816,0.92204106,0.5500808,0.49137157,0.8656211,0.82940114,0.826,0.739,3.352,0.808,0,HQ,0.9103693575502062,0.8155555555555555,0.9793199419854095
5hyj,3,92.20718599759616,92.64764705882352,84.62023255813953,95.434,96.206,94.88836734693876,94.77814814814816,0.874,0.8925000000000001,0.438,0.9789578763877156,0.9787895027528766,0.8815384615384615,0.8815384615384615,0.9145985792995064,0.9015986328072768,3976247026,0.7161755000000001,0.892343,0.8925000000000001,0.892343,0.892343,3976247026,3,0.9143025771898964,0.6200704,0.852792,0.53688055,0.54133403,0.8453371,0.72207904,0.825,0.642,3.68,0.788,0,HQ,0.9080986060533915,0.8815384615384615,0.9788736895702961
5hyj,2,92.16909104567308,92.10098039215688,83.77255813953488,95.08329411764709,96.0655,94.59224489795918,94.38583333333334,0.868,0.885,0.457,0.9758387320045356,0.9755659840221124,0.8248275862068962,0.8248275862068966,0.9007250376843214,0.886913185766064,3976247026,0.6999025,0.884915,0.885,0.884915,0.884915,3976247026,2,0.910595177978296,0.6134927,0.85544765,0.52334833,0.53088367,0.7845078,0.8729625,0.842,0.646,3.51,0.827,0,HQ,0.8938191117251928,0.8248275862068963,0.975702358013324
5hyj,0,92.1739122596154,92.51686274509804,83.83325581395349,95.25341176470587,95.70975,94.26102040816326,94.22138888888892,0.8620000000000001,0.8775,0.44,0.9752560013862278,0.9756277814648484,0.885185185185185,0.8851851851851853,0.9004855970886841,0.8875456591755514,3976247026,0.6954775,0.88035675,0.8775,0.88035675,0.88035675,3976247026,0,0.905706407944774,0.59866345,0.81035936,0.5538094,0.5248095,0.84511536,0.88223183,0.839,0.773,2.513,0.808,0,HQ,0.8940156281321178,0.8851851851851851,0.975441891425538
5hyj,1,91.9457166466346,92.1570588235294,83.54790697674419,95.0209411764706,95.85325,94.39265306122452,94.3876851851852,0.8640000000000001,0.88,0.457,0.9758876810013842,0.9760232100499434,0.8514814814814813,0.8514814814814814,0.9048854037524,0.8892627639831348,3976247026,0.69420825,0.88125275,0.88,0.88125275,0.88125275,3976247026,1,0.9061374969230798,0.6606872,0.9031016,0.5470466,0.5819242,0.8654344,0.91103584,0.802,0.724,3.917,0.769,0,HQ,0.8970740838677673,0.8514814814814813,0.9759554455256638
3kps,3,93.81111311401531,91.82461538461536,90.65030303030304,88.81803278688524,95.62090909090908,93.84745098039214,94.59423529411768,0.8480000000000001,0.8525,0.554,0.9434165852438868,0.906381554966432,0.7886486486486486,0.7886486486486486,0.7979742243639297,0.550611754629313,1386859583,0.64991725,0.85168625,0.8525,0.85168625,0.85168625,1386859583,3,0.9044220916680548,0.9721844,1.4801741,1.0790823,0.7638198,1.6174195,1.6637813,0.747,0.917,4.835,0.756,0,MQ,0.6742929894966214,0.7886486486486486,0.9248990701051594
3kps,4,93.7556421811627,91.6475,91.45,88.27163934426231,95.81515151515153,94.2627450980392,94.90882352941178,0.8560000000000001,0.8625,0.525,0.9465311930088308,0.9183158373484058,0.7644736842105263,0.7644736842105263,0.7850518245589462,0.6082604080113528,1386859583,0.66092625,0.86685275,0.8625,0.86685275,0.86685275,1386859583,4,0.9109142363586712,1.2423323,2.1675518,1.5902466,0.7624856,3.4563727,1.881748,0.653,1.226,6.354,0.718,0,MQ,0.6966561162851495,0.7644736842105263,0.9324235151786183
3kps,2,93.83670572329878,91.6176923076923,90.90060606060608,87.41508196721313,96.0769696969697,94.42549019607844,95.1455294117647,0.8640000000000001,0.87,0.533,0.9637293013083436,0.9432420543499768,0.8051515151515151,0.8051515151515151,0.8463917770116435,0.7018805572957494,1386859583,0.68598275,0.87256575,0.87,0.87256575,0.87256575,1386859583,2,0.9132610555959358,1.1129932,1.9802886,1.1425833,0.70929116,3.337687,1.7249613,0.72,1.078,4.806,0.744,0,MQ,0.7741361671536964,0.8051515151515151,0.9534856778291602
3kps,0,93.76179810725552,91.74269230769232,90.4778787878788,88.91327868852458,95.69454545454546,94.00470588235297,94.54988235294118,0.8539999999999999,0.86,0.555,0.9448452215142766,0.9035617147788868,0.773611111111111,0.7736111111111111,0.8039547418683651,0.5476078363136792,1386859583,0.66024225,0.85623525,0.86,0.85623525,0.85623525,1386859583,0,0.9050975053911072,0.9933536,1.4861174,1.2922136,0.76288813,1.5667031,1.671767,0.731,0.928,5.401,0.756,0,MQ,0.6757812890910222,0.773611111111111,0.9242034681465817
3kps,1,93.77141054529068,92.38557692307694,90.57303030303032,89.8472131147541,95.66181818181818,93.85450980392156,94.81941176470588,0.8539999999999999,0.8625,0.554,0.953110150993426,0.9219912593278718,0.7799999999999999,0.78,0.8251830432533468,0.6291322787080188,1386859583,0.66025875,0.86016375,0.8625,0.86016375,0.86016375,1386859583,1,0.908157656761364,0.9947297,1.5018585,1.069092,0.79326993,1.5719643,1.6769638,0.727,0.967,5.649,0.782,0,MQ,0.7271576609806828,0.78,0.9375507051606489
7rrg,1,87.81546158612143,70.49625,74.5219512195122,58.15155555555556,81.30625,76.23170212765957,72.45989473684212,0.52,0.32,0.211,0.4482335698432266,0.4524706747730746,0.181,0.1809999999999999,0.0339930012609507,0.02860382230392,1317932452,0.0157655,0.406105,0.32,0.1953585,0.1953585,1317932452,1,0.5920574564591844,7.468472,18.371119,4.170842,2.8855927,22.155125,8.548029,0.038,17.025,34.451,0.048,0,LQ,0.03129841178243535,0.18099999999999994,0.4503521223081506
7rrg,0,87.36150092936802,72.03696428571428,75.86219512195122,59.072,80.8346875,75.02212765957448,71.21726315789473,0.53,0.335,0.206,0.4497297836014046,0.4409831726480276,0.2094339622641509,0.2094339622641509,0.0376328622660893,0.0218049776037418,1317932452,0.0149765,0.392727,0.335,0.205365,0.205365,1317932452,0,0.6128056639456455,3.642204,8.163128,3.8440661,1.8519605,8.624049,9.5570965,0.162,6.046,16.672,0.222,0,LQ,0.02971891993491555,0.2094339622641509,0.4453564781247161
7rrg,2,87.44495817843867,72.48303571428572,76.36926829268292,61.031777777777776,80.78375,74.55489361702128,71.75136842105262,0.52,0.3275,0.209,0.4751543185193673,0.443483644633088,0.2478723404255319,0.2478723404255318,0.0385314899488371,0.0209260162624227,1317932452,0.01516475,0.3957825,0.3275,0.20198525,0.20198525,1317932452,2,0.5950933578986886,3.8142715,8.63927,4.1167192,1.8459724,10.381113,9.758262,0.194,5.982,12.022,0.19,0,LQ,0.0297287531056299,0.24787234042553186,0.45931898157622764
7rrg,3,87.26151641883519,71.94053571428572,75.16951219512195,58.72422222222222,80.19,74.38531914893618,71.50610526315788,0.518,0.3175,0.144,0.4433558859960236,0.4492246752957419,0.2705405405405406,0.2705405405405405,0.0341148315369768,0.021239670932125,1317932452,0.01506775,0.392889,0.3175,0.19551525,0.19551525,1317932452,3,0.5968821650344829,3.8435068,8.839416,3.7668226,1.8232888,10.293349,9.739888,0.159,6.425,14.062,0.159,0,LQ,0.0276772512345509,0.27054054054054055,0.4462902806458827
7rrg,4,87.35345570012392,69.92517857142857,74.25731707317073,57.41122222222222,81.27250000000001,75.21361702127659,72.47421052631579,0.514,0.3125,0.182,0.4613306022610611,0.455841499108889,0.2127659574468085,0.2127659574468085,0.0368545237129433,0.0267698386595401,1317932452,0.01690975,0.42140175,0.3125,0.190957,0.190957,1317932452,4,0.5837111690912233,7.9407,19.263733,4.733356,3.3232012,22.974566,8.380113,0.039,16.509,33.204,0.048,0,LQ,0.0318121811862417,0.2127659574468085,0.45858605068497504
8yiv,0,92.62988247545373,89.75112676056338,91.90075471698113,94.07301587301586,92.9836170212766,93.69022222222225,92.3096875,0.8379999999999999,0.845,0.567,0.942585182424323,0.956518274256936,0.8378947368421051,0.837894736842105,0.7579352974033567,0.7891863039858247,2842583289,0.63935525,0.84500375,0.845,0.84500375,0.84500375,2842583289,0,0.902371514685269,1.2085727,1.9961822,0.7852633,0.8215614,1.2770767,1.7342227,0.591,1.35,6.069,0.558,0,MQ,0.7735608006945907,0.837894736842105,0.9495517283406295
8yiv,1,92.81865069919668,89.77915492957746,92.37018867924526,94.61,93.63489361702126,93.92733333333334,92.76729166666668,0.858,0.8625,0.54,0.9447374764614392,0.961607484508926,0.8654285714285713,0.8654285714285714,0.7613273143646678,0.8135399403788335,2842583289,0.66787525,0.8675915000000001,0.8625,0.8675915000000001,0.8675915000000001,2842583289,1,0.917356245620646,1.2489729,2.1034527,0.688667,0.8261869,1.3052853,1.8604051,0.557,1.392,6.546,0.506,0,MQ,0.7874336273717506,0.8654285714285714,0.9531724804851827
8yiv,4,92.7950565307944,89.47859154929574,92.45490566037736,94.42571428571428,93.43723404255316,93.82955555555556,92.87385416666666,0.8560000000000001,0.8625,0.549,0.9480900935049978,0.9644140363096964,0.85,0.8499999999999999,0.77654668775033,0.8225096302037919,2842583289,0.6696365,0.8648692499999999,0.8625,0.8648692499999999,0.8648692499999999,2842583289,4,0.9158171539393284,1.2574838,2.1207855,0.68845654,0.8296054,1.2359546,1.7900115,0.568,1.402,6.749,0.558,0,MQ,0.7995281589770609,0.8499999999999999,0.9562520649073472
8yiv,3,92.74108747396608,89.62901408450705,92.17377358490566,94.32904761904764,93.38765957446807,93.70933333333332,92.70333333333332,0.85,0.855,0.553,0.9473966570119752,0.9616005673741772,0.8634285714285713,0.8634285714285714,0.7771243045777336,0.8177068797991809,2842583289,0.64911525,0.85536275,0.855,0.85536275,0.85536275,2842583289,3,0.9100776158928532,1.2678376,2.1449118,0.6166502,0.8372868,1.3513459,1.7757065,0.567,1.429,6.504,0.545,0,MQ,0.7974155921884573,0.8634285714285714,0.9544986121930762
8yiv,2,92.52825200833084,89.14098591549295,92.09169811320754,94.0436507936508,92.44170212765958,93.3617777777778,92.43385416666666,0.842,0.8474999999999999,0.53,0.9434831376675848,0.9593539946641988,0.8638235294117647,0.8638235294117647,0.7558733502480552,0.7994632689707921,2842583289,0.64878775,0.847826,0.8474999999999999,0.847826,0.847826,2842583289,2,0.9058625558696818,1.3816277,2.345326,0.9482706,0.877195,1.4507043,1.9301809,0.507,1.607,7.924,0.519,0,MQ,0.7776683096094237,0.8638235294117647,0.9514185661658918
2vlk,0,92.2644006642512,92.7288888888889,93.8082222222222,93.11442622950818,95.95769230769233,94.7795652173913,94.17806818181818,0.842,0.8425,0.522,0.9675526466884822,0.9607974518938192,0.8674999999999999,0.8675,0.8693554904690444,0.8307849751338836,3461606290,0.619753,0.8284670000000001,0.8425,0.8284670000000001,0.8284670000000001,3461606290,0,0.8930824462754597,0.5815043,0.8515812,0.717027,0.46063226,0.8848602,0.5572437,0.938,0.397,2.871,0.981,0,HQ,0.850070232801464,0.8674999999999999,0.9641750492911507
2vlk,1,92.19888134057972,92.25444444444445,93.57822222222224,92.73262295081967,95.89410256410255,94.64739130434783,94.05818181818182,0.842,0.845,0.526,0.9654791103530268,0.9612063022961,0.8490476190476189,0.8490476190476192,0.8627137996364985,0.8278614186676115,3461606290,0.6177542500000001,0.827091,0.845,0.827091,0.827091,3461606290,1,0.892545528793893,0.6841891,1.213228,0.71756065,0.4296591,0.9723069,0.662927,0.914,0.435,3.18,0.943,0,HQ,0.845287609152055,0.849047619047619,0.9633427063245634
2vlk,3,92.1721029589372,92.46277777777776,93.68866666666668,92.79081967213116,95.86384615384615,94.7291304347826,94.03556818181818,0.8400000000000001,0.8425,0.537,0.96725223268417,0.9607779660897076,0.8485714285714284,0.8485714285714285,0.8692774005385383,0.8290239529250191,3461606290,0.61875875,0.825385,0.8425,0.825385,0.825385,3461606290,3,0.8907037302189815,0.6326119,0.9156754,0.7125279,0.51695067,1.0600107,0.6906205,0.917,0.42,3.119,0.943,0,HQ,0.8491506767317787,0.8485714285714285,0.9640150993869387
2vlk,4,92.2996210748792,91.99583333333334,93.50022222222222,92.81295081967215,95.93692307692308,94.69826086956525,93.95272727272727,0.8400000000000001,0.84,0.535,0.9656198812747694,0.9597099068700158,0.7817021276595743,0.7817021276595747,0.862928138534031,0.823045803259347,3461606290,0.61453725,0.8236725,0.84,0.8236725,0.8236725,3461606290,4,0.8924035284206729,0.61668146,0.8953306,0.45883453,0.5303482,1.0868007,0.6486766,0.925,0.461,3.138,0.981,0,HQ,0.8429869708966891,0.7817021276595745,0.9626648940723925
2vlk,2,92.10575030193236,92.25916666666669,93.452,92.36491803278687,95.72692307692309,94.4004347826087,93.71681818181816,0.834,0.8325,0.521,0.9635872138122348,0.9580038726627056,0.8678048780487805,0.8678048780487805,0.8537312552320573,0.8116912839192784,3461606290,0.60457725,0.81663875,0.8325,0.81663875,0.81663875,3461606290,2,0.8868720064934494,0.6179827,0.953961,0.7322113,0.46805322,1.0411533,0.7303995,0.922,0.456,2.994,0.962,0,HQ,0.8327112695756678,0.8678048780487805,0.9607955432374702
7r80,3,91.88905144938532,78.33829787234045,82.27482758620691,85.77276315789473,84.79255319148935,81.76764705882354,82.62568421052632,0.604,0.4649999999999999,0.287,0.4325529853267949,0.4981985207439938,0.3608571428571429,0.3608571428571428,0.0386983968444349,0.0465115685199474,1028144719,0.01267675,0.36608125,0.4649999999999999,0.24917375,0.24917375,1028144719,3,0.6905921341205825,2.1610062,3.680521,3.6119912,1.0810786,3.0646346,2.6105454,0.393,2.534,8.925,0.444,0,AQ,0.04260498268219115,0.3608571428571429,0.46537575303539436
7r80,4,91.67354833813933,78.49744680851065,81.62155172413792,85.43407894736842,83.82574468085106,80.58735294117646,81.66810526315791,0.562,0.3925,0.22,0.3580378551472337,0.4251972843930254,0.4458333333333333,0.4458333333333333,0.0242887856836231,0.0307325048596844,1028144719,0.00897675,0.28997225,0.3925,0.197885,0.197885,1028144719,4,0.6468288657869794,2.4394896,4.475246,2.3272452,1.3273493,3.57314,2.5202072,0.34,3.125,9.092,0.365,0,AQ,0.02751064527165375,0.4458333333333333,0.3916175697701295
7r80,2,91.44086659584156,73.82744680851064,79.79827586206895,81.44118421052633,83.6008510638298,79.62941176470588,80.31547368421055,0.556,0.385,0.248,0.4116228279287299,0.4714064722751206,0.3493939393939394,0.3493939393939393,0.0307551925497027,0.0354496982931417,1028144719,0.0121789999999999,0.35839,0.385,0.2200385,0.2200385,1028144719,2,0.6397969660521152,1.8988711,3.1943593,2.450412,1.1750284,1.6375934,2.9708369,0.491,2.183,6.516,0.524,0,MQ,0.0331024454214222,0.34939393939393937,0.44151465010192525
7r80,0,91.44018667476097,74.17659574468084,81.09310344827587,79.1917105263158,83.05702127659575,79.89470588235292,79.4363157894737,0.592,0.445,0.275,0.4319989292096329,0.4802564745565307,0.3735294117647058,0.3735294117647059,0.0356893307853824,0.0367941214631836,1028144719,0.01266075,0.36662825,0.445,0.2386825,0.2386825,1028144719,0,0.6792699791761087,1.5926734,2.6316633,2.3168008,0.9667948,1.1357654,2.0534348,0.597,1.552,5.087,0.571,1,MQ,0.036241726124283,0.37352941176470583,0.4561277018830818
7r80,1,91.83415237517072,78.49106382978724,82.57448275862069,85.41,85.13978723404257,81.28058823529412,82.85273684210526,0.592,0.44,0.187,0.4364685806240057,0.5051978099122711,0.4473684210526317,0.4473684210526316,0.0382543661246323,0.0471275165523706,1028144719,0.0122295,0.3586645,0.44,0.24194325,0.24194325,1028144719,1,0.681633149686605,1.9815754,3.3557131,3.168589,1.0551816,2.8076982,2.4683416,0.459,2.188,6.328,0.413,1,AQ,0.04269094133850145,0.44736842105263164,0.4708331952681384
3mv8,2,92.5805290767386,92.3385,92.59150943396226,94.00166666666664,93.805,92.57092592592596,91.94929577464788,0.8460000000000001,0.8625,0.574,0.9754198473194244,0.9693533033142664,0.8360714285714286,0.8360714285714286,0.8741700312936266,0.8295481891650655,1486261004,0.66856825,0.8642035,0.8625,0.8642035,0.8642035,1486261004,2,0.8918719712261639,1.032239,1.3089238,1.6654857,0.75296474,0.9297206,0.74867,0.818,0.885,4.034,0.897,0,HQ,0.851859110229346,0.8360714285714286,0.9723865753168455
3mv8,4,92.49271582733812,92.3665,92.30792452830188,93.97244444444446,93.686875,92.39,91.89239436619718,0.844,0.8625,0.557,0.9743554928666196,0.9688793310697426,0.8292982456140351,0.829298245614035,0.8709314160122795,0.8292351345882223,1486261004,0.66495525,0.86295625,0.8625,0.86295625,0.86295625,1486261004,4,0.8900110527668728,0.96068436,1.1675247,1.6342765,0.71133935,1.0646766,0.8000174,0.855,0.692,3.438,0.882,0,HQ,0.850083275300251,0.829298245614035,0.9716174119681811
3mv8,3,92.77200539568344,93.02325,92.93433962264152,94.44155555555557,93.9584375,92.81425925925927,92.37309859154928,0.8539999999999999,0.875,0.579,0.9778488595329952,0.973431153083906,0.8096666666666666,0.8096666666666665,0.8829276444024334,0.8491928187882998,1486261004,0.6928062500000001,0.877592,0.875,0.877592,0.877592,1486261004,3,0.904353363072892,0.9883052,1.1500466,1.6859863,0.76397705,1.0026867,0.746978,0.875,0.653,3.657,0.941,0,HQ,0.8660602315953666,0.8096666666666665,0.9756400063084506
3mv8,1,92.54288069544364,92.7555,92.7947169811321,94.2162222222222,93.7790625,92.03296296296294,92.32732394366197,0.844,0.8625,0.562,0.9752555498430104,0.969401896255928,0.8116363636363634,0.8116363636363638,0.8714753452355671,0.8320038729584427,1486261004,0.66347825,0.86204875,0.8625,0.86204875,0.86204875,1486261004,1,0.893736659541604,0.9244448,0.9668073,1.6584264,0.7541931,0.95680606,0.8682234,0.869,0.443,4.386,0.897,0,HQ,0.8517396090970049,0.8116363636363636,0.9723287230494693
3mv8,0,92.39851169064748,91.64775,92.00830188679248,93.59855555555556,93.2125,92.20055555555555,90.69971830985916,0.8320000000000001,0.8500000000000001,0.573,0.9714728641055238,0.964429645494692,0.8132758620689655,0.8132758620689654,0.8593826587311499,0.8032295235768849,1486261004,0.6465595,0.85001025,0.8500000000000001,0.85001025,0.85001025,1486261004,0,0.8792548120147182,1.2291422,1.4006971,1.8665359,1.0292335,1.1828035,1.0295382,0.751,0.979,5.587,0.853,0,MQ,0.8313060911540174,0.8132758620689655,0.9679512548001079
8yj2,2,92.75966005665722,88.88239436619719,91.08132075471698,94.37412698412696,95.86425531914892,93.68577777777776,94.17166666666668,0.852,0.8625,0.573,0.964573342625432,0.9562004765925424,0.9023529411764706,0.9023529411764706,0.855377354506622,0.8086359909430886,1438149308,0.6614705000000001,0.86372,0.8625,0.86372,0.86372,1438149308,2,0.905053974260334,0.9671594,1.4813116,0.77722275,0.72627133,0.79747176,1.493129,0.703,0.7,3.818,0.455,0,MQ,0.8320066727248553,0.9023529411764706,0.9603869096089872
8yj2,3,92.80834799463248,88.60126760563381,90.7554716981132,94.0252380952381,95.61255319148938,92.90022222222224,94.05395833333334,0.852,0.86,0.572,0.9631609179336684,0.965115362327032,0.9209090909090908,0.9209090909090908,0.8436497523406884,0.8283881252896335,1438149308,0.65529675,0.861208,0.86,0.861208,0.861208,1438149308,3,0.904360902456224,1.0794947,1.6196773,0.89809835,0.8306324,1.0550804,1.5919983,0.648,0.842,5.01,0.442,0,MQ,0.8360189388151609,0.9209090909090908,0.9641381401303502
8yj2,4,92.8602713582824,89.99507042253522,91.26075471698114,94.5284126984127,95.91702127659572,93.47022222222222,94.05739583333332,0.8539999999999999,0.8674999999999999,0.579,0.967791677693362,0.9683142627438796,0.9127272727272726,0.9127272727272728,0.8642566436461958,0.8455771371632089,1438149308,0.668614,0.867435,0.8674999999999999,0.867435,0.867435,1438149308,4,0.9080203058019176,1.1518818,1.8032643,0.9408606,0.8339985,1.0355856,1.5252563,0.644,0.868,5.373,0.468,0,MQ,0.8549168904047024,0.9127272727272727,0.9680529702186208
8yj2,1,92.89076189056208,87.77943661971833,91.08264150943398,94.2406349206349,95.82446808510636,93.55733333333332,94.18979166666668,0.8539999999999999,0.865,0.578,0.96443337355045,0.9553846466089096,0.9006060606060605,0.9006060606060606,0.854646412421168,0.805465850262307,1438149308,0.6652855,0.86570575,0.865,0.86570575,0.86570575,1438149308,1,0.9081872107229676,1.0829887,1.6514355,1.0532191,0.79320455,0.9214355,1.5149288,0.654,0.793,5.06,0.442,0,MQ,0.8300561313417375,0.9006060606060606,0.9599090100796799
8yj2,0,92.95459519904576,89.80802816901407,91.40169811320754,94.55095238095238,95.80574468085103,93.458,94.22260416666666,0.8560000000000001,0.87,0.578,0.9660714524485146,0.9573701852906096,0.8762162162162163,0.876216216216216,0.8587246922282432,0.8139738507165373,1438149308,0.67337925,0.87166475,0.87,0.87166475,0.87166475,1438149308,0,0.9109797634849996,1.0105344,1.4832548,0.90119195,0.7921232,0.94058657,1.5248226,0.672,0.769,4.481,0.442,0,MQ,0.8363492714723902,0.8762162162162161,0.9617208188695621
5yxn,1,93.08156278366113,93.08033333333334,85.90685714285713,93.17774647887325,93.59794871794873,94.46372093023255,87.28023255813955,0.8619999999999999,0.875,0.583,0.9662245166586824,0.9247679469416192,0.8792592592592592,0.8792592592592592,0.8669543038923828,0.6816905496670803,1144184609,0.705303,0.87929875,0.875,0.87929875,0.87929875,1144184609,1,0.9125308574272464,0.63094455,0.80847055,0.77740836,0.5257008,0.41431668,1.1060336,0.848,0.512,3.687,0.808,0,HQ,0.7743224267797315,0.8792592592592592,0.9454962318001507
5yxn,0,92.969845688351,93.64199999999998,86.73171428571428,93.29605633802818,93.60589743589745,94.3213953488372,87.71441860465116,0.868,0.88,0.581,0.9701701660306916,0.945171357299272,0.8952941176470586,0.8952941176470588,0.8779827945448446,0.7466591191022491,1144184609,0.71705975,0.885086,0.88,0.885086,0.885086,1144184609,0,0.9161635783570748,0.6696369,0.91212237,0.7864174,0.5288246,0.46185654,1.1584193,0.854,0.551,3.786,0.846,0,HQ,0.8123209568235469,0.8952941176470587,0.9576707616649818
5yxn,2,93.09361422087748,93.6355,86.6952857142857,93.26521126760564,93.7969230769231,94.6186046511628,88.06488372093023,0.8699999999999999,0.8825000000000001,0.579,0.969903388811603,0.9368944895914282,0.9063265306122448,0.9063265306122448,0.8785548621604913,0.7263396680759083,1144184609,0.719619,0.885985,0.8825000000000001,0.885985,0.885985,1144184609,2,0.9164741741012936,0.6133979,0.83103704,0.6989441,0.49056208,0.36619604,1.0479869,0.912,0.514,1.186,0.859,0,HQ,0.8024472651181997,0.9063265306122448,0.9533989392015156
5yxn,4,93.08453857791226,93.377,86.10057142857143,93.17563380281688,93.61358974358974,94.37186046511628,87.97825581395351,0.8640000000000001,0.8775,0.578,0.970013451403052,0.9404302858548744,0.893076923076923,0.893076923076923,0.8789993061781869,0.7325090101490452,1144184609,0.708655,0.88023125,0.8775,0.88023125,0.88023125,1144184609,4,0.9108413321267954,0.57773685,0.79867655,0.78478384,0.43040642,0.3834789,1.1082476,0.893,0.445,2.405,0.833,0,HQ,0.8057541581636161,0.893076923076923,0.9552218686289632
5yxn,3,93.1828925869894,93.31283333333332,86.64442857142859,92.7650704225352,93.38179487179488,93.62813953488372,87.06558139534881,0.8640000000000001,0.875,0.577,0.9670931439726864,0.9316578499318466,0.8997999999999999,0.8997999999999999,0.8664426420376934,0.6982629472423707,1144184609,0.7062275,0.87923175,0.875,0.87923175,0.87923175,1144184609,3,0.9125017200513736,0.63790935,0.8485397,0.6385992,0.53194475,0.41691205,1.3450159,0.89,0.517,2.782,0.872,0,HQ,0.782352794640032,0.8997999999999999,0.9493754969522665
3vxs,2,92.02860158706392,94.31127659574466,88.09,95.35352272727272,89.98318181818182,93.7621568627451,90.3002380952381,0.876,0.89,0.544,0.9747647785461828,0.9674999357311468,0.7519999999999998,0.7520000000000001,0.8767737645357537,0.8093946124195324,1763498346,0.74182825,0.8957075,0.89,0.8957075,0.8957075,1763498346,2,0.9198331771298978,0.9998587,1.4602995,0.6250124,0.83505285,0.9854719,1.528759,0.775,1.019,3.914,0.814,0,MQ,0.843084188477643,0.752,0.9711323571386647
3vxs,4,91.68371163347808,93.8072340425532,87.59931034482757,94.9894318181818,88.80318181818183,93.0258823529412,88.47678571428571,0.868,0.8825000000000001,0.533,0.9706639990922736,0.9569165808048316,0.7413953488372094,0.7413953488372093,0.8605279726002997,0.7574337337194275,1763498346,0.7207935,0.885976,0.8825000000000001,0.885976,0.885976,1763498346,4,0.9110092946510868,1.0731391,1.5147239,1.1619508,0.86342406,1.1153241,1.4318954,0.707,1.148,5.697,0.8,1,MQ,0.8089808531598636,0.7413953488372094,0.9637902899485526
3vxs,3,91.89496481509208,93.77106382978724,87.48741379310346,94.9325,88.6,92.60549019607843,88.05095238095238,0.868,0.8825000000000001,0.542,0.9693966611484012,0.9604508920159692,0.7447916666666666,0.7447916666666666,0.8539113592123203,0.767309458402969,1763498346,0.722342,0.8865845,0.8825000000000001,0.8865845,0.8865845,1763498346,3,0.9130551659344148,1.0721227,1.597162,0.75800467,0.8678093,1.2477138,1.6047131,0.685,1.238,6.092,0.8,1,MQ,0.8106104088076447,0.7447916666666666,0.9649237765821852
3vxs,1,91.7094145830214,93.84531914893616,87.47758620689655,94.97045454545454,89.00090909090909,93.1429411764706,89.3425,0.866,0.8825000000000001,0.55,0.9711478952458272,0.9627204846467396,0.7604255319148934,0.7604255319148938,0.8626485780120301,0.7864607296595579,1763498346,0.7231449999999999,0.8868590000000001,0.8825000000000001,0.8868590000000001,0.8868590000000001,1763498346,1,0.9113184002301882,0.92184687,1.346274,0.74332464,0.75194454,0.9062408,1.4220935,0.793,1.013,4.154,0.886,0,MQ,0.824554653835794,0.7604255319148936,0.9669341899462834
3vxs,0,91.7486120676748,93.91361702127656,87.59034482758621,95.13806818181818,89.24431818181819,93.03843137254904,88.74214285714285,0.8699999999999999,0.8825000000000001,0.538,0.9698796223235382,0.961647100191855,0.7449999999999998,0.7450000000000001,0.8570484053017074,0.7788080646653528,1763498346,0.7267717499999999,0.8898025,0.8825000000000001,0.8898025,0.8898025,1763498346,0,0.9136455692242614,1.217723,1.9900155,0.90819055,0.8589064,1.003066,3.171439,0.703,1.159,5.403,0.771,1,MQ,0.8179282349835302,0.7449999999999999,0.9657633612576966
2ckb,2,89.4812622100122,75.27530612244898,85.51761904761905,77.29187499999999,87.0545238095238,87.40837837837839,88.35296296296293,0.72,0.7025,0.352,0.8495643105241618,0.7966403542129605,0.6514634146341463,0.6514634146341464,0.4719814571190102,0.2163725005781833,720511573,0.40903475,0.669596,0.7025,0.6436455,0.6436455,720511573,2,0.7930882204477768,2.3688686,4.0344777,1.6618867,1.3896145,5.209096,2.5207617,0.375,2.677,7.896,0.35,0,AQ,0.34417697884859677,0.6514634146341463,0.8231023323685611
2ckb,4,89.50233363858365,74.89224489795919,86.05984126984127,76.799375,87.01261904761903,87.3310810810811,88.75351851851853,0.718,0.7025,0.379,0.8594372610053407,0.8173348481123608,0.7062162162162162,0.7062162162162162,0.4928064817922802,0.2459226572559046,720511573,0.413189,0.6760925,0.7025,0.648231,0.648231,720511573,4,0.7938471543061882,2.4196208,4.162148,1.6520938,1.3796985,5.3537073,2.4425812,0.364,2.796,7.935,0.333,0,AQ,0.3693645695240924,0.7062162162162162,0.8383860545588507
2ckb,3,89.45603174603175,75.5595918367347,85.13444444444445,77.12062499999999,87.17333333333333,87.04135135135135,88.53074074074075,0.7140000000000001,0.7,0.359,0.8433166919171426,0.7870702387872095,0.6419047619047619,0.641904761904762,0.453370947235552,0.1967759963287661,720511573,0.4069145,0.66976525,0.7,0.6434292500000001,0.6434292500000001,720511573,3,0.795649821832818,2.2992296,3.8996375,1.6313856,1.3638549,5.151916,2.4576647,0.427,2.527,5.958,0.35,0,AQ,0.32507347178215906,0.641904761904762,0.8151934653521761
2ckb,1,89.58985653235654,74.89999999999999,86.41000000000001,77.2265625,87.16309523809525,87.35756756756757,88.65907407407407,0.726,0.7125,0.377,0.8584221072868534,0.8037250161296445,0.6686842105263157,0.6686842105263158,0.4965032574325391,0.2226349168954443,720511573,0.427362,0.6798565,0.7125,0.65870325,0.65870325,720511573,1,0.8016347752190115,2.6115718,4.504623,1.6828681,1.4882243,5.683105,2.5107384,0.336,3.122,8.138,0.3,0,AQ,0.3595690871639917,0.6686842105263158,0.831073561708249
2ckb,0,89.42688492063492,74.75959183673469,85.30539682539684,76.82781250000001,87.36071428571428,87.74621621621621,88.39333333333332,0.7220000000000001,0.7050000000000001,0.391,0.8516567394114786,0.8017210547056398,0.6726315789473684,0.6726315789473684,0.4796547969383341,0.2264717547190768,720511573,0.40960775,0.6690145000000001,0.7050000000000001,0.64506875,0.64506875,720511573,0,0.7968123473159273,2.4178455,4.1318007,1.6857615,1.4045085,5.550336,2.5027435,0.404,2.702,6.577,0.35,0,AQ,0.35306327582870545,0.6726315789473684,0.8266888970585592
3pqy,2,88.45264320536259,80.74333333333333,81.38157894736842,68.485875,90.33725,88.61276595744681,83.22273972602738,0.74,0.725,0.288,0.8376302173934119,0.7143063656442361,0.5623076923076924,0.5623076923076924,0.470905345171786,0.1172296675905114,1426095747,0.4698095,0.696385,0.725,0.68354275,0.68354275,1426095747,2,0.8022124827946421,1.7868373,2.8048215,1.4320601,1.2007477,3.8656132,3.1111727,0.682,1.52,3.672,0.709,0,MQ,0.2940675063811487,0.5623076923076924,0.775968291518824
3pqy,4,88.39431901279708,80.9662962962963,81.50210526315789,67.89200000000001,90.16775,88.66936170212766,82.81123287671234,0.742,0.7325,0.361,0.8658280987548892,0.7535611012556885,0.5416666666666665,0.5416666666666666,0.529370876551734,0.1547888279165853,1426095747,0.4735445,0.69929675,0.7325,0.69000275,0.69000275,1426095747,4,0.8013841537032731,1.5270674,2.2040298,1.9478279,1.0642526,2.5826483,2.9241295,0.7,1.189,4.306,0.691,0,MQ,0.34207985223415965,0.5416666666666665,0.8096946000052889
3pqy,3,88.18572364411943,81.0035185185185,81.88447368421052,68.808375,90.0865,87.89148936170214,83.57013698630136,0.7300000000000001,0.72,0.343,0.8515688002197545,0.7316872254020745,0.5588235294117647,0.5588235294117647,0.5037555953681809,0.1333089042632502,1426095747,0.45836325,0.690504,0.72,0.6750895,0.6750895,1426095747,3,0.794343103185462,1.3843138,1.975867,1.4106197,1.0505437,2.3017375,2.4594696,0.755,1.208,3.459,0.8,1,MQ,0.3185322498157156,0.5588235294117647,0.7916280128109145
3pqy,1,88.60776660572822,81.25740740740741,81.64131578947368,67.613375,90.5375,88.74191489361702,83.72821917808217,0.746,0.735,0.309,0.870544188723747,0.779563361173747,0.628,0.628,0.5518200918847251,0.1914174941812207,1426095747,0.4800125,0.7006605,0.735,0.6909235,0.6909235,1426095747,1,0.808033751763981,1.6740938,2.5688043,1.3708737,1.1747435,3.7175756,2.5714736,0.664,1.562,3.732,0.673,0,MQ,0.3716187930329729,0.628,0.825053774948747
3pqy,0,88.16722425350396,81.01981481481482,81.72973684210527,68.55999999999999,90.0125,88.13765957446807,83.11958904109589,0.74,0.725,0.311,0.8356512570560274,0.7094186624939823,0.5318181818181819,0.5318181818181819,0.4691161609007121,0.1116712802067734,1426095747,0.46688625,0.69465025,0.725,0.68199225,0.68199225,1426095747,0,0.7974791543111769,1.4552794,2.1636386,1.3039694,1.064012,2.3387713,2.5184212,0.695,1.388,4.73,0.782,0,MQ,0.29039372055374274,0.5318181818181819,0.7725349597750049
6am5,0,92.24765521491295,88.95636363636365,94.015,92.1530882352941,89.27,93.95891891891893,92.6948717948718,0.86,0.87,0.606,0.9676552183834776,0.9502419652796644,0.7945454545454544,0.7945454545454543,0.8576110792426237,0.7519941193940897,1849603335,0.67119525,0.8743497499999999,0.87,0.8743497499999999,0.8743497499999999,1849603335,0,0.9120691178046884,0.6939184,1.1125091,0.8942714,0.44099927,0.9979124,1.1718577,0.856,0.608,2.452,0.786,0,HQ,0.8048025993183567,0.7945454545454544,0.958948591831571
6am5,1,92.40520566938838,89.9375,94.37456521739134,92.97102941176472,89.6752380952381,94.35864864864864,93.56115384615386,0.8619999999999999,0.8725,0.617,0.9717796034557712,0.9572682568644753,0.8285714285714286,0.8285714285714285,0.8769377860416006,0.7930559522352645,1849603335,0.67829125,0.87525525,0.8725,0.87525525,0.87525525,1849603335,1,0.9127861228214342,0.6540162,1.0746706,0.6329516,0.4303515,0.9466682,1.2611774,0.855,0.649,1.936,0.771,0,HQ,0.8349968691384325,0.8285714285714285,0.9645239301601232
6am5,3,92.2187813896164,89.72136363636363,94.12217391304348,92.23720588235294,89.45595238095238,94.18135135135137,93.17230769230768,0.858,0.87,0.612,0.9709947708440672,0.9539039691496792,0.8288888888888889,0.8288888888888886,0.8709661369848503,0.7722399915889411,1849603335,0.67408125,0.873627,0.87,0.873627,0.873627,1849603335,3,0.9083202021087446,0.6780708,1.1068047,0.62583923,0.4566542,0.9804296,1.0732912,0.871,0.613,2.369,0.829,0,HQ,0.8216030642868957,0.8288888888888888,0.9624493699968732
6am5,4,92.38567863195192,89.67795454545455,94.005,92.61529411764704,89.3047619047619,94.08027027027028,93.14153846153847,0.8619999999999999,0.87,0.605,0.9703366467055312,0.9541931243462768,0.8445283018867924,0.8445283018867923,0.8670858465804324,0.7740051362522359,1849603335,0.674595,0.87475875,0.87,0.87475875,0.87475875,1849603335,4,0.9105124688305128,0.6602173,1.0527283,0.520218,0.47512308,0.9396745,1.1628237,0.885,0.546,1.455,0.8,0,HQ,0.8205454914163341,0.8445283018867924,0.962264885525904
6am5,2,92.33116314897548,89.43750000000001,94.33695652173913,92.22426470588232,89.56190476190476,94.00702702702704,93.28115384615384,0.8619999999999999,0.8775,0.608,0.9707070715158592,0.95380313493192,0.8437037037037036,0.8437037037037035,0.8677284400535661,0.7728254446972636,1849603335,0.68124975,0.87793,0.8775,0.87793,0.87793,1849603335,2,0.9127620158608368,0.6750011,1.112981,0.598695,0.44864294,1.0149169,1.2252048,0.88,0.576,1.867,0.814,0,HQ,0.8202769423754148,0.8437037037037036,0.9622551032238896
8ryq,1,90.7224795934083,87.89234042553193,83.66931034482758,86.32097826086957,90.741875,93.39592592592592,74.02216867469879,0.808,0.81,0.402,0.880761656616943,0.7638411889583009,0.5186956521739132,0.5186956521739132,0.5751925042834882,0.1490574393151074,3325876133,0.5636705,0.80357325,0.81,0.80357325,0.80357325,3325876133,1,0.8736278330842646,1.3241628,2.3694704,1.3223783,0.7175656,2.3391318,4.018705,0.785,1.179,1.619,0.773,0,MQ,0.3621249717992978,0.5186956521739132,0.822301422787622
8ryq,0,91.08652702910828,88.04446808510639,84.51189655172415,84.59576086956523,90.8553125,93.2909259259259,76.75072289156626,0.8019999999999999,0.8025,0.355,0.8837628484068328,0.7657863968868339,0.628048780487805,0.6280487804878049,0.5674943175469588,0.1567165165816402,3325876133,0.55947875,0.79307925,0.8025,0.79307925,0.79307925,3325876133,0,0.8727101511167424,1.0429717,1.968377,0.7380791,0.5064598,1.897951,3.2548597,0.798,1.055,1.897,0.773,0,MQ,0.3621054170642995,0.628048780487805,0.8247746226468333
8ryq,2,90.75601262898506,88.35617021276597,84.47844827586206,86.05489130434783,91.6678125,93.8761111111111,77.47518072289158,0.808,0.8125,0.382,0.9084553639602276,0.8072962301342662,0.6808333333333336,0.6808333333333334,0.6609285320239392,0.2325287853316886,3325876133,0.5718025,0.80504725,0.8125,0.80504725,0.80504725,3325876133,2,0.8747325502048782,1.0339715,1.6900547,1.0742596,0.69692296,1.7508496,2.5453486,0.827,0.855,1.851,0.773,0,MQ,0.4467286586778139,0.6808333333333335,0.8578757970472469
8ryq,3,90.61807638995842,88.43021276595745,84.44206896551725,85.85858695652173,91.029375,93.44555555555556,75.45409638554216,0.8039999999999999,0.8075,0.398,0.8868373349152342,0.7752391108183904,0.5611363636363638,0.5611363636363637,0.5886822323885111,0.1696136819381175,3325876133,0.56612275,0.799732,0.8075,0.79969325,0.79969325,3325876133,3,0.871545140151758,1.6473721,3.1717036,1.2106358,0.70800376,2.208207,6.0403,0.749,1.396,1.907,0.758,0,AQ,0.3791479571633143,0.5611363636363638,0.8310382228668123
8ryq,4,90.7357569690436,88.5436170212766,84.33241379310344,85.90021739130435,91.171875,93.64444444444445,75.89987951807228,0.806,0.8075,0.382,0.9031548288872788,0.8063309042989967,0.6970270270270272,0.697027027027027,0.6406837439351277,0.2274748195570262,3325876133,0.566344,0.80239075,0.8075,0.8019970000000001,0.8019970000000001,3325876133,4,0.8717531916475421,0.9973814,1.5705427,1.2767624,0.669853,1.7722384,2.2700365,0.859,0.712,1.785,0.803,0,MQ,0.43407928174607696,0.6970270270270271,0.8547428665931378
3mv9,2,92.30073884967712,89.53399999999999,90.53490566037736,93.1917777777778,93.140625,90.3387037037037,90.7912676056338,0.834,0.8500000000000001,0.556,0.9697272449703662,0.9608972860804026,0.7769841269841269,0.7769841269841269,0.8365636460301196,0.7600997939632952,1576592180,0.640088,0.84999875,0.8500000000000001,0.84999875,0.84999875,1576592180,2,0.8817456929289772,1.5074773,2.189205,1.679979,1.0873955,1.3494478,1.1178986,0.674,1.565,4.632,0.771,0,MQ,0.7983317199967074,0.7769841269841269,0.9653122655253844
3mv9,3,92.3728157380988,90.63425,90.8909433962264,93.32333333333334,93.4565625,90.60925925925925,91.12704225352113,0.836,0.8525,0.529,0.9727519946086942,0.9670628148765076,0.8205263157894734,0.8205263157894737,0.8456100256343565,0.7957868315609247,1576592180,0.6512065,0.85315275,0.8525,0.85315275,0.85315275,1576592180,3,0.8855203798009385,1.1738926,1.5490934,1.7050679,0.8743359,1.135153,1.200592,0.786,0.977,4.057,0.843,0,MQ,0.8206984285976406,0.8205263157894735,0.9699074047426008
3mv9,4,91.96014266406368,89.30799999999999,90.68113207547172,92.81922222222222,92.814375,90.03037037037038,90.48647887323942,0.8300000000000001,0.8425,0.555,0.9694689243907922,0.9607824629710804,0.8143103448275861,0.8143103448275861,0.8308816793108609,0.7606301611613655,1576592180,0.62636675,0.84341,0.8425,0.84341,0.84341,1576592180,4,0.8767509426608618,1.4498749,2.0561218,1.7080433,1.0661055,1.2492168,1.3461905,0.679,1.434,5.18,0.786,0,MQ,0.7957559202361132,0.8143103448275861,0.9651256936809363
3mv9,1,92.37375581919208,90.24925,90.42169811320755,93.2181111111111,93.42375,90.45407407407409,91.13915492957749,0.8320000000000001,0.8500000000000001,0.541,0.9721713894134898,0.9661038792019556,0.8198245614035087,0.8198245614035087,0.8408654779855388,0.7886842387978272,1576592180,0.641346,0.84809325,0.8500000000000001,0.84809325,0.84809325,1576592180,1,0.883146932704197,1.1268178,1.5021746,1.6718196,0.8189978,1.157992,1.0473062,0.803,0.983,2.891,0.814,0,HQ,0.814774858391683,0.8198245614035087,0.9691376343077227
3mv9,0,92.13384141763028,89.63399999999999,90.48415094339624,92.8082222222222,93.2475,90.02518518518518,91.11408450704228,0.8300000000000001,0.8425,0.568,0.9703724910844388,0.9642071818403612,0.8081666666666666,0.8081666666666667,0.829850346625236,0.7759799368777288,1576592180,0.631317,0.8426089999999999,0.8425,0.8426089999999999,0.8426089999999999,1576592180,0,0.8774223094312384,1.2038755,1.6878039,1.6082193,0.85717255,1.189794,1.032178,0.751,1.123,4.661,0.843,0,MQ,0.8029151417514824,0.8081666666666667,0.9672898364624001
5men,3,91.38892760180995,91.9983783783784,94.4690625,89.39760416666667,89.38170212765958,89.35823529411765,92.1491891891892,0.828,0.8425,0.589,0.9696362438574884,0.9634009011878644,0.7937704918032787,0.7937704918032787,0.8416111649151808,0.7764607977920701,1806654837,0.6504805,0.8418765,0.8425,0.8418765,0.8418765,1806654837,3,0.8972679184188387,0.80766636,0.9296851,0.73183197,0.7657987,0.9240167,0.59412396,0.849,0.9,1.991,0.864,0,HQ,0.8090359813536254,0.7937704918032787,0.9665185725226764
5men,4,91.41456108597284,91.84702702702702,94.2440625,89.54833333333333,89.20510638297871,89.0664705882353,91.94554054054056,0.834,0.8425,0.576,0.9710082435065968,0.9651230086204146,0.7736507936507937,0.7736507936507936,0.8435382192772396,0.7777738165623496,1806654837,0.6548419999999999,0.843729,0.8425,0.843729,0.843729,1806654837,4,0.9011110633517294,0.86011314,1.0777451,1.054307,0.7335389,0.5411482,0.8991951,0.832,0.915,1.885,0.815,0,HQ,0.8106560179197946,0.7736507936507937,0.9680656260635057
5men,2,91.32565761689293,91.9445945945946,94.43125,88.90104166666667,89.26574468085106,88.78382352941176,91.90689189189187,0.826,0.84,0.572,0.9704579926817026,0.9634075583446288,0.8271929824561401,0.8271929824561404,0.8439545139553154,0.7685494834276952,1806654837,0.64613675,0.83864,0.84,0.83864,0.83864,1806654837,2,0.896434043882279,0.78173107,0.81466967,0.9769112,0.742444,0.69884694,0.5127312,0.846,0.903,1.901,0.852,0,HQ,0.8062519986915053,0.8271929824561403,0.9669327755131657
5men,0,91.4124766214178,91.89810810810812,94.223125,89.37895833333333,88.34276595744682,88.65794117647059,91.33891891891892,0.8300000000000001,0.84,0.575,0.9680287122936194,0.9634059652771176,0.7847540983606557,0.7847540983606558,0.8290871755419217,0.7697618774724543,1806654837,0.64986425,0.840099,0.84,0.840099,0.840099,1806654837,0,0.8999436032130216,0.9118247,1.0700879,1.1621184,0.8080983,0.55677104,0.5905418,0.832,0.967,1.948,0.84,0,HQ,0.799424526507188,0.7847540983606558,0.9657173387853686
5men,1,91.33562745098038,91.74837837837838,94.17875,89.05385416666668,88.89765957446808,88.44117647058822,91.54689189189187,0.8240000000000001,0.8325,0.568,0.9687480490799814,0.9600585254245456,0.7873770491803278,0.7873770491803278,0.8351478074129478,0.756796116547092,1806654837,0.63260125,0.83177725,0.8325,0.83177725,0.83177725,1806654837,1,0.8932038964084444,0.75225085,0.77387685,0.6170931,0.75838554,0.5195301,0.5773959,0.856,0.891,1.303,0.852,0,HQ,0.7959719619800198,0.7873770491803278,0.9644032872522634
5yxu,0,93.30892944038928,95.0396551724138,92.62100000000002,95.5067605633803,94.1071794871795,95.03744186046512,93.77012987012988,0.89,0.9,0.608,0.9817923474708896,0.97673293744199,0.9300000000000002,0.9300000000000002,0.921757981225099,0.8860611304284758,1522600000,0.764655,0.90683575,0.9,0.90683575,0.90683575,1522600000,0,0.9296411552131504,0.9874893,1.4497185,0.87440056,0.7399984,1.5678247,2.3854306,0.829,0.776,3.818,0.866,0,MQ,0.9039095558267873,0.9300000000000002,0.9792626424564398
5yxu,1,93.2328406326034,94.6791379310345,92.17242857142855,95.1887323943662,93.8851282051282,94.76837209302326,93.4077922077922,0.89,0.9025,0.613,0.9813107832320204,0.976349942727509,0.9322448979591836,0.9322448979591836,0.9163876310282966,0.8791046427193706,1522600000,0.767707,0.90875725,0.9025,0.90875725,0.90875725,1522600000,1,0.9318817416785024,1.068018,1.6700377,0.881712,0.72154146,1.5795804,3.1547916,0.79,0.834,5.214,0.881,0,MQ,0.8977461368738335,0.9322448979591836,0.9788303629797647
5yxu,3,93.05087743309002,94.515,92.23671428571429,95.45380281690142,94.14641025641026,94.70093023255816,93.6311688311688,0.8880000000000001,0.9,0.615,0.9805462123909882,0.9758947856335608,0.9300000000000002,0.9300000000000002,0.9172015447461788,0.8789990566276985,1522600000,0.75722975,0.90581075,0.9,0.90581075,0.90581075,1522600000,3,0.928988776720168,0.97172034,1.4542195,0.8029387,0.7128228,1.5578338,2.499957,0.839,0.759,3.892,0.896,0,MQ,0.8981003006869386,0.9300000000000002,0.9782204990122745
5yxu,4,93.17012773722628,94.68758620689654,92.33185714285712,95.50295774647888,94.12897435897436,94.98255813953487,93.67207792207792,0.89,0.9,0.615,0.9811896865366868,0.9765002217200146,0.9300000000000002,0.9300000000000002,0.9190433436345914,0.8826125563363089,1522600000,0.76174225,0.9068625,0.9,0.9068625,0.9068625,1522600000,4,0.930710878670422,0.9721243,1.4360473,0.8589287,0.72171915,1.5620035,2.415317,0.851,0.732,3.344,0.881,0,MQ,0.9008279499854501,0.9300000000000002,0.9788449541283507
5yxu,2,93.3966256082725,94.67758620689654,92.62871428571428,95.31070422535213,94.35256410256412,95.08651162790696,93.80493506493508,0.8939999999999999,0.9075,0.609,0.9820833421114148,0.9775088249882722,0.913529411764706,0.913529411764706,0.92166223259587,0.8837101243255004,1522600000,0.77468725,0.91331,0.9075,0.91331,0.91331,1522600000,2,0.9357605187576188,0.9556252,1.420477,0.8972216,0.6958339,1.5767671,2.364503,0.872,0.727,2.423,0.881,0,MQ,0.9026861784606852,0.913529411764706,0.9797960835498435
2vlj,0,91.9087545289855,88.37972222222223,91.61288888888886,88.27147540983606,95.28205128205128,93.20260869565216,92.58011363636363,0.808,0.7975,0.507,0.947760826690088,0.9370341667704984,0.8393023255813953,0.8393023255813954,0.7832011787606055,0.6997766233104763,469240807,0.5559385,0.771355,0.7975,0.771355,0.771355,469240807,0,0.865000465132393,0.6172608,0.98954004,0.49435553,0.478279,1.1704217,0.74795777,0.838,0.603,4.994,0.909,0,HQ,0.7414889010355409,0.8393023255813954,0.9423974967302933
2vlj,1,92.2998143115942,90.84972222222224,93.17422222222224,90.89573770491803,95.81333333333336,94.2341304347826,93.66454545454545,0.8300000000000001,0.83,0.508,0.9625553290407322,0.954214666258515,0.8745,0.8745,0.8466641654434282,0.7878345200554595,469240807,0.605102,0.8118265,0.83,0.8118265,0.8118265,469240807,1,0.8858911753478516,0.62706506,0.89748096,0.46922353,0.54449546,1.0000196,0.65412456,0.865,0.491,4.729,0.927,0,HQ,0.8172493427494438,0.8745,0.9583849976496236
2vlj,4,92.285,90.08472222222224,92.92533333333334,89.47508196721309,95.82256410256412,93.98217391304348,93.6668181818182,0.8240000000000001,0.8200000000000001,0.52,0.9572860913732936,0.9486771617132936,0.857560975609756,0.857560975609756,0.8220029797316912,0.757062608658116,469240807,0.59583475,0.801745,0.8200000000000001,0.801745,0.801745,469240807,4,0.8821670461019928,0.69242805,1.0003146,0.7523716,0.57045233,1.2347698,0.77828074,0.854,0.556,4.584,0.909,0,HQ,0.7895327941949036,0.857560975609756,0.9529816265432935
2vlj,3,92.03907457729468,88.66388888888889,91.9968888888889,88.07032786885246,95.3623076923077,93.25717391304347,92.75272727272728,0.8119999999999999,0.805,0.517,0.9495922833783014,0.940528052533328,0.8393023255813953,0.8393023255813954,0.7874350173356115,0.709129323870001,469240807,0.5710185,0.78277,0.805,0.78277,0.78277,469240807,3,0.8732790929250022,0.82923406,1.4310675,0.77541214,0.56395704,1.3432037,0.9190149,0.828,0.691,4.677,0.891,0,HQ,0.7482821706028062,0.8393023255813954,0.9450601679558147
2vlj,2,92.0654302536232,89.70833333333331,92.66622222222225,89.6767213114754,95.45564102564104,93.7808695652174,93.10045454545455,0.818,0.8075,0.524,0.9545464348407968,0.945110876582139,0.8381395348837211,0.838139534883721,0.8164221929726131,0.7421686576378519,469240807,0.578466,0.78891025,0.8075,0.78891025,0.78891025,469240807,2,0.8758935304940004,0.7036558,1.0410359,0.7581098,0.56837374,1.2508395,0.7722744,0.901,0.552,2.631,0.909,0,HQ,0.7792954253052324,0.8381395348837211,0.9498286557114679
4mxq,2,93.00016916968757,79.35857142857144,96.01015873015872,85.72355263157894,96.12772727272728,95.85153846153848,96.91614285714287,0.8400000000000001,0.9025,0.431,0.9749943704669805,0.9566576333928504,0.9048,0.9048,0.8891924291392158,0.7638053862570144,4259300659,0.75651875,0.908181,0.9025,0.908181,0.908181,4259300659,2,0.9157345338400384,0.7958487,1.0281881,0.41054475,0.7442882,1.5657835,0.36193267,0.885,0.771,1.538,0.896,0,HQ,0.8264989076981151,0.9048,0.9658260019299154
4mxq,4,92.9057206973934,79.41836734693878,95.9574603174603,86.88421052631578,96.44863636363635,96.17410256410255,97.01257142857143,0.8320000000000001,0.9,0.443,0.9696374280252628,0.9419417258047696,0.8503571428571428,0.8503571428571427,0.8761415101672202,0.7118377167144291,4259300659,0.74738275,0.90635675,0.9,0.90635675,0.90635675,4259300659,4,0.9131968628868202,0.72978175,0.8757581,0.5485895,0.6972665,1.4137262,0.24638613,0.901,0.677,1.332,0.896,0,HQ,0.7939896134408246,0.8503571428571428,0.9557895769150162
4mxq,3,93.02080441912652,79.20285714285714,96.20444444444443,86.1428947368421,96.4009090909091,96.13282051282052,97.03071428571428,0.8400000000000001,0.9025,0.417,0.9753983051161528,0.9574695229325614,0.8927272727272727,0.8927272727272726,0.8950914432565993,0.786113524832806,4259300659,0.749002,0.90841275,0.9025,0.90841275,0.90841275,4259300659,3,0.9164406299678096,0.7413728,1.1270906,0.55061024,0.6011975,1.7847238,0.5613217,0.892,0.757,1.072,0.896,0,HQ,0.8406024840447026,0.8927272727272726,0.9664339140243571
4mxq,1,92.95094942171586,78.23367346938775,95.94015873015871,86.54934210526316,96.39272727272729,96.27282051282052,96.985,0.836,0.8975,0.437,0.9707657974281052,0.9455990615861488,0.9023999999999998,0.9024,0.8827813504617659,0.7410584353941442,4259300659,0.744453,0.905794,0.8975,0.905794,0.905794,4259300659,1,0.9154506441781252,0.72846586,0.98013455,0.586475,0.649809,1.6522675,0.31769967,0.912,0.567,1.061,0.875,0,HQ,0.811919892927955,0.9023999999999999,0.9581824295071271
4mxq,0,92.9725081995512,78.5326530612245,96.0190476190476,86.47565789473686,96.13340909090908,96.13358974358974,96.83771428571428,0.8320000000000001,0.9,0.448,0.9667388202661682,0.9316808674078876,0.8660714285714286,0.8660714285714285,0.8707092353533321,0.6721008360425889,4259300659,0.73954975,0.904154,0.9,0.904154,0.904154,4259300659,0,0.9116118940860596,0.74916196,1.0351934,0.5768903,0.65820557,1.8159969,0.3169216,0.907,0.704,1.065,0.917,0,HQ,0.7714050356979605,0.8660714285714286,0.9492098438370279
8qfy,1,90.11288640302504,87.03188679245282,92.73152173913044,90.71228915662653,93.96046511627908,93.66102040816324,95.55,0.8560000000000001,0.8625,0.398,0.9748203901842504,0.9740455798671336,0.8759999999999999,0.8760000000000001,0.8796609198512814,0.8667508783754698,2227164936,0.6641705,0.86336875,0.8625,0.86204575,0.86204575,2227164936,1,0.8993302312148991,0.8460138,0.9820631,0.840667,0.8123752,1.0526947,0.68401295,0.794,0.469,6.459,0.836,0,MQ,0.8732058991133755,0.876,0.974432985025692
8qfy,0,90.01528281077674,86.02188679245285,92.84565217391304,89.45072289156626,93.60813953488372,93.36836734693878,95.38257142857144,0.852,0.86,0.402,0.9736279938137782,0.972739850716492,0.8825925925925925,0.8825925925925925,0.8758065331064926,0.8573913383081919,2227164936,0.6625989999999999,0.860499,0.86,0.860499,0.860499,2227164936,0,0.9029220925382346,0.92722183,1.2309462,0.6727963,0.865706,1.6120799,0.73627746,0.791,0.488,6.699,0.852,0,MQ,0.8665989357073423,0.8825925925925925,0.9731839222651351
8qfy,2,89.76261383330709,85.48320754716981,91.47695652173913,89.00409638554217,93.25488372093024,92.86285714285714,95.03085714285712,0.844,0.85,0.401,0.9707741395571452,0.9695876364015664,0.882962962962963,0.882962962962963,0.8588391175817575,0.8396160772522552,2227164936,0.633922,0.8473465,0.85,0.8473465,0.8473465,2227164936,2,0.895534855153144,0.90231025,1.1462812,0.76482904,0.8498741,1.4088387,0.70195657,0.786,0.498,7.126,0.869,0,MQ,0.8492275974170063,0.882962962962963,0.9701808879793559
8qfy,3,90.12416574759727,86.80811320754717,92.42565217391306,90.38843373493977,93.8193023255814,93.33551020408164,95.33057142857145,0.8560000000000001,0.86,0.407,0.9710749922409212,0.9728197477576888,0.8759999999999999,0.8760000000000001,0.8579350354761005,0.8574998513303627,2227164936,0.662661,0.8665704999999999,0.86,0.865346,0.865346,2227164936,3,0.9061593246172852,0.77280295,1.0299506,0.90706265,0.68557876,1.2084192,0.76316804,0.789,0.491,6.546,0.836,0,MQ,0.8577174434032315,0.876,0.971947369999305
8qfy,4,90.36230345044903,86.8332075471698,92.84739130434782,90.91337349397593,93.69627906976744,93.68040816326528,95.55700000000002,0.8640000000000001,0.87,0.399,0.9760546269326352,0.974642706370906,0.8808,0.8808000000000001,0.8834366035336885,0.8680216826395394,2227164936,0.68073025,0.874595,0.87,0.87307375,0.87307375,2227164936,4,0.9094585525655772,0.909441,1.0671036,0.9941573,0.8606079,1.3633121,0.74169135,0.787,0.471,6.486,0.82,0,MQ,0.8757291430866139,0.8808,0.9753486666517706
3mv7,2,92.68794590533436,93.90075,93.13132075471697,94.30611111111112,93.945625,92.75111111111111,92.77943661971833,0.86,0.8725,0.59,0.9788681797215226,0.9746471063908364,0.8163793103448276,0.8163793103448276,0.8860043754900325,0.851087269394317,3532044308,0.6903050000000001,0.8759525,0.8725,0.8759525,0.8759525,3532044308,2,0.9071369505718204,0.8739243,0.90206075,1.6712114,0.69196254,0.863661,0.84334517,0.933,0.427,1.711,0.912,0,HQ,0.8685458224421747,0.8163793103448276,0.9767576430561795
3mv7,4,92.74847933884296,93.87325,93.2966037735849,94.48455555555554,93.9453125,92.8125925925926,92.48507042253522,0.8620000000000001,0.875,0.576,0.9793696595714928,0.9754703481521042,0.7975409836065573,0.7975409836065572,0.8875934493586174,0.854015464456461,3532044308,0.6993885,0.8808895,0.875,0.8808895,0.8808895,3532044308,4,0.908190743354498,0.8490599,0.8045745,1.7275405,0.6753562,0.8627144,0.73228425,0.888,0.439,3.634,0.897,0,HQ,0.8708044569075393,0.7975409836065572,0.9774200038617985
3mv7,3,92.58554770848986,93.89975,93.14094339622643,94.46466666666666,93.9928125,92.84796296296294,92.40098591549295,0.852,0.87,0.579,0.9773670907347364,0.9726797660280648,0.7944067796610169,0.7944067796610169,0.8835736144969425,0.8491337367310401,3532044308,0.6779955,0.87090925,0.87,0.87090925,0.87090925,3532044308,3,0.8979884621809053,0.93593436,0.9812267,1.7378803,0.74895215,1.1517463,0.93743587,0.877,0.469,4.121,0.912,0,HQ,0.8663536756139913,0.7944067796610169,0.9750234283814005
3mv7,1,92.57875882794892,93.502,92.97528301886793,94.14533333333333,93.706875,92.7174074074074,91.653661971831,0.8460000000000001,0.865,0.562,0.9759158096306128,0.9703478027906072,0.8074576271186442,0.8074576271186441,0.876304895000914,0.8323553411812216,3532044308,0.67511175,0.86766275,0.865,0.86766275,0.86766275,3532044308,1,0.8970782795060261,0.95992726,1.0876671,1.706768,0.7447452,1.0609642,0.9165828,0.816,0.645,5.276,0.882,0,HQ,0.8543301180910678,0.8074576271186442,0.97313180621061
3mv7,0,92.78922614575508,94.287,93.21867924528304,94.63066666666666,94.3775,93.10666666666668,92.4901408450704,0.86,0.875,0.573,0.978289480666136,0.9744120751381328,0.8103448275862069,0.8103448275862067,0.8849752725769191,0.8517412407320727,3532044308,0.6959065,0.881047,0.875,0.881047,0.881047,3532044308,0,0.9112204418822772,0.93907744,0.9692437,1.5941056,0.8012627,0.80367637,0.9935275,0.867,0.434,4.319,0.882,0,HQ,0.8683582566544958,0.8103448275862069,0.9763507779021343
3kpr,3,91.70518996846371,77.74038461538461,80.63272727272728,83.45377049180328,89.90454545454546,85.82764705882352,84.94058823529411,0.686,0.6,0.328,0.6687273337693672,0.6724042063211746,0.5026530612244898,0.5026530612244898,0.1479875189209608,0.0938757491592652,2747040823,0.2029045,0.47936475,0.6,0.46786525,0.46786525,2747040823,3,0.7739303072194793,2.2926922,4.1058154,2.769244,1.2883996,3.3739042,5.9297414,0.462,2.65,5.892,0.468,0,AQ,0.120931634040113,0.5026530612244898,0.670565770045271
3kpr,4,91.4900976122541,77.6096153846154,80.65727272727273,83.16245901639343,89.86424242424242,85.94843137254902,85.07164705882353,0.6759999999999999,0.5925,0.32,0.6508831597844125,0.6657231857143809,0.4989795918367347,0.4989795918367347,0.1336284697497586,0.0892288629949532,2747040823,0.18710925,0.47118725,0.5925,0.456913,0.456913,2747040823,4,0.7686731608551353,2.3007317,4.0895586,2.7682457,1.3230457,3.2538648,5.9838877,0.487,2.55,5.093,0.468,0,AQ,0.11142866637235589,0.4989795918367347,0.6583031727493966
3kpr,2,91.67489412824747,77.55826923076924,80.86939393939394,83.53557377049181,90.3748484848485,86.39725490196076,85.90223529411765,0.696,0.6174999999999999,0.306,0.6785324673263393,0.6808847255601843,0.5040909090909091,0.504090909090909,0.1556533336275776,0.0970769071730042,2747040823,0.22626175,0.49524925,0.6174999999999999,0.48829575,0.48829575,2747040823,2,0.7831073692744731,2.377592,4.222027,2.7957277,1.3858896,3.4561405,6.0477896,0.464,2.648,5.499,0.443,0,AQ,0.1263651204002909,0.5040909090909091,0.6797085964432619
3kpr,0,91.72863643189667,78.1725,82.1721212121212,83.51016393442622,90.35757575757576,86.21117647058824,86.118,0.696,0.6174999999999999,0.341,0.6889431420948585,0.679663467845505,0.5027659574468085,0.5027659574468085,0.1630967148169673,0.0970456158194696,2747040823,0.233871,0.4961235,0.6174999999999999,0.48884575,0.48884575,2747040823,0,0.7840510946675601,2.3590791,4.196361,2.7672718,1.370303,3.3747454,6.068273,0.473,2.667,5.114,0.443,0,AQ,0.13007116531821844,0.5027659574468085,0.6843033049701818
3kpr,1,91.6761510737348,77.52923076923076,81.42393939393939,83.43836065573768,90.27939393939393,86.34705882352941,85.6334117647059,0.688,0.61,0.293,0.6839754151230387,0.6750971896291725,0.5228571428571429,0.5228571428571429,0.1665956216991165,0.0936480329502952,2747040823,0.2175109999999999,0.4887765,0.61,0.47819225,0.47819225,2747040823,1,0.7783407076766092,2.3244154,4.142317,2.7410357,1.3401593,3.3221328,6.0396175,0.469,2.577,4.927,0.405,0,AQ,0.13012182732470584,0.5228571428571429,0.6795363023761056
3qdg,2,92.1060991510006,89.9384090909091,94.77869565217392,92.22735294117648,91.04785714285715,94.84486486486487,94.21038461538464,0.8800000000000001,0.8975,0.615,0.9806450406657504,0.9622668704350212,0.8552830188679245,0.8552830188679245,0.9141888386545646,0.8054506579037465,1048398582,0.749242,0.89992625,0.8975,0.89992625,0.89992625,1048398582,2,0.9208512373644252,0.8943385,1.4689078,0.8298309,0.5617984,1.1953819,1.1103117,0.819,0.791,2.404,0.75,0,HQ,0.8598197482791555,0.8552830188679245,0.9714559555503859
3qdg,4,92.2741964827168,90.80590909090908,95.045,93.22588235294116,91.30809523809523,95.09783783783784,94.80243589743588,0.89,0.9025,0.628,0.983135065878194,0.9688399285127574,0.841923076923077,0.8419230769230771,0.9229970513110296,0.8333638445329336,1048398582,0.7693565,0.90871075,0.9025,0.90871075,0.90871075,1048398582,4,0.9280818660625648,0.8376561,1.3803232,0.7969623,0.5188699,1.0955595,1.1630471,0.874,0.663,1.189,0.806,0,HQ,0.8781804479219816,0.841923076923077,0.9759874971954756
3qdg,3,92.0665433596119,90.41181818181816,95.1717391304348,92.5979411764706,91.13666666666666,94.87945945945944,94.50115384615384,0.882,0.8975,0.622,0.9818968597851684,0.9654857969871204,0.858867924528302,0.858867924528302,0.91857267979014,0.8201738351464573,1048398582,0.755966,0.9032545,0.8975,0.9032545,0.9032545,1048398582,3,0.924426502358604,0.81454515,1.3032006,0.71574646,0.5487328,1.1330216,1.0999444,0.878,0.578,2.572,0.847,0,HQ,0.8693732574682986,0.858867924528302,0.9736913283861444
3qdg,1,91.97791388720437,90.2775,94.74804347826088,92.6810294117647,90.98523809523807,94.64432432432432,94.35846153846154,0.882,0.8975,0.625,0.9814457404642024,0.9650917706366476,0.8632075471698113,0.8632075471698113,0.9164340032342264,0.8151898219115343,1048398582,0.75609625,0.90266375,0.8975,0.90266375,0.90266375,1048398582,1,0.9235280617431626,0.80479574,1.2415761,0.83617157,0.562535,1.2078378,1.0403088,0.838,0.767,2.818,0.819,0,HQ,0.8658119125728804,0.8632075471698113,0.973268755550425
3qdg,0,91.93636597938143,90.2381818181818,95.04673913043476,92.14867647058824,90.82071428571427,94.71675675675677,94.2802564102564,0.8800000000000001,0.895,0.621,0.9806406702277184,0.9599443231071142,0.8390909090909092,0.8390909090909092,0.9141273539260774,0.7992037005686596,1048398582,0.7467945,0.8989435,0.895,0.8989435,0.8989435,1048398582,0,0.9229576142799376,0.89301133,1.4474075,0.83167076,0.5785421,1.1820279,1.298266,0.797,0.782,4.244,0.806,0,MQ,0.8566655272473684,0.8390909090909092,0.9702924966674162
5jzi,2,88.70912786288488,92.61516666666664,84.88193548387098,93.2739436619718,93.20794871794872,94.08558139534884,89.44046511627907,0.852,0.865,0.571,0.9747767994136424,0.9671375993837322,0.9189795918367346,0.9189795918367348,0.8810851154188792,0.8140706517174033,3095261868,0.6890085,0.87597475,0.865,0.8673197500000001,0.8673197500000001,3095261868,2,0.9078076917344352,0.9464912,1.2214732,0.860302,0.8204477,0.89566636,2.0989187,0.829,0.943,3.697,0.93,0,MQ,0.8475778835681413,0.9189795918367347,0.9709571993986873
5jzi,3,88.68742150765965,92.399,85.15725806451613,92.83774647887324,92.80025641025642,93.87186046511628,87.88127906976746,0.85,0.8625,0.574,0.9739365702338456,0.9646990366048596,0.9170588235294116,0.9170588235294116,0.8731616881319914,0.7972001643676427,3095261868,0.6880195,0.87353075,0.8625,0.86519475,0.86519475,3095261868,3,0.9037244411248564,0.9583929,1.2136458,0.87250483,0.84414905,0.9190078,2.0067399,0.846,0.868,3.447,0.93,0,MQ,0.8351809262498171,0.9170588235294116,0.9693178034193526
5jzi,4,88.52057636887609,92.78183333333332,85.34241935483868,93.19732394366194,92.9148717948718,93.8167441860465,89.10697674418603,0.8560000000000001,0.8725,0.578,0.9753293749935046,0.9676407078484646,0.9186,0.9186,0.8797531823766668,0.812514010709766,3095261868,0.6952590000000001,0.87982675,0.8725,0.8722775,0.8722775,3095261868,4,0.908546215001558,0.93142176,1.0920724,1.0161673,0.849785,0.8801678,1.5463313,0.816,0.954,3.967,0.915,0,HQ,0.8461335965432164,0.9186,0.9714850414209846
5jzi,1,88.79746397694525,92.93316666666666,85.53241935483872,93.28394366197185,93.04435897435896,93.97093023255816,89.2936046511628,0.8560000000000001,0.87,0.54,0.9487159406529192,0.9169479619086646,0.8519999999999999,0.8519999999999999,0.8197681788169254,0.6132784814627729,3095261868,0.69378925,0.8792825,0.87,0.871676,0.871676,3095261868,1,0.9050183354306934,0.9212426,1.1035568,0.8371694,0.8459964,0.8805061,1.6560796,0.788,1.272,3.546,0.93,0,MQ,0.7165233301398491,0.8519999999999999,0.9328319512807919
5jzi,0,88.70760048536326,92.69533333333337,85.36112903225806,93.23098591549297,92.98179487179488,94.02534883720932,89.09593023255813,0.8539999999999999,0.865,0.567,0.9748184362332402,0.967198534133262,0.9186,0.9186,0.8787963913168091,0.8122312041207973,3095261868,0.68919675,0.87639625,0.865,0.86907975,0.86907975,3095261868,0,0.9059793396273048,0.93432754,1.1718395,0.8264234,0.8317308,0.88487095,1.9037783,0.848,0.806,3.721,0.93,0,HQ,0.8455137977188032,0.9186,0.971008485183251
8v50,1,92.60921396054628,90.29681818181815,93.31048780487804,88.3652857142857,91.56060606060606,89.78333333333333,82.2575294117647,0.826,0.8200000000000001,0.506,0.9108307842525706,0.8319424069114247,0.7107317073170732,0.7107317073170731,0.6583489615952116,0.3137623220491721,14914518,0.62056425,0.8118155,0.8200000000000001,0.8118155,0.8118155,14914518,1,0.8817338157529141,1.3828863,2.3818448,1.1676818,0.9826611,2.677403,2.4032013,0.679,1.216,4.564,0.656,0,MQ,0.48605564182219185,0.7107317073170731,0.8713865955819977
8v50,0,92.70936722306524,89.96227272727272,94.13243902439024,87.83785714285713,92.6878787878788,91.05980392156864,83.71494117647059,0.8300000000000001,0.8325,0.494,0.93506784504743,0.8639239341698762,0.7087179487179487,0.7087179487179487,0.7422195749553746,0.3903615476858559,14914518,0.63618675,0.8254889999999999,0.8325,0.8254889999999999,0.8254889999999999,14914518,0,0.8859207249919342,1.3097419,2.2722797,1.036243,0.9281376,2.571565,2.7386327,0.767,0.946,2.028,0.641,0,MQ,0.5662905613206153,0.7087179487179487,0.8994958896086531
8v50,2,92.53729438543247,89.61295454545454,93.79146341463417,88.30800000000002,92.3160606060606,91.01549019607845,82.88929411764705,0.8320000000000001,0.825,0.491,0.9198333850955448,0.8395564529023426,0.6769047619047619,0.6769047619047619,0.6982578846155119,0.3296001853532671,14914518,0.63440675,0.82340725,0.825,0.82340725,0.82340725,14914518,2,0.8856943575579761,1.2965529,2.1577747,1.0819321,0.9694516,2.0896528,2.0908928,0.711,1.064,3.687,0.625,0,MQ,0.5139290349843895,0.6769047619047619,0.8796949189989437
8v50,4,92.50420333839148,89.94818181818182,92.64219512195122,88.10842857142858,91.66909090909093,90.12607843137252,81.36482352941177,0.8160000000000001,0.815,0.499,0.9088860738677068,0.8327109607388586,0.7009302325581396,0.7009302325581396,0.6633042122503865,0.306705708074765,14914518,0.6112960000000001,0.80448725,0.815,0.80448725,0.80448725,14914518,4,0.874688270984698,1.2712134,2.1872349,1.195189,0.8892174,2.302624,2.160988,0.711,1.084,4.405,0.688,0,MQ,0.48500496016257577,0.7009302325581396,0.8707985173032827
8v50,3,92.3868937784522,89.51227272727273,93.47975609756098,86.64328571428574,91.42939393939392,89.98470588235293,81.10635294117647,0.8160000000000001,0.81,0.449,0.9082498152909592,0.8271762607493087,0.7064285714285715,0.7064285714285714,0.6476332730588334,0.2912580650347332,14914518,0.5950035,0.80322225,0.81,0.80322225,0.80322225,14914518,3,0.8764272915948791,1.4781845,2.7635293,1.1854379,0.9005039,2.5966697,2.3053355,0.713,1.134,3.611,0.656,0,MQ,0.4694456690467833,0.7064285714285714,0.8677130380201339
8rym,2,89.44154558292797,74.10404255319146,76.23706896551724,74.2975,80.04347826086956,76.0585294117647,70.94515789473684,0.534,0.35,0.15,0.5088989759865431,0.4863390494951382,0.3023333333333333,0.3023333333333333,0.0477170237333379,0.0288426423595987,1835847430,0.01555,0.400571,0.35,0.2337715,0.2337715,1835847430,2,0.6289560648297686,1.380851,2.4904373,1.7376642,0.72263104,2.5905528,2.212371,0.44,1.881,14.221,0.667,0,AQ,0.0382798330464683,0.3023333333333333,0.49761901274084064
8rym,4,89.29195983053508,73.69106382978723,75.64293103448277,71.85794117647059,79.965,75.84411764705884,71.03315789473683,0.526,0.3375,0.155,0.5106074200932398,0.4794985689210048,0.2925,0.2925,0.0479400937130574,0.0277745430187001,1835847430,0.015441,0.40101625,0.3375,0.22576075,0.22576075,1835847430,4,0.6248564427892428,1.5554453,2.757879,2.0502608,0.83459216,2.9666662,2.3284612,0.453,1.987,12.763,0.688,0,AQ,0.03785731836587875,0.2925,0.49505299450712226
8rym,3,89.37096343951043,73.01914893617021,75.44017241379309,72.06382352941176,80.14456521739129,76.46941176470588,70.3397894736842,0.526,0.3399999999999999,0.149,0.5152015853751911,0.5039584611536083,0.3017241379310345,0.3017241379310345,0.0515345881001216,0.0309595075231253,1835847430,0.01525825,0.395188,0.3399999999999999,0.228915,0.228915,1835847430,3,0.6233616307655002,1.4976002,2.8627155,0.8946296,0.8188682,3.1825016,2.3871622,0.46,1.907,11.504,0.646,0,AQ,0.04124704781162345,0.3017241379310345,0.5095800232643997
8rym,1,89.3135744547309,73.43106382978723,75.27862068965518,73.3780882352941,78.99195652173913,74.96294117647058,66.47284210526315,0.53,0.3425,0.14,0.5189411842482905,0.4683235236171893,0.2785714285714286,0.2785714285714285,0.05069748943446,0.0233163046531477,1835847430,0.01622925,0.409725,0.3425,0.2289975,0.2289975,1835847430,1,0.6246907523361159,1.9310067,3.8289444,0.9052435,0.9334698,4.2583833,3.6624484,0.36,2.669,12.446,0.521,1,AQ,0.037006897043803846,0.2785714285714286,0.4936323539327399
8rym,0,88.8229295465244,73.7404255319149,76.05793103448275,72.31897058823527,80.18826086956521,76.03441176470588,70.4501052631579,0.53,0.35,0.155,0.5156039301748694,0.4926053890687985,0.2972727272727273,0.2972727272727272,0.0486890187041429,0.0311767579137571,1835847430,0.015131,0.3944919999999999,0.35,0.23715825,0.23715825,1835847430,0,0.6283247036707617,1.4134998,2.226005,2.203064,0.895742,2.9441352,2.074048,0.474,1.418,14.04,0.625,0,AQ,0.03993288830895,0.29727272727272724,0.5041046596218339
5brz,2,93.08142378559464,96.3282978723404,92.42439393939394,95.43655555555556,93.78945945945948,94.63555555555553,96.10135802469136,0.86,0.8725,0.56,0.9801075167062082,0.9708007252993388,0.7631578947368421,0.7631578947368421,0.9223384931528869,0.8737197751626776,1848293966,0.7071695,0.87809775,0.8725,0.87809775,0.87809775,1848293966,2,0.9041768984806744,0.56373864,0.7618313,0.6638573,0.49225295,0.7499314,0.49014956,0.922,0.456,2.747,0.946,0,HQ,0.8980291341577822,0.7631578947368421,0.9754541210027735
5brz,4,92.99379473123192,96.2263829787234,92.275,95.12266666666666,93.53,94.47425925925928,95.8116049382716,0.8539999999999999,0.87,0.549,0.9786826288099248,0.9687639412333184,0.7964864864864866,0.7964864864864866,0.9178356483493696,0.8656552648054554,1848293966,0.69794875,0.87218275,0.87,0.87218275,0.87218275,1848293966,4,0.9009043264427188,0.5467534,0.77898496,0.676229,0.4570445,0.73995167,0.49311098,0.906,0.449,3.274,0.929,0,HQ,0.8917454565774126,0.7964864864864866,0.9737232850216216
5brz,3,93.04900411146645,96.3072340425532,92.46045454545452,95.35644444444443,93.64189189189187,94.48370370370372,96.06987654320989,0.86,0.8725,0.564,0.9795231954289464,0.9691181531677524,0.7936842105263158,0.7936842105263159,0.9195071684370112,0.8650514130378772,1848293966,0.707031,0.8777245,0.8725,0.8777245,0.8777245,1848293966,3,0.9051133569514984,0.5636517,0.71952283,0.72672164,0.49756157,0.7216179,0.5204691,0.908,0.464,3.601,0.964,0,HQ,0.8922792907374442,0.7936842105263158,0.9743206742983495
5brz,1,92.79212882594793,96.22148936170214,92.2501515151515,95.27266666666664,93.51486486486483,94.59907407407408,95.83481481481482,0.852,0.87,0.553,0.9783621875193116,0.967431961022385,0.7953846153846155,0.7953846153846154,0.9150878469464911,0.8559153863620436,1848293966,0.6974195,0.8711577500000001,0.87,0.8711577500000001,0.8711577500000001,1848293966,1,0.9019070741845044,0.56111515,0.77154744,0.7110617,0.47727743,0.7218716,0.52163506,0.912,0.446,3.275,0.946,0,HQ,0.8855016166542673,0.7953846153846154,0.9728970742708483
5brz,0,92.95329678696514,96.21702127659576,92.31681818181818,95.0737777777778,93.43864864864864,94.28907407407408,95.8464197530864,0.852,0.8674999999999999,0.552,0.977737007175846,0.965986371440794,0.8,0.7999999999999999,0.9121501220309824,0.8524589552065679,1848293966,0.6950419999999999,0.8696665,0.8674999999999999,0.8696665,0.8696665,1848293966,0,0.8994810046477297,0.5740299,0.8487802,0.7179701,0.46562326,0.95825654,0.4792431,0.908,0.454,3.412,0.946,0,HQ,0.8823045386187751,0.8,0.9718616893083201
8es9,0,87.47967833491012,76.34799999999998,81.39603773584905,77.36602040816327,72.57,71.31085106382979,69.10047058823531,0.518,0.355,0.059,0.3882382962179266,0.4219060252811588,0.3055555555555556,0.3055555555555556,0.0254843484063123,0.0275045593240995,3690884095,0.00915125,0.30254625,0.355,0.20907425,0.20907425,3690884095,0,0.632250695758863,6.101344,10.73202,4.3199286,4.2382874,11.459334,10.903151,0.132,7.613,13.632,0.08,0,LQ,0.0264944538652059,0.3055555555555556,0.40507216074954266
8es9,1,87.5838789025544,76.82374999999999,81.90415094339623,78.52489795918369,73.52872340425533,71.48808510638297,71.13694117647059,0.534,0.3874999999999999,0.117,0.4070606281370885,0.4499115845730359,0.4452941176470588,0.4452941176470588,0.0303875008205388,0.0250173088748816,3690884095,0.01163525,0.375906,0.3874999999999999,0.22617525,0.22617525,3690884095,1,0.6508021381087299,5.7774205,10.037902,4.35238,4.0646563,11.254975,9.710175,0.125,7.113,15.489,0.1,0,LQ,0.0277024048477102,0.4452941176470588,0.42848610635506224
8es9,3,87.49374645222328,76.59,81.02566037735849,76.73142857142858,73.2668085106383,71.48595744680851,71.66611764705883,0.53,0.375,0.109,0.411971119083139,0.4417918619661826,0.414,0.414,0.0304236562383536,0.0253891452255192,3690884095,0.01200125,0.382528,0.375,0.221963,0.221963,3690884095,3,0.6446364854227151,5.4388924,9.54808,3.9909525,3.7727056,10.768811,9.208819,0.161,6.823,13.703,0.16,0,LQ,0.027906400731936398,0.414,0.4268814905246608
8es9,4,87.37317745641303,76.40175,81.32188679245284,78.27867346938775,72.94340425531914,71.77255319148937,71.00600000000001,0.522,0.3675,0.127,0.3798761448028893,0.4341881065957277,0.3949999999999999,0.3949999999999999,0.0252809380125826,0.0234155505164407,3690884095,0.01108475,0.36480625,0.3675,0.21534,0.21534,3690884095,4,0.6342953949618193,5.5286264,9.658367,4.364716,3.8248959,10.674029,9.31416,0.125,6.854,16.5,0.12,0,LQ,0.02434824426451165,0.3949999999999999,0.40703212569930847
8es9,2,87.28159481010948,76.19225000000002,80.83339622641509,76.61224489795919,72.64787234042552,71.35468085106382,69.49494117647056,0.52,0.365,0.149,0.373231582068411,0.4282280872034891,0.3582758620689655,0.3582758620689655,0.0255514488293861,0.0223322611469991,3690884095,0.0113155,0.369255,0.365,0.21521225,0.21521225,3690884095,2,0.6321340099316898,5.508159,9.689255,3.8263066,3.8352704,10.615106,9.43482,0.14,6.84,17.248,0.18,0,LQ,0.0239418549881926,0.3582758620689655,0.40072983463595
5nqk,1,92.4392394919867,91.1490909090909,96.28304347826086,97.04867924528304,95.64128205128206,94.04369565217392,95.885,0.884,0.9025,0.616,0.98548077606392,0.9782003361272044,0.8960784313725492,0.896078431372549,0.940030091704673,0.909829958557428,3551000875,0.7568765,0.90785325,0.9025,0.90785325,0.90785325,3551000875,1,0.924387699357446,0.7644531,1.0386238,0.634927,0.66150993,1.2087499,0.98406905,0.835,0.629,4.22,0.852,0,HQ,0.9249300251310505,0.8960784313725491,0.9818405560955622
5nqk,0,91.821413667977,90.91931818181818,95.98478260869564,96.9107547169811,95.34974358974358,93.73521739130436,95.8395238095238,0.8720000000000001,0.89,0.62,0.9839438200602146,0.975528388396656,0.8859183673469389,0.8859183673469389,0.9353169695975156,0.9018284509609508,3551000875,0.7332025,0.8962410000000001,0.89,0.8962410000000001,0.8962410000000001,3551000875,0,0.9129936615114864,0.77211845,1.0308238,0.65213466,0.6764996,1.2181547,0.8196604,0.889,0.621,2.067,0.869,0,HQ,0.9185727102792332,0.8859183673469389,0.9797361042284354
5nqk,2,92.427416087088,91.02227272727272,96.04478260869566,97.04830188679246,95.43948717948716,93.32347826086956,96.04654761904762,0.882,0.9,0.621,0.9848294507180508,0.9783626580736896,0.8471153846153848,0.8471153846153844,0.9386603484206864,0.9072908302329216,3551000875,0.755216,0.90505525,0.9,0.90505525,0.90505525,3551000875,2,0.9212794030443224,0.79043365,1.0289211,0.62509364,0.7095662,1.2105471,0.97675496,0.881,0.595,2.938,0.885,0,HQ,0.9229755893268039,0.8471153846153846,0.9815960543958702
5nqk,4,92.27213032960388,90.97795454545454,96.01565217391304,96.95641509433962,95.44205128205128,93.77543478260873,95.84190476190476,0.8779999999999999,0.8975,0.615,0.9847288971634844,0.9771668877265148,0.8736000000000002,0.8736,0.9383376322945872,0.906432433252943,3551000875,0.74581975,0.90080775,0.8975,0.90080775,0.90080775,3551000875,4,0.9177312693133712,0.7973347,1.0693723,0.57910025,0.7045839,1.1959642,1.0445418,0.885,0.612,2.35,0.869,0,HQ,0.922385032773765,0.8736000000000002,0.9809478924449997
5nqk,3,92.25242969458724,91.04045454545457,95.64065217391304,96.88490566037736,95.45282051282052,93.92000000000002,95.75321428571432,0.8800000000000001,0.8975,0.616,0.9845752862633504,0.9766689301076086,0.8644897959183675,0.8644897959183675,0.9367085267782862,0.900756209786624,3551000875,0.75187,0.90424325,0.8975,0.90424325,0.90424325,3551000875,3,0.9195199751522206,0.787647,1.0127814,0.68186826,0.7076107,1.1903187,0.9937024,0.891,0.603,2.079,0.869,0,HQ,0.9187323682824551,0.8644897959183675,0.9806221081854796
4pri,3,91.93888855557222,92.22225,91.6809433962264,93.412,94.1090625,92.24425925925928,91.67647887323945,0.8539999999999999,0.87,0.556,0.97650065806307,0.9711423019647362,0.7991228070175439,0.7991228070175438,0.8655914868845528,0.8181826910475309,3800962557,0.68807225,0.872942,0.87,0.872942,0.872942,3800962557,3,0.9026574383301764,1.1399281,1.359233,1.6641008,0.93653077,0.6801441,0.84307027,0.878,0.634,2.035,0.84,0,HQ,0.8418870889660419,0.7991228070175438,0.9738214800139031
4pri,4,91.95758362081897,92.182,92.06792452830187,93.39177777777778,94.396875,92.8475925925926,91.91830985915496,0.8539999999999999,0.8725,0.562,0.9772789600409598,0.9655898311417184,0.8243396226415094,0.8243396226415094,0.8818413699999775,0.8060248719160926,3800962557,0.692416,0.8743135,0.8725,0.8743135,0.8743135,3800962557,4,0.9026818841310394,1.2367352,1.4176975,1.7287898,1.0663346,0.662986,1.0992568,0.788,0.951,3.921,0.827,0,MQ,0.8439331209580351,0.8243396226415094,0.9714343955913392
4pri,2,92.05914354282288,92.276,92.09943396226414,93.76199999999996,94.52,92.95462962962962,92.00183098591548,0.86,0.875,0.542,0.977111589317586,0.9654350284732888,0.8110909090909092,0.8110909090909091,0.8802127609294027,0.8072882620986218,3800962557,0.7012935,0.878776,0.875,0.878776,0.878776,3800962557,2,0.9063414005806154,1.2407424,1.5270016,1.7415522,1.0055615,0.7068317,1.203069,0.82,0.837,2.873,0.8,0,HQ,0.8437505115140123,0.8110909090909091,0.9712733088954374
4pri,0,91.94205189740514,91.944,92.1141509433962,93.38433333333332,94.174375,92.4925925925926,91.57,0.8539999999999999,0.87,0.55,0.9768384726273543,0.9695155636724354,0.8060714285714285,0.8060714285714285,0.8736249450105378,0.8133546610476483,3800962557,0.690759,0.873552,0.87,0.873552,0.873552,3800962557,0,0.9005407803405758,1.3023388,1.6127604,1.7331799,1.069849,0.8458886,1.0411444,0.774,1.009,3.595,0.787,0,MQ,0.843489803029093,0.8060714285714285,0.9731770181498949
4pri,1,92.03478926053695,91.947,92.65207547169813,93.63033333333333,94.5203125,92.68648148148148,92.04647887323944,0.8620000000000001,0.875,0.541,0.9771969835439592,0.9655125896081012,0.8077586206896553,0.8077586206896552,0.8790933517976425,0.8065688755876121,3800962557,0.70731925,0.88156975,0.875,0.88156975,0.88156975,3800962557,1,0.9087381778145328,1.2244502,1.522364,1.731844,0.97938365,0.848431,1.0540261,0.782,0.912,3.289,0.747,0,MQ,0.8428311136926273,0.8077586206896552,0.9713547865760301
8gvi,1,92.87673864147548,91.28148936170214,94.16428571428573,95.89432098765432,92.98545454545454,95.29078431372552,95.41396226415095,0.874,0.8875,0.607,0.9778736700099246,0.9599817534831088,0.8027450980392158,0.8027450980392158,0.9102499320776032,0.8106985811303583,1541019316,0.72667375,0.89208725,0.8875,0.89208725,0.89208725,1541019316,1,0.9179449871765448,1.0491464,1.347479,1.0638361,0.9617326,1.0953326,1.321847,0.861,0.844,2.631,0.912,0,HQ,0.8604742566039807,0.8027450980392158,0.9689277117465167
8gvi,0,92.80374568900884,91.58914893617022,93.91920634920636,95.3306172839506,93.05545454545457,95.33313725490196,95.15301886792452,0.866,0.885,0.595,0.9780087646620576,0.959770158941437,0.8104,0.8103999999999999,0.9095005523410676,0.8093547253505591,1541019316,0.71865225,0.88714025,0.885,0.88714025,0.88714025,1541019316,0,0.9143757984517384,1.0690857,1.3620707,0.96451443,0.9965778,1.0640439,1.3100634,0.874,0.886,1.135,0.897,0,HQ,0.8594276388458133,0.8104,0.9688894618017473
8gvi,2,92.90383115909432,91.5927659574468,93.9053968253968,95.6941975308642,92.86227272727274,95.42725490196078,95.24245283018868,0.874,0.8875,0.606,0.9783961716911688,0.9610892240542542,0.8139215686274509,0.8139215686274511,0.9106187846233924,0.8160488378660867,1541019316,0.72753825,0.89261675,0.8875,0.89261675,0.89261675,1541019316,2,0.918462579506791,0.99963933,1.2714806,0.8890342,0.933817,1.1029791,1.3825064,0.876,0.9,1.622,0.926,0,HQ,0.8633338112447395,0.813921568627451,0.9697426978727115
8gvi,4,92.75588394062078,91.2687234042553,93.76015873015872,95.6183950617284,93.12613636363636,95.28666666666666,95.2061320754717,0.866,0.88,0.589,0.97747642146959,0.9598498520304616,0.8104,0.8103999999999999,0.9087849857930506,0.8078272564167622,1541019316,0.719473,0.885906,0.88,0.885906,0.885906,1541019316,4,0.9140961925053074,1.0578709,1.3778712,1.026082,0.9684415,1.1147231,1.3292837,0.864,0.868,2.022,0.897,0,HQ,0.8583061211049063,0.8104,0.9686631367500258
8gvi,3,92.85369020842704,91.44723404255318,93.76031746031744,95.57382716049383,93.25659090909092,95.39588235294116,95.12669811320757,0.866,0.885,0.586,0.978034940734611,0.9614650010493836,0.8049999999999999,0.8049999999999999,0.9098931339265685,0.8157461145509303,1541019316,0.719779,0.88707525,0.885,0.88707525,0.88707525,1541019316,3,0.9150849478292088,1.0511616,1.397793,0.88645935,0.966062,1.1022747,1.338286,0.87,0.891,1.408,0.897,0,HQ,0.8628196242387494,0.8049999999999999,0.9697499708919972
6vma,2,91.35481235870384,77.95613636363636,86.06652173913044,81.87070588235295,87.33384615384617,83.85695652173914,85.5280487804878,0.7100000000000001,0.6425,0.447,0.818242487002351,0.7804149473032748,0.6370731707317073,0.6370731707317073,0.3918381520958822,0.2311860390255622,2896640835,0.293014,0.57293725,0.6425,0.54210825,0.54210825,2896640835,2,0.7751930934907096,1.788957,3.405396,0.97776943,0.97430027,1.7225121,3.168706,0.476,2.752,9.6,0.759,0,AQ,0.3115120955607222,0.6370731707317073,0.799328717152813
6vma,4,91.43927053504146,77.95840909090909,86.33130434782608,82.07364705882352,87.50333333333333,84.41608695652172,85.89999999999999,0.716,0.6575,0.441,0.8270301262240362,0.7934102400802159,0.6299999999999999,0.6300000000000001,0.411394779208578,0.2532489169500582,2896640835,0.3176565,0.5903035,0.6575,0.5665402500000001,0.5665402500000001,2896640835,4,0.7820214342364178,1.85683,3.4858787,1.3834482,1.0146974,1.6608219,2.9889019,0.43,2.818,11.723,0.724,0,AQ,0.3323218480793181,0.63,0.8102201831521261
6vma,3,91.56873097211756,77.21727272727273,85.49695652173912,81.37058823529412,87.67025641025641,84.63978260869565,85.14268292682928,0.704,0.635,0.456,0.8178218748507797,0.769378557303661,0.5936170212765958,0.5936170212765958,0.4000730746294704,0.2108609860844803,2896640835,0.27812375,0.565819,0.635,0.5259897499999999,0.5259897499999999,2896640835,3,0.7660540140418235,1.8052016,3.4622817,1.4148574,0.8963719,1.4781444,3.0512674,0.478,2.772,9.099,0.741,0,AQ,0.30546703035697537,0.5936170212765958,0.7936002160772204
6vma,1,91.43171062547098,77.41681818181819,85.80086956521738,81.20329411764706,87.28410256410257,83.70521739130434,85.30097560975611,0.7060000000000001,0.6375,0.404,0.810761629628886,0.7676523462833259,0.6463157894736843,0.6463157894736843,0.3803966790761079,0.2085758426021237,2896640835,0.2922245,0.5691005,0.6375,0.53717325,0.53717325,2896640835,1,0.7662402276438687,1.8228295,3.4725556,1.3632532,0.94203955,1.7149564,3.1864605,0.482,2.815,8.789,0.741,0,AQ,0.2944862608391158,0.6463157894736843,0.7892069879561059
6vma,0,91.51945139412209,76.02636363636364,84.99478260869567,80.34882352941177,87.44435897435898,83.50282608695652,85.2798780487805,0.6980000000000001,0.625,0.368,0.8112845474916826,0.7640117547646991,0.6934285714285715,0.6934285714285715,0.3715552499936028,0.1997776875228286,2896640835,0.2835499999999999,0.5619735,0.625,0.529238,0.529238,2896640835,0,0.7611638127378073,1.6801051,3.162466,0.9092505,0.95206887,1.5630733,2.9185388,0.469,2.478,9.773,0.707,0,AQ,0.28566646875821566,0.6934285714285715,0.7876481511281908
2uwe,3,90.28542770167428,76.09530612244897,80.73,75.40333333333334,83.31521739130436,78.18318181818182,80.8672340425532,0.7140000000000001,0.6525,0.357,0.7524685792087441,0.6562897571128599,0.5278571428571429,0.5278571428571429,0.2899247322938918,0.075477460718086,932903182,0.335856,0.56945225,0.6525,0.55436375,0.55436375,932903182,3,0.7820219988421674,1.8440899,3.5759792,0.9226353,0.9505701,2.3336267,3.450122,0.506,2.321,6.295,0.579,0,MQ,0.18270109650598892,0.5278571428571429,0.704379168160802
2uwe,4,90.371301369863,73.56367346938775,78.28016666666666,74.60604166666667,83.71108695652175,77.95863636363636,81.42372340425531,0.7140000000000001,0.645,0.27,0.750133281019046,0.6701171307775181,0.5383333333333333,0.5383333333333333,0.2757629330520053,0.0799515467375809,932903182,0.32381575,0.56884275,0.645,0.5503305000000001,0.5503305000000001,932903182,4,0.780943810291455,1.6869148,3.2212188,0.9151496,0.9155731,2.4943469,3.4745753,0.561,2.176,5.173,0.632,0,MQ,0.17785723989479307,0.5383333333333333,0.7101252058982821
2uwe,2,90.55063774733637,77.11081632653061,81.5145,76.52333333333333,83.65326086956522,78.05931818181818,81.22553191489361,0.73,0.6725,0.349,0.7825839234326036,0.697086025540454,0.5113333333333334,0.5113333333333334,0.3441476531244614,0.0988044260451063,932903182,0.36841925,0.590994,0.6725,0.583159,0.583159,932903182,2,0.7956889118440648,1.7183622,3.3004763,0.85287565,0.92098653,2.3549364,3.3373518,0.56,2.231,4.917,0.618,0,MQ,0.22147603958478385,0.5113333333333334,0.7398349744865288
2uwe,0,90.04392389649924,73.37857142857143,79.20133333333334,75.080625,82.46847826086957,77.30909090909091,79.19478723404255,0.6900000000000001,0.6075,0.333,0.7211309807911152,0.6493967040754566,0.5161702127659574,0.5161702127659574,0.2365877018363157,0.072888862366806,932903182,0.256753,0.52832875,0.6075,0.5007825,0.5007825,932903182,0,0.7572652621045399,1.8342112,3.4235702,1.0464367,1.068334,2.1958027,3.5023897,0.585,2.057,4.731,0.645,0,MQ,0.15473828210156085,0.5161702127659574,0.6852638424332859
2uwe,1,90.57375799086758,76.92673469387756,81.11200000000001,78.56437500000001,83.67760869565218,78.36931818181819,81.50106382978721,0.734,0.6825,0.339,0.8091447667409903,0.7131848541405136,0.5140476190476191,0.514047619047619,0.4076381104352184,0.1149528308371509,932903182,0.3858725,0.605462,0.6825,0.59643775,0.59643775,932903182,1,0.7969568855147945,1.6435597,3.1433227,0.8631472,0.89007396,2.3202384,3.553385,0.581,2.067,4.707,0.632,0,MQ,0.26129547063618463,0.5140476190476191,0.761164810440752
1qsf,3,93.9068473652332,94.2065909090909,93.95043478260868,95.37440476190476,94.85042553191488,96.09029411764703,93.05126436781612,0.876,0.8925000000000001,0.586,0.9802715688091246,0.9642550485430156,0.789811320754717,0.7898113207547169,0.9193972031438,0.8379921256799643,4024255105,0.767743,0.89614025,0.8925000000000001,0.89614025,0.89614025,4024255105,3,0.930717904553206,0.5788261,0.7453738,0.6957751,0.49863875,0.6461129,1.4052129,0.95,0.445,1.156,0.949,0,HQ,0.8786946644118822,0.789811320754717,0.9722633086760701
1qsf,4,93.76076317383404,94.34840909090909,94.18673913043476,95.51773809523807,94.9136170212766,95.9614705882353,92.97149425287355,0.876,0.89,0.595,0.9800284126786116,0.9648351803132073,0.7847169811320754,0.7847169811320754,0.919100556939109,0.8417404498744459,4024255105,0.76668175,0.8936965,0.89,0.8936965,0.8936965,4024255105,4,0.9296888517784828,0.6462559,0.82108545,0.7835646,0.56108856,0.56830025,1.4878998,0.92,0.488,2.144,0.915,0,HQ,0.8804205034067774,0.7847169811320754,0.9724317964959095
1qsf,2,93.74830708661416,94.2393181818182,94.22804347826089,95.4440476190476,94.77404255319148,95.98852941176472,92.85045977011497,0.874,0.885,0.591,0.979409071361034,0.9634333651957222,0.7996153846153847,0.7996153846153846,0.916995113113355,0.8353302475504678,4024255105,0.76321275,0.8918225,0.885,0.8918225,0.8918225,4024255105,2,0.928149631396166,0.5732918,0.7507117,0.7994971,0.4703634,0.5864289,1.4023049,0.94,0.456,1.47,0.932,0,HQ,0.8761626803319114,0.7996153846153846,0.9714212182783781
1qsf,0,93.82169897032102,93.91886363636362,93.99630434782608,95.34607142857142,94.82468085106386,96.02235294117648,92.87045977011496,0.874,0.885,0.591,0.9787235483377892,0.9623217480015902,0.7907692307692309,0.7907692307692309,0.915280106300645,0.8318044718599846,4024255105,0.76077,0.8915465,0.885,0.8915465,0.8915465,4024255105,0,0.9275718224952028,0.5924343,0.82742083,0.72187907,0.47527656,0.69698966,1.5629951,0.952,0.468,1.22,0.966,0,HQ,0.8735422890803148,0.7907692307692309,0.9705226481696897
1qsf,1,93.70162023016354,93.94386363636364,93.8695652173913,95.32011904761904,94.60702127659576,95.87823529411766,92.58298850574712,0.874,0.885,0.589,0.9779103110285126,0.9610126114921336,0.7835185185185184,0.7835185185185186,0.9120368688814948,0.8217020527214763,4024255105,0.7625195,0.89080425,0.885,0.89080425,0.89080425,4024255105,1,0.9274940746565422,0.6237276,0.8123878,0.7856701,0.527558,0.5774646,1.5846635,0.933,0.47,1.794,0.932,0,HQ,0.8668694608014855,0.7835185185185185,0.9694614612603231
7na5,0,89.35250920810313,73.97851851851853,85.18422222222225,78.84082191780823,86.12028571428571,76.98321428571428,83.95677083333334,0.588,0.425,0.144,0.6077164254889135,0.6371214442142196,0.47,0.4699999999999999,0.1070618403473353,0.0882919386877285,2247119198,0.04335575,0.44017175,0.425,0.30464725,0.30464725,2247119198,0,0.6607448697923126,2.628687,5.219424,1.5764705,1.4024193,4.1538982,3.7957318,0.267,3.878,12.274,0.347,0,AQ,0.0976768895175319,0.47,0.6224189348515665
7na5,1,89.154565684469,74.25185185185185,84.76355555555554,79.93342465753425,85.83057142857143,77.03892857142857,83.38447916666667,0.5740000000000001,0.4025,0.194,0.5572549985238385,0.6022554338309096,0.396,0.396,0.0785148684581332,0.074622970727952,2247119198,0.03364025,0.42107,0.4025,0.27715375,0.27715375,2247119198,1,0.6464882114981688,3.0185034,5.863589,1.878423,1.7254915,4.7513685,3.586653,0.279,4.494,12.736,0.429,0,AQ,0.0765689195930426,0.396,0.579755216177374
7na5,4,89.21560006138735,74.00074074074074,84.40488888888889,79.31726027397261,85.96914285714284,76.80607142857141,82.8415625,0.572,0.395,0.197,0.5474033617656116,0.5688944815727857,0.2956,0.2956,0.0721266357412325,0.0619687416238031,2247119198,0.03053825,0.41225175,0.395,0.27063,0.27063,2247119198,4,0.6482346987041316,3.567196,6.865335,2.3577998,2.079014,5.991368,3.9334404,0.262,5.236,14.293,0.449,0,AQ,0.0670476886825178,0.2956,0.5581489216691986
7na5,3,89.35263812154697,74.65666666666667,85.2468888888889,79.5278082191781,86.12485714285714,77.65446428571428,84.01895833333333,0.5900000000000001,0.435,0.143,0.6064706198399985,0.6486999798849522,0.4492857142857143,0.4492857142857143,0.1051822281025449,0.0994572377907436,2247119198,0.04659025,0.44217325,0.435,0.308162,0.308162,2247119198,3,0.6645663963584229,2.7056696,5.364143,1.6103472,1.4531685,3.8876212,3.8494265,0.271,4.031,12.854,0.388,0,AQ,0.10231973294664426,0.4492857142857143,0.6275852998624754
7na5,2,89.2029312461633,73.43388888888889,85.03422222222223,78.5782191780822,85.04228571428571,75.85696428571428,83.13229166666666,0.564,0.39,0.119,0.5676067041807895,0.5797577714370677,0.4349999999999999,0.4349999999999999,0.0762805682465264,0.0695202977487344,2247119198,0.02733125,0.4089325,0.39,0.27837125,0.27837125,2247119198,2,0.6382149279538862,2.5262008,4.9951034,1.4665576,1.3744421,3.3499632,4.320638,0.282,3.643,13.195,0.408,0,AQ,0.07290043299763041,0.4349999999999999,0.5736822378089286
3tpu,4,92.99936730506155,76.46489795918367,95.06619047619049,82.92184210526315,95.05772727272728,94.98846153846152,96.05271428571427,0.78,0.8175,0.382,0.9034861900899656,0.8698240227857135,0.7358064516129031,0.7358064516129031,0.6120320040467636,0.4656440799578601,4011855328,0.6121785,0.8039135,0.8175,0.8039135,0.8039135,4011855328,4,0.8976966005469512,1.4745811,1.682908,1.1174424,1.4321485,1.4427166,0.81193703,0.735,1.215,2.76,0.695,0,MQ,0.5388380420023119,0.7358064516129031,0.8866551064378395
3tpu,3,92.19541210670316,75.85632653061225,94.32761904761904,79.58486842105265,93.7240909090909,93.74846153846153,95.07385714285716,0.732,0.7775,0.385,0.905213406482444,0.8710457455868253,0.7619999999999999,0.762,0.6196176052927134,0.4660569122714741,4011855328,0.554589,0.7577689999999999,0.7775,0.7577689999999999,0.7577689999999999,4011855328,3,0.8753203463810004,1.5695772,1.749536,1.1703753,1.5438615,2.071548,0.7069467,0.712,1.188,3.558,0.671,0,MQ,0.5428372587820938,0.762,0.8881295760346346
3tpu,2,92.94920656634746,78.91938775510204,95.39841269841268,83.64644736842106,95.39522727272724,95.1546153846154,96.29657142857144,0.774,0.815,0.402,0.9217218519043434,0.8981268940373103,0.7327777777777778,0.7327777777777778,0.6688151945288953,0.5488001149129897,4011855328,0.611174,0.8019405,0.815,0.8019405,0.8019405,4011855328,2,0.9002158003108176,1.4666774,1.6266968,1.1408662,1.4413942,1.9976827,0.62974876,0.751,1.048,2.884,0.683,0,MQ,0.6088076547209424,0.7327777777777778,0.9099243729708268
3tpu,0,92.5019733242134,73.65775510204082,92.94603174603174,83.28078947368421,94.07977272727273,94.29076923076924,95.35085714285717,0.754,0.7875,0.345,0.9145429072600864,0.9127417659833534,0.8337037037037037,0.8337037037037037,0.5979404354823834,0.5921585015310663,4011855328,0.57675975,0.77063525,0.7875,0.77063525,0.77063525,4011855328,0,0.8815123011160829,1.7612268,2.3933086,1.2704144,1.5268004,2.0443678,1.1374131,0.629,1.447,4.613,0.598,0,MQ,0.5950494685067249,0.8337037037037037,0.9136423366217199
3tpu,1,92.34097469220248,73.5030612244898,94.29666666666668,79.92421052631579,93.77113636363634,93.97615384615384,95.16514285714284,0.732,0.7775,0.38,0.898982658654981,0.8746631092987446,0.7741935483870968,0.7741935483870968,0.5939619546966429,0.480651473029592,4011855328,0.55311475,0.757185,0.7775,0.757185,0.757185,4011855328,1,0.8783377747845605,1.575861,1.8451414,1.2013966,1.509392,2.0240226,0.6605261,0.691,1.241,3.815,0.646,0,MQ,0.5373067138631175,0.7741935483870968,0.8868228839768628
8gvg,0,91.96518624211474,76.88085106382978,90.96301587301588,86.52025641025641,91.56886363636364,92.35607843137257,93.5130188679245,0.8320000000000001,0.835,0.528,0.9538932494775144,0.904299920183886,0.7474074074074073,0.7474074074074073,0.8025037891088301,0.519252681714387,3536596896,0.618009,0.83633325,0.835,0.83633325,0.83633325,3536596896,0,0.8903851522633921,1.1787846,1.785147,1.0276592,0.98736376,1.7834252,1.4794152,0.798,1.29,1.612,0.853,0,MQ,0.6608782354116085,0.7474074074074073,0.9290965848307002
8gvg,1,92.03057825172723,78.87382978723403,91.39809523809524,86.9496153846154,92.01295454545452,93.72588235294118,93.7467924528302,0.842,0.8475,0.56,0.95765856046781,0.9095114606263952,0.7544444444444443,0.7544444444444445,0.8237342464347769,0.548400244014631,3536596896,0.638082,0.8475345,0.8475,0.8475345,0.8475345,3536596896,1,0.8968694663792699,1.0752363,1.4608936,1.0311126,0.9597408,1.5957856,1.4229035,0.834,1.065,1.874,0.882,0,HQ,0.686067245224704,0.7544444444444444,0.9335850105471026
8gvg,4,92.40402673475518,76.3295744680851,91.44920634920634,88.72615384615386,92.46954545454548,94.26352941176472,94.18433962264152,0.858,0.8674999999999999,0.57,0.9681859455279018,0.9301952562450816,0.8074509803921567,0.8074509803921567,0.8598760841817725,0.6287926559537914,3536596896,0.67021425,0.867069,0.8674999999999999,0.867069,0.867069,3536596896,4,0.9087560910897532,1.0711687,1.5141976,1.042814,0.93112326,1.4808213,1.5343158,0.812,1.14,1.635,0.838,0,HQ,0.744334370067782,0.8074509803921567,0.9491906008864917
8gvg,3,92.39504806248122,77.66595744680852,91.65809523809526,89.08730769230769,93.13681818181816,94.47098039215687,94.25283018867924,0.852,0.8574999999999999,0.563,0.9689180793727056,0.9387095321812255,0.7539622641509433,0.7539622641509434,0.8645462462624656,0.6771630193865444,3536596896,0.665334,0.86019125,0.8574999999999999,0.86019125,0.86019125,3536596896,3,0.905151421559952,1.1118805,1.6596518,1.0848147,0.928703,1.7021374,1.485581,0.774,1.291,2.457,0.824,0,MQ,0.770854632824505,0.7539622641509434,0.9538138057769656
8gvg,2,92.25010814058275,78.48851063829787,91.16746031746032,86.46371794871793,91.84749999999998,93.5621568627451,93.55094339622642,0.8400000000000001,0.8425,0.531,0.9588313234251586,0.9105307555209428,0.7669230769230768,0.7669230769230769,0.8234566500642609,0.5513946026277069,3536596896,0.6383989999999999,0.84477175,0.8425,0.84477175,0.84477175,3536596896,2,0.8979101639449347,1.1115555,1.5657045,1.0030061,0.97747207,1.8088939,1.511999,0.799,1.202,1.955,0.838,0,MQ,0.6874256263459839,0.7669230769230768,0.9346810394730507
7ow6,3,91.08328316953316,89.16870967741936,79.65054054054056,84.7668181818182,91.05659574468083,88.9491891891892,90.05895348837208,0.788,0.7825,0.506,0.9293354174179363,0.8880188525711062,0.6945283018867924,0.6945283018867925,0.722504445329408,0.4801670254257701,3308712398,0.47457325,0.7544935,0.7825,0.7544935,0.7544935,3308712398,3,0.8504100044696156,0.9155708,1.5545474,0.84207267,0.67844933,0.39161795,0.9101425,0.845,0.722,2.713,0.815,0,HQ,0.6013357353775891,0.6945283018867925,0.9086771349945213
7ow6,4,91.04374692874693,88.75112903225806,81.84405405405406,84.20454545454544,90.65617021276596,88.41486486486487,89.7046511627907,0.782,0.7775,0.504,0.9242340428439954,0.8748535009528795,0.6598275862068965,0.6598275862068966,0.7053419237023375,0.4305188009690492,3308712398,0.46226625,0.746328,0.7775,0.746328,0.746328,3308712398,4,0.8481096013465707,0.85674953,1.3722321,0.837689,0.6731574,0.45723522,1.1628402,0.883,0.586,2.756,0.877,0,HQ,0.5679303623356934,0.6598275862068965,0.8995437718984374
7ow6,2,91.34356572481572,89.50500000000001,83.03067567567568,84.98939393939393,91.10765957446807,88.94297297297297,90.10686046511628,0.788,0.785,0.514,0.9334043267857994,0.8898810995926928,0.7087037037037037,0.7087037037037036,0.7355899073217901,0.4883878756707418,3308712398,0.47550625,0.75654775,0.785,0.75654775,0.75654775,3308712398,2,0.8544338591783157,0.8363051,1.3233918,0.84473914,0.6619644,0.4069437,0.9629643,0.856,0.66,2.608,0.815,0,HQ,0.6119888914962659,0.7087037037037036,0.9116427131892462
7ow6,0,91.37523802211302,89.40967741935485,82.19891891891892,85.13121212121212,91.2557446808511,89.45783783783786,90.3339534883721,0.79,0.79,0.519,0.9342551376419214,0.8896664322655734,0.6622807017543859,0.6622807017543859,0.7443224203394021,0.4904914316947216,3308712398,0.4903295,0.76522725,0.79,0.76522725,0.76522725,3308712398,0,0.8566534303776449,0.89410716,1.4866172,0.8498512,0.6768135,0.36059278,0.87254816,0.878,0.576,2.829,0.862,0,HQ,0.6174069260170618,0.6622807017543859,0.9119607849537474
7ow6,1,91.09845208845208,89.26258064516131,81.86054054054053,83.82060606060608,91.32106382978726,89.47378378378379,90.21558139534882,0.79,0.785,0.519,0.9326799746947654,0.8917543982284581,0.709,0.709,0.7347193982066544,0.4953794099448421,3308712398,0.4804819999999999,0.76103075,0.785,0.76103075,0.76103075,3308712398,1,0.8538413183880251,0.8077154,1.3104018,0.8348929,0.62065506,0.38814247,0.8889581,0.884,0.653,2.546,0.892,0,HQ,0.6150494040757483,0.709,0.9122171864616118
6zkz,0,90.47434365325076,81.86617021276597,81.31017241379311,84.08739726027397,85.99829787234043,80.90735294117647,82.30945652173911,0.5740000000000001,0.425,0.21,0.3683128760274071,0.4000555830732415,0.4137931034482758,0.4137931034482759,0.0266571178907327,0.026962562942424,567473936,0.0083385,0.263764,0.425,0.21868025,0.21868025,567473936,0,0.6626170977038714,1.8582821,2.2472734,4.629643,1.1607871,1.8924539,1.6416177,0.716,1.455,2.199,0.696,1,MQ,0.02680984041657835,0.41379310344827586,0.3841842295503243
6zkz,1,90.50214860681116,81.04617021276594,81.22948275862069,83.51821917808219,85.62468085106383,81.58500000000001,81.68086956521739,0.5700000000000001,0.4225,0.271,0.3719093729530695,0.3832099090525926,0.3676470588235294,0.3676470588235294,0.0267544111539187,0.023782973810905,567473936,0.0111417499999999,0.33401875,0.4225,0.22919875,0.22919875,567473936,1,0.6611878984592949,2.152449,3.1479883,4.797428,1.2286427,2.600186,2.5608811,0.532,2.145,7.347,0.696,0,MQ,0.02526869248241185,0.3676470588235294,0.377559641002831
6zkz,3,90.74869969040247,82.85276595744682,82.08482758620688,84.59506849315069,86.21702127659574,81.51676470588235,82.51478260869565,0.6060000000000001,0.4725,0.222,0.4292572843696654,0.4641863513356973,0.41125,0.41125,0.0367494172177289,0.0368385329653003,567473936,0.0189205,0.3542515,0.4725,0.257228,0.257228,567473936,3,0.6970326561105903,1.8714459,2.4331846,4.670822,1.0708071,1.9857183,1.8743069,0.671,1.573,3.455,0.679,0,MQ,0.036793975091514594,0.41125,0.4467218178526814
6zkz,4,90.6780495356037,82.13000000000001,81.98689655172413,83.92876712328766,86.36510638297872,82.34852941176469,82.2836956521739,0.592,0.445,0.208,0.3821380321817066,0.4037623377858466,0.4241666666666666,0.4241666666666666,0.028678503898554,0.0267963634120881,567473936,0.0113102499999999,0.3368485,0.445,0.233507,0.233507,567473936,4,0.6861755010242713,1.9250423,2.587188,4.6949797,1.0937288,1.9953295,2.225286,0.613,1.833,3.83,0.607,0,MQ,0.02773743365532105,0.4241666666666666,0.3929501849837766
6zkz,2,90.49320433436532,82.02702127659576,81.33068965517242,84.06178082191781,86.18702127659576,81.17823529411764,82.58097826086957,0.568,0.4175,0.213,0.3487697139591672,0.3873556180264383,0.394375,0.394375,0.0244004747711196,0.0258241595813953,567473936,0.00522025,0.1971915,0.4175,0.2074045,0.2074045,567473936,2,0.664698888671621,1.7650955,1.9875708,4.571317,1.1096749,1.5608029,1.4941671,0.688,1.351,4.06,0.696,0,MQ,0.025112317176257448,0.394375,0.3680626659928028
7nmg,2,90.38996666666668,71.948,80.1678947368421,84.37173333333332,82.89977272727272,85.0105882352941,86.43933333333334,0.664,0.585,0.258,0.6842162778136547,0.70580750393243,0.5488235294117646,0.5488235294117647,0.1703724011218585,0.1485535147137344,1095417098,0.17566725,0.46521625,0.585,0.441195,0.441195,1095417098,2,0.7538052831096202,1.9471582,3.248347,1.2768269,1.1687776,2.1338801,2.8956008,0.442,2.331,9.669,0.597,0,AQ,0.15946295791779647,0.5488235294117647,0.6950118908730423
7nmg,3,90.29692727272727,71.66177777777777,79.88473684210527,83.556,82.89590909090909,84.79882352941176,85.9756,0.654,0.5725,0.251,0.6493022867457384,0.6916284009676137,0.5079999999999999,0.5079999999999999,0.1350207583671329,0.1346594734698208,1095417098,0.1539765,0.45530075,0.5725,0.42472825,0.42472825,1095417098,3,0.746016490891884,1.9655919,3.2296658,1.5408192,1.1997142,2.2357616,2.9432194,0.407,2.403,9.88,0.514,0,AQ,0.13484011591847683,0.5079999999999999,0.6704653438566761
7nmg,4,90.5853909090909,72.74733333333333,80.53824561403508,84.69359999999999,83.81750000000001,85.54137254901961,87.27826666666668,0.6799999999999999,0.61,0.303,0.6996751613629553,0.7223229644827596,0.516,0.516,0.1876551201045938,0.1710033466284275,1095417098,0.200953,0.482668,0.61,0.4664264999999999,0.4664264999999999,1095417098,4,0.7679655078172,2.023257,3.4339485,1.2226353,1.160609,2.2321334,2.999755,0.412,2.622,9.686,0.556,0,AQ,0.17932923336651063,0.516,0.7109990629228574
7nmg,1,90.22139696969695,71.14422222222223,79.58438596491227,83.76453333333333,82.24863636363636,84.51196078431371,85.86760000000001,0.64,0.5525,0.234,0.645787695030114,0.6797932574721863,0.546060606060606,0.546060606060606,0.1346839327500155,0.1237247050895906,1095417098,0.1358435,0.440391,0.5525,0.407297,0.407297,1095417098,1,0.7342440643626571,2.015301,3.3812752,1.3146778,1.1891736,2.0890646,3.067936,0.422,2.482,9.792,0.569,0,AQ,0.12920431891980305,0.546060606060606,0.6627904762511502
7nmg,0,90.21811212121212,71.75444444444443,79.59438596491228,83.65266666666668,81.98727272727272,83.17039215686273,85.83159999999998,0.6359999999999999,0.545,0.234,0.6336958282790358,0.6867121575006363,0.5240000000000001,0.5240000000000001,0.1164172625827164,0.127134320034979,1095417098,0.1295215,0.4416885,0.545,0.4039015,0.4039015,1095417098,0,0.7331502238651527,2.1101544,3.537981,1.4338353,1.2406498,2.4098678,3.0422723,0.348,2.685,11.26,0.444,0,AQ,0.12177579130884769,0.5240000000000001,0.660203992889836
3qeq,2,91.03842153284673,82.047,84.28381818181816,80.5221875,78.9604,77.28217391304348,83.82764705882353,0.67,0.595,0.397,0.7441064415559318,0.7177189216231823,0.5673999999999999,0.5673999999999999,0.2429717686768331,0.1460204457295598,2870539612,0.1481255,0.49547725,0.595,0.447644,0.447644,2870539612,2,0.7375348406142395,1.4756563,2.9897635,1.2927145,0.55524766,1.9721359,0.9972803,0.703,1.474,3.171,0.723,0,MQ,0.19449610720319643,0.5673999999999999,0.730912681589557
3qeq,4,90.63375152068129,81.07450000000001,82.7721818181818,79.80859375,77.46900000000001,76.86804347826087,82.5544705882353,0.646,0.5525,0.387,0.7011860549323691,0.682027780860964,0.5653703703703703,0.5653703703703704,0.1883678560249311,0.1147444738906037,2870539612,0.10672075,0.4690045,0.5525,0.4078095,0.4078095,2870539612,4,0.7136417559549147,1.457863,2.8812013,1.1621982,0.6678531,1.7988603,1.0160478,0.8,1.072,1.543,0.769,0,MQ,0.15155616495776741,0.5653703703703703,0.6916069178966666
3qeq,3,91.09815237226276,82.84124999999999,84.9089090909091,81.45046875,79.6792,78.94782608695652,84.72976470588236,0.692,0.625,0.427,0.770797889974217,0.7492792551724446,0.5473076923076923,0.5473076923076923,0.2970858219008356,0.1874750383551163,2870539612,0.20208275,0.51800125,0.625,0.48233375,0.48233375,2870539612,3,0.7569289793148476,1.4843978,3.0651815,1.2165424,0.4813931,2.1547136,1.14447,0.624,1.71,5.172,0.708,0,MQ,0.24228043012797595,0.5473076923076923,0.7600385725733309
3qeq,1,90.43116940389294,79.8385,81.8941818181818,78.59765625,76.7486,76.13586956521739,81.5535294117647,0.622,0.52,0.37,0.6813996991106633,0.6695296540539127,0.5601923076923077,0.5601923076923077,0.1598749090848834,0.0996844342383707,2870539612,0.0807285,0.46007275,0.52,0.3756565,0.3756565,2870539612,1,0.6934841181795668,1.4815745,2.936149,1.1362878,0.6757149,2.0632927,1.0936732,0.783,1.255,2.053,0.815,0,MQ,0.12977967166162704,0.5601923076923077,0.675464676582288
3qeq,0,91.13441605839417,82.579,84.97727272727273,79.765625,78.7774,76.36434782608696,83.40517647058824,0.6839999999999999,0.6125,0.402,0.7695343093856749,0.7366931446979108,0.5685714285714286,0.5685714285714285,0.283018576904027,0.1607964339257342,2870539612,0.1862174999999999,0.5202115,0.6125,0.47825125,0.47825125,2870539612,0,0.7466029019982862,1.4089534,2.9194965,1.2454351,0.41528854,2.0665631,0.90241873,0.768,1.161,2.438,0.754,0,MQ,0.22190750541488058,0.5685714285714285,0.7531137270417929
9iky,1,92.15630112087248,86.26759259259258,87.67891304347826,88.16287499999999,84.3952380952381,83.54756756756755,85.14654761904761,0.754,0.7324999999999999,0.443,0.8622156257368819,0.8656664611449476,0.6804347826086955,0.6804347826086957,0.42222413261798,0.417275441205427,2759141943,0.41803425,0.6885375,0.7324999999999999,0.68828475,0.68828475,2759141943,1,0.845410173670759,1.2873335,2.3770454,2.33224,0.72860503,1.6088434,2.8097324,0.726,1.374,3.058,0.75,0,MQ,0.4197497869117035,0.6804347826086956,0.8639410434409147
9iky,0,92.37242199333537,87.83888888888889,88.66804347826086,89.584,87.43857142857144,86.23837837837839,87.29464285714286,0.774,0.7575000000000001,0.49,0.8751359597537032,0.8830848913399573,0.6923913043478259,0.6923913043478261,0.4772427366843247,0.5000184034648621,2759141943,0.448057,0.71612475,0.7575000000000001,0.71612475,0.71612475,2759141943,0,0.855323496146615,1.1846666,2.1122162,2.2904925,0.6814676,1.6742561,2.7317526,0.76,1.223,2.601,0.766,0,MQ,0.48863057007459343,0.692391304347826,0.8791104255468303
9iky,2,92.0491911541957,87.14962962962963,88.1604347826087,88.664625,86.55738095238094,85.67081081081082,85.93023809523811,0.754,0.735,0.453,0.8459298041200265,0.8637691271257638,0.69625,0.69625,0.3929579760487945,0.433489960293843,2759141943,0.4095245,0.68262925,0.735,0.68262925,0.68262925,2759141943,2,0.8447746758926605,1.2438817,2.1075127,2.3583572,0.79245365,1.6658168,2.7155144,0.831,1.058,1.624,0.859,0,MQ,0.4132239681713188,0.69625,0.8548494656228951
9iky,3,92.0892002423508,86.01481481481481,87.89608695652173,87.840125,86.79666666666665,85.43729729729729,86.23321428571428,0.752,0.735,0.419,0.8498960805725995,0.8712046076962012,0.7080952380952381,0.7080952380952381,0.3999737011993896,0.4501706146521272,2759141943,0.4191702499999999,0.68542125,0.735,0.68542125,0.68542125,2759141943,3,0.8405988796998184,1.1289569,1.9854786,2.3351307,0.6234486,1.4306227,2.6757529,0.808,1.059,2.078,0.812,0,MQ,0.42507215792575836,0.7080952380952381,0.8605503441344003
9iky,4,92.0290351408664,87.3574074074074,88.40565217391304,88.73112499999999,85.91547619047618,85.87486486486488,85.86880952380953,0.76,0.7475,0.445,0.8547981140404148,0.8706515166123304,0.691086956521739,0.6910869565217392,0.4153646573585078,0.4538591207660155,2759141943,0.43607775,0.69710225,0.7475,0.696853,0.696853,2759141943,4,0.84903275640465,1.2401288,2.1948397,2.510322,0.6920973,1.5683357,2.8335202,0.813,1.08,1.935,0.828,0,MQ,0.43461188906226167,0.6910869565217391,0.8627248153263727
3sjv,0,91.3923774954628,88.38525,85.76371428571429,89.9264406779661,91.73234042553192,90.44891891891888,92.295,0.844,0.85,0.521,0.960194755698822,0.9436038082165296,0.7425,0.7425,0.8173712897828049,0.6906519423794161,41222480,0.6481600000000001,0.83692325,0.85,0.83692325,0.83692325,41222480,0,0.8944827779165363,1.0212579,1.260601,1.125255,0.93520606,1.342522,1.1019399,0.803,0.955,3.452,0.839,0,HQ,0.7540116160811106,0.7425,0.9518992819576757
3sjv,1,91.21706896551724,87.76875,85.34628571428571,89.75169491525426,91.5559574468085,90.04756756756755,92.06666666666668,0.8460000000000001,0.85,0.513,0.9603595542281724,0.9484054123558084,0.7660975609756098,0.7660975609756098,0.8092508364131143,0.694528273350533,41222480,0.6482775000000001,0.83990925,0.85,0.83990925,0.83990925,41222480,1,0.8965269904421329,1.0118092,1.1666073,0.9683704,0.9707433,1.3365766,0.87480444,0.811,1.114,3.057,0.903,0,HQ,0.7518895548818236,0.7660975609756098,0.9543824832919905
3sjv,4,91.27194494857834,88.0815,85.67857142857144,89.60050847457626,91.65361702127662,90.5067567567568,92.0689285714286,0.8379999999999999,0.8400000000000001,0.51,0.9582484606086656,0.9435571391580836,0.7666666666666667,0.7666666666666667,0.8038893740444514,0.682523868992833,41222480,0.6336475,0.82721875,0.8400000000000001,0.82721875,0.82721875,41222480,4,0.8898310536891441,0.99588555,1.274448,1.1038193,0.8944509,1.1632173,1.2229966,0.814,0.948,4.138,0.919,0,HQ,0.7432066215186421,0.7666666666666667,0.9509027998833746
3sjv,3,91.25388384754991,87.78375000000001,85.50657142857143,88.85966101694916,91.26978723404254,90.01918918918916,91.65095238095238,0.834,0.8375,0.497,0.9561851836702592,0.9409370705449768,0.78325,0.78325,0.7995135281605559,0.6680847851683954,41222480,0.626421,0.822759,0.8375,0.822759,0.822759,41222480,3,0.8876032231471476,0.96054983,1.1437945,1.1037278,0.8887627,1.3235153,0.9539796,0.823,0.86,3.394,0.855,0,HQ,0.7337991566644757,0.78325,0.948561127107618
3sjv,2,91.1936146400484,88.36125,85.53571428571429,89.68627118644068,91.52787234042556,90.1543243243243,92.12071428571429,0.8400000000000001,0.8425,0.509,0.960176090370734,0.943508054199719,0.7595238095238095,0.7595238095238095,0.8168515651871798,0.6907643054663154,41222480,0.637148,0.82939225,0.8425,0.82939225,0.82939225,41222480,2,0.891061609372522,0.9946324,1.1494703,1.1144396,0.93550915,1.2768899,0.9638595,0.816,0.896,3.034,0.823,0,HQ,0.7538079353267476,0.7595238095238095,0.9518420722852265
6vm8,0,92.30827140063184,78.21738095238096,87.57444444444444,86.7022619047619,95.70410256410256,93.47,89.08178217821784,0.826,0.8225,0.445,0.9583202131357264,0.9369027695489388,0.8561290322580646,0.8561290322580645,0.8356647916849349,0.6856480376087899,3985793271,0.63058375,0.818408,0.8225,0.818408,0.818408,3985793271,0,0.8827025405698872,0.767982,1.1724327,0.60031646,0.57192445,1.3922107,0.8486726,0.751,0.514,5.06,0.619,0,MQ,0.7606564146468624,0.8561290322580646,0.9476114913423326
6vm8,1,92.31434331277268,78.07452380952382,87.01539682539683,86.37940476190477,95.41435897435898,92.92956521739129,88.58366336633664,0.8160000000000001,0.8125,0.428,0.9539286504792952,0.930082561771182,0.85625,0.8562500000000001,0.8193987600013354,0.6622260281618458,3985793271,0.604741,0.80381675,0.8125,0.80381675,0.80381675,3985793271,1,0.8743086331164066,0.79805154,1.2570795,0.6811739,0.55698776,1.334034,0.87759024,0.723,0.619,5.43,0.603,0,MQ,0.7408123940815906,0.85625,0.9420056061252386
6vm8,3,92.34647660598766,78.30119047619048,87.72777777777777,86.65845238095238,95.6894871794872,93.2936956521739,88.9448514851485,0.8220000000000001,0.8200000000000001,0.405,0.9566383411985678,0.9337259240708764,0.8561290322580646,0.8561290322580645,0.8280698873278306,0.6747800691391548,3985793271,0.6259695000000001,0.81445175,0.8200000000000001,0.81445175,0.81445175,3985793271,3,0.8830019472430253,0.7875455,1.1531869,0.72037876,0.6094869,1.3615524,0.88016915,0.742,0.457,5.252,0.587,0,MQ,0.7514249782334927,0.8561290322580646,0.9451821326347221
6vm8,4,92.358680607793,79.58023809523809,87.92460317460318,87.65988095238096,95.80897435897435,93.6086956521739,89.1348514851485,0.8320000000000001,0.835,0.438,0.966832617035574,0.950478994893146,0.8580645161290325,0.8580645161290323,0.8645325610940322,0.7414099033697393,3985793271,0.6549195,0.8319185,0.835,0.8319185,0.8319185,3985793271,4,0.8922286350581584,0.8318513,1.3344517,0.61460656,0.57192504,1.5467825,0.58817065,0.747,0.451,5.49,0.619,0,MQ,0.8029712322318858,0.8580645161290323,0.95865580596436
6vm8,2,92.64148788927336,79.04714285714286,87.63047619047619,87.58630952380952,95.93410256410256,93.6517391304348,89.36336633663367,0.8320000000000001,0.8325,0.45,0.9638405314082616,0.9468669720479967,0.8531034482758623,0.8531034482758622,0.8561836070631262,0.7308395247745347,3985793271,0.6416395,0.823025,0.8325,0.823025,0.823025,3985793271,2,0.8886589890859398,0.8327962,1.3613393,0.68528295,0.54147583,1.5477824,0.98213893,0.698,0.518,6.311,0.556,0,MQ,0.7935115659188305,0.8531034482758622,0.9553537517281292
7ndt,3,90.80743968034425,74.42111111111112,77.50756756756756,74.79303370786516,85.06916666666667,82.34254901960783,81.8953086419753,0.584,0.445,0.205,0.4627141710187734,0.4411504461123519,0.3112195121951219,0.3112195121951219,0.041394028762248,0.0280954466774098,833093412,0.0123317499999999,0.35503625,0.445,0.25148025,0.25148025,833093412,3,0.6757300330907902,1.6993227,1.8478739,4.851849,0.9002604,2.1342402,1.9309597,0.729,1.266,2.335,0.672,0,MQ,0.0347447377198289,0.3112195121951219,0.45193230856556266
7ndt,4,90.07587060089134,68.54851851851852,73.31432432432432,71.38606741573034,80.87111111111112,78.61,79.34037037037038,0.4720000000000001,0.245,0.175,0.2839524838787058,0.2804478396875308,0.0975757575757575,0.0975757575757575,0.0160350449444872,0.0145227602056656,833093412,0.0,0.0,0.245,0.1354827499999999,0.1354827499999999,833093412,4,0.547210548917207,8.597539,17.73162,4.962114,1.7143348,13.2945175,12.780538,0.047,16.343,44.631,0.098,0,LQ,0.0152789025750764,0.0975757575757575,0.2822001617831183
7ndt,2,90.14180267404332,73.68351851851854,77.01567567567568,74.50393258426966,84.105,81.26098039215685,80.56506172839505,0.5519999999999999,0.4024999999999999,0.21,0.4211075782113266,0.4114977877414745,0.2868292682926829,0.2868292682926829,0.0310047796710236,0.0249364552619158,833093412,0.0127099999999999,0.36245,0.4024999999999999,0.230588,0.230588,833093412,2,0.6477293161902488,1.8421948,2.3582506,4.594771,1.0357175,3.4514132,1.905011,0.667,1.428,3.294,0.607,0,MQ,0.0279706174664697,0.2868292682926829,0.41630268297640055
7ndt,0,90.2156277854618,73.28037037037036,76.75162162162164,74.70404494382022,83.79916666666666,81.2570588235294,80.4272839506173,0.554,0.4,0.225,0.4311828944037572,0.4132924770089402,0.2879166666666666,0.2879166666666666,0.0332769306689316,0.025313189618924,833093412,0.0125642499999999,0.361058,0.4,0.22303925,0.22303925,833093412,0,0.648780344863722,1.7591192,1.8444997,4.7535315,1.0921091,1.6319679,2.018431,0.732,1.346,2.174,0.705,0,MQ,0.029295060143927798,0.2879166666666666,0.4222376857063487
7ndt,1,90.10043337943752,72.84796296296295,75.43540540540539,74.11550561797752,83.3313888888889,80.96254901960785,80.08197530864197,0.528,0.3575,0.186,0.3594845736787169,0.3637771707883463,0.3192105263157895,0.3192105263157895,0.0240779565162245,0.0198856252172536,833093412,0.0113855,0.3382645,0.3575,0.194668,0.194668,833093412,1,0.6211887983004659,1.8757776,2.2460382,4.9721136,1.037537,3.1954968,2.127988,0.683,1.331,2.318,0.557,0,MQ,0.02198179086673905,0.3192105263157895,0.36163087223353163
3qfj,3,94.2224171686747,94.50227272727274,94.43543478260868,96.07666666666668,95.76319148936172,96.4629411764706,93.9696551724138,0.8800000000000001,0.8975,0.611,0.9809982779597916,0.95619025400077,0.8037931034482759,0.8037931034482759,0.9285723441955598,0.8302015562206767,1556974296,0.7792932499999999,0.903354,0.8975,0.903354,0.903354,1556974296,3,0.9310071702080802,0.5837963,0.7919847,0.41581944,0.5061783,0.5144264,1.022967,0.928,0.43,2.498,0.938,0,HQ,0.8793869502081182,0.8037931034482759,0.9685942659802808
3qfj,4,94.1439246987952,94.51454545454544,94.46978260869564,95.95285714285716,95.75425531914894,96.35441176470589,93.963908045977,0.884,0.905,0.611,0.9824157100467672,0.9599336660579196,0.8331481481481482,0.8331481481481482,0.931433273868384,0.8402023853166379,1556974296,0.78759675,0.907914,0.905,0.907914,0.907914,1556974296,4,0.9335933855862372,0.5770211,0.7954561,0.23923202,0.50551075,0.3513861,0.78635675,0.923,0.422,3.016,0.954,0,HQ,0.885817829592511,0.8331481481481482,0.9711746880523434
3qfj,2,94.15177560240964,94.15818181818182,94.2586956521739,95.76130952380952,95.66978723404256,96.2441176470588,93.78701149425288,0.8800000000000001,0.9,0.603,0.980856474194054,0.9570433613545464,0.8173684210526316,0.8173684210526316,0.9266517698837748,0.8304235296936093,1556974296,0.77883425,0.9032085,0.9,0.9032085,0.9032085,1556974296,2,0.930314676510485,0.5557978,0.7307462,0.41682896,0.49273401,0.50228775,0.7543086,0.926,0.405,2.468,0.923,0,HQ,0.8785376497886921,0.8173684210526316,0.9689499177743002
3qfj,0,94.1638674698795,94.30227272727276,94.3273913043478,96.06,95.73404255319149,96.06882352941176,93.87724137931036,0.884,0.905,0.611,0.9811437379615776,0.9576601661564956,0.849811320754717,0.849811320754717,0.9277432136005984,0.8346759309883123,1556974296,0.78630625,0.90669675,0.905,0.90669675,0.90669675,1556974296,0,0.9340425905505064,0.545757,0.736252,0.42167044,0.47237518,0.36557162,0.7619854,0.936,0.422,2.402,0.954,0,HQ,0.8812095722944553,0.849811320754717,0.9694019520590367
3qfj,1,94.07951355421686,94.4693181818182,93.8991304347826,95.93714285714286,95.67382978723404,96.28970588235296,93.84563218390804,0.8859999999999999,0.905,0.603,0.9817243314432054,0.957086344648009,0.8331481481481482,0.8331481481481482,0.928607939051216,0.8266649489661525,1556974296,0.7871572499999999,0.90889475,0.905,0.90889475,0.90889475,1556974296,1,0.9353025521698054,0.5223949,0.64811796,0.42174023,0.48000532,0.2533357,0.7664323,0.937,0.392,2.22,0.938,0,HQ,0.8776364440086842,0.8331481481481482,0.9694053380456071
5xot,2,93.65425213355292,94.53676056338028,90.69716981132076,93.68347222222224,92.4735,87.93702702702703,92.83772277227725,0.8560000000000001,0.865,0.514,0.9794862727265696,0.9615437152620002,0.8380952380952381,0.838095238095238,0.8961329160766806,0.7788674244197291,1548307623,0.70485175,0.86811825,0.865,0.86811825,0.86811825,1548307623,2,0.9106250944248194,0.8248305,1.1586264,1.003824,0.65733665,1.3465599,1.048575,0.867,0.735,2.47,0.871,0,HQ,0.8375001702482048,0.838095238095238,0.970514993994285
5xot,4,94.12269351699356,95.29070422535212,92.39698113207548,94.53944444444444,93.20075,88.56810810810812,93.53564356435643,0.8720000000000001,0.8825000000000001,0.489,0.9831419862750952,0.9670488308839652,0.8507894736842104,0.8507894736842104,0.9173568648176794,0.81901447390903,1548307623,0.7344587499999999,0.88618725,0.8825000000000001,0.88618725,0.88618725,1548307623,4,0.9225518516950688,0.9197258,1.3599894,1.1176411,0.69209486,1.5422535,1.1424087,0.788,0.897,4.418,0.839,0,MQ,0.8681856693633547,0.8507894736842104,0.9750954085795303
5xot,3,94.09446174577032,95.186338028169,92.33830188679246,94.55,93.11475,88.25486486486486,93.5510891089109,0.8720000000000001,0.885,0.496,0.9835999526604224,0.9696983835170804,0.8578947368421053,0.8578947368421053,0.9182109862450908,0.8251477277217768,1548307623,0.738737,0.8884387499999999,0.885,0.8884387499999999,0.8884387499999999,1548307623,3,0.9260480010607712,0.99235415,1.4607733,1.0881823,0.7689919,1.569923,1.1779866,0.728,0.99,4.976,0.742,0,MQ,0.8716793569834338,0.8578947368421053,0.9766491680887515
5xot,1,94.03423416679144,95.14408450704224,92.1911320754717,94.37055555555555,93.129,88.41648648648649,93.49702970297032,0.868,0.875,0.526,0.9816200977179268,0.9657709200903808,0.8388095238095239,0.8388095238095238,0.9106078017526402,0.8116971246717047,1548307623,0.7238965,0.87965125,0.875,0.87965125,0.87965125,1548307623,1,0.920263126339208,0.9416321,1.3485504,1.1418395,0.7359771,1.5212927,1.1513906,0.821,0.858,3.942,0.887,0,HQ,0.8611524632121725,0.8388095238095239,0.9736955089041538
5xot,0,93.74807755652044,94.92563380281688,92.05830188679244,93.88708333333336,92.9205,88.40837837837839,93.33970297029704,0.8620000000000001,0.87,0.513,0.982102873864482,0.9678020100953798,0.8342500000000002,0.8342499999999999,0.9122077559381538,0.8158325692251445,1548307623,0.715257,0.876309,0.87,0.876309,0.876309,1548307623,0,0.916990717070212,0.94159955,1.3773018,1.049819,0.73253536,1.5675681,1.1061263,0.75,0.964,5.322,0.823,0,MQ,0.8640201625816492,0.83425,0.9749524419799309
2f54,2,93.3852193645991,95.88659574468085,89.55172413793103,95.25450549450554,96.52659574468083,92.93735294117648,96.62275862068964,0.868,0.8825000000000001,0.627,0.9786348552338272,0.9616849830843184,0.7913725490196077,0.7913725490196079,0.9125509884252864,0.8302321377886009,269886902,0.71935525,0.8872530000000001,0.8825000000000001,0.8872530000000001,0.8872530000000001,269886902,2,0.90884089127786,0.73780805,1.0534718,0.7702283,0.5628007,1.1210307,1.1844112,0.939,0.509,1.333,0.945,0,HQ,0.8713915631069437,0.7913725490196077,0.9701599191590728
2f54,3,93.44404538577912,96.04957446808513,89.92396551724138,95.50868131868133,96.69255319148937,93.93617647058824,96.706091954023,0.868,0.8825000000000001,0.624,0.978679517609712,0.9622516579562076,0.7964150943396225,0.7964150943396227,0.9134297126577354,0.8366868156084136,269886902,0.72154325,0.8884967500000001,0.8825000000000001,0.8884967500000001,0.8884967500000001,269886902,3,0.9091898847730694,0.7577982,0.96779627,0.5851814,0.6769052,1.1076491,0.9658328,0.93,0.454,1.088,0.89,0,HQ,0.8750582641330745,0.7964150943396227,0.9704655877829598
2f54,4,93.38242965204236,96.01851063829788,89.71620689655172,95.4836263736264,96.52489361702128,92.92617647058825,96.65770114942528,0.868,0.8875,0.625,0.9790362694484204,0.9628093197608564,0.7822222222222222,0.7822222222222223,0.912596332644342,0.8319718423833349,269886902,0.72762975,0.89096275,0.8875,0.89096275,0.89096275,269886902,4,0.9099544176518576,0.7153785,0.9846225,0.8867601,0.54853576,1.1010954,0.9926966,0.936,0.488,0.959,0.918,0,HQ,0.8722840875138385,0.7822222222222222,0.9709227946046384
2f54,1,93.29612254160364,95.79234042553192,89.47465517241379,95.1585714285714,96.55106382978722,93.83588235294118,96.54816091954024,0.868,0.8825000000000001,0.616,0.9785604249466716,0.95996549535896,0.7968627450980391,0.7968627450980392,0.9133948210701898,0.8263267808045361,269886902,0.72015125,0.88762,0.8825000000000001,0.88762,0.88762,269886902,1,0.9081405197328454,0.7041542,1.0030156,0.9152029,0.50668544,0.9808937,1.1453305,0.934,0.444,1.633,0.918,0,HQ,0.869860800937363,0.7968627450980392,0.9692629601528158
2f54,0,93.42064599092284,95.9346808510638,89.6498275862069,95.33241758241758,96.52531914893618,93.30441176470588,96.65080459770114,0.868,0.8825000000000001,0.619,0.9783025958172435,0.9598603689486116,0.776153846153846,0.7761538461538462,0.9112139518588168,0.8225082321849218,269886902,0.71853525,0.88626525,0.8825000000000001,0.88626525,0.88626525,269886902,0,0.9079599990873348,0.76182765,1.0690496,0.8958457,0.5781838,1.0632358,1.1672771,0.91,0.547,2.107,0.904,0,HQ,0.8668610920218693,0.7761538461538461,0.9690814823829276
1oga,0,92.22486746987953,89.07249999999999,92.11066666666666,85.06950819672133,95.74410256410258,93.31347826086956,92.84147727272727,0.828,0.8275,0.524,0.9501821233818613,0.9184085800014732,0.7404444444444445,0.7404444444444445,0.7830210204068694,0.6001128456617867,4263052827,0.61168425,0.82418725,0.8275,0.82418725,0.82418725,4263052827,0,0.8881268632916368,0.65240926,1.120248,0.51736695,0.45703256,1.9242646,0.6666833,0.832,0.69,5.44,0.962,0,HQ,0.691566933034328,0.7404444444444445,0.9342953516916672
1oga,1,92.39422740963856,89.2961111111111,91.6062222222222,91.43295081967214,95.83948717948718,93.40152173913044,93.93545454545456,0.828,0.83,0.566,0.960211933439281,0.9530581355559212,0.8174418604651162,0.8174418604651162,0.8361822740761047,0.7741758763209794,4263052827,0.60812325,0.82028525,0.83,0.82028525,0.82028525,4263052827,1,0.8846621869640149,0.79417485,1.2921755,0.8464412,0.57436275,2.1040452,0.8712309,0.787,1.013,4.644,0.906,0,MQ,0.805179075198542,0.8174418604651162,0.9566350344976011
1oga,4,92.29817168674698,89.0977777777778,92.50133333333332,85.10819672131149,95.99051282051282,93.69456521739129,93.4019318181818,0.8320000000000001,0.83,0.534,0.9542964277435436,0.9200808762906418,0.7289361702127659,0.7289361702127659,0.8097029203789184,0.6144320440287337,4263052827,0.62546875,0.8287089999999999,0.83,0.8287089999999999,0.8287089999999999,4263052827,4,0.8934685710489159,0.8440648,1.569726,0.7956316,0.47792178,1.7529296,0.8212417,0.827,0.689,5.393,0.943,0,HQ,0.7120674822038261,0.7289361702127659,0.9371886520170927
1oga,3,92.38253614457832,89.20777777777776,91.714,88.33918032786886,95.87589743589744,93.43891304347824,93.25056818181817,0.828,0.8275,0.506,0.9573392328619742,0.9510684854916454,0.8309756097560974,0.8309756097560975,0.8033760915656936,0.7459230115355019,4263052827,0.6055485,0.82006975,0.8275,0.82006975,0.82006975,4263052827,3,0.8876198767954057,0.6171693,0.88299763,0.79874486,0.49225566,1.2308189,0.79350793,0.818,0.609,6.211,0.943,0,HQ,0.7746495515505978,0.8309756097560974,0.9542038591768098
1oga,2,92.2504141566265,88.61833333333331,91.06511111111112,91.7865573770492,95.43846153846154,92.64608695652174,93.4,0.818,0.8200000000000001,0.558,0.9539412564336064,0.9444447088551704,0.7965909090909092,0.7965909090909092,0.8065341987529505,0.7310172671176108,4263052827,0.58756025,0.8096225,0.8200000000000001,0.8096225,0.8096225,4263052827,2,0.8746544454787946,0.8738055,1.5791018,0.9070999,0.52082133,2.5307677,1.057673,0.756,1.256,4.317,0.887,0,MQ,0.7687757329352807,0.7965909090909092,0.9491929826443883
8es8,1,87.78751004553979,75.7246,71.90138461538461,79.57954022988504,80.52837209302325,72.1272,73.10474226804124,0.4859999999999999,0.27,0.279,0.1864316559887145,0.2130680548120045,0.1685714285714286,0.1685714285714285,0.0131268298035956,0.010731818424364,2732053590,0.0,0.0,0.27,0.1301405,0.1301405,2732053590,1,0.592386891367192,1.7542827,3.1722088,1.347528,1.0864748,3.0426447,3.0773373,0.56,2.162,5.546,0.652,1,MQ,0.0119293241139798,0.16857142857142854,0.1997498554003595
8es8,0,88.05068443611037,77.05279999999999,72.63246153846153,80.8557471264368,81.06023255813953,73.494,74.22835051546393,0.496,0.285,0.254,0.1881849621483957,0.2187858280397393,0.1883333333333333,0.1883333333333333,0.0131698823490426,0.0113585738543399,2732053590,0.0,0.0,0.285,0.1357725,0.1357725,2732053590,0,0.6009200002228088,1.6135085,2.861726,1.3489561,1.0284303,2.2326167,3.2229683,0.649,1.716,4.289,0.717,0,MQ,0.01226422810169125,0.1883333333333333,0.2034853950940675
8es8,2,88.05465845164747,76.382,72.304,80.8216091954023,81.02441860465116,73.262,71.61938144329896,0.4939999999999999,0.285,0.275,0.1861396756126935,0.2147329371948231,0.1909090909090909,0.1909090909090909,0.0130726519131294,0.011052053231714,2732053590,0.0,0.0,0.285,0.1338015,0.1338015,2732053590,2,0.5963315752573665,1.4445777,2.5289702,1.215089,0.94616103,2.263625,2.2822535,0.629,1.564,4.251,0.609,0,MQ,0.012062352572421699,0.1909090909090909,0.2004363064037583
8es8,3,87.75954058398071,75.62480000000001,71.41107692307692,80.16494252873564,80.48651162790699,73.194,72.19701030927835,0.47,0.245,0.289,0.1641489093781689,0.1884711367457032,0.1841509433962264,0.1841509433962264,0.0119703750755371,0.0102175334659921,2732053590,0.0,0.0,0.245,0.1192615,0.1192615,2732053590,3,0.577736855712375,1.5597323,2.8524797,1.1987956,0.9377198,2.5758827,3.144204,0.606,1.827,5.013,0.674,0,MQ,0.0110939542707646,0.1841509433962264,0.17631002306193605
8es8,4,87.70591347441736,74.6412,69.49215384615384,80.14908045977012,80.07046511627908,72.84140000000001,72.33855670103092,0.442,0.1925,0.227,0.1455340998681313,0.1642122527986198,0.1594545454545454,0.1594545454545454,0.0112264758804076,0.0095949108426083,2732053590,0.0,0.0,0.1925,0.1033715,0.1033715,2732053590,4,0.5440269043644441,2.0029912,3.8243468,1.3021877,1.0864666,3.0377564,4.10288,0.335,2.79,12.906,0.478,1,AQ,0.01041069336150795,0.1594545454545454,0.15487317633337555
5d2l,1,89.90082643336977,89.18124999999999,87.66480769230769,90.4428,92.429375,89.1353488372093,88.40158415841583,0.8039999999999999,0.8025,0.453,0.9481168748748096,0.9380864022155598,0.7422857142857142,0.7422857142857142,0.7900059073286247,0.6538667831847091,1237102066,0.56822325,0.77520325,0.8025,0.77520325,0.77520325,1237102066,1,0.8527099096167481,1.124862,1.6804398,1.0924071,0.8630703,1.6711577,1.5032198,0.789,1.135,2.019,0.783,0,MQ,0.721936345256667,0.7422857142857142,0.9431016385451847
5d2l,0,89.3857303546321,88.97583333333334,87.5926923076923,90.21946666666666,92.088125,88.53162790697675,87.67465346534652,0.7939999999999999,0.785,0.433,0.9393723406955482,0.9155070283991368,0.7408333333333332,0.7408333333333332,0.7628818935790594,0.5820666485134668,1237102066,0.5430345,0.75322225,0.785,0.75322225,0.75322225,1237102066,0,0.8406490291975871,1.1939926,1.8219228,1.1215749,0.89505583,1.7801279,1.5273054,0.721,1.29,4.174,0.783,0,MQ,0.6724742710462631,0.7408333333333332,0.9274396845473425
5d2l,2,89.36049679737542,88.59583333333335,87.18173076923078,89.7864,90.3315625,86.87348837209302,85.27326732673266,0.782,0.7725,0.427,0.9353943910275538,0.9194593759331904,0.6951515151515152,0.6951515151515152,0.7445010595891004,0.5846023846517164,1237102066,0.5168285,0.73235725,0.7725,0.73235725,0.73235725,1237102066,2,0.8304668146762536,1.2956452,1.8301687,1.5112215,1.0266074,1.4386814,1.9102489,0.614,1.331,6.944,0.683,0,MQ,0.6645517221204085,0.6951515151515152,0.927426883480372
5d2l,4,89.12975941259178,88.50104166666667,87.21923076923075,89.53213333333333,91.295625,87.78372093023256,86.54346534653463,0.782,0.775,0.408,0.9364601351456148,0.92044877355786,0.7688571428571429,0.7688571428571428,0.7426583936865916,0.5847092616896771,1237102066,0.520747,0.7362310000000001,0.775,0.736172,0.736172,1237102066,4,0.8303917156907342,1.2275671,1.7411388,1.0984225,1.0101314,1.4553454,1.5340708,0.68,1.279,5.621,0.767,0,MQ,0.6636838276881343,0.7688571428571429,0.9284544543517375
5d2l,3,89.58406186533354,89.43687499999999,87.80576923076923,90.582,91.9084375,88.67279069767442,87.13188118811883,0.796,0.7925,0.441,0.9462348775031518,0.9323407009611968,0.7484848484848484,0.7484848484848485,0.7807820330071183,0.6354396856581114,1237102066,0.5530275,0.75947,0.7925,0.75947,0.75947,1237102066,3,0.8451335647712017,1.2058045,1.811393,1.1290786,0.9236531,1.751596,1.6636553,0.692,1.288,5.351,0.783,0,MQ,0.7081108593326149,0.7484848484848485,0.9392877892321743
4prh,2,86.48296113411915,90.28074999999998,90.59169811320754,92.285,92.67125,91.10129629629628,89.61746478873238,0.806,0.8500000000000001,0.538,0.9726963714028204,0.967120909902542,0.7908771929824563,0.7908771929824561,0.823785194323793,0.7781115967945459,4273715539,0.663083,0.87123,0.8500000000000001,0.84250075,0.84250075,4273715539,2,0.872314773772264,1.1025797,1.3117355,1.7781503,0.86077344,1.0573256,0.8037589,0.753,0.905,5.879,0.849,0,MQ,0.8009483955591694,0.7908771929824562,0.9699086406526811
4prh,4,86.70284485504938,90.3035,90.82528301886796,92.23833333333334,92.8059375,91.42796296296294,90.19845070422537,0.8019999999999999,0.8475,0.547,0.9741642708325952,0.9619921309053168,0.786140350877193,0.7861403508771929,0.8448861811801397,0.772051760162169,4273715539,0.66003,0.86894225,0.8475,0.843526,0.843526,4273715539,4,0.867348167288922,1.3756181,1.6910454,1.8912497,1.1188967,1.0206294,1.2565752,0.661,1.11,7.403,0.767,0,MQ,0.8084689706711543,0.7861403508771929,0.9680782008689559
4prh,3,86.36295954125518,89.80375000000001,90.27490566037736,91.77755555555557,92.400625,91.03944444444444,89.60887323943663,0.796,0.8425,0.545,0.9736617973704486,0.9663058879515511,0.8287037037037038,0.8287037037037038,0.8378754662465463,0.7771998327864487,4273715539,0.649427,0.86514025,0.8425,0.83673875,0.83673875,4273715539,3,0.8675315047440286,1.4186398,1.7501744,1.9042164,1.1599386,1.0634538,1.1450303,0.665,1.147,7.182,0.781,0,MQ,0.8075376495164974,0.8287037037037038,0.9699838426609999
4prh,1,86.00292290538388,90.01599999999999,90.60301886792452,92.04155555555556,92.646875,91.15425925925926,89.92281690140845,0.798,0.845,0.533,0.972583264590191,0.9598294657046612,0.8225454545454547,0.8225454545454547,0.8365249340643317,0.7589224928738453,4273715539,0.657179,0.867719,0.845,0.83807325,0.83807325,4273715539,1,0.8719097432179396,1.3904327,1.6771504,1.8936741,1.1554582,0.9731182,1.1026256,0.632,1.069,8.868,0.753,0,MQ,0.7977237134690884,0.8225454545454547,0.9662063651474261
4prh,0,86.05641127747691,89.88550000000001,90.7464150943396,92.11911111111112,92.9696875,91.4959259259259,90.21042253521124,0.8,0.845,0.546,0.9763215740887484,0.968089860062762,0.8087037037037038,0.8087037037037038,0.8524410184309541,0.7890208056150688,4273715539,0.66440875,0.8709215,0.845,0.8418415,0.8418415,4273715539,0,0.8673727306701177,1.4466426,1.8211799,1.9157735,1.164227,1.0314789,1.3168368,0.604,1.246,9.361,0.767,0,MQ,0.8207309120230115,0.8087037037037038,0.9722057170757552
2f53,0,94.23188299817184,96.36,92.19318840579707,95.39956043956045,97.41170212765958,95.9207894736842,96.86103448275864,0.8699999999999999,0.89,0.613,0.9799686200855532,0.9601031712535988,0.8227659574468082,0.8227659574468082,0.9241140630947297,0.8390587252300635,1833262937,0.7282855,0.8924925,0.89,0.8924925,0.8924925,1833262937,0,0.9143099324454708,0.5897497,0.8140563,0.41257006,0.49197915,0.84980506,0.65448004,0.905,0.578,3.052,0.96,0,HQ,0.8815863941623966,0.8227659574468082,0.970035895669576
2f53,1,94.1391803778184,96.41021276595744,92.19246376811594,95.4954945054945,97.35659574468086,95.95868421052631,96.88666666666668,0.868,0.885,0.613,0.9800619661066357,0.9598502394855496,0.8258333333333333,0.8258333333333333,0.9257865794149656,0.8421715075706707,1833262937,0.725948,0.889937,0.885,0.889937,0.889937,1833262937,1,0.9126969167553312,0.6628717,0.8690431,0.5119103,0.5772597,0.8898855,0.7926278,0.891,0.531,3.759,0.947,0,HQ,0.8839790434928181,0.8258333333333333,0.9699561027960926
2f53,3,94.2909658744668,96.70893617021277,92.3136231884058,95.88329670329674,97.46340425531912,96.1071052631579,97.01310344827588,0.8699999999999999,0.895,0.616,0.981727487579118,0.9641011561808708,0.8216326530612245,0.8216326530612245,0.9310240569970292,0.85911727673982,1833262937,0.733994,0.8953329999999999,0.895,0.8953329999999999,0.8953329999999999,1833262937,3,0.9172105869129265,0.6596927,0.87020224,0.68248993,0.5506635,0.96397144,0.9721738,0.932,0.459,2.494,0.96,0,HQ,0.8950706668684245,0.8216326530612245,0.9729143218799944
2f53,4,94.35099177330896,96.8627659574468,92.68695652173912,95.98945054945052,97.47340425531917,96.24315789473684,97.0583908045977,0.8800000000000001,0.895,0.614,0.9822679487823196,0.9643294396353944,0.8051999999999999,0.8051999999999999,0.9329016321394916,0.8600216183456644,1833262937,0.7428922499999999,0.8986587500000001,0.895,0.8986587500000001,0.8986587500000001,1833262937,4,0.9195286770989516,0.6140186,0.82071954,0.5648384,0.5149366,0.87034136,0.7636851,0.937,0.497,1.943,0.96,0,HQ,0.896461625242578,0.8051999999999999,0.9732986942088571
2f53,2,94.3252209018891,96.77957446808512,92.6027536231884,96.0758241758242,97.47212765957448,96.22052631578948,97.00034482758622,0.8699999999999999,0.89,0.628,0.9813145980786764,0.9639832743718688,0.8091836734693879,0.8091836734693877,0.9306798990434664,0.8603366384205774,1833262937,0.7339344999999999,0.893249,0.89,0.893249,0.893249,1833262937,2,0.9157491101234124,0.66554004,0.8435117,0.6828896,0.5771778,0.92066157,0.60531145,0.944,0.473,1.958,0.973,0,HQ,0.8955082687320219,0.8091836734693878,0.9726489362252726
6vm9,2,91.47101896447924,79.63977272727274,86.12847826086956,82.5090588235294,86.91307692307694,80.55260869565217,85.97670731707318,0.7060000000000001,0.6475,0.403,0.833077573267957,0.7899980048314479,0.6423076923076922,0.6423076923076924,0.433140176367669,0.2415374295331079,2797078661,0.2975815,0.59835825,0.6475,0.56197,0.56197,2797078661,2,0.773306540399155,1.7750137,3.189556,1.0637904,1.1054579,1.7836821,2.8367605,0.471,2.464,10.002,0.723,0,AQ,0.33733880295038843,0.6423076923076922,0.8115377890497024
6vm9,4,91.66050722456352,77.92613636363636,85.39108695652176,81.89035294117647,87.73256410256411,82.74108695652173,85.6609756097561,0.7060000000000001,0.6425,0.414,0.8263317922979747,0.7853560281523084,0.6735,0.6735,0.4149274213292115,0.2365204841644145,2797078661,0.2951645,0.5847067499999999,0.6425,0.55362375,0.55362375,2797078661,4,0.770385656544136,1.7711916,3.2042305,1.1149719,1.0782068,1.6222148,3.3243008,0.481,2.186,8.913,0.646,0,AQ,0.325723952746813,0.6735,0.8058439102251416
6vm9,3,91.5960626128838,80.20477272727273,85.6195652173913,84.06682352941176,87.78205128205128,83.76456521739131,86.45121951219511,0.726,0.675,0.42,0.8488575589145944,0.8117550790900099,0.6121428571428572,0.6121428571428572,0.4722242243213494,0.2864305622337917,2797078661,0.34513325,0.60390475,0.675,0.58702325,0.58702325,2797078661,3,0.7925542904788524,1.8765124,3.4330714,1.5431603,1.0587918,1.5011494,2.6453116,0.437,2.785,10.905,0.708,0,AQ,0.3793273932775706,0.6121428571428572,0.8303063190023021
6vm9,1,91.5734151113787,78.56522727272726,85.0613043478261,82.40388235294118,87.99948717948718,83.8786956521739,85.435,0.72,0.66,0.428,0.8368195895844716,0.7893408055838003,0.6453658536585366,0.6453658536585366,0.4423149109809832,0.2440247510837416,2797078661,0.317746,0.59241975,0.66,0.57126375,0.57126375,2797078661,1,0.7803831349739311,1.8082136,3.2577603,1.4548063,1.0732007,1.4103574,2.7784219,0.505,2.359,8.158,0.708,0,MQ,0.3431698310323624,0.6453658536585366,0.813080197584136
6vm9,0,91.64043949428054,79.29795454545454,85.44934782608696,82.73447058823528,87.57615384615384,83.42630434782608,85.21060975609757,0.72,0.66,0.44,0.8340746177078465,0.789582515804014,0.6302325581395348,0.6302325581395349,0.4338734651107789,0.2464552362238004,2797078661,0.31565075,0.5872040000000001,0.66,0.5669425,0.5669425,2797078661,0,0.7851118010930839,1.8587004,3.435512,0.9932575,1.0813556,1.4012623,2.9283755,0.467,2.523,10.085,0.723,0,AQ,0.34016435066728967,0.6302325581395349,0.8118285667559302
7ndu,3,91.01609475620975,78.93464285714286,80.32097560975609,69.11782608695653,90.11659090909092,91.30960784313726,80.49738095238094,0.796,0.78,0.307,0.9186340993726982,0.854138642606068,0.622,0.6219999999999999,0.6169147848141793,0.3415173920529703,1205272631,0.521159,0.7725025,0.78,0.7714605,0.7714605,1205272631,3,0.8724037700318361,2.1868749,3.7924924,3.0379455,1.3992748,3.0387323,5.2242,0.642,1.801,3.504,0.662,0,AQ,0.47921608843357477,0.6219999999999999,0.8863863709893831
7ndu,4,91.09442655627107,79.76517857142858,81.31439024390244,69.31695652173913,89.69159090909092,91.25607843137256,78.745,0.79,0.7775,0.34,0.9181474602224918,0.8627840556604814,0.6697142857142857,0.6697142857142856,0.592524760115308,0.3705046214729233,1205272631,0.51666575,0.76970225,0.7775,0.768647,0.768647,1205272631,4,0.8738754769135406,1.9618659,3.14586,3.026686,1.3411393,2.572348,3.7492921,0.662,1.591,3.938,0.692,0,MQ,0.48151469079411563,0.6697142857142857,0.8904657579414866
7ndu,2,91.02907543698252,79.73196428571428,81.18609756097561,69.94445652173911,89.59818181818183,90.62686274509802,80.42857142857143,0.792,0.7775,0.384,0.8797213665111423,0.78434332159244,0.5741666666666667,0.5741666666666667,0.5369094609278825,0.1825278079159737,1205272631,0.51607575,0.76495925,0.7775,0.76495925,0.76495925,1205272631,2,0.8697461847541188,2.287215,4.111955,2.8687797,1.4339709,4.6361194,4.646905,0.683,1.625,2.655,0.677,0,MQ,0.3597186344219281,0.5741666666666667,0.8320323440517912
7ndu,0,90.81991413676786,78.49553571428571,80.18121951219513,67.55434782608695,89.15772727272727,90.19980392156864,80.08059523809523,0.778,0.7575,0.315,0.91461207010146,0.8687596157888633,0.7163636363636363,0.7163636363636364,0.5749163404734672,0.3909506977364061,1205272631,0.4936225,0.747342,0.7575,0.7463685,0.7463685,1205272631,0,0.8594580167407213,2.1515753,3.7443275,2.9943466,1.3667237,2.2586203,5.082528,0.633,1.539,4.104,0.6,0,AQ,0.48293351910493665,0.7163636363636363,0.8916858429451616
7ndu,1,91.02313554124504,79.25964285714284,80.23536585365854,69.33282608695652,89.83045454545453,90.93882352941176,81.80928571428572,0.7979999999999999,0.78,0.322,0.93178161717884,0.9023745712108888,0.726774193548387,0.726774193548387,0.6255743890777984,0.4958894368539787,1205272631,0.52969,0.773353,0.78,0.77234525,0.77234525,1205272631,1,0.8725790601375678,2.0777802,3.5640745,2.9058318,1.3505509,1.6508025,5.2407613,0.657,1.491,3.541,0.615,0,AQ,0.5607319129658885,0.726774193548387,0.9170780941948644
8shi,2,92.20021967821782,79.74081081081083,83.59387096774196,69.42565217391305,88.58148936170213,87.9235294117647,84.70044444444446,0.742,0.685,0.237,0.7360521406843648,0.684663150185718,0.4514999999999999,0.4515,0.2499148229405996,0.0795608851551465,3063068431,0.35049425,0.61530825,0.685,0.6070815,0.6070815,3063068431,2,0.808720307900284,2.8251526,4.8545737,3.6607304,1.7669094,6.1022267,3.3180068,0.324,3.429,10.522,0.417,0,AQ,0.16473785404787306,0.45149999999999996,0.7103576454350413
8shi,4,92.0554656559406,76.99000000000001,81.88709677419355,71.00101449275364,88.75170212765957,87.99735294117647,84.45644444444444,0.728,0.66,0.164,0.8275160295481012,0.8091802688168889,0.5166666666666666,0.5166666666666666,0.4100784472870525,0.2672572238038209,3063068431,0.32244925,0.5991832500000001,0.66,0.58245725,0.58245725,3063068431,4,0.7942902806503381,2.6982756,4.676482,3.8637097,1.5730363,2.5721657,3.5395894,0.265,3.514,14.911,0.396,0,AQ,0.33866783554543667,0.5166666666666666,0.8183481491824951
8shi,3,91.80383818069308,77.1227027027027,81.63096774193548,67.28362318840581,88.13148936170214,85.0729411764706,84.51344444444443,0.7,0.6174999999999999,0.146,0.6453696117783362,0.5986506973591418,0.4233333333333333,0.4233333333333333,0.1445228961985571,0.0430647698523186,3063068431,0.25562975,0.5387967499999999,0.6174999999999999,0.51603125,0.51603125,3063068431,3,0.7724385396909556,2.4621193,3.9925861,4.016359,1.5226468,4.299176,3.2140763,0.312,2.797,13.153,0.417,0,AQ,0.09379383302543785,0.4233333333333333,0.622010154568739
8shi,1,92.19231126237624,79.27405405405406,83.23887096774196,70.08797101449275,88.6455319148936,87.25147058823529,84.06833333333333,0.73,0.665,0.192,0.7826435051008466,0.7460093946119777,0.5516666666666667,0.5516666666666667,0.3112381662286439,0.1452377730484113,3063068431,0.32346075,0.58457275,0.665,0.572237,0.572237,3063068431,1,0.7995363222266189,2.789499,4.9060445,3.7532754,1.6243529,5.8418307,3.6502311,0.325,3.39,13.298,0.521,0,AQ,0.2282379696385276,0.5516666666666667,0.7643264498564122
8shi,0,92.30566212871288,79.61513513513513,83.54209677419355,69.57579710144928,89.57191489361702,88.32735294117647,85.68644444444445,0.752,0.6975,0.239,0.7674540486232734,0.7293882260622861,0.4588235294117647,0.4588235294117647,0.300703471247471,0.1046617682119935,3063068431,0.37436075,0.6303030000000001,0.6975,0.6249575,0.6249575,3063068431,0,0.8162275433638603,2.670103,4.657611,3.7423563,1.551541,5.3572607,3.595403,0.345,3.05,11.282,0.479,0,AQ,0.20268261972973223,0.4588235294117647,0.7484211373427798
4mvb,1,91.83552926955622,86.82000000000001,95.0847619047619,88.19684210526316,93.10977272727273,89.5879487179487,96.6987142857143,0.8320000000000001,0.8875,0.474,0.963234957684504,0.9322884977916884,0.8243243243243242,0.8243243243243243,0.8453024607377474,0.6742103272541453,2915962475,0.6788825,0.8917930000000001,0.8875,0.8917930000000001,0.8917930000000001,2915962475,1,0.9081574201348565,1.5688978,2.5286539,1.4667839,1.1250509,2.7904801,1.1423262,0.658,1.606,4.129,0.698,0,MQ,0.7597563939959464,0.8243243243243243,0.9477617277380962
4mvb,0,91.58643412191331,85.68469387755103,94.6679365079365,87.71565789473685,93.4656818181818,90.01153846153845,96.61314285714286,0.828,0.8775,0.489,0.9644590366301754,0.9423768500173112,0.8528571428571428,0.8528571428571429,0.8472009898601597,0.715673728593845,2915962475,0.6718885,0.886246,0.8775,0.886246,0.886246,2915962475,0,0.9023052870255444,2.0174866,3.3898373,1.6364969,1.3761868,2.8611717,1.5295564,0.575,2.196,5.463,0.698,0,MQ,0.7814373592270023,0.8528571428571428,0.9534179433237433
4mvb,2,91.5518874115006,85.00142857142856,94.77444444444444,86.24184210526316,93.16522727272726,89.05692307692308,96.47785714285716,0.8300000000000001,0.8775,0.467,0.963892467217556,0.94063413651871,0.8815625,0.8815625,0.836252701160018,0.695362538216841,2915962475,0.6746672499999999,0.88395725,0.8775,0.88395725,0.88395725,2915962475,2,0.904393071920644,2.0522177,3.37704,1.5511985,1.4653356,3.0595315,1.601732,0.561,2.215,5.702,0.679,0,MQ,0.7658076196884296,0.8815625,0.952263301868133
4mvb,4,91.71447418407875,86.84653061224489,94.86126984126984,87.60157894736842,93.61522727272728,89.54948717948717,96.62585714285716,0.836,0.8925000000000001,0.475,0.9685755696869583,0.9464321551659473,0.8547058823529411,0.8547058823529411,0.8561580264537666,0.7164144487710797,2915962475,0.69844775,0.897218,0.8925000000000001,0.897218,0.897218,2915962475,4,0.912030116371976,2.0273852,3.3739429,1.5999588,1.4126575,3.029034,1.5457232,0.563,2.223,5.613,0.679,0,MQ,0.7862862376124231,0.8547058823529411,0.9575038624264528
4mvb,3,91.7972699015714,85.40979591836735,94.7246031746032,86.75802631578945,93.60431818181816,90.45948717948716,96.6062857142857,0.8300000000000001,0.885,0.479,0.9656370003139138,0.9489014369213744,0.9274193548387096,0.9274193548387096,0.8462230691247042,0.7394282326399391,2915962475,0.676228,0.8872545000000001,0.885,0.8872545000000001,0.8872545000000001,2915962475,3,0.9060107787125954,1.9354085,3.1479368,1.6202999,1.390884,2.7341578,1.6484733,0.587,2.074,5.289,0.698,0,MQ,0.7928256508823217,0.9274193548387096,0.9572692186176441
4ms8,3,92.3131526139764,79.80448979591837,95.66746031746034,84.93855263157894,93.87704545454544,93.35897435897436,95.97914285714285,0.8119999999999999,0.88,0.52,0.9514468212862582,0.9092731208181064,0.7920930232558137,0.792093023255814,0.796872625059129,0.5715480658907729,2147324309,0.63321275,0.88563025,0.88,0.88563025,0.88563025,2147324309,3,0.8966662507853229,2.0227387,3.432689,0.887842,1.4366626,3.4281225,1.4672154,0.527,2.506,6.766,0.704,0,MQ,0.684210345474951,0.7920930232558139,0.9303599710521824
4ms8,4,91.66216335152262,78.03224489795919,94.73936507936509,84.63250000000001,93.66386363636364,93.55,95.67414285714284,0.792,0.87,0.48,0.9420574413566138,0.8791826697095135,0.7511627906976743,0.7511627906976743,0.7669544610969335,0.4781016192981475,2147324309,0.61824075,0.87293225,0.87,0.87293225,0.87293225,2147324309,4,0.8853816028624042,1.9270043,3.193689,0.81278414,1.4247158,3.588813,1.3253753,0.56,2.296,5.864,0.704,0,MQ,0.6225280401975405,0.7511627906976743,0.9106200555330637
4ms8,2,92.25407146629117,79.69714285714285,95.62555555555556,82.63921052631578,93.99500000000002,94.15025641025645,95.72285714285717,0.818,0.885,0.493,0.9476310021138528,0.8796767337498782,0.7563829787234041,0.7563829787234043,0.7893990793044735,0.4745315355701457,2147324309,0.6414315,0.88896825,0.885,0.88896825,0.88896825,2147324309,2,0.8975154270901277,2.0931163,3.5405767,0.95557356,1.4927801,4.2467623,1.6039426,0.528,2.542,6.372,0.685,0,MQ,0.6319653074373096,0.7563829787234042,0.9136538679318655
4ms8,0,91.98236402041894,77.95612244897958,95.14999999999998,84.19960526315789,93.9693181818182,93.93538461538462,95.79542857142856,0.808,0.8725,0.485,0.9430988766553322,0.8900702220695319,0.7516666666666667,0.7516666666666667,0.7681494466763517,0.5099822860041509,2147324309,0.6279915,0.880295,0.8725,0.880295,0.880295,2147324309,0,0.8953584180334759,2.1075275,3.5510845,0.8865166,1.5175776,4.3167644,1.6592364,0.538,2.528,5.969,0.685,0,MQ,0.6390658663402513,0.7516666666666667,0.916584549362432
4ms8,1,92.00352578771344,77.22102040816327,95.24904761904762,83.4121052631579,93.8806818181818,93.7571794871795,95.7984285714286,0.8099999999999999,0.88,0.483,0.9430680150643996,0.8777359139978632,0.7578260869565214,0.7578260869565218,0.7712022641837518,0.4639807730738067,2147324309,0.6344795,0.8830089999999999,0.88,0.8830089999999999,0.8830089999999999,2147324309,1,0.894020604950863,2.1162164,3.6027076,0.9191468,1.4952966,4.8262343,1.4522527,0.532,2.553,6.17,0.685,0,MQ,0.6175915186287793,0.7578260869565216,0.9104019645311314
4g9f,4,90.52490822972172,80.81269230769232,75.4646153846154,79.52516949152543,84.44808510638299,83.98911764705883,77.65385542168676,0.6759999999999999,0.6075,0.338,0.7221246129502591,0.7029600957398607,0.4684313725490196,0.4684313725490196,0.1840799344308719,0.1093384842309456,670471030,0.2124795,0.52418425,0.6075,0.4859414999999999,0.4859414999999999,670471030,4,0.7604731548308454,1.1815802,1.859215,0.6115773,0.8629988,1.3558095,2.9005945,0.818,0.952,3.135,0.86,0,MQ,0.14670920933090875,0.4684313725490196,0.71254235434506
4g9f,3,90.64705595026643,81.19903846153846,75.22892307692308,78.56169491525422,84.24170212765958,84.07411764705883,76.96361445783133,0.6759999999999999,0.605,0.3,0.7029586742825856,0.6911262270796171,0.5239534883720931,0.5239534883720931,0.1675902114869642,0.0998436459654635,670471030,0.20105325,0.5098075,0.605,0.4812985,0.4812985,670471030,3,0.7597171543638259,1.319572,2.1534104,0.7177122,0.89514923,1.2317786,3.3144555,0.726,1.348,3.777,0.789,0,MQ,0.13371692872621385,0.5239534883720931,0.6970424506811014
4g9f,2,90.4740260509177,80.0748076923077,74.79199999999999,78.82372881355933,84.31489361702128,84.12470588235294,76.71265060240964,0.6719999999999999,0.595,0.305,0.7014754338744874,0.6900696579274328,0.5327500000000001,0.53275,0.1659825824935802,0.0956298278874703,670471030,0.19702775,0.50186775,0.595,0.47000025,0.47000025,670471030,2,0.7561212503050443,1.1879267,1.9033777,0.65838933,0.8355231,1.2158104,3.2154603,0.77,1.069,4.183,0.842,0,MQ,0.13080620519052524,0.5327500000000001,0.69577254590096
4g9f,0,90.70264061574898,81.46576923076924,75.40661538461539,79.72279661016948,84.79936170212765,84.76,77.48518072289156,0.692,0.63,0.275,0.7327938536567445,0.721634892360245,0.5451219512195121,0.5451219512195121,0.2053644861324389,0.1216283042221788,670471030,0.2487572499999999,0.53242625,0.63,0.513011,0.513011,670471030,0,0.7749839827983139,1.367261,2.287979,0.69906926,0.8785512,1.3586638,3.5262709,0.646,1.444,6.292,0.772,0,MQ,0.16349639517730885,0.5451219512195121,0.7272143730084948
4g9f,1,90.34928804026052,80.16692307692307,74.11353846153845,78.76762711864407,83.8136170212766,82.70558823529412,76.65277108433736,0.6599999999999999,0.5825,0.348,0.6842088348405629,0.6919048511419247,0.498,0.498,0.1502246425341657,0.1032351524784775,670471030,0.1590845,0.4945885,0.5825,0.45098975,0.45098975,670471030,1,0.7455540147650173,1.2048465,1.8990318,0.712582,0.8694592,1.2975905,3.136635,0.827,0.956,3.221,0.895,0,MQ,0.1267298975063216,0.498,0.6880568429912438
7nmf,2,90.00161802510206,72.27488888888888,79.09631578947368,83.19626666666666,80.18681818181818,81.68078431372548,84.76786666666666,0.63,0.505,0.279,0.5853152859891665,0.5954046700064053,0.4848387096774194,0.4848387096774194,0.0988938782615476,0.0761562855612453,1682008925,0.04561675,0.40705,0.505,0.328035,0.328035,1682008925,2,0.7032380115201315,1.9913539,3.2365015,1.1256626,1.2596545,2.1481023,2.854605,0.391,2.449,10.227,0.493,1,AQ,0.08752508191139645,0.4848387096774194,0.590359977997786
7nmf,3,90.4264887343112,74.22333333333333,80.2240350877193,83.98893333333334,82.19295454545454,84.09862745098039,86.06146666666667,0.666,0.5675,0.332,0.6089822135777645,0.6438141056757093,0.4547499999999999,0.4547499999999999,0.1209364449820177,0.1041529572825367,1682008925,0.106816,0.43261675,0.5675,0.3841965,0.3841965,1682008925,3,0.7359935936086708,1.9837991,3.2482545,1.2061079,1.2196865,2.3208635,2.9286122,0.425,2.524,9.369,0.563,0,AQ,0.1125447011322772,0.4547499999999999,0.626398159626737
7nmf,4,89.95235747769544,72.52444444444446,79.21754385964911,82.96826666666666,80.44227272727272,82.00901960784314,85.0476,0.634,0.5175000000000001,0.259,0.5868866654871581,0.6132679842995885,0.4586111111111111,0.4586111111111111,0.1001753645477605,0.0850656159635162,1682008925,0.055036,0.410254,0.5175000000000001,0.3382075,0.3382075,1682008925,4,0.7056420797863701,2.0317042,3.283051,1.2306013,1.296497,2.2548976,2.9318888,0.407,2.43,9.919,0.521,0,AQ,0.09262049025563834,0.4586111111111111,0.6000773248933733
7nmf,1,90.13105398457584,72.86044444444444,79.25947368421052,83.22853333333335,81.23772727272727,82.87588235294118,85.32186666666666,0.642,0.5225,0.253,0.6032310587701532,0.6159854385049488,0.4720689655172415,0.4720689655172413,0.1100114179476392,0.0857302235464572,1682008925,0.0666085,0.41633875,0.5225,0.3469252499999999,0.3469252499999999,1682008925,1,0.7138956025159764,2.1351864,3.49401,1.5626506,1.2814248,2.323422,3.1506724,0.367,2.724,10.35,0.465,0,AQ,0.0978708207470482,0.4720689655172414,0.6096082486375509
7nmf,0,90.07523967941934,72.7491111111111,79.6161403508772,83.44173333333333,80.22409090909092,82.40666666666668,85.26146666666669,0.642,0.53,0.262,0.6000408906420005,0.6217351452457623,0.468611111111111,0.4686111111111111,0.1091493704497795,0.091809203429073,1682008925,0.063952,0.41499775,0.53,0.3475475,0.3475475,1682008925,0,0.7144133741584249,1.9535624,3.0868428,1.1591766,1.3195083,2.1506782,2.8288045,0.422,2.288,9.501,0.521,0,AQ,0.10047928693942626,0.46861111111111103,0.6108880179438814
8rro,0,91.08129651860745,67.64017543859649,85.70163636363637,67.14440476190477,82.61178571428572,77.83499999999998,82.15184782608694,0.5940000000000001,0.4775,0.321,0.5178100338180757,0.5552301039128494,0.3946428571428572,0.3946428571428572,0.0527262300566343,0.0443740641566097,41345963,0.0373775,0.4129795,0.4775,0.317333,0.317333,41345963,0,0.6774043449755466,1.7008432,3.0493565,1.2495828,1.0711813,4.4112926,1.4888817,0.597,2.113,6.05,0.791,1,MQ,0.048550147106622005,0.3946428571428572,0.5365200688654626
8rro,1,91.23591386554622,68.09280701754386,85.6741818181818,67.74142857142859,82.95767857142856,78.87340909090909,82.25032608695653,0.6060000000000001,0.5,0.335,0.5464862776075325,0.5707574977215345,0.3955932203389831,0.395593220338983,0.063121514745941,0.0488251997963153,41345963,0.0538767499999999,0.423862,0.5,0.34025275,0.34025275,41345963,1,0.6943268911602806,1.6378405,2.908056,1.0949155,1.0659165,4.442208,1.5148343,0.651,1.925,4.653,0.806,1,MQ,0.05597335727112815,0.39559322033898303,0.5586218876645335
8rro,4,91.44177821128451,68.01561403508772,86.05254545454547,67.99392857142855,84.06071428571428,80.20340909090909,83.89717391304347,0.638,0.545,0.313,0.6044676392934099,0.6199041448260145,0.4019230769230769,0.401923076923077,0.0882582787679848,0.0683371517989101,41345963,0.0987167499999999,0.44791625,0.545,0.38828,0.38828,41345963,4,0.7156004763061866,1.555371,2.743529,1.0522395,1.02532,4.101466,1.463866,0.663,1.858,3.988,0.776,0,MQ,0.07829771528344745,0.40192307692307694,0.6121858920597122
8rro,3,91.19138955582234,68.06157894736843,85.85054545454548,67.61857142857144,82.79982142857143,78.85136363636364,82.23423913043479,0.5940000000000001,0.4825,0.301,0.5184839576209772,0.5601607559943748,0.4003389830508475,0.4003389830508475,0.053441406620656,0.0459099034295617,41345963,0.04277475,0.40988725,0.4825,0.320948,0.320948,41345963,3,0.6892485420546475,1.6907281,3.0177753,1.1169794,1.0889268,4.418075,1.3946987,0.602,2.12,6.022,0.806,0,MQ,0.04967565502510885,0.4003389830508475,0.5393223568076759
8rro,2,91.16871398559424,66.96771929824561,85.49618181818182,66.71392857142855,82.69035714285714,78.92454545454547,82.22413043478261,0.602,0.49,0.268,0.5304928776319038,0.5718448815186613,0.3986538461538461,0.3986538461538462,0.0547376911635784,0.0499311376629526,41345963,0.05024825,0.4136295,0.49,0.33265975,0.33265975,41345963,2,0.6885663323577584,1.4037743,2.414335,1.222282,0.9424406,3.5187116,1.4283612,0.709,1.596,3.757,0.821,1,MQ,0.0523344144132655,0.39865384615384614,0.5511688795752825
6vm7,1,91.98047039374812,79.06809523809522,87.80396825396825,87.1452380952381,95.40153846153846,92.86108695652172,88.88346534653466,0.826,0.825,0.449,0.9598365056216148,0.9391818091264098,0.8584848484848484,0.8584848484848484,0.8377824382517123,0.6964569311418713,2409966127,0.64354125,0.8219937500000001,0.825,0.82189825,0.82189825,2409966127,1,0.8841953111204327,0.69072723,1.1007688,0.49206796,0.47096452,1.3704447,0.79671764,0.824,0.713,5.5,0.951,0,HQ,0.7671196846967918,0.8584848484848484,0.9495091573740123
6vm7,0,91.82298467087466,78.55499999999999,87.3811111111111,86.14678571428571,95.16871794871795,93.11195652173912,88.07712871287127,0.818,0.815,0.427,0.9520805834971496,0.9312545343176152,0.855625,0.8556250000000001,0.8100464525922817,0.6528685665621953,2409966127,0.62542225,0.81261225,0.815,0.81171425,0.81171425,2409966127,0,0.8782221213007162,0.7369174,1.2402258,0.5629882,0.43266323,1.4386175,0.82819057,0.821,0.788,4.985,0.934,0,HQ,0.7314575095772384,0.8556250000000001,0.9416675589073824
6vm7,2,91.79817853922452,77.97690476190476,87.19238095238096,86.84416666666667,95.29999999999998,92.7573913043478,88.67950495049506,0.8160000000000001,0.8175,0.425,0.9566374050436726,0.9340271104192552,0.8533333333333333,0.8533333333333334,0.8256782409917247,0.6725552508352234,2409966127,0.626027,0.81236475,0.8175,0.81176925,0.81176925,2409966127,2,0.8753117340350011,0.7180696,1.1404849,0.58697265,0.48382837,1.3982395,0.903549,0.83,0.808,4.31,0.918,0,HQ,0.749116745913474,0.8533333333333333,0.9453322577314639
6vm7,4,91.72727532311391,77.82857142857142,86.46968253968251,86.30845238095237,95.1651282051282,93.00195652173912,88.15950495049503,0.8160000000000001,0.815,0.426,0.955905905095053,0.9348460271196776,0.8556666666666666,0.8556666666666667,0.8256860927583985,0.6749859010931216,2409966127,0.6187867499999999,0.8082557499999999,0.815,0.8079562499999999,0.8079562499999999,2409966127,4,0.8758660638050345,0.7852983,1.2073536,0.6271757,0.5652021,1.4327033,0.7290521,0.815,0.749,4.788,0.885,0,HQ,0.7503359969257601,0.8556666666666666,0.9453759661073653
6vm7,3,91.68420799519086,77.78285714285714,87.06920634920635,86.10309523809525,95.21205128205128,93.05760869565216,88.16871287128711,0.8140000000000001,0.81,0.441,0.95279419184976,0.9301000676430172,0.8553333333333334,0.8553333333333334,0.8146900273049548,0.6547703103386199,2409966127,0.61524375,0.80441525,0.81,0.80388075,0.80388075,2409966127,3,0.8730385239295192,0.7906471,1.2762748,0.6122075,0.51826715,1.5492742,0.7056473,0.819,0.888,3.828,0.885,0,HQ,0.7347301688217873,0.8553333333333334,0.9414471297463887
2gj6,0,94.064360754717,94.25727272727272,94.20717391304348,95.5759523809524,95.37000000000003,95.79176470588236,93.23862068965518,0.876,0.89,0.593,0.9762609010656432,0.9567055947026896,0.8237254901960782,0.8237254901960784,0.9034592707990098,0.8149305201148489,4182633582,0.76062175,0.8957062499999999,0.89,0.8957062499999999,0.8957062499999999,4182633582,0,0.9322928946876302,0.81256974,1.1895574,0.7181884,0.64058566,0.52383476,0.99754244,0.909,0.604,1.063,0.881,0,HQ,0.8591948954569293,0.8237254901960783,0.9664832478841664
2gj6,1,93.9828075471698,94.1359090909091,94.30347826086958,95.34511904761904,95.4927659574468,96.04970588235294,93.1867816091954,0.876,0.8875,0.599,0.97568740758962,0.9525625704260294,0.7825925925925924,0.7825925925925925,0.9020634169385816,0.8023976424777667,4182633582,0.7518875,0.8905657499999999,0.8875,0.8905657499999999,0.8905657499999999,4182633582,1,0.9297976574249274,0.7024801,1.1286533,0.5657926,0.48755124,0.70446837,0.8524495,0.903,0.579,1.383,0.864,0,HQ,0.8522305297081741,0.7825925925925925,0.9641249890078247
2gj6,4,94.16635924528302,94.32272727272726,94.51804347826086,95.83904761904762,95.7410638297872,96.61441176470588,93.51620689655172,0.876,0.8875,0.611,0.9774424316994592,0.9566513610060948,0.8098113207547168,0.8098113207547168,0.91222093889705,0.8277591201606116,4182633582,0.75714475,0.89462725,0.8875,0.89462725,0.89462725,4182633582,4,0.929870370970291,0.71260387,1.1376439,0.5307283,0.50564754,0.54340076,1.017793,0.905,0.612,1.315,0.881,0,HQ,0.8699900295288308,0.8098113207547168,0.967046896352777
2gj6,3,94.0963758490566,94.28818181818184,94.24239130434783,95.32630952380951,95.43446808510636,96.16617647058824,93.34494252873564,0.876,0.8875,0.596,0.9757071712512428,0.9518063314808278,0.7856363636363636,0.7856363636363637,0.9026349434618516,0.802935089509487,4182633582,0.75363325,0.890772,0.8875,0.890772,0.890772,4182633582,3,0.930299052107094,0.74957126,1.215742,0.39755636,0.53245014,0.732307,0.8579287,0.881,0.642,2.57,0.881,0,HQ,0.8527850164856693,0.7856363636363637,0.9637567513660353
2gj6,2,94.19060679245284,94.23568181818182,94.35391304347826,95.7825,95.7140425531915,96.48588235294118,93.65091954022988,0.876,0.885,0.603,0.9766491659325616,0.9545853929232913,0.7996296296296295,0.7996296296296296,0.9095557963654104,0.8185502651714534,4182633582,0.7550795,0.89264425,0.885,0.89264425,0.89264425,4182633582,2,0.9289277851817456,0.6992419,1.1136158,0.41695383,0.5088761,0.549826,0.99001956,0.914,0.57,0.996,0.881,0,HQ,0.8640530307684319,0.7996296296296295,0.9656172794279264
4jff,3,92.36200722782714,91.50636363636364,91.68549019607843,95.75645161290322,95.1555,96.9815,96.01458333333332,0.89,0.91,0.642,0.9844246186432438,0.9774548678761636,0.9101612903225806,0.9101612903225808,0.937616630267084,0.8985175509760832,2385013032,0.77534375,0.9132045,0.91,0.9132045,0.9132045,2385013032,3,0.9316400685272036,0.7943892,1.214898,0.63558114,0.608245,0.7603785,1.889032,0.857,0.802,2.211,0.857,0,HQ,0.9180670906215835,0.9101612903225806,0.9809397432597038
4jff,4,92.18600210811624,91.16454545454546,91.50882352941176,95.5858064516129,94.98525,96.75875,95.71239583333332,0.892,0.91,0.637,0.9847144418461408,0.9772822644233424,0.9101612903225806,0.9101612903225808,0.9368424500397272,0.8925148866356406,2385013032,0.78179425,0.9149005,0.91,0.9149005,0.9149005,2385013032,4,0.9342072478607364,0.7837404,1.2038882,0.6369891,0.5954889,0.8399685,1.8739938,0.859,0.823,2.166,0.869,0,HQ,0.914678668337684,0.9101612903225806,0.9809983531347416
4jff,2,92.15928474627316,92.17295454545454,91.8786274509804,95.6132258064516,94.787,96.58925,95.6296875,0.882,0.9,0.64,0.983446128237065,0.9749632671880272,0.9026984126984128,0.9026984126984128,0.9339039161538764,0.8879589763084959,2385013032,0.75933125,0.90362575,0.9,0.90362575,0.90362575,2385013032,2,0.9246472321301188,0.7883387,1.2343999,0.6521777,0.58142686,0.8419932,1.8939328,0.851,0.853,2.363,0.869,0,HQ,0.9109314462311862,0.9026984126984128,0.9792046977125461
4jff,0,92.30388194549012,91.9775,92.03215686274513,95.74112903225806,95.02375,96.7475,95.88864583333331,0.892,0.91,0.636,0.9851654566863128,0.9781538800715924,0.9115873015873016,0.9115873015873016,0.9385832389321678,0.8981600869744851,2385013032,0.77946925,0.914574,0.91,0.914574,0.914574,2385013032,0,0.93385071936042,0.79774123,1.2904147,0.6300612,0.56106794,0.8799546,1.8761973,0.847,0.838,2.494,0.857,0,HQ,0.9183716629533265,0.9115873015873016,0.9816596683789527
4jff,1,92.16417105857552,92.22545454545455,91.69764705882352,95.63274193548386,94.836,96.68425,95.78145833333332,0.8880000000000001,0.9025,0.645,0.9839905426179254,0.9758751819257708,0.9024193548387096,0.9024193548387096,0.9352498338288716,0.8918617242193746,2385013032,0.7698035,0.9100005,0.9025,0.9100005,0.9100005,2385013032,1,0.926816731278974,0.8440968,1.2754983,0.636611,0.6603407,0.83881813,1.8893956,0.847,0.859,2.537,0.869,0,HQ,0.9135557790241231,0.9024193548387096,0.9799328622718482
6p64,3,91.2049736485469,81.79616666666668,62.77600000000001,88.60963855421687,87.22588235294117,85.24204081632652,85.78307692307692,0.748,0.7175,0.339,0.9009677013063598,0.8824974594720855,0.6710714285714284,0.6710714285714285,0.5854993293508816,0.4320838291537939,2868172357,0.43456325,0.68213625,0.7175,0.67234275,0.67234275,2868172357,3,0.8080900366775327,2.0252614,3.756239,0.83588856,0.8955416,1.0624238,2.092253,0.54,2.365,8.301,0.82,0,MQ,0.5087915792523378,0.6710714285714285,0.8917325803892227
6p64,4,91.32112934798975,83.16383333333333,67.96285714285715,88.98578313253013,87.46323529411764,85.59428571428572,86.50923076923077,0.76,0.7325,0.318,0.9184868633977392,0.9104960229960116,0.7375000000000002,0.7375000000000002,0.6539944282064161,0.5167440103378812,2868172357,0.45811775,0.7062975,0.7325,0.6981975,0.6981975,2868172357,4,0.8166284532497674,2.0589204,3.8560674,0.9540808,0.835947,0.7901446,1.9690701,0.584,2.437,6.408,0.84,0,MQ,0.5853692192721487,0.7375000000000002,0.9144914431968754
6p64,2,91.00062791748232,82.18266666666666,64.22971428571428,88.09674698795182,87.12029411764708,85.14489795918368,85.87208791208792,0.74,0.7075,0.338,0.9130756816067476,0.9026657002186697,0.7091999999999998,0.7092,0.6468591292681659,0.4833479314200917,2868172357,0.43059425,0.6829415000000001,0.7075,0.669636,0.669636,2868172357,2,0.8010947103484485,2.1012821,3.9549081,0.86753964,0.83358836,0.93283325,1.4864454,0.609,2.305,5.435,0.82,0,MQ,0.5651035303441287,0.7091999999999999,0.9078706909127086
6p64,0,91.13503689203434,82.99066666666667,66.00571428571428,88.72132530120481,86.81970588235293,84.45489795918367,85.51857142857143,0.756,0.7275,0.379,0.909901253013548,0.8936438270793802,0.7089655172413791,0.7089655172413791,0.6223341170963752,0.4568457314368899,2868172357,0.44673,0.6965125,0.7275,0.68603875,0.68603875,2868172357,0,0.8099759482387201,2.2318563,4.2019124,0.8594887,0.8908965,0.8138784,2.467473,0.593,2.527,6.378,0.88,0,MQ,0.5395899242666325,0.7089655172413791,0.901772540046464
6p64,1,90.84249962355068,81.54683333333334,65.734,88.22325301204819,86.9014705882353,85.20163265306122,85.9954945054945,0.744,0.7175,0.353,0.9069125625597748,0.8873571828150449,0.6707142857142856,0.6707142857142855,0.612218869538779,0.4415113671320138,2868172357,0.4298345,0.686175,0.7175,0.673487,0.673487,2868172357,1,0.8021114393391753,1.9697669,3.7124033,0.7011272,0.7859944,1.0757576,1.990124,0.536,2.297,7.7,0.76,0,MQ,0.5268651183353964,0.6707142857142856,0.8971348726874099
4ftv,1,93.70385553047404,93.53999999999998,93.73347826086956,95.63261904761906,96.31297872340426,96.3485294117647,96.2895,0.8859999999999999,0.9025,0.617,0.9855445533544802,0.9834361468328682,0.8382456140350876,0.8382456140350878,0.941360923360222,0.9229862052941928,408386385,0.7708885,0.90629025,0.9025,0.90629025,0.90629025,408386385,1,0.9315997699230084,0.8344927,1.3692554,0.58290386,0.5171234,0.4513084,1.6168748,0.917,0.425,1.694,0.863,0,HQ,0.9321735643272074,0.8382456140350877,0.9844903500936741
4ftv,0,93.80008126410836,93.27227272727272,93.48391304347824,95.21130952380952,96.11914893617018,96.2979411764706,95.99009999999998,0.884,0.9,0.609,0.9838320595812736,0.9812501642612512,0.8487272727272729,0.8487272727272726,0.9354224114373326,0.9116157032102248,408386385,0.7623807499999999,0.9024705,0.9,0.9024705,0.9024705,408386385,0,0.9309002163630304,0.879727,1.4254553,0.7727373,0.5414153,0.5613728,1.5040575,0.906,0.452,1.904,0.849,0,HQ,0.9235190573237787,0.8487272727272728,0.9825411119212624
4ftv,2,93.8279683972912,92.14386363636362,93.44891304347829,95.12142857142858,96.10127659574466,95.80794117647058,95.85599999999998,0.8779999999999999,0.9,0.606,0.98403326188822,0.9810720950574388,0.8522641509433962,0.8522641509433961,0.9342847620992458,0.9091361698631568,408386385,0.76398975,0.900947,0.9,0.900947,0.900947,408386385,2,0.9275682561150266,0.7318925,1.1999273,0.54225916,0.45052093,0.581891,1.354355,0.921,0.474,0.773,0.863,0,HQ,0.9217104659812013,0.8522641509433961,0.9825526784728293
4ftv,3,93.83672987208426,93.3584090909091,94.005,95.72666666666666,96.36063829787231,96.49235294117648,96.3229,0.8859999999999999,0.9025,0.608,0.9859259822410724,0.9837431002561664,0.83,0.83,0.942470078786524,0.9242988367711809,408386385,0.78099975,0.9095235,0.9025,0.9095235,0.9095235,408386385,3,0.9341708804360712,0.7893026,1.3569341,0.5635831,0.41527435,0.43243587,1.6092597,0.929,0.447,1.27,0.89,0,HQ,0.9333844577788524,0.83,0.9848345412486195
4ftv,4,93.8116147479308,93.43113636363636,93.58760869565216,95.67369047619049,96.27042553191492,96.32529411764703,96.08500000000002,0.882,0.9025,0.611,0.9850914256083038,0.982217013604684,0.8335714285714285,0.8335714285714284,0.9400924879312128,0.9176574124948595,408386385,0.7671892499999999,0.904391,0.9025,0.904391,0.904391,408386385,4,0.930054760760362,0.84365785,1.4216886,0.42244402,0.5005151,0.478625,1.5140358,0.92,0.412,1.543,0.863,0,HQ,0.9288749502130362,0.8335714285714284,0.9836542196064939
5c08,1,93.10875509895754,93.39235294117648,85.56232558139534,96.41764705882352,97.05325,95.56244897959182,95.51416666666668,0.874,0.895,0.472,0.9788527971973884,0.9789560071784152,0.8623076923076922,0.8623076923076923,0.917329982005456,0.9097104014523384,1498594107,0.7193565,0.89591775,0.895,0.89591775,0.89591775,1498594107,1,0.9167143519972604,0.82513636,0.95748085,0.657504,0.7975484,0.34702265,1.0056208,0.854,0.712,2.986,0.857,0,HQ,0.9135201917288972,0.8623076923076922,0.9789044021879019
5c08,0,92.9235428312434,93.1213725490196,85.72930232558139,96.2750588235294,96.98425,95.41102040816324,95.77185185185184,0.8779999999999999,0.895,0.486,0.9799714890764896,0.98101988316162,0.8764285714285712,0.8764285714285712,0.9216508894645156,0.9138444344642092,1498594107,0.72114875,0.898868,0.895,0.898868,0.898868,1498594107,0,0.9175142047647762,0.85114956,1.1563778,0.747013,0.74484706,0.5672606,1.3089433,0.809,0.918,3.701,0.857,0,HQ,0.9177476619643623,0.8764285714285712,0.9804956861190548
5c08,2,93.11572442967216,93.78784313725492,85.89697674418603,96.59364705882354,97.2015,95.7014285714286,95.89296296296295,0.882,0.8975,0.467,0.980571439949074,0.981297920485216,0.8722222222222222,0.8722222222222222,0.9254555655941404,0.9195032872314102,1498594107,0.72598325,0.90133,0.8975,0.90133,0.90133,1498594107,2,0.9180496417974564,0.83935267,1.0401562,0.76596224,0.77570695,0.49403253,1.1945015,0.834,0.825,3.179,0.857,0,HQ,0.9224794264127754,0.8722222222222222,0.980934680217145
5c08,3,92.82970841516844,93.6056862745098,86.24,96.46223529411766,97.0325,95.52163265306122,95.92194444444443,0.874,0.8925000000000001,0.474,0.9795458797902776,0.9799600310136778,0.8554838709677418,0.8554838709677418,0.9224448205225244,0.9142653838091332,1498594107,0.71639975,0.89573925,0.8925000000000001,0.89573925,0.89573925,1498594107,3,0.9142132455164336,0.8498621,1.1581291,0.7472029,0.7418987,0.513357,1.3766221,0.795,0.928,3.627,0.816,0,MQ,0.9183551021658288,0.8554838709677418,0.9797529554019777
5c08,4,93.1738374376794,93.65745098039216,86.14209302325581,96.42047058823528,97.006,95.21857142857142,95.60953703703704,0.874,0.895,0.471,0.978473983869598,0.978903993184986,0.8755172413793102,0.8755172413793102,0.9168394552169752,0.9105644114426008,1498594107,0.71761775,0.8960255,0.895,0.8960255,0.8960255,1498594107,4,0.9141526657450624,0.7857485,0.9178824,0.6571835,0.75427586,0.46376333,0.9711877,0.867,0.752,2.448,0.878,0,HQ,0.913701933329788,0.8755172413793102,0.978688988527292
6eqb,1,92.30267019667173,90.28,90.76725490196078,94.74,95.73025,97.2155,95.16333333333334,0.882,0.895,0.639,0.9792160521419674,0.9695024775177868,0.8910526315789474,0.8910526315789473,0.9057295626337326,0.8559365833473526,2024450852,0.72351025,0.90030925,0.895,0.90030925,0.90030925,2024450852,1,0.9256398937867376,0.8560108,0.74051553,2.2040136,0.6234174,0.65706486,0.9141337,0.889,0.676,2.08,0.893,0,HQ,0.8808330729905426,0.8910526315789473,0.9743592648298771
6eqb,0,92.09141301059002,90.02499999999999,90.33039215686271,94.4317741935484,95.5825,97.11525,94.97291666666668,0.876,0.8925000000000001,0.651,0.9782143864533666,0.9678056132116856,0.9226785714285716,0.9226785714285716,0.9009520730694992,0.84552831750845,2024450852,0.71619575,0.8957205,0.8925000000000001,0.8957205,0.8957205,2024450852,0,0.922690436122254,0.8252017,0.7444975,2.2327678,0.54473317,0.65534616,1.0419028,0.89,0.682,2.266,0.907,0,HQ,0.8732401952889746,0.9226785714285716,0.9730099998325261
6eqb,2,92.40222692889562,89.90568181818182,90.71960784313724,94.79387096774192,95.75925,97.34225,95.04229166666669,0.89,0.905,0.642,0.9802707924976468,0.9719151874663696,0.9226785714285716,0.9226785714285716,0.9062387501567296,0.8572700413138173,2024450852,0.7385937499999999,0.908713,0.905,0.908713,0.908713,2024450852,2,0.9334160154061764,0.85998154,0.81211895,2.2265089,0.5883775,0.64738506,0.9826124,0.885,0.684,2.288,0.893,0,HQ,0.8817543957352735,0.9226785714285716,0.9760929899820082
6eqb,3,92.26991981845688,90.01204545454547,90.43666666666668,94.58629032258064,95.66325,97.235,95.034375,0.8800000000000001,0.895,0.648,0.9790530260274556,0.9691411594972096,0.9070175438596492,0.9070175438596492,0.903520758074148,0.850544847168766,2024450852,0.72347225,0.89956125,0.895,0.89956125,0.89956125,2024450852,3,0.9242442252761868,0.85678,0.799033,2.2361352,0.58462477,0.70161164,0.96153265,0.896,0.668,2.038,0.907,0,HQ,0.877032802621457,0.9070175438596492,0.9740970927623326
6eqb,4,92.31623298033284,90.54840909090908,90.65745098039216,94.61887096774196,95.737,97.207,95.15270833333334,0.8779999999999999,0.895,0.651,0.9792479567167894,0.9691160338222234,0.9070175438596492,0.9070175438596492,0.9069540739351292,0.8536296848356301,2024450852,0.72233225,0.89747325,0.895,0.89747325,0.89747325,2024450852,4,0.9241323166132376,0.8520128,0.84194374,2.2101824,0.56067413,0.6840142,0.9656112,0.892,0.692,1.784,0.893,0,HQ,0.8802918793853796,0.9070175438596492,0.9741819952695064
6rpb,4,91.34884621270083,73.6531818181818,80.84934782608696,78.07546666666667,81.01851063829787,77.38529411764705,77.13725274725275,0.5,0.28,0.151,0.3206316179219126,0.3455799286854261,0.2672727272727273,0.2672727272727273,0.0199548620336235,0.0196649297674771,3080475256,0.0026835,0.1025945,0.28,0.15185025,0.15185025,3080475256,4,0.5619829692938478,3.6731353,6.691807,3.0089386,1.8858007,4.955877,4.773557,0.131,5.997,28.164,0.25,0,LQ,0.019809895900550302,0.2672727272727273,0.3331057733036693
6rpb,3,91.36427084927314,73.98136363636364,81.19326086956521,78.154,81.54936170212764,78.60794117647059,77.54175824175825,0.52,0.315,0.184,0.3673025851357307,0.3797867253426032,0.2624,0.2624,0.0254051146460701,0.0226066128539165,3080475256,0.00805325,0.22877275,0.315,0.17218725,0.17218725,3080475256,3,0.5791892118504087,3.6224937,6.576372,3.3057287,1.8213098,5.188791,4.717733,0.128,5.889,27.19,0.235,0,LQ,0.0240058637499933,0.2624,0.37354465523916697
6rpb,2,91.4173817903596,73.14272727272727,78.90934782608694,77.66306666666667,80.71361702127659,78.04794117647059,76.80901098901099,0.496,0.2625,0.113,0.3381176789991562,0.3299289058627663,0.1778947368421052,0.1778947368421052,0.0219135335393995,0.0196520629765248,3080475256,0.0,0.0,0.2625,0.1374362499999999,0.1374362499999999,3080475256,2,0.5602581279436712,5.1399565,9.490866,3.0886295,2.6656694,7.939254,6.996733,0.07,8.113,33.718,0.118,1,LQ,0.02078279825796215,0.1778947368421052,0.33402329243096124
6rpb,0,91.484986993114,73.18840909090909,79.53652173913044,78.13439999999999,81.2787234042553,79.09470588235295,77.00098901098902,0.51,0.295,0.146,0.3026251520701259,0.3348310960118011,0.2626923076923076,0.2626923076923076,0.0201072227495791,0.0168526018104184,3080475256,0.00257625,0.056632,0.295,0.1565052499999999,0.1565052499999999,3080475256,0,0.5720083078464553,3.3220947,6.1561003,2.4737911,1.6228014,5.6487,3.6739492,0.155,5.199,21.11,0.25,2,LQ,0.01847991227999875,0.2626923076923076,0.3187281240409635
6rpb,1,91.21344605967866,71.63227272727272,79.59347826086956,77.4936,80.48191489361702,76.6208823529412,76.43131868131869,0.492,0.265,0.137,0.3060704687611744,0.3146411001563592,0.2634782608695652,0.2634782608695653,0.0192943733563454,0.0167615925970011,3080475256,0.0,0.0,0.265,0.14582425,0.14582425,3080475256,1,0.5584333237187539,3.5385408,6.5923676,2.9314826,1.6260145,4.983567,4.6783247,0.143,5.684,27.763,0.279,0,LQ,0.01802798297667325,0.2634782608695653,0.31035578445876677
4jrx,2,94.1898898153663,92.46984375,84.71571428571428,96.26627659574464,95.5275,92.16,94.69793650793648,0.8720000000000001,0.8875,0.603,0.979903628602974,0.9800817346523274,0.854468085106383,0.854468085106383,0.9171942957250254,0.905524584518383,2094164280,0.7453069999999999,0.88809875,0.8875,0.88809875,0.88809875,2094164280,2,0.9149380416252249,0.91132194,1.2481729,0.62815225,0.7654184,0.49129018,1.5552864,0.77,0.772,6.372,0.881,0,MQ,0.9113594401217042,0.854468085106383,0.9799926816276507
4jrx,4,94.31023823704588,92.59796875,84.58471428571428,96.47063829787236,95.727,92.59864864864863,94.9626984126984,0.8800000000000001,0.8975,0.609,0.9824143098763796,0.9824727064122776,0.8572916666666667,0.8572916666666668,0.9246288412126664,0.9131908202621944,2094164280,0.77091825,0.9022325,0.8975,0.9022325,0.9022325,2094164280,4,0.926565788835948,0.91882414,1.2976252,0.5729186,0.7507861,0.7196484,1.7182069,0.763,0.761,6.553,0.866,0,MQ,0.9189098307374304,0.8572916666666668,0.9824435081443286
4jrx,3,94.03624032162,92.26875,83.5382857142857,96.22617021276598,95.5705,92.42675675675676,94.53666666666668,0.8699999999999999,0.8875,0.604,0.979794943695425,0.9795724972939744,0.8258823529411764,0.8258823529411764,0.9147417932120936,0.9020587258977,2094164280,0.75052275,0.89045475,0.8875,0.89045475,0.89045475,2094164280,3,0.9182065979900846,0.9014264,1.24074,0.55337334,0.7603074,0.4601904,1.4860195,0.808,0.742,5.225,0.896,0,HQ,0.9084002595548968,0.8258823529411764,0.9796837204946998
4jrx,1,94.09476771888028,92.33875,84.94342857142857,96.2141489361702,95.125,91.8991891891892,93.90523809523808,0.868,0.8875,0.592,0.9778620113900508,0.977460206408304,0.8849999999999998,0.8849999999999999,0.906377497753513,0.8887830060417924,2094164280,0.7426985,0.88765225,0.8875,0.88765225,0.88765225,2094164280,1,0.9145180063391054,0.8980431,1.2093407,0.5728304,0.7731995,0.46182176,1.5304724,0.795,0.725,5.234,0.851,1,MQ,0.8975802518976527,0.8849999999999998,0.9776611088991773
4jrx,0,94.05395324597974,92.466875,85.03285714285715,96.28861702127656,95.394,92.18945945945948,94.59857142857145,0.8640000000000001,0.885,0.606,0.9789160990179834,0.97899864928641,0.854468085106383,0.854468085106383,0.9138882672873722,0.9018183996119908,2094164280,0.73548425,0.88326575,0.885,0.88326575,0.88326575,2094164280,0,0.9116833441533424,0.882299,1.2193093,0.616967,0.7324655,0.4451497,1.5029541,0.761,0.705,6.751,0.851,0,MQ,0.9078533334496814,0.854468085106383,0.9789573741521966
5ivx,1,91.16012349443513,88.03479999999999,89.79038461538464,77.37314606741573,89.03175000000002,86.09,91.32794520547944,0.75,0.755,0.475,0.918135758307313,0.8589372800632357,0.7028260869565217,0.7028260869565218,0.6580858464432874,0.3499112247935949,2637399366,0.5141242500000001,0.75135425,0.755,0.7345705,0.7345705,2637399366,1,0.8223365969505235,1.2689563,2.0476098,0.93638813,0.93349093,3.3016794,0.47011998,0.796,0.848,4.12,0.821,0,MQ,0.5039985356184411,0.7028260869565217,0.8885365191852743
5ivx,0,91.18051074858973,87.4206,89.58634615384616,76.35303370786517,88.65475,84.87085106382979,91.01397260273971,0.74,0.745,0.464,0.9086817821363016,0.8489982713582988,0.7102380952380952,0.7102380952380952,0.6138878531456671,0.3355886864219831,2637399366,0.49318475,0.741844,0.745,0.718952,0.718952,2637399366,0,0.811484888690967,1.353951,2.1060736,1.2089695,1.0241914,3.538184,0.50850314,0.823,0.878,1.687,0.761,0,MQ,0.47473826978382505,0.7102380952380952,0.8788400267473002
5ivx,2,90.77669004421406,87.55659999999997,89.02692307692307,77.70483146067416,87.634,84.1336170212766,90.58041095890412,0.728,0.735,0.476,0.911948618522602,0.8401049607442741,0.6573076923076923,0.6573076923076923,0.6271356615305764,0.3018954355350378,2637399366,0.477002,0.735946,0.735,0.70704575,0.70704575,2637399366,2,0.8016946521598642,1.1936837,1.8062978,0.9542864,0.9477551,2.8918848,0.46222207,0.886,0.659,1.542,0.851,0,MQ,0.4645155485328071,0.6573076923076923,0.876026789633438
5ivx,4,91.18462875438328,86.89900000000002,89.4825,74.20932584269663,88.864,85.59212765957447,90.73520547945206,0.738,0.7375,0.429,0.9064053873721296,0.8449177401253508,0.7653488372093024,0.7653488372093024,0.6071694501925249,0.3101773415628941,2637399366,0.4867595,0.737167,0.7375,0.713969,0.713969,2637399366,4,0.810925458051246,1.1280668,1.5628978,0.8967968,0.9759308,2.2214057,0.5609738,0.811,0.793,4.238,0.851,1,MQ,0.4586733958777095,0.7653488372093024,0.8756615637487402
5ivx,3,90.80557249580728,85.4566,88.30173076923076,74.09325842696629,86.06,83.45702127659574,89.32479452054794,0.716,0.7075,0.473,0.8934059340653224,0.8149550884627094,0.6892307692307693,0.6892307692307694,0.5482185533715908,0.2391153341630749,2637399366,0.4318849999999999,0.7153285,0.7075,0.6776125,0.6776125,2637399366,3,0.7767246012063236,1.1618581,1.6536568,0.9755406,0.9768808,2.4500008,0.6936728,0.785,0.857,5.288,0.881,0,MQ,0.3936669437673328,0.6892307692307693,0.854180511264016
8rlv,2,92.71896578298396,91.08785714285716,94.95979166666666,93.08011904761904,93.83102040816324,94.28277777777777,94.91725274725276,0.86,0.875,0.517,0.977186493008203,0.9727980956880228,0.8826086956521738,0.8826086956521738,0.904785007416533,0.8681108158249667,3270044603,0.7120795,0.8782485,0.875,0.8782485,0.8782485,3270044603,2,0.9111094483598976,0.7135625,0.88923395,0.58888847,0.6555461,0.5396666,0.8724924,0.879,0.477,3.714,0.891,0,HQ,0.8864479116207499,0.8826086956521738,0.9749922943481129
8rlv,3,92.69821979038224,91.06357142857144,94.375625,93.01761904761904,93.8030612244898,94.34527777777778,94.85263736263737,0.866,0.8775,0.515,0.9774540585431982,0.9739056174400728,0.8827272727272727,0.8827272727272725,0.905415003272207,0.8746373284368661,3270044603,0.71789175,0.8811375,0.8775,0.8811375,0.8811375,3270044603,3,0.9135164232167046,0.67944145,0.8453411,0.49893436,0.6296534,0.7085551,0.8754155,0.9,0.44,3.486,0.922,0,HQ,0.8900261658545365,0.8827272727272726,0.9756798379916355
8rlv,4,92.69855733662143,90.99785714285716,94.9775,93.15761904761904,93.7069387755102,94.59916666666668,94.9475824175824,0.868,0.88,0.491,0.9771852821930108,0.973159057864864,0.8795833333333333,0.8795833333333333,0.9034033936759216,0.8694391430174543,3270044603,0.71958925,0.88359125,0.88,0.88359125,0.88359125,3270044603,4,0.9153712951134128,0.70995677,0.83145547,0.5926976,0.674794,0.51872057,0.84366333,0.87,0.427,3.495,0.828,0,HQ,0.8864212683466879,0.8795833333333333,0.9751721700289374
8rlv,1,92.71808415536375,91.00309523809526,95.14791666666667,92.88976190476193,93.9677551020408,94.4075,95.08241758241758,0.866,0.88,0.512,0.9781609323481224,0.9743559769356428,0.8839130434782606,0.8839130434782606,0.9079166242600406,0.8756657435365471,3270044603,0.7205745,0.8828695,0.88,0.8828695,0.8828695,3270044603,1,0.9145549691918254,0.72452664,0.85777044,0.5289519,0.6905777,0.49550745,0.8743557,0.84,0.44,5.455,0.891,0,HQ,0.8917911838982939,0.8839130434782606,0.9762584546418827
8rlv,0,92.68905672009863,90.79333333333334,94.97770833333334,92.76035714285716,93.87816326530614,94.2025,95.13758241758242,0.86,0.87,0.516,0.9765269423471592,0.9709542607007828,0.8850000000000001,0.8850000000000001,0.9019287205187828,0.8613559072469773,3270044603,0.712692,0.876246,0.87,0.876246,0.876246,3270044603,0,0.909690175915414,0.74805105,0.9366269,0.5732202,0.6887532,0.68638337,0.8473298,0.87,0.459,3.992,0.875,0,HQ,0.8816423138828801,0.8850000000000001,0.973740601523971
8wul,4,92.05837209302324,81.35092592592594,87.40891304347826,87.6340243902439,90.85714285714286,87.02963636363634,88.16226190476189,0.72,0.6725,0.427,0.8017070814684224,0.8129326587169359,0.6438095238095238,0.6438095238095238,0.3044662380646079,0.2859100339164299,241734590,0.3185245,0.5992235,0.6725,0.5939595,0.5939595,241734590,4,0.801606687969364,1.3913825,3.0063221,1.6591302,0.7193748,2.4632685,2.7117157,0.606,1.677,4.479,0.59,1,MQ,0.29518813599051885,0.6438095238095238,0.8073198700926791
8wul,3,91.9733728734197,80.36925925925925,87.30065217391304,86.59280487804878,90.50514285714286,86.40254545454545,87.69119047619049,0.7,0.645,0.427,0.770935073625926,0.7884086244152165,0.6677272727272727,0.6677272727272728,0.2502463404624502,0.2440984598452817,241734590,0.26981825,0.56608025,0.645,0.55127925,0.55127925,241734590,3,0.7832040545049431,1.341339,2.8830326,1.6432499,0.6974945,2.3902538,2.5487883,0.603,1.635,5.203,0.623,0,MQ,0.24717240015386593,0.6677272727272727,0.7796718490205712
8wul,2,92.09954893085688,80.55277777777776,87.96804347826087,86.65195121951221,91.27857142857142,86.73636363636362,88.22321428571428,0.712,0.665,0.422,0.7865985714034431,0.8021673392951167,0.6344444444444444,0.6344444444444445,0.2776893762349421,0.2656795077047035,241734590,0.291207,0.58342725,0.665,0.56912125,0.56912125,241734590,2,0.790890548675943,1.3675934,2.9795892,1.5509855,0.7014231,2.4605956,2.6782002,0.545,1.901,6.084,0.59,0,MQ,0.2716844419698228,0.6344444444444444,0.7943829553492799
8wul,0,91.99236304042452,80.2087037037037,87.0804347826087,86.9710975609756,91.37228571428572,87.64,88.53190476190477,0.71,0.66,0.422,0.7851127389540487,0.8094719233302685,0.6745238095238095,0.6745238095238095,0.2749357818459543,0.2822079539358674,241734590,0.2968032499999999,0.5828885,0.66,0.57113625,0.57113625,241734590,0,0.7900308912171554,1.3262084,2.8331153,1.7362119,0.6818953,2.3398914,2.6620998,0.605,1.698,4.631,0.607,1,MQ,0.2785718678909108,0.6745238095238095,0.7972923311421586
8wul,1,92.1289761198689,80.88092592592592,88.20586956521741,87.65768292682927,91.0,86.59654545454546,88.26619047619049,0.72,0.6775,0.423,0.8002583935607734,0.8161024059903175,0.624,0.624,0.2985555952549866,0.2962254507972436,241734590,0.32574475,0.606912,0.6775,0.59964175,0.59964175,241734590,1,0.7995863836860122,1.3534176,2.9481797,1.538662,0.69392383,2.4800756,2.5407233,0.548,1.698,6.476,0.574,0,MQ,0.29739052302611513,0.624,0.8081803997755455
2bnq,1,94.04756263205554,95.32297872340426,90.07379310344828,94.88593406593408,97.19680851063832,93.9014705882353,96.86758620689656,0.8720000000000001,0.8925000000000001,0.629,0.9772616764560428,0.9562078929367164,0.791730769230769,0.7917307692307691,0.913807808066246,0.8190539372143699,2403449906,0.723012,0.8927182499999999,0.8925000000000001,0.8927182499999999,0.8927182499999999,2403449906,1,0.9139549773543636,0.77810544,0.8619401,0.68326247,0.75400597,0.81030965,0.8541811,0.899,0.603,2.047,0.89,0,HQ,0.8664308726403079,0.7917307692307691,0.9667347846963796
2bnq,0,93.84786900090552,94.69276595744684,89.19551724137933,94.62065934065932,97.21021276595744,95.60470588235292,96.57471264367815,0.866,0.88,0.627,0.9744751732291108,0.942515127451617,0.7692307692307689,0.769230769230769,0.907822661413906,0.7741634918588206,2403449906,0.702037,0.88103,0.88,0.88103,0.88103,2403449906,0,0.9072746276786422,0.7406933,0.8923105,0.85008675,0.658743,0.84543765,0.8643229,0.897,0.596,1.913,0.877,0,HQ,0.8409930766363634,0.7692307692307689,0.9584951503403639
2bnq,2,93.78756565046784,95.11085106382978,89.63534482758621,94.54615384615386,97.0355319148936,92.71999999999998,96.7032183908046,0.8699999999999999,0.8825000000000001,0.617,0.9752458685001042,0.9524514845749392,0.8074509803921567,0.8074509803921569,0.9074738223390066,0.8019509356349532,2403449906,0.71513325,0.8873489999999999,0.8825000000000001,0.8873489999999999,0.8873489999999999,2403449906,2,0.9113860513265176,0.6289546,0.7883192,0.5983085,0.55973595,0.77698195,0.57540375,0.941,0.465,1.26,0.932,0,HQ,0.8547123789869799,0.8074509803921568,0.9638486765375217
2bnq,3,93.87178388167824,95.04297872340425,89.83172413793103,94.64703296703296,97.11382978723408,94.79823529411765,96.69011494252877,0.868,0.8825000000000001,0.628,0.9751649248460404,0.9491585365892724,0.7976923076923075,0.7976923076923075,0.9082985330148424,0.7971714636050535,2403449906,0.7070744999999999,0.8831107499999999,0.8825000000000001,0.8831107499999999,0.8831107499999999,2403449906,3,0.9074392563373403,0.7194873,0.7709944,0.86185586,0.6801672,0.6530551,0.83194137,0.932,0.476,1.133,0.904,0,HQ,0.8527349983099479,0.7976923076923075,0.9621617307176564
2bnq,4,93.86166012677332,94.65702127659571,89.3698275862069,93.7768131868132,97.07255319148936,95.1435294117647,96.5032183908046,0.8619999999999999,0.8775,0.612,0.9721706452534228,0.9384645395218392,0.7960784313725489,0.7960784313725491,0.9001021710032622,0.7530299474897243,2403449906,0.698912,0.87843225,0.8775,0.87843225,0.87843225,2403449906,4,0.9053263266317112,0.76726454,0.7928104,0.8025879,0.7530691,0.76924217,0.6915587,0.903,0.537,2.281,0.89,0,HQ,0.8265660592464932,0.796078431372549,0.9553175923876309
9gv6,0,90.19238182094544,68.23418181818182,72.90525,61.63716216216217,79.31935483870969,72.21145833333334,78.58375,0.524,0.3225,0.158,0.383918077811587,0.4032952285911115,0.2085,0.2085,0.028421854860607,0.0174302965322363,1378538190,0.013263,0.37106275,0.3225,0.19995575,0.19995575,1378538190,0,0.6021780615378689,2.0992348,4.1012125,1.4652421,1.017387,4.8676043,5.062995,0.371,2.39,12.322,0.507,1,AQ,0.02292607569642165,0.2085,0.39360665320134924
9gv6,1,90.04875664994681,68.4,72.81325000000001,66.36486486486487,78.62806451612904,73.17979166666667,76.75990384615385,0.4859999999999999,0.2525,0.104,0.3102135397134589,0.3235558137877898,0.178,0.178,0.0198314063584788,0.0139899174009541,1378538190,0.00580025,0.18143125,0.2525,0.1521755,0.1521755,1378538190,1,0.5604250447478235,3.7947485,6.707041,3.0828943,2.4523768,5.476468,10.608712,0.225,3.748,13.055,0.239,0,LQ,0.016910661879716453,0.178,0.31688467675062437
9gv6,3,90.4552044383645,70.62036363636362,73.327,68.51986486486487,80.0893548387097,73.35125,78.08461538461538,0.532,0.3175,0.113,0.3463781335351095,0.3782055040542187,0.1784210526315789,0.1784210526315789,0.0229257338170427,0.0170740965452045,1378538190,0.01112,0.33357675,0.3175,0.18124425,0.18124425,1378538190,3,0.6112540904429056,3.6158342,6.693601,2.9141967,2.0774946,5.473936,10.8180485,0.249,4.094,10.66,0.239,0,LQ,0.019999915181123602,0.1784210526315789,0.3622918187946641
9gv6,4,90.17446724426205,69.37109090909092,72.46375,64.16783783783784,79.73709677419355,74.21041666666666,78.62538461538462,0.528,0.32,0.181,0.3894969091626917,0.3934139460886262,0.2165384615384615,0.2165384615384615,0.0285891022055297,0.017089070575707,1378538190,0.01179775,0.34671775,0.32,0.18580625,0.18580625,1378538190,4,0.6058834077445225,2.5432136,4.7261057,1.8442568,1.4759897,4.2806406,6.5435085,0.385,3.068,8.518,0.463,1,AQ,0.02283908639061835,0.2165384615384615,0.39145542762565894
9gv6,2,90.19938744490044,69.97545454545455,73.62174999999999,64.80202702702704,79.25322580645162,72.74729166666667,78.46076923076923,0.522,0.31,0.154,0.3733565154722122,0.4050047480597055,0.227948717948718,0.2279487179487179,0.0262890181074309,0.0179995163479125,1378538190,0.0123485,0.356202,0.31,0.185465,0.185465,1378538190,2,0.6018587616631705,1.9560874,3.4480674,1.7488844,1.2467452,3.157035,3.5039072,0.434,2.163,10.856,0.597,0,AQ,0.0221442672276717,0.22794871794871796,0.38918063176595885
5m00,2,92.52635749385747,95.95211538461538,94.99230769230772,95.30906666666664,95.6163043478261,94.805,95.49761904761904,0.8539999999999999,0.87,0.528,0.9775414523396334,0.9473097814863184,0.8161904761904762,0.8161904761904762,0.9216808437732598,0.8213317157969631,4113306841,0.702888,0.8722909999999999,0.87,0.8722909999999999,0.8722909999999999,4113306841,2,0.904077448145617,0.9615512,1.199588,0.5420511,0.9275303,0.5671581,1.9121226,0.915,0.604,2.729,0.978,0,HQ,0.8715062797851114,0.8161904761904762,0.9624256169129759
5m00,3,92.5182585995086,96.12673076923072,94.78846153846152,95.41626666666666,95.49065217391302,94.75113636363636,95.61869047619048,0.8539999999999999,0.87,0.541,0.976662734285213,0.9498699253210164,0.7914634146341463,0.7914634146341464,0.918874773895916,0.8260158056140338,4113306841,0.7005445,0.87489575,0.87,0.87489575,0.87489575,4113306841,3,0.9052423585786278,1.0099463,1.0922424,1.5363197,0.9261915,0.6394897,1.6963758,0.901,0.614,3.627,1.0,0,HQ,0.8724452897549748,0.7914634146341464,0.9632663298031148
5m00,4,92.71193028255529,96.19249999999998,95.0453846153846,95.43173333333333,95.51478260869564,94.85681818181818,95.59011904761904,0.8539999999999999,0.87,0.526,0.9769598114888668,0.9496391366591008,0.7914634146341463,0.7914634146341464,0.9196100349932,0.8250595668502396,4113306841,0.7026425,0.87580675,0.87,0.87580675,0.87580675,4113306841,4,0.905859810286634,0.97375613,1.0658863,1.6462301,0.8627594,0.65452796,1.6275396,0.912,0.605,2.882,0.978,0,HQ,0.8723348009217198,0.7914634146341464,0.9632994740739838
5m00,1,92.68794686732188,96.2246153846154,94.94057692307692,95.532,95.66434782608697,94.82999999999998,95.76011904761904,0.8539999999999999,0.87,0.534,0.9771696947392357,0.9520755197637124,0.7981395348837209,0.7981395348837209,0.9204084734512518,0.8348346675122503,4113306841,0.7001895,0.8739837500000001,0.87,0.8739837500000001,0.8739837500000001,4113306841,1,0.9035970374993794,1.0030701,1.0802821,1.6671668,0.89869434,0.6137741,1.6606265,0.892,0.619,3.654,0.978,0,HQ,0.877621570481751,0.7981395348837209,0.9646226072514741
5m00,0,92.8526980958231,96.35307692307693,95.25057692307692,95.6436,95.9145652173913,94.68454545454546,95.98702380952382,0.86,0.8775,0.536,0.9798622191549272,0.956209366104918,0.8161904761904762,0.8161904761904762,0.9278665026576493,0.8478604374556726,4113306841,0.71616125,0.881387,0.8775,0.881387,0.881387,4113306841,0,0.9088434749280498,1.0372574,1.1069058,1.6099141,0.9504864,0.60134935,1.712419,0.895,0.619,3.241,0.957,0,HQ,0.887863470056661,0.8161904761904762,0.9680357926299226
5c0a,3,91.54193558007752,90.74686274509804,82.11255813953488,94.092,94.881,91.85877551020408,93.17962962962964,0.8320000000000001,0.845,0.393,0.9605820158885918,0.9635818975945571,0.8271999999999999,0.8271999999999999,0.8444221047869623,0.8204180254888879,1969256094,0.59588,0.8410325,0.845,0.8410325,0.8410325,1969256094,3,0.8789688030848202,0.7560591,1.0634604,0.5445325,0.6568425,1.0652206,0.8028741,0.9,0.575,2.706,0.921,0,HQ,0.8324200651379251,0.8271999999999999,0.9620819567415745
5c0a,4,91.6168580375783,91.4470588235294,82.73883720930233,94.70117647058824,95.4305,93.0838775510204,93.76842592592592,0.842,0.86,0.421,0.965255970604574,0.9695080569862504,0.835,0.835,0.8675825773146649,0.8531118275466927,1969256094,0.62626875,0.856762,0.86,0.856762,0.856762,1969256094,4,0.888371067807173,0.85960513,1.2444826,0.5521853,0.7350821,1.149693,1.0709906,0.846,0.713,4.561,0.947,0,HQ,0.8603472024306789,0.835,0.9673820137954122
5c0a,2,91.50768416343573,91.40372549019608,83.63976744186046,94.59364705882352,95.42025,92.99836734693878,93.6697222222222,0.842,0.86,0.429,0.9645641035058627,0.968221253226726,0.8241666666666667,0.8241666666666667,0.8656176096213173,0.8496113915046888,1969256094,0.62050725,0.8540544999999999,0.86,0.8540544999999999,0.8540544999999999,1969256094,2,0.8878693787232863,0.86522925,1.3530853,0.54953676,0.68326473,0.9955691,1.0998158,0.818,0.845,4.25,0.895,0,HQ,0.857614500563003,0.8241666666666667,0.9663926783662944
5c0a,0,91.58430659111244,91.29745098039216,83.14697674418606,94.5584705882353,95.29675,92.98408163265304,93.73796296296295,0.842,0.86,0.419,0.9645674708495464,0.968847648438112,0.8271999999999999,0.8271999999999999,0.8647729193299862,0.8489472911700672,1969256094,0.60736575,0.85455575,0.86,0.85455575,0.85455575,1969256094,0,0.8891997562328353,0.9250088,1.3317752,1.0358503,0.737103,0.9585377,1.1294951,0.815,0.89,4.111,0.895,0,HQ,0.8568601052500266,0.8271999999999999,0.9667075596438293
5c0a,1,91.52709662988369,91.37058823529416,83.27651162790697,94.52141176470587,95.35975,92.78020408163265,93.57027777777778,0.844,0.86,0.428,0.9659368012486916,0.9697618226312968,0.7936000000000001,0.7936,0.8692438784907356,0.8520109885348147,1969256094,0.62558275,0.8569025,0.86,0.8569025,0.8569025,1969256094,1,0.8887854122278835,0.946614,1.4670693,0.64823055,0.7508467,0.8947564,1.2743961,0.822,0.938,3.548,0.895,0,HQ,0.8606274335127752,0.7936000000000001,0.9678493119399942
5eu6,2,91.7627833031947,82.62595744680851,82.46982758620689,76.7221111111111,92.601875,89.23925,87.79574712643677,0.736,0.69,0.421,0.8347841393868628,0.8081638506467099,0.5916981132075471,0.5916981132075471,0.4144927605150945,0.2600362664162291,1457475908,0.38523575,0.63285625,0.69,0.62369975,0.62369975,1457475908,2,0.8081985544420018,1.0430185,1.6343601,0.71775204,0.8092651,2.263894,0.5387746,0.81,0.993,1.886,0.783,0,MQ,0.3372645134656618,0.5916981132075471,0.8214739950167864
5eu6,3,91.6184614225437,83.10531914893618,82.40224137931034,77.7038888888889,91.979375,88.285,87.48885057471264,0.726,0.675,0.445,0.8321951062841197,0.809694077846943,0.6125454545454546,0.6125454545454545,0.399615192318696,0.2601727697282656,1457475908,0.35992475,0.615724,0.675,0.6034729999999999,0.6034729999999999,1457475908,3,0.7940970867758017,1.2015313,2.032882,1.0171165,0.80596864,2.9831736,0.7338298,0.761,1.287,2.694,0.797,0,MQ,0.3298939810234808,0.6125454545454545,0.8209445920655314
5eu6,4,91.7790370705244,82.71659574468086,82.57448275862069,76.97044444444444,92.4675,88.85575000000001,87.84264367816091,0.732,0.6799999999999999,0.431,0.8346420866141804,0.8129980444090065,0.6029411764705882,0.6029411764705882,0.3960879826984747,0.2696193776665666,1457475908,0.3838025,0.6224275,0.6799999999999999,0.6094295,0.6094295,1457475908,4,0.8004040481928743,1.3839382,2.4294748,0.8229687,0.8964563,3.7638288,0.6091085,0.741,1.291,2.183,0.71,0,MQ,0.33285368018252065,0.6029411764705882,0.8238200655115935
5eu6,1,91.89943942133816,83.74319148936169,83.5206896551724,77.76622222222223,93.4459375,90.763,89.95781609195402,0.76,0.725,0.5,0.8536309023482305,0.8124098451414441,0.5737704918032787,0.5737704918032787,0.476896169447064,0.2672783035337,1457475908,0.45322675,0.6728665,0.725,0.669597,0.669597,1457475908,1,0.826154610854518,1.1492999,1.9170693,0.97963446,0.7911653,2.5332615,0.7410482,0.759,1.449,2.254,0.826,0,MQ,0.372087236490382,0.5737704918032787,0.8330203737448373
5eu6,0,91.65338004822182,83.37191489361702,82.8156896551724,76.88233333333332,92.1296875,88.9475,88.22344827586208,0.738,0.6925,0.476,0.8313903999478488,0.8001149272477106,0.605,0.6050000000000001,0.4058537639720961,0.244000277455364,1457475908,0.3957635,0.62669525,0.6925,0.6210410000000001,0.6210410000000001,1457475908,0,0.8052910195627029,1.4042642,2.3900487,0.7289396,0.9788708,3.2985992,1.1389748,0.693,1.703,3.427,0.783,0,MQ,0.32492702071373003,0.605,0.8157526635977796
5c07,1,93.0473906575424,93.59372549019608,86.04186046511627,96.4574117647059,96.47775,94.92469387755102,95.32657407407407,0.8800000000000001,0.8975,0.467,0.9790060435293306,0.9800878143268126,0.8373333333333334,0.8373333333333332,0.9156677154335112,0.9099212665692982,1590460510,0.7373175000000001,0.9006185,0.8975,0.9006185,0.9006185,1590460510,1,0.9165177164473176,0.5710054,0.69915676,0.6147453,0.5173372,0.4971363,0.59351975,0.898,0.534,2.842,0.906,0,HQ,0.9127944910014048,0.8373333333333333,0.9795469289280716
5c07,0,92.74575572746204,93.49509803921566,85.33534883720931,96.41717647058825,96.4,94.87734693877552,95.1725,0.8720000000000001,0.89,0.467,0.9783240489333266,0.9791397120483664,0.814,0.8139999999999998,0.9148717045700432,0.9077537322616488,1590460510,0.72501975,0.89484275,0.89,0.89484275,0.89484275,1590460510,0,0.9125206628147076,0.5997352,0.770003,0.81374586,0.49830052,0.5333597,0.79245347,0.873,0.605,3.529,0.906,0,HQ,0.911312718415846,0.8139999999999998,0.9787318804908465
5c07,2,92.99259297828029,94.05627450980391,85.94883720930233,96.72317647058824,96.6695,95.25367346938776,95.39231481481482,0.8800000000000001,0.895,0.478,0.979438758782754,0.980559778033226,0.8310714285714286,0.8310714285714285,0.919103387572009,0.9154521157511376,1590460510,0.73603425,0.8995155,0.895,0.8995155,0.8995155,1590460510,2,0.917939765738316,0.6576893,0.822772,0.62293,0.599755,0.5254641,0.78222376,0.841,0.818,2.444,0.83,0,HQ,0.9172777516615733,0.8310714285714285,0.97999926840799
5c07,4,93.1368298125558,93.67980392156863,85.10348837209303,96.60658823529414,96.42075,94.90877551020408,95.1750925925926,0.8720000000000001,0.89,0.46,0.9779608423361962,0.9782019583869072,0.787741935483871,0.7877419354838707,0.9146931316948436,0.906487401929296,1590460510,0.7244215,0.8937605,0.89,0.8937605,0.8937605,1590460510,4,0.9126162645662212,0.6110079,0.7473999,0.7997248,0.5307583,0.49846965,0.75409395,0.866,0.764,2.564,0.887,0,HQ,0.9105902668120698,0.7877419354838708,0.9780814003615517
5c07,3,92.79672567688188,93.6386274509804,85.93604651162791,96.55623529411766,96.5595,94.93326530612244,95.29555555555554,0.8699999999999999,0.895,0.46,0.978041544412393,0.9787328180154876,0.787741935483871,0.7877419354838707,0.9152766727814446,0.90814996420089,1590460510,0.72219375,0.894449,0.895,0.894449,0.894449,1590460510,3,0.9132989304006492,0.5611261,0.6673901,0.8015809,0.48301503,0.5192859,0.6213818,0.915,0.572,2.336,0.943,0,HQ,0.9117133184911673,0.7877419354838708,0.9783871812139403
4jry,3,91.76578970917224,79.95102564102565,88.83760869565216,74.30426666666668,88.01742857142858,87.73166666666665,79.0295744680851,0.746,0.69,0.359,0.8213697586324696,0.7645489495331742,0.5857142857142857,0.5857142857142857,0.4028149506260661,0.1861794688946706,3238239632,0.37851275,0.5790522499999999,0.69,0.5717515,0.5717515,3238239632,3,0.817646240864383,4.6795616,11.590635,2.4759037,1.9954774,15.897028,8.660297,0.073,9.427,29.31,0.117,0,LQ,0.29449720976036836,0.5857142857142857,0.7929593540828219
4jry,4,91.85222371364654,80.30358974358975,88.6317391304348,75.37279999999998,88.90085714285715,87.70266666666666,80.10904255319149,0.75,0.6925,0.447,0.8282574795861388,0.7581325959591162,0.505,0.505,0.4049929603797678,0.1808393936252948,3238239632,0.39515625,0.58847475,0.6925,0.5837525,0.5837525,3238239632,4,0.8196299746930389,4.9010687,12.065465,2.58283,2.1667209,15.428408,9.220929,0.063,9.782,30.129,0.091,0,LQ,0.2929161770025313,0.505,0.7931950377726276
4jry,2,91.76978523489932,80.1448717948718,87.97826086956523,73.3044,88.43371428571429,87.78966666666666,79.47436170212767,0.748,0.6950000000000001,0.386,0.8043941986278836,0.7459516332340762,0.5333333333333333,0.5333333333333333,0.358536896623006,0.1542177283969446,3238239632,0.382319,0.5830025000000001,0.6950000000000001,0.57492875,0.57492875,3238239632,2,0.8169723348082232,4.782022,11.74866,2.5553765,2.1317453,13.059878,8.967434,0.072,9.611,30.036,0.117,0,LQ,0.2563773125099753,0.5333333333333333,0.7751729159309799
4jry,0,91.8171976137211,78.61615384615384,87.51978260869564,75.02413333333332,88.50257142857143,87.73233333333334,79.39127659574469,0.738,0.675,0.392,0.793829599247819,0.7342735993663844,0.5375,0.5375,0.3306233245360894,0.1461628628616665,3238239632,0.3602875,0.56206325,0.675,0.54912975,0.54912975,3238239632,0,0.8090850080973393,4.8835244,12.02304,2.6060588,2.1527808,14.8717785,9.2884655,0.062,9.756,30.526,0.091,0,LQ,0.23839309369887796,0.5375,0.7640515993071018
4jry,1,91.55127069351232,79.39179487179487,86.055,74.5456,87.59457142857143,85.88100000000001,77.88574468085108,0.71,0.6225,0.384,0.7420471873136996,0.6921961004516342,0.5312,0.5312,0.2395890295232517,0.1081115264715615,3238239632,0.28367725,0.51090725,0.6225,0.4826804999999999,0.4826804999999999,3238239632,1,0.7815866325537563,4.819079,11.821236,2.6822839,2.1482403,14.397434,8.967182,0.07,9.672,28.368,0.104,0,LQ,0.1738502779974066,0.5312,0.7171216438826669
2p5w,3,94.75841591706052,97.12340425531916,92.0603076923077,97.68030303030304,97.79702127659574,97.04921052631578,97.40511363636364,0.8939999999999999,0.91,0.596,0.985891928933002,0.9829632091079668,0.8195744680851066,0.8195744680851065,0.9442120884196628,0.927570403940167,3440735508,0.7705442499999999,0.91451125,0.91,0.91451125,0.91451125,3440735508,3,0.9329774357415528,0.58322805,0.7978476,0.6128625,0.46740034,0.43837982,0.7861177,0.948,0.315,1.243,0.907,0,HQ,0.9358912461799149,0.8195744680851065,0.9844275690204844
2p5w,4,94.62218783351122,97.0572340425532,91.7413846153846,97.65828282828284,97.67574468085104,96.33368421052631,97.3019318181818,0.8859999999999999,0.9025,0.594,0.9847796976680528,0.981578752686897,0.823125,0.8231250000000001,0.941108671365629,0.9235887332725746,3440735508,0.759007,0.907972,0.9025,0.907972,0.907972,3440735508,4,0.927730587934152,0.5680154,0.6842052,0.5549942,0.516281,0.4614895,0.47778618,0.967,0.307,1.196,0.96,0,HQ,0.9323487023191018,0.8231250000000001,0.9831792251774749
2p5w,2,94.67385881994204,96.76702127659576,91.45569230769232,97.62616161616164,97.78702127659574,97.00236842105264,97.38295454545457,0.8939999999999999,0.91,0.599,0.9860941642947268,0.9828278110725144,0.8269387755102041,0.8269387755102041,0.9450446780138834,0.9274865367100764,3440735508,0.76459975,0.913093,0.91,0.913093,0.913093,3440735508,2,0.9302657812197918,0.5218809,0.586115,0.78662145,0.45248422,0.42817402,0.44711834,0.966,0.227,1.397,0.947,0,HQ,0.93626560736198,0.8269387755102041,0.9844609876836206
2p5w,0,94.74480713523404,97.09148936170212,92.01276923076924,97.65353535353536,97.77468085106383,97.10342105263156,97.3215909090909,0.8960000000000001,0.915,0.592,0.9864080607936532,0.983586739281056,0.8282608695652176,0.8282608695652176,0.9447406786583776,0.9279190602540096,3440735508,0.77871175,0.91773825,0.915,0.91773825,0.91773825,3440735508,0,0.9350846469106094,0.5816056,0.72424304,0.70213765,0.4967303,0.41719487,0.8819539,0.968,0.223,0.818,0.933,0,HQ,0.9363298694561937,0.8282608695652176,0.9849974000373546
2p5w,1,94.71243634700411,97.30255319148938,92.03461538461538,97.78181818181818,97.78489361702128,97.02052631578948,97.37636363636362,0.892,0.91,0.593,0.986266713545786,0.9829895138675244,0.8233333333333333,0.8233333333333333,0.9454722752899548,0.9290285422090732,3440735508,0.77442725,0.9141265,0.91,0.9141265,0.9141265,3440735508,1,0.9316388981265696,0.5617385,0.7398261,0.55027574,0.47432452,0.43557483,0.90053725,0.959,0.259,1.457,0.933,0,HQ,0.9372504087495139,0.8233333333333333,0.9846281137066553
9c3e,3,86.00225533158047,92.50978723404256,85.98655172413794,91.69867346938774,95.4831914893617,93.41529411764704,93.69988505747126,0.782,0.8375,0.578,0.9487749471397796,0.912927478647293,0.7599999999999999,0.76,0.7782252840374686,0.6500030259432875,1962274283,0.613685,0.8529905,0.8375,0.8254174999999999,0.8254174999999999,1962274283,3,0.8539905787591917,1.4589177,1.7620145,1.0520579,1.355525,1.893646,1.41368,0.628,1.168,4.773,0.5,0,MQ,0.714114154990378,0.76,0.9308512128935362
9c3e,4,85.93745398773007,92.38829787234044,85.8303448275862,91.49459183673468,95.3295744680851,93.11647058823527,93.53229885057472,0.78,0.835,0.577,0.9486933706518368,0.9163603204301076,0.7696153846153846,0.7696153846153846,0.7764892908225342,0.6575674203375593,1962274283,0.6088735,0.8490632499999999,0.835,0.82200975,0.82200975,1962274283,4,0.8499931897881087,1.4727821,1.7497228,1.0562705,1.3852878,1.8051938,1.4278817,0.597,1.196,5.365,0.466,0,MQ,0.7170283555800467,0.7696153846153846,0.9325268455409722
9c3e,2,85.97423312883436,92.52957446808507,86.0544827586207,91.59489795918368,95.36851063829786,93.16088235294116,93.5657471264368,0.776,0.835,0.565,0.9494405173429384,0.9195432245391558,0.7675925925925925,0.7675925925925926,0.7793986540772814,0.6703173317971665,1962274283,0.607915,0.85141625,0.835,0.82414225,0.82414225,1962274283,2,0.8504081742896874,1.5189558,1.8316394,1.0970814,1.41277,2.0077252,1.3661282,0.518,1.301,7.911,0.448,0,MQ,0.7248579929372239,0.7675925925925926,0.9344918709410471
9c3e,0,85.95114227286007,92.43574468085106,85.87913793103449,91.5326530612245,95.34808510638295,93.61029411764706,93.49701149425287,0.776,0.8300000000000001,0.569,0.9491705123553448,0.9170495211109309,0.7784615384615384,0.7784615384615384,0.7796956512883879,0.6619007175457764,1962274283,0.60398025,0.8484780000000001,0.8300000000000001,0.82089775,0.82089775,1962274283,0,0.8449693554124398,1.4887058,1.7885286,1.08222,1.387662,1.9294424,1.408744,0.566,1.218,6.74,0.483,0,MQ,0.7207981844170821,0.7784615384615384,0.9331100167331379
9c3e,1,85.52626059012563,92.24,85.77155172413794,91.34316326530612,95.2768085106383,93.2441176470588,93.37264367816093,0.778,0.835,0.549,0.9480229488984144,0.9180870343227496,0.7829411764705881,0.7829411764705881,0.772485306469226,0.6614657004891723,1962274283,0.6088867499999999,0.85138225,0.835,0.82392325,0.82392325,1962274283,1,0.8494776001740195,1.4778441,1.7272174,1.0245733,1.4090922,1.8442012,1.3740509,0.572,1.212,5.848,0.431,0,MQ,0.7169755034791991,0.7829411764705881,0.933054991610582
5isz,0,89.66883878751318,74.60312499999999,79.25153846153847,78.87971428571429,81.06179487179487,75.33739130434783,71.83099999999999,0.572,0.4024999999999999,0.272,0.3355324227909657,0.4142900809474059,0.2418749999999999,0.2418749999999999,0.0224581158243718,0.0258769233057493,3564925416,0.01128525,0.340232,0.4024999999999999,0.20989525,0.20989525,3564925416,0,0.6414147361612287,1.0073036,1.8535519,0.7280188,0.55363566,2.0256643,1.9560903,0.655,1.442,7.046,0.852,0,MQ,0.024167519565060552,0.2418749999999999,0.3749112518691858
5isz,1,89.17543356959736,74.495,78.72634615384615,79.28757142857143,80.14871794871793,73.75891304347827,70.76377777777778,0.54,0.35,0.249,0.3299140993119016,0.3906793514802637,0.2347619047619047,0.2347619047619047,0.0221219700194198,0.0228447670657885,3564925416,0.0077302499999999,0.219908,0.35,0.18282625,0.18282625,3564925416,1,0.6109961676098946,1.4046654,2.5188577,1.0074093,0.83805174,2.7364483,2.5737617,0.519,1.731,8.976,0.656,0,MQ,0.022483368542604153,0.2347619047619047,0.36029672539608265
5isz,4,89.16722063037248,73.70145833333333,78.4675,79.24442857142856,79.80435897435898,73.03478260869566,70.005,0.516,0.3075,0.24,0.3014832361804555,0.3538216442527713,0.2139215686274509,0.2139215686274509,0.0190312900130748,0.0183842828693359,3564925416,0.0,0.0,0.3075,0.16733,0.16733,3564925416,4,0.5795811763045445,1.8731962,3.605659,1.2846453,0.85350764,3.3375742,5.094862,0.433,2.236,9.143,0.525,0,AQ,0.01870778644120535,0.2139215686274509,0.32765244021661344
5isz,3,89.16596591765948,73.48,78.1578846153846,77.32671428571429,79.81512820512819,73.17195652173913,69.20066666666666,0.518,0.3025,0.247,0.2722141016531868,0.3347783878093762,0.2078431372549019,0.2078431372549019,0.017070631416924,0.0163520028666617,3564925416,0.002629,0.0587855,0.3025,0.16380825,0.16380825,3564925416,3,0.5740460444598693,1.5849961,3.1549752,1.0222527,0.5773698,2.704522,5.1616917,0.5,1.914,8.008,0.59,0,AQ,0.01671131714179285,0.2078431372549019,0.3034962447312815
5isz,2,89.01006183079475,73.90145833333334,78.75576923076923,78.44971428571428,79.82205128205129,73.58065217391304,70.96022222222223,0.526,0.3275,0.244,0.2987761459812947,0.3614913066039804,0.2474418604651162,0.2474418604651162,0.0186621511758921,0.0204509075121579,3564925416,0.002525,0.09532775,0.3275,0.170134,0.170134,3564925416,2,0.5966855172793619,1.2935725,2.2853327,1.0940679,0.78277254,2.7650743,2.5412817,0.604,1.538,7.139,0.738,0,MQ,0.019556529344025,0.2474418604651162,0.33013372629263754
5c09,2,92.11933303424554,91.8211764705882,82.91720930232557,95.26247058823527,96.50925,94.7295918367347,94.79722222222225,0.86,0.8825000000000001,0.463,0.9704344014829772,0.9751882162066255,0.8659259259259258,0.8659259259259259,0.8775793407636517,0.8857569831421821,4183785672,0.687057,0.88277325,0.8825000000000001,0.88277325,0.88277325,4183785672,2,0.9047768352175518,0.8213515,1.084561,0.8700538,0.71076316,0.93276054,1.1989318,0.85,0.723,2.739,0.833,0,HQ,0.881668161952917,0.8659259259259258,0.9728113088448014
5c09,3,92.16378794676235,92.15039215686276,83.50930232558139,95.52741176470587,96.57775,94.76591836734696,95.07129629629628,0.858,0.8825000000000001,0.476,0.971443283251674,0.9760267044724809,0.8806451612903222,0.8806451612903224,0.8819450325362002,0.8902632532875264,4183785672,0.68759175,0.8819215,0.8825000000000001,0.8819215,0.8819215,4183785672,3,0.9038571580749484,0.85075366,1.0816352,0.8504544,0.7625755,0.67344296,1.2665291,0.839,0.742,2.801,0.812,0,HQ,0.8861041429118632,0.8806451612903223,0.9737349938620774
5c09,4,92.28035890533872,92.11882352941176,83.27906976744185,95.40541176470587,96.55175,94.76489795918368,95.08824074074074,0.866,0.8825000000000001,0.468,0.9724281171124404,0.9760362697537144,0.8690322580645158,0.869032258064516,0.885407284482039,0.8903777119918926,4183785672,0.69140275,0.8837965,0.8825000000000001,0.8837965,0.8837965,4183785672,4,0.9060294595493964,0.8615775,1.238076,0.8781671,0.6977473,0.96096545,1.3265387,0.837,0.822,3.006,0.854,0,HQ,0.8878924982369658,0.8690322580645159,0.9742321934330773
5c09,1,92.47644235082996,92.80039215686274,84.48372093023255,95.9449411764706,96.85925,95.0908163265306,95.3875,0.874,0.895,0.478,0.9752120153182204,0.9792226253151954,0.8737931034482757,0.8737931034482758,0.8958852006679396,0.9035588889012224,4183785672,0.71642,0.8967112500000001,0.895,0.8967112500000001,0.8967112500000001,4183785672,1,0.9136839415460358,0.84200406,1.0997355,0.8754876,0.7367242,0.70842606,1.244046,0.829,0.776,2.706,0.792,0,HQ,0.8997220447845811,0.8737931034482758,0.9772173203167079
5c09,0,92.13573500822493,91.71862745098038,82.29674418604651,95.2935294117647,96.38425,94.57306122448982,94.7262037037037,0.8539999999999999,0.8725,0.47,0.9681063386300512,0.9737158946743706,0.8717241379310343,0.8717241379310345,0.8727489472062898,0.880412665906987,4183785672,0.67353325,0.872997,0.8725,0.872997,0.872997,4183785672,0,0.8975562520707245,0.81902325,1.0600584,0.7959258,0.7284103,0.60301983,1.1284691,0.864,0.694,2.922,0.875,0,HQ,0.8765808065566384,0.8717241379310344,0.9709111166522109
4mnq,4,91.9931273492708,87.73216216216217,90.4459375,91.57744680851064,93.541914893617,88.84942307692306,89.7104054054054,0.834,0.8375,0.55,0.9638924205079696,0.9565435340096584,0.7878571428571429,0.7878571428571428,0.7950225138929856,0.7190564926176675,2878787973,0.64857775,0.837064,0.8375,0.837064,0.837064,2878787973,4,0.8913682069673027,1.3877618,2.0360286,0.94958633,1.0858845,1.6830662,1.455581,0.514,1.923,8.339,0.655,0,MQ,0.7570395032553265,0.7878571428571428,0.960217977258814
4mnq,3,92.06477973237106,88.20972972972973,90.86125,91.7618085106383,93.49063829787232,89.55846153846151,89.63067567567568,0.836,0.8425,0.544,0.9664788213881774,0.9599742056479532,0.7841463414634146,0.7841463414634146,0.8027301463346633,0.7312684949782221,2878787973,0.65847575,0.8434655,0.8425,0.8434655,0.8434655,2878787973,3,0.8925913166668195,1.4385506,2.1407666,0.7750428,1.1225852,1.836723,1.514794,0.497,2.113,8.473,0.655,0,MQ,0.7669993206564427,0.7841463414634146,0.9632265135180653
4mnq,2,91.94822583070216,87.67864864864863,91.0090625,91.13627659574468,93.59936170212768,88.50403846153846,89.76878378378377,0.834,0.835,0.526,0.964893291104416,0.9570099382598352,0.81375,0.81375,0.7962698574298968,0.7159895079655969,2878787973,0.64070025,0.8336825,0.835,0.8336825,0.8336825,2878787973,2,0.8879040657996764,1.3734976,2.063594,0.71981114,1.0586563,1.8343873,1.4569886,0.498,2.019,9.183,0.678,0,MQ,0.7561296826977468,0.81375,0.9609516146821255
4mnq,0,92.154799278304,87.9245945945946,90.558125,92.1059574468085,93.39489361702128,90.03461538461535,89.19054054054054,0.834,0.84,0.544,0.964676076259654,0.957020931918483,0.8160869565217391,0.8160869565217392,0.7972787626240427,0.7330429764654123,2878787973,0.647567,0.83846,0.84,0.83846,0.83846,2878787973,0,0.8916813264499036,1.452113,2.1773999,0.97053593,1.1033218,1.7988445,1.5631146,0.471,2.062,9.941,0.644,0,AQ,0.7651608695447275,0.8160869565217392,0.9608485040890685
4mnq,1,92.10779732371071,88.27405405405408,91.0390625,92.20617021276595,93.74957446808511,90.14615384615384,90.11783783783784,0.844,0.8525,0.55,0.9694307775512314,0.9645824119835144,0.8150000000000001,0.8149999999999998,0.8222443453078875,0.7594063084581942,2878787973,0.6740295000000001,0.85195125,0.8525,0.85195125,0.85195125,2878787973,1,0.9012597592590632,1.3956038,2.1054225,0.7176707,1.0701935,1.7349969,1.489856,0.498,2.002,8.668,0.644,0,MQ,0.7908253268830409,0.815,0.9670065947673729
5e6i,3,90.36548804934463,79.8865,86.63636363636363,70.4125,87.43340425531915,81.618,82.91583333333334,0.712,0.655,0.384,0.7290717788726826,0.6717832022079392,0.5233333333333333,0.5233333333333332,0.2250648850715778,0.0871000356790207,1682146462,0.2476195,0.55245625,0.655,0.51906225,0.51906225,1682146462,3,0.7725016007862633,3.1710925,5.914984,2.0177357,1.9904764,5.532082,4.2588625,0.309,3.976,10.52,0.407,0,AQ,0.15608246037529924,0.5233333333333332,0.700427490540311
5e6i,4,90.46764070932925,80.44075000000001,86.73727272727275,69.6315,87.83063829787234,83.48666666666668,82.32416666666666,0.722,0.6775,0.373,0.7669672495766969,0.6926991621104438,0.5345098039215687,0.5345098039215687,0.2707028954806926,0.1006329050437369,1682146462,0.2938945,0.58160675,0.6775,0.56349625,0.56349625,1682146462,4,0.7835082165068706,3.1316035,5.749352,2.4012222,1.9902736,4.7808924,4.4342566,0.327,3.866,9.559,0.407,1,AQ,0.18566790026221475,0.5345098039215687,0.7298332058435704
5e6i,2,90.71641634541248,81.05375,87.52254545454547,71.324,88.39468085106384,83.46955555555554,82.95380952380953,0.73,0.6875,0.37,0.7682224839018078,0.6939125691388135,0.5253846153846153,0.5253846153846153,0.289716902854817,0.1034832971522707,1682146462,0.30670725,0.59566275,0.6875,0.57824575,0.57824575,1682146462,2,0.7873670126919157,3.1006958,5.7616715,2.0156739,1.9592141,4.8640227,4.356307,0.328,3.884,9.473,0.407,1,AQ,0.19660010000354383,0.5253846153846153,0.7310675265203106
5e6i,0,90.34258750963764,79.61125,86.28200000000001,69.421875,87.14574468085108,81.71066666666665,82.21773809523809,0.6980000000000001,0.635,0.361,0.6942945900930457,0.6276040889306853,0.4905454545454545,0.4905454545454544,0.1834333738213341,0.0647159517618806,1682146462,0.21410225,0.528579,0.635,0.49199925,0.49199925,1682146462,0,0.761546777867234,3.0287313,5.6227207,1.9627893,1.9185494,4.9423695,4.180443,0.312,3.855,10.906,0.426,0,AQ,0.12407466279160734,0.49054545454545445,0.6609493395118655
5e6i,1,90.30420817270624,79.06800000000001,85.1010909090909,70.420375,87.6876595744681,82.96311111111112,83.0047619047619,0.7100000000000001,0.6525,0.389,0.7375931595357647,0.6859898741061532,0.489322033898305,0.4893220338983051,0.2305936038371424,0.0992671035664324,1682146462,0.2498925,0.55343,0.6525,0.52373375,0.52373375,1682146462,1,0.7705286419713818,3.1442235,5.8558784,1.9592283,1.9851861,5.079252,4.1829586,0.325,3.995,10.243,0.444,0,AQ,0.16493035370178738,0.48932203389830503,0.711791516820959
6dkp,1,91.5573623853211,91.06166666666664,94.60153846153848,92.66279411764704,89.74333333333334,94.79108108108107,91.13904761904762,0.8560000000000001,0.8674999999999999,0.615,0.9735326964239944,0.953260226216384,0.8260344827586208,0.8260344827586207,0.8864316999655799,0.7794172065862655,2636546084,0.698216,0.87151825,0.8674999999999999,0.87151825,0.87151825,2636546084,1,0.9055506546335104,0.92772096,1.6483045,0.57793057,0.48616248,1.1117135,1.1324061,0.858,0.824,1.787,0.849,0,HQ,0.8329244532759227,0.8260344827586208,0.9633964613201892
6dkp,0,91.38996636085626,90.94479166666667,93.96564102564103,92.52176470588236,89.37880952380951,94.3318918918919,90.83083333333336,0.8560000000000001,0.865,0.613,0.972799255284719,0.9524168123915224,0.8250847457627117,0.8250847457627118,0.8823056508695228,0.7694229091901277,2636546084,0.68923725,0.86632975,0.865,0.86632975,0.86632975,2636546084,0,0.9000695567803019,0.8217844,1.4284658,0.648195,0.45065674,1.112837,1.0066888,0.853,0.723,3.079,0.863,0,HQ,0.8258642800298253,0.8250847457627117,0.9626080338381207
6dkp,2,91.23856574923548,90.77145833333334,94.25051282051282,92.4554411764706,89.10071428571429,94.15486486486486,90.34595238095235,0.8480000000000001,0.8625,0.598,0.9716313410136336,0.9480636323092834,0.8260344827586208,0.8260344827586207,0.8786306784364379,0.7568521688413222,2636546084,0.67899125,0.8604035,0.8625,0.8604035,0.8604035,2636546084,2,0.8976369766826056,0.89671326,1.3305734,0.52025855,0.7104593,1.0620931,0.8860338,0.918,0.606,1.299,0.918,0,HQ,0.81774142363888,0.8260344827586208,0.9598474866614585
6dkp,4,91.56642201834865,90.54708333333332,94.4848717948718,91.7014705882353,89.7147619047619,94.6,91.07809523809524,0.8560000000000001,0.8674999999999999,0.604,0.9731170567918772,0.9496579660935404,0.8385714285714286,0.8385714285714286,0.8813581307025186,0.7563844196972417,2636546084,0.69891125,0.87234425,0.8674999999999999,0.87234425,0.87234425,2636546084,4,0.9066270486517858,0.89902264,1.5839603,0.5806882,0.48488104,1.1843097,1.1179068,0.817,0.846,3.461,0.836,0,HQ,0.8188712751998801,0.8385714285714286,0.9613875114427088
6dkp,3,91.5485489296636,91.231875,94.64589743589742,92.59867647058822,89.95714285714286,94.7654054054054,91.51988095238096,0.8560000000000001,0.8674999999999999,0.615,0.9744893774082266,0.9536810585955098,0.8392592592592593,0.8392592592592593,0.8905529178742633,0.7809377986850522,2636546084,0.70163,0.87236175,0.8674999999999999,0.87236175,0.87236175,2636546084,3,0.9051605113654286,0.82881707,1.3964933,0.5722959,0.51201963,1.0455582,1.008955,0.862,0.746,2.459,0.863,0,HQ,0.8357453582796577,0.8392592592592593,0.9640852180018682
7pdw,1,92.41669491525424,91.56681818181818,94.28130434782608,92.844875,91.86957446808508,89.09621621621622,91.07014084507044,0.8460000000000001,0.865,0.527,0.978451744090005,0.9707723214021148,0.8016216216216216,0.8016216216216216,0.9090296672202838,0.8555806846533388,2688072545,0.711225,0.864788,0.865,0.864788,0.864788,2688072545,1,0.9010103721416708,0.7768261,1.1694716,0.9994765,0.5283644,1.5837362,0.60223526,0.748,0.543,3.111,0.477,0,MQ,0.8823051759368112,0.8016216216216216,0.9746120327460599
7pdw,0,92.35118795399517,91.09909090909088,94.58652173913046,91.105375,90.45170212765956,88.23216216216217,90.9450704225352,0.8560000000000001,0.8725,0.519,0.977916481881187,0.972520002019044,0.7646153846153846,0.7646153846153847,0.894304796097326,0.8430276784727979,2688072545,0.72602825,0.87705625,0.8725,0.87705625,0.87705625,2688072545,0,0.9097708537782114,0.85360277,1.4683784,0.8230023,0.44578907,2.1126938,0.6463342,0.751,0.725,1.618,0.477,0,MQ,0.868666237285062,0.7646153846153847,0.9752182419501154
7pdw,2,92.51128329297822,91.87159090909093,94.9541304347826,93.00025,91.30382978723404,89.89891891891892,91.0243661971831,0.8620000000000001,0.875,0.555,0.9797779246484848,0.9728779375769824,0.768974358974359,0.768974358974359,0.9086584900378578,0.8607040374647956,2688072545,0.73471725,0.8789465000000001,0.875,0.8789465000000001,0.8789465000000001,2688072545,2,0.9129735932774624,0.86959887,1.4580922,0.56563276,0.5337171,1.6935354,1.2326577,0.726,0.742,2.071,0.431,0,MQ,0.8846812637513267,0.768974358974359,0.9763279311127335
7pdw,3,92.58748638014528,91.9375,94.86043478260868,93.304,92.37042553191488,89.35756756756757,91.60140845070426,0.8539999999999999,0.87,0.542,0.9806724682649486,0.9732504543718812,0.7986111111111112,0.7986111111111112,0.91750911057752,0.8708404798196511,2688072545,0.72331075,0.8725495,0.87,0.8725495,0.8725495,2688072545,3,0.9069276333744102,0.72798705,1.0499969,0.5475085,0.580997,0.97265935,0.44307455,0.738,0.611,2.936,0.462,0,MQ,0.8941747951985856,0.7986111111111112,0.9769614613184149
7pdw,4,92.32165102905569,91.2081818181818,94.26565217391304,91.836,91.038085106383,87.53675675675677,90.99549295774648,0.8400000000000001,0.855,0.519,0.9770547865569436,0.9692409526694764,0.7891666666666668,0.7891666666666667,0.8952948060567912,0.8413548560426644,2688072545,0.6904055,0.8536115,0.855,0.8536115,0.8536115,2688072545,4,0.89624118504624,0.905697,1.4422166,0.5884944,0.6275504,1.8206584,0.5002208,0.741,0.748,2.03,0.477,0,MQ,0.8683248310497278,0.7891666666666668,0.97314786961321
6mtm,4,91.71059074299636,87.777,73.55568627450981,80.67033707865168,96.0679487179487,93.29304347826088,93.003375,0.8380000000000001,0.845,0.476,0.9565596870876658,0.9150334418001208,0.7530555555555556,0.7530555555555556,0.8159077438336252,0.6203887780939733,2322432063,0.659492,0.8394787499999999,0.845,0.8394787499999999,0.8394787499999999,2322432063,4,0.899705964560832,1.4222527,2.378739,1.591686,0.99642634,4.1645684,1.4252448,0.751,1.066,3.093,0.707,0,MQ,0.7181482609637992,0.7530555555555556,0.9357965644438933
6mtm,3,91.60912606577344,88.36075,72.69882352941177,81.90865168539327,96.33974358974358,93.73934782608694,93.747125,0.844,0.845,0.495,0.961875010161382,0.9218507858503092,0.78,0.78,0.8372809092773114,0.6442254464772964,2322432063,0.6715955,0.84544325,0.845,0.84544325,0.84544325,2322432063,3,0.9018784536570597,1.257224,1.6413001,1.9786432,1.0128622,2.4906425,1.5281335,0.74,1.107,2.832,0.672,0,MQ,0.7407531778773039,0.78,0.9418628980058457
6mtm,2,91.72083434835564,87.32624999999999,77.70333333333332,78.73370786516854,95.95820512820514,92.90739130434784,92.587,0.834,0.8400000000000001,0.506,0.9444718253073788,0.9005251492156194,0.75275,0.75275,0.7658419028709693,0.5386554200515735,2322432063,0.65392875,0.83587575,0.8400000000000001,0.83587575,0.83587575,2322432063,2,0.8987720099328712,1.3976166,2.4215765,1.1846328,0.982985,4.232305,1.4389389,0.746,1.131,2.916,0.707,0,MQ,0.6522486614612715,0.75275,0.9224984872614992
6mtm,0,91.58183617539586,86.5065,73.78313725490197,77.84202247191011,95.86897435897436,93.06673913043478,92.679875,0.836,0.8375,0.462,0.9511685393937224,0.9114950393525054,0.7566666666666667,0.7566666666666667,0.7919652371360266,0.5918478507113507,2322432063,0.6549875000000001,0.836606,0.8375,0.836606,0.836606,2322432063,0,0.8985500125859742,1.3883462,2.3243487,1.303203,1.0108707,4.0596533,1.436494,0.76,1.13,1.885,0.69,0,MQ,0.6919065439236887,0.7566666666666667,0.9313317893731139
6mtm,1,91.6198934226553,88.039,73.85039215686275,81.19213483146068,96.2,93.46521739130432,93.415375,0.844,0.8525,0.486,0.9657424180767396,0.934915958740163,0.8002941176470587,0.8002941176470588,0.8431325832281862,0.686774334836733,2322432063,0.67195275,0.84793575,0.8525,0.84793575,0.84793575,2322432063,1,0.9032357030246284,1.2626635,1.7130433,1.869907,1.0130647,2.5881803,1.5745068,0.743,1.166,1.935,0.655,0,MQ,0.7649534590324596,0.8002941176470588,0.9503291884084513
3d3v,3,93.95546537939356,93.08022727272729,94.41608695652172,93.68250000000002,94.32553191489362,95.80882352941175,92.72425287356322,0.852,0.8574999999999999,0.554,0.9644582815485448,0.9355295547191272,0.8138297872340425,0.8138297872340425,0.8573671851595371,0.7311381641585756,985309697,0.6599625,0.855429,0.8574999999999999,0.855429,0.855429,985309697,3,0.9147916634049168,0.6956822,0.96886003,1.0058742,0.5526023,0.51880044,0.854295,0.92,0.657,1.261,0.943,0,HQ,0.7942526746590564,0.8138297872340425,0.949993918133836
3d3v,4,93.95884597978578,93.0693181818182,94.5708695652174,93.69107142857142,94.31510638297873,95.63058823529413,92.71459770114944,0.8460000000000001,0.8525,0.553,0.9625105953678174,0.9357646952025884,0.8422222222222222,0.8422222222222223,0.8489596265728576,0.7291224652963268,985309697,0.64797325,0.85211175,0.8525,0.85211175,0.85211175,985309697,4,0.9108994192242206,0.7184206,0.98033404,1.0260419,0.5826288,0.5459973,0.51897615,0.894,0.689,1.532,0.887,0,HQ,0.7890410459345922,0.8422222222222222,0.949137645285203
3d3v,2,93.81655905868156,92.85022727272728,94.39065217391304,93.71535714285712,94.4908510638298,95.92558823529411,92.89137931034482,0.8539999999999999,0.8625,0.551,0.9666831061482196,0.9393583698426642,0.8031914893617019,0.8031914893617021,0.8658708793857705,0.7477223282825356,985309697,0.66932475,0.8630107499999999,0.8625,0.8630107499999999,0.8630107499999999,985309697,2,0.9187955116021796,0.71503156,1.0280923,0.9345466,0.56801015,0.49981797,0.88141286,0.909,0.657,1.664,0.925,0,HQ,0.806796603834153,0.803191489361702,0.9530207379954418
3d3v,0,93.99753054759393,93.1443181818182,94.66347826086955,94.05416666666667,94.60404255319148,95.99588235294117,93.0012643678161,0.8560000000000001,0.8674999999999999,0.553,0.966446004753817,0.9383457646544994,0.8031914893617019,0.8031914893617021,0.8663541926353031,0.7460183017688651,985309697,0.671547,0.863625,0.8674999999999999,0.863625,0.863625,985309697,0,0.919645086047,0.7101619,0.98692286,0.93275505,0.5803895,0.45910072,0.844768,0.92,0.645,1.443,0.943,0,HQ,0.8061862472020841,0.803191489361702,0.9523958847041583
3d3v,1,94.04368079650024,93.42113636363636,94.60021739130435,94.00380952380954,94.38404255319148,95.9485294117647,92.85689655172412,0.8539999999999999,0.865,0.568,0.9646283509713526,0.9393501994338812,0.8195652173913044,0.8195652173913046,0.8568569103586674,0.7442074214688646,985309697,0.6628755,0.86307175,0.865,0.86307175,0.86307175,985309697,1,0.9196102390783772,0.71876633,0.9436234,1.2947652,0.5486547,0.48590228,0.8167827,0.922,0.64,1.273,0.943,0,HQ,0.8005321659137661,0.8195652173913045,0.9519892752026169
9gv7,0,92.8879271279853,79.8884090909091,88.91999999999999,72.93187499999999,92.531,75.94086206896552,86.03345238095237,0.78,0.7475,0.236,0.8014517035239743,0.6860547937207331,0.5657142857142856,0.5657142857142857,0.3473878647405327,0.0785810577782782,3803637904,0.511428,0.7051855,0.7475,0.7051855,0.7051855,3803637904,0,0.8704464090482167,2.595391,4.7466574,1.7691151,1.6670471,2.9258962,4.071962,0.36,2.925,8.376,0.365,0,AQ,0.21298446125940546,0.5657142857142856,0.7437532486223537
9gv7,1,92.82218462951624,80.1140909090909,88.6646,72.8715625,92.7015,76.5855172413793,85.8379761904762,0.786,0.7575000000000001,0.313,0.783857758645161,0.6620466762612546,0.4633333333333332,0.4633333333333334,0.3272226946485195,0.0695708015812049,3803637904,0.51825225,0.710055,0.7575000000000001,0.710055,0.710055,3803637904,1,0.8736520593397012,2.4978726,4.7591925,1.3078152,1.4880594,5.9072433,4.6351514,0.373,2.772,7.636,0.338,0,AQ,0.1983967481148622,0.46333333333333326,0.7229522174532078
9gv7,3,92.59079454990814,77.87999999999998,86.9694,70.84552083333334,91.26625,75.30758620689656,84.7797619047619,0.752,0.7075,0.227,0.7484445823600162,0.5984747964243525,0.4781818181818182,0.4781818181818181,0.282029029288873,0.0441389312621265,3803637904,0.4454075,0.65250625,0.7075,0.65250625,0.65250625,3803637904,3,0.8452550859849304,2.2970612,4.45268,1.1654122,1.3027271,6.254937,4.7006154,0.433,2.416,6.325,0.378,1,AQ,0.16308398027549975,0.47818181818181815,0.6734596893921844
9gv7,4,92.80770208205756,79.17386363636363,88.65180000000002,73.5265625,93.04625,78.9903448275862,85.09202380952381,0.782,0.75,0.35,0.8094680979242345,0.6809380824691248,0.461304347826087,0.461304347826087,0.375896623384708,0.0801255863490242,3803637904,0.5192905,0.7130277500000001,0.75,0.7130277500000001,0.7130277500000001,3803637904,4,0.8665563575396749,2.6128247,4.9523225,1.8299325,1.5266889,5.8721733,4.6407423,0.357,3.055,8.51,0.378,0,AQ,0.2280111048668661,0.461304347826087,0.7452030901966796
9gv7,2,92.78924219228414,79.82727272727271,88.713,71.52822916666666,93.0705,79.86172413793105,86.56202380952382,0.786,0.7575000000000001,0.34,0.7821663649458404,0.6472905685127868,0.4806976744186046,0.4806976744186046,0.3294188844783852,0.0649612804110625,3803637904,0.5272605,0.7182992500000001,0.7575000000000001,0.7182992500000001,0.7182992500000001,3803637904,2,0.873985979014477,2.354966,4.5345874,1.2391977,1.3593856,5.9102917,4.639428,0.387,2.705,8.367,0.419,0,AQ,0.19719008244472386,0.4806976744186046,0.7147284667293136
3h9s,3,94.0351888069806,94.15113636363635,94.52217391304347,95.59059523809525,94.94680851063828,96.06088235294116,92.7235632183908,0.876,0.89,0.594,0.977047537715498,0.9566155116459032,0.8277083333333334,0.8277083333333334,0.9093894494972856,0.8152051298811402,3217784373,0.753978,0.89372625,0.89,0.89372625,0.89372625,3217784373,3,0.9304936601210432,1.158475,0.89310175,2.2838967,1.0236716,0.53162783,1.155917,0.848,0.874,2.164,0.857,0,HQ,0.8622972896892129,0.8277083333333334,0.9668315246807007
3h9s,4,93.86862494358355,93.92431818181818,94.02717391304348,95.25892857142856,94.51914893617024,95.95676470588236,92.71310344827586,0.8720000000000001,0.885,0.579,0.9760644607977764,0.9576236065728052,0.8160000000000001,0.816,0.9022899491987656,0.8033729517775242,3217784373,0.75136425,0.8903765,0.885,0.8903765,0.8903765,3217784373,4,0.93037122030938,1.1420962,0.84131616,2.330278,0.99799854,0.24723206,1.0241367,0.829,0.835,3.359,0.857,0,HQ,0.8528314504881449,0.8160000000000001,0.9668440336852908
3h9s,2,93.79968557243868,93.93931818181818,93.7495652173913,95.3579761904762,94.64617021276598,95.92970588235296,92.22402298850574,0.8720000000000001,0.885,0.579,0.9743789998541158,0.9447242996157952,0.7984,0.7983999999999999,0.8983640536563162,0.7634093774333125,3217784373,0.7466872499999999,0.88919675,0.885,0.88919675,0.88919675,3217784373,2,0.928184114589194,1.1577053,0.93897897,2.3418214,0.9947686,0.50717837,1.0760542,0.838,0.927,2.608,0.875,0,HQ,0.8308867155448143,0.7984,0.9595516497349554
3h9s,0,93.86707085903416,93.56590909090907,94.07108695652175,94.76904761904764,94.32170212765958,95.65264705882352,92.07574712643678,0.866,0.875,0.574,0.9696056597882452,0.9426678322341452,0.8073999999999999,0.8073999999999999,0.8774007438957208,0.7391183660849497,3217784373,0.73096825,0.88143125,0.875,0.88143125,0.88143125,3217784373,0,0.9248982141919316,1.1033715,0.77866375,2.2617018,0.9695009,0.24843162,0.51565164,0.828,0.83,3.41,0.857,0,HQ,0.8082595549903353,0.8073999999999999,0.9561367460111951
3h9s,1,94.17328117947947,94.15977272727272,94.59065217391309,95.50107142857144,95.16085106382978,96.08117647058825,93.21781609195403,0.8859999999999999,0.9,0.586,0.9800644561621318,0.9695111543095756,0.8442553191489361,0.8442553191489361,0.918098113093,0.8543375493932354,3217784373,0.77393375,0.904958,0.9,0.904958,0.904958,3217784373,1,0.9381019742159477,1.1584402,0.88306886,2.3318536,1.0134636,0.5235419,0.90288574,0.84,0.881,2.526,0.857,0,HQ,0.8862178312431177,0.8442553191489361,0.9747878052358536
5euo,4,92.88982367371972,92.3475,93.72488888888893,86.33759036144578,96.41564102564104,95.1945652173913,95.42933333333332,0.85,0.8525,0.56,0.9452117346296098,0.8980843329810643,0.8211764705882354,0.8211764705882354,0.8104155260469791,0.5871543803978396,3085668796,0.6551130000000001,0.849633,0.8525,0.849633,0.849633,3085668796,4,0.9065502804781432,0.78781104,1.3911102,0.5555717,0.49636972,2.448861,0.800903,0.879,0.68,1.43,0.836,0,MQ,0.6987849532224093,0.8211764705882354,0.921648033805337
5euo,3,92.92714964734743,91.79916666666668,93.17244444444444,84.82301204819278,96.50461538461538,95.1208695652174,95.27,0.8400000000000001,0.845,0.547,0.93507834270946,0.8730454593570897,0.8215686274509804,0.8215686274509804,0.7853352441085039,0.5005737256013388,3085668796,0.640268,0.83991625,0.845,0.83991625,0.83991625,3085668796,3,0.8998919017441352,0.72884893,1.3311371,0.82008916,0.36380023,2.3147388,0.8216756,0.884,0.69,1.79,0.869,0,MQ,0.6429544848549213,0.8215686274509804,0.9040619010332749
5euo,2,92.91394204231833,92.3902777777778,93.92866666666669,86.35096385542168,96.4753846153846,94.86304347826086,95.4468888888889,0.844,0.8475,0.561,0.9504925151428086,0.9071844394244356,0.8019607843137254,0.8019607843137254,0.8256357092700186,0.617122701643028,3085668796,0.651797,0.8447169999999999,0.8475,0.8447169999999999,0.8447169999999999,3085668796,2,0.9024320281049126,0.90843886,1.6076767,0.9927839,0.5136559,2.840091,0.82517064,0.822,0.792,3.137,0.803,0,MQ,0.7213792054565233,0.8019607843137254,0.9288384772836221
5euo,0,92.68922569763876,92.14333333333332,93.6791111111111,86.44626506024096,96.44820512820512,95.05478260869566,95.41588888888889,0.8460000000000001,0.85,0.568,0.9450211787098264,0.8975268109500628,0.8142307692307692,0.8142307692307692,0.8086890315159582,0.5837847702591792,3085668796,0.6492305,0.84611325,0.85,0.84611325,0.84611325,3085668796,0,0.9032519854410512,0.83027357,1.4855381,0.56912225,0.5078099,2.6106648,0.77418184,0.856,0.734,2.44,0.836,0,MQ,0.6962369008875686,0.8142307692307692,0.9212739948299447
5euo,1,92.97731370745171,92.8725,94.17066666666668,86.93795180722891,96.51564102564105,95.24695652173916,95.65488888888888,0.85,0.855,0.567,0.9486603847422912,0.9037312589590212,0.8186000000000001,0.8186,0.824267359183583,0.6078799877396455,3085668796,0.65903875,0.850937,0.855,0.850937,0.850937,3085668796,1,0.9059325582953082,0.8651319,1.5434744,0.82444346,0.49987373,2.6123836,0.8267722,0.845,0.744,2.341,0.803,0,MQ,0.7160736734616142,0.8186,0.9261958218506562
2p5e,4,94.4570415461878,97.0604255319149,91.09953846153846,97.46484848484847,97.7027659574468,95.36142857142858,97.22647727272728,0.884,0.905,0.612,0.9855634348312932,0.9817880530125032,0.8285714285714284,0.8285714285714286,0.9428044642315038,0.9238524052472034,499830958,0.758772,0.908272,0.905,0.908272,0.908272,499830958,4,0.9258760665255767,0.57941484,0.7144216,0.60447913,0.51275796,0.37614256,0.48983246,0.956,0.405,1.65,0.972,0,HQ,0.9333284347393536,0.8285714285714285,0.9836757439218982
2p5e,3,94.4569471922082,97.1246808510638,91.4472307692308,97.46414141414142,97.70957446808512,95.46,97.2434090909091,0.892,0.91,0.598,0.9858136325038144,0.9823216128936182,0.8285714285714284,0.8285714285714286,0.943207168096288,0.9250588684090768,499830958,0.7636594999999999,0.91334825,0.91,0.91334825,0.91334825,499830958,3,0.9291661509698224,0.54468936,0.76999176,0.42031178,0.438333,0.305491,0.66955465,0.967,0.365,1.068,0.972,0,HQ,0.9341330182526824,0.8285714285714285,0.9840676226987163
2p5e,2,94.45844468117484,97.03829787234044,91.312,97.27858585858586,97.6823404255319,95.3,97.18511363636364,0.884,0.905,0.59,0.9855882495823206,0.9818496093801544,0.8377083333333334,0.8377083333333334,0.9421655354995374,0.9216623065860412,499830958,0.75992775,0.91083975,0.905,0.91083975,0.91083975,499830958,2,0.9284366934380428,0.563444,0.76247174,0.51523525,0.46714827,0.3026481,0.65895516,0.967,0.325,0.975,0.958,0,HQ,0.9319139210427894,0.8377083333333334,0.9837189294812375
2p5e,0,94.4428640998326,97.02170212765958,91.20430769230772,97.42575757575756,97.64787234042552,95.0514285714286,97.19,0.884,0.905,0.601,0.985239922508164,0.98093245137231,0.8208163265306122,0.8208163265306123,0.941944659667478,0.9204374622328813,499830958,0.75891175,0.9077775,0.905,0.9077775,0.9077775,499830958,0,0.925380315342498,0.504538,0.7118971,0.52943635,0.38901034,0.39049467,0.4678684,0.965,0.382,1.07,0.972,0,HQ,0.9311910609501797,0.8208163265306123,0.983086186940237
2p5e,1,94.7339948257495,97.5363829787234,92.11046153846156,97.72939393939392,97.89148936170214,95.73142857142857,97.41159090909092,0.908,0.925,0.608,0.9879996297138248,0.98487924829207,0.8252083333333333,0.8252083333333333,0.949252999308795,0.9329687171029772,499830958,0.8020637500000001,0.92753125,0.925,0.92753125,0.92753125,499830958,1,0.9418156465918582,0.5171593,0.6557303,0.34592134,0.46816248,0.3578227,0.46200544,0.955,0.378,1.604,0.958,0,HQ,0.9411108582058861,0.8252083333333333,0.9864394390029474
5m01,1,93.06796472392638,96.34211538461538,95.1225,95.51426666666666,95.0567391304348,94.28045454545456,96.65952380952383,0.852,0.8725,0.497,0.9808580046417228,0.9718794197711907,0.8625925925925922,0.8625925925925925,0.9297713665008246,0.8865854532078428,4186401565,0.70869675,0.875447,0.8725,0.875447,0.875447,4186401565,1,0.9042547049683456,0.78811,0.61158276,0.36372396,0.8514325,0.57019705,0.7400048,0.941,0.372,2.828,0.98,0,HQ,0.9081784098543337,0.8625925925925924,0.9763687122064568
5m01,0,93.02804754601227,96.39461538461536,95.11673076923074,95.67066666666666,95.14391304347826,93.96113636363634,96.77023809523808,0.852,0.8725,0.482,0.9808037578908604,0.970738813110943,0.8041379310344825,0.8041379310344826,0.929804271169904,0.8838183746492447,4186401565,0.7074925,0.875889,0.8725,0.875889,0.875889,4186401565,0,0.9036208122114768,0.81956047,0.5727038,0.33379588,0.89738494,0.59230155,0.62644494,0.954,0.365,1.314,0.941,0,HQ,0.9068113229095744,0.8041379310344825,0.9757712855009018
5m01,2,93.00116104294476,96.49884615384616,95.47653846153844,95.67106666666665,95.5673913043478,94.61204545454544,96.8925,0.8560000000000001,0.875,0.485,0.9812687619809608,0.9724781195561292,0.8328571428571426,0.8328571428571427,0.9324310456330804,0.8923101667193034,4186401565,0.71599875,0.880283,0.875,0.880283,0.880283,4186401565,2,0.9070860737045698,0.8777547,0.65917945,0.5355866,0.9461963,0.60631484,0.7989528,0.953,0.367,2.229,0.98,0,HQ,0.9123706061761919,0.8328571428571427,0.976873440768545
5m01,3,92.94926840490795,96.44057692307692,95.27365384615383,95.62973333333332,95.28760869565215,94.18545454545456,96.69761904761906,0.852,0.875,0.504,0.9807158410514004,0.9702343099851036,0.8416666666666666,0.8416666666666666,0.928737500233919,0.8830090751696528,4186401565,0.7096925,0.87719125,0.875,0.87719125,0.87719125,4186401565,3,0.9049450318090804,0.5864633,0.72887784,0.3271755,0.56568813,0.5893036,1.0477402,0.928,0.413,2.273,0.922,0,HQ,0.9058732877017859,0.8416666666666666,0.975475075518252
5m01,4,93.0070935582822,96.4742307692308,95.3971153846154,95.55613333333332,95.32173913043476,94.7209090909091,96.78380952380952,0.8560000000000001,0.875,0.478,0.9811621027827034,0.971759087810897,0.8372413793103446,0.8372413793103446,0.9314815344714852,0.8883755853541077,4186401565,0.713497,0.878559,0.875,0.878559,0.878559,4186401565,4,0.9067503090890224,0.75166845,0.61568177,0.31416336,0.80747175,0.63307273,0.728739,0.909,0.386,3.606,0.941,0,HQ,0.9099285599127964,0.8372413793103446,0.9764605952968002
6rsy,4,92.81152019361669,88.99396551724138,88.07864864864864,87.2482608695652,92.26818181818182,94.85058823529413,94.15606741573032,0.8539999999999999,0.865,0.583,0.9759255784657918,0.9597710513537544,0.8013207547169813,0.8013207547169812,0.8920201044691451,0.7852909300485885,211417322,0.6945902500000001,0.87108925,0.865,0.87108925,0.87108925,211417322,4,0.908069475779504,0.93717617,1.3866851,0.63455015,0.75457925,1.6723405,0.95689195,0.827,0.644,4.421,0.849,0,HQ,0.8386555172588668,0.8013207547169812,0.9678483149097731
6rsy,3,92.60062169112084,88.78206896551723,87.95243243243243,87.34315217391303,92.13159090909092,94.73745098039215,94.31337078651684,0.852,0.8625,0.585,0.973907391515222,0.955749653006346,0.7760714285714286,0.7760714285714286,0.8841732256876387,0.7704152958180267,211417322,0.68848475,0.86400175,0.8625,0.86400175,0.86400175,211417322,3,0.9035653853352438,0.95485073,1.4761864,0.59991246,0.7308584,1.6127892,1.2088757,0.838,0.642,4.153,0.86,0,HQ,0.8272942607528326,0.7760714285714286,0.964828522260784
6rsy,2,92.76232793828468,88.75913793103447,88.19999999999997,87.35858695652173,92.56113636363636,94.76235294117647,94.43483146067416,0.8619999999999999,0.8725,0.579,0.9759755094613596,0.9587655552290416,0.8007407407407408,0.8007407407407408,0.8894741446601145,0.781501071646312,211417322,0.71074025,0.87588775,0.8725,0.87588775,0.87588775,211417322,2,0.9133023484599728,0.9785444,1.4661021,0.6638168,0.77602804,1.6017723,1.2105343,0.879,0.657,2.17,0.86,0,HQ,0.8354876081532132,0.8007407407407408,0.9673705323452007
6rsy,0,92.7325351686583,89.25810344827586,88.10891891891892,87.39847826086955,92.31522727272728,94.62098039215684,94.47483146067415,0.852,0.86,0.569,0.9741547067959078,0.9574591981286836,0.8013207547169813,0.8013207547169812,0.8866334690785378,0.7832157021958935,211417322,0.690008,0.863506,0.86,0.863506,0.863506,211417322,0,0.9041790743321813,0.9651769,1.4392818,0.64717054,0.7705539,1.5215403,1.0178965,0.858,0.687,2.681,0.837,0,HQ,0.8349245856372156,0.8013207547169812,0.9658069524622956
6rsy,1,92.74361216154894,88.565,88.26486486486488,86.95467391304348,92.10409090909091,94.79529411764705,94.01471910112356,0.8539999999999999,0.865,0.574,0.9747885140255392,0.9576442391183996,0.8052830188679245,0.8052830188679246,0.8862801006922479,0.7757032648740135,211417322,0.69907625,0.8690625,0.865,0.8690625,0.8690625,211417322,1,0.909182981827975,0.8837458,1.1582073,0.83287036,0.7724647,1.5040263,1.0152316,0.842,0.66,3.72,0.849,0,HQ,0.8309916827831307,0.8052830188679245,0.9662163765719693
5e9d,2,93.72699375,91.05642857142855,96.13565217391302,92.86222222222224,94.44829787234043,95.1672222222222,95.0745,0.852,0.865,0.466,0.9808721115166514,0.9748555263750344,0.7903448275862069,0.7903448275862069,0.9270746385352842,0.8844798191943734,996111535,0.69049225,0.85869,0.865,0.85869,0.85869,996111535,2,0.9231203068586096,0.72083545,0.83564556,0.35612884,0.7165822,1.1636614,0.49640253,0.922,0.472,3.168,0.977,0,HQ,0.9057772288648287,0.7903448275862069,0.9778638189458428
5e9d,3,93.68840208333334,91.15476190476193,96.19543478260871,92.85766666666667,94.4168085106383,95.2952777777778,94.98269999999998,0.8539999999999999,0.87,0.474,0.9811529130170848,0.9757339026365992,0.8185714285714286,0.8185714285714286,0.9270693962537718,0.8845710941090272,996111535,0.6988685,0.86388725,0.87,0.86388725,0.86388725,996111535,3,0.9265806301672512,0.6116551,0.82336456,0.45150438,0.5608542,1.0793159,0.6530035,0.934,0.452,2.698,0.977,0,HQ,0.9058202451813995,0.8185714285714286,0.978443407826842
5e9d,4,93.72451041666667,91.30761904761906,96.31978260869565,92.96166666666667,94.33063829787234,95.19805555555556,94.8866,0.852,0.8674999999999999,0.483,0.9807020090542404,0.9754755148837022,0.7680645161290323,0.7680645161290325,0.9274622408128468,0.8872348625796791,996111535,0.69154925,0.86137725,0.8674999999999999,0.86137725,0.86137725,996111535,4,0.9255163207928788,0.60380924,0.85778046,0.4515916,0.53583926,1.1316168,0.45880446,0.933,0.487,2.569,0.977,0,HQ,0.9073485516962629,0.7680645161290324,0.9780887619689713
5e9d,1,93.686125,90.99857142857142,95.9032608695652,92.82488888888886,94.29851063829788,94.96666666666668,94.8997,0.8480000000000001,0.86,0.459,0.9801773927795322,0.9741323858421318,0.7906896551724137,0.7906896551724139,0.923922169690075,0.8793824300989788,996111535,0.68678225,0.852658,0.86,0.852658,0.852658,996111535,1,0.9225897206716824,0.6849917,0.80414265,0.5860975,0.6610766,1.1161817,0.69766045,0.884,0.534,3.512,0.909,0,HQ,0.9016522998945269,0.7906896551724139,0.9771548893108319
5e9d,0,93.81493125,91.38119047619048,96.49608695652174,93.02288888888889,94.5127659574468,95.48666666666664,95.29659999999998,0.8539999999999999,0.87,0.484,0.9819823705394668,0.9770770423417016,0.7680645161290323,0.7680645161290325,0.9309238986540004,0.8943031238694664,996111535,0.70338125,0.866896,0.87,0.866896,0.866896,996111535,0,0.927724719693266,0.6670195,0.85059476,0.37186414,0.6365278,1.0712667,0.44341147,0.944,0.396,2.12,0.955,0,HQ,0.9126135112617334,0.7680645161290324,0.9795297064405841
7phr,0,89.73761428962497,93.88783783783784,92.17870967741936,93.99590163934424,95.85589743589745,96.98565217391304,96.3925842696629,0.8460000000000001,0.8775,0.609,0.975932332381456,0.9745147288398752,0.9344897959183674,0.9344897959183672,0.9165116473569396,0.905211410756595,2216575314,0.677628,0.87983025,0.8775,0.87983025,0.87983025,2216575314,0,0.9010290471772512,0.7645637,0.9015154,0.85712904,0.7034285,0.78224003,1.2073293,0.843,0.659,3.9,0.866,0,HQ,0.9108615290567672,0.9344897959183673,0.9752235306106656
7phr,1,89.96506569942514,94.012972972973,92.18758064516128,94.17049180327872,95.93743589743588,97.0215217391304,96.3956179775281,0.8460000000000001,0.8775,0.61,0.9764978099839132,0.9756768846359786,0.916938775510204,0.9169387755102042,0.91865461323334,0.9097979612177988,2216575314,0.67705225,0.88119125,0.8775,0.88119125,0.88119125,2216575314,1,0.9030898047722424,0.76052177,0.86037534,0.8812644,0.7110253,0.71290636,1.1980973,0.875,0.721,2.244,0.878,0,HQ,0.9142262872255693,0.9169387755102041,0.9760873473099458
7phr,4,90.04027648508075,94.23702702702704,92.42741935483868,94.3722950819672,96.19641025641027,97.1254347826087,96.59247191011237,0.852,0.8825000000000001,0.618,0.9771095482045012,0.9761260630889912,0.9186,0.9186,0.921475334859461,0.9126799557902532,2216575314,0.68712025,0.8864725,0.8825000000000001,0.8864725,0.8864725,2216575314,4,0.9076487465497854,0.7592863,0.8331872,0.8817905,0.71962863,0.7499598,1.1855408,0.892,0.632,1.422,0.854,0,HQ,0.917077645324857,0.9186,0.9766178056467463
7phr,3,89.85086641116891,94.04324324324324,92.25419354838712,94.22639344262296,95.8702564102564,96.98065217391304,96.28640449438204,0.8460000000000001,0.8775,0.616,0.9761270073542456,0.9750027981667064,0.916938775510204,0.9169387755102042,0.9176831543647276,0.9079033118363132,2216575314,0.6784285,0.88041125,0.8775,0.88041125,0.88041125,2216575314,3,0.8995186185970766,0.74865764,0.8264319,0.8790224,0.7065023,0.73903006,1.1866969,0.783,0.923,4.639,0.854,0,MQ,0.9127932331005204,0.9169387755102041,0.975564902760476
7phr,2,89.89548453326034,94.12594594594596,92.23999999999998,94.11114754098364,96.07871794871794,97.0091304347826,96.49224719101124,0.8460000000000001,0.8775,0.611,0.9765891821583752,0.9752770845745872,0.9186,0.9186,0.9199143136215222,0.909851958462672,2216575314,0.6769405,0.8803855,0.8775,0.8803855,0.8803855,2216575314,2,0.9038379943502144,0.75613266,0.84493697,0.904356,0.70749867,0.76318896,1.1807129,0.856,0.647,3.444,0.866,0,HQ,0.914883136042097,0.9186,0.9759331333664811
7dzm,0,92.68715980775008,89.66796296296296,89.00351351351351,93.35404255319148,95.13823529411764,94.75551020408165,94.50057142857143,0.85,0.865,0.423,0.9763495908073676,0.9710603952536075,0.8523333333333333,0.8523333333333333,0.8957986680663248,0.8426769464109033,3716968418,0.646475,0.853806,0.865,0.853806,0.853806,3716968418,0,0.8943489772300535,0.6790415,0.9719367,0.8787344,0.56106144,0.8214272,0.94933444,0.784,0.407,3.409,0.558,0,MQ,0.869237807238614,0.8523333333333333,0.9737049930304875
7dzm,1,92.60890057074197,89.63796296296296,88.31837837837838,93.38159574468088,95.58205882352942,95.14204081632651,95.05785714285712,0.86,0.8725,0.453,0.979342498614698,0.9750985039505532,0.8606060606060606,0.8606060606060607,0.906187071230652,0.8579428584557869,3716968418,0.668592,0.86647575,0.8725,0.86647575,0.86647575,3716968418,1,0.8974025821792109,0.7891486,1.0503646,0.8789046,0.70263994,0.74824893,0.85644805,0.813,0.414,1.396,0.535,0,HQ,0.8820649648432195,0.8606060606060606,0.9772205012826256
7dzm,4,92.60830729948934,89.57555555555555,88.44999999999999,93.10414893617022,95.09764705882354,94.55673469387754,94.48357142857144,0.85,0.86,0.452,0.9758169939525528,0.9698284037988792,0.8503125,0.8503124999999999,0.8921659546682629,0.8346657537321973,3716968418,0.6376355,0.84926,0.86,0.84926,0.84926,3716968418,4,0.8912552982291267,0.732769,0.88871515,0.9680664,0.66038424,0.65460426,0.88350093,0.817,0.333,1.679,0.535,0,HQ,0.8634158542002301,0.8503125,0.972822698875716
7dzm,3,92.77518774406728,90.24296296296296,88.83513513513513,93.81127659574466,95.63088235294116,95.27571428571429,95.03414285714288,0.86,0.8725,0.447,0.9791420163395348,0.9724327663919596,0.8045454545454545,0.8045454545454546,0.9077092597286814,0.8557939088963652,3716968418,0.66786325,0.8679527499999999,0.8725,0.8679527499999999,0.8679527499999999,3716968418,3,0.8986443831609369,0.7256032,0.8244941,0.9874222,0.666538,0.74607855,0.95195353,0.763,0.449,3.769,0.535,0,MQ,0.8817515843125233,0.8045454545454545,0.9757873913657472
7dzm,2,92.55888855512164,89.77759259259258,88.7145945945946,93.25840425531916,95.24088235294118,94.96204081632652,94.6287142857143,0.852,0.8674999999999999,0.45,0.9771249315827336,0.9729675485952206,0.8561290322580645,0.8561290322580646,0.8992189905716461,0.8507016796793452,3716968418,0.653952,0.85837975,0.8674999999999999,0.85837975,0.85837975,3716968418,2,0.8940682819607803,0.6985583,0.8575215,0.869088,0.6340796,0.6968359,0.9499038,0.811,0.375,2.688,0.581,0,HQ,0.8749603351254956,0.8561290322580646,0.9750462400889771
