seed,sample,ranking_score
140974,0,0.8999026891359513
140974,1,0.8997641652548403
140974,2,0.8917319368206753
140974,3,0.9007040868856736
140974,4,0.9016456374897514
