seed,sample,ranking_score
673344,0,0.8758936015997045
673344,1,0.879413335337036
673344,2,0.8732000845600174
673344,3,0.8746333415028658
673344,4,0.875719574395368
